<?xml version="1.0" encoding="utf-8"?>
<COLLADA xmlns="http://www.collada.org/2005/11/COLLADASchema" version="1.4.1" xmlns:xsi="http://www.w3.org/2001/XMLSchema-instance">
  <asset>
    <contributor>
      <author>Blender User</author>
      <authoring_tool>Blender 4.5.4 LTS commit date:2025-10-27, commit time:12:46, hash:b3efe983cc58</authoring_tool>
    </contributor>
    <created>2025-11-26T17:58:19</created>
    <modified>2025-11-26T17:58:19</modified>
    <unit name="meter" meter="1"/>
    <up_axis>Z_UP</up_axis>
  </asset>
  <library_cameras>
    <camera id="Camera-camera" name="Camera">
      <optics>
        <technique_common>
          <perspective>
            <xfov sid="xfov">39.59775</xfov>
            <aspect_ratio>1.777778</aspect_ratio>
            <znear sid="znear">0.1</znear>
            <zfar sid="zfar">100</zfar>
          </perspective>
        </technique_common>
      </optics>
      <extra>
        <technique profile="blender">
          <shiftx sid="shiftx" type="float">0</shiftx>
          <shifty sid="shifty" type="float">0</shifty>
          <dof_distance sid="dof_distance" type="float">10</dof_distance>
        </technique>
      </extra>
    </camera>
  </library_cameras>
  <library_lights>
    <light id="Light-light" name="Light">
      <technique_common>
        <point>
          <color sid="color">1000 1000 1000</color>
          <constant_attenuation>1</constant_attenuation>
          <linear_attenuation>0</linear_attenuation>
          <quadratic_attenuation>0</quadratic_attenuation>
        </point>
      </technique_common>
      <extra>
        <technique profile="blender">
          <type sid="type" type="int">0</type>
          <flag sid="flag" type="int">0</flag>
          <mode sid="mode" type="int">2097153</mode>
          <red sid="red" type="float">1</red>
          <green sid="green" type="float">1</green>
          <blue sid="blue" type="float">1</blue>
          <energy sid="blender_energy" type="float">1000</energy>
          <spotsize sid="spotsize" type="float">75</spotsize>
          <spotblend sid="spotblend" type="float">0.15</spotblend>
          <clipsta sid="clipsta" type="float">0.04999995</clipsta>
          <clipend sid="clipend" type="float">40</clipend>
          <radius sid="radius" type="float">0.1</radius>
          <area_shape sid="area_shape" type="int">1</area_shape>
          <area_size sid="area_size" type="float">0.1</area_size>
          <area_sizey sid="area_sizey" type="float">0.1</area_sizey>
          <area_sizez sid="area_sizez" type="float">1</area_sizez>
        </technique>
      </extra>
    </light>
  </library_lights>
  <library_effects>
    <effect id="Paint_-_Enamel_Glossy__Yellow_-effect">
      <profile_COMMON>
        <technique sid="common">
          <lambert>
            <emission>
              <color sid="emission">0 0 0 1</color>
            </emission>
            <diffuse>
              <color sid="diffuse">0.9098039 0.6784314 0.1372549 1</color>
            </diffuse>
            <reflectivity>
              <float sid="specular">1</float>
            </reflectivity>
            <index_of_refraction>
              <float sid="ior">1.5</float>
            </index_of_refraction>
          </lambert>
        </technique>
      </profile_COMMON>
    </effect>
    <effect id="Paint_-_Enamel_Glossy__Blue_-effect">
      <profile_COMMON>
        <technique sid="common">
          <lambert>
            <emission>
              <color sid="emission">0 0 0 1</color>
            </emission>
            <diffuse>
              <color sid="diffuse">0.1882353 0.2313726 0.5882353 1</color>
            </diffuse>
            <reflectivity>
              <float sid="specular">1</float>
            </reflectivity>
            <index_of_refraction>
              <float sid="ior">1.5</float>
            </index_of_refraction>
          </lambert>
        </technique>
      </profile_COMMON>
    </effect>
    <effect id="Paint_-_Enamel_Glossy__White_-effect">
      <profile_COMMON>
        <technique sid="common">
          <lambert>
            <emission>
              <color sid="emission">0 0 0 1</color>
            </emission>
            <diffuse>
              <color sid="diffuse">0.9647059 0.9647059 0.9529412 1</color>
            </diffuse>
            <reflectivity>
              <float sid="specular">1</float>
            </reflectivity>
            <index_of_refraction>
              <float sid="ior">1.5</float>
            </index_of_refraction>
          </lambert>
        </technique>
      </profile_COMMON>
    </effect>
    <effect id="Paint_-_Enamel_Glossy__Red_-effect">
      <profile_COMMON>
        <technique sid="common">
          <lambert>
            <emission>
              <color sid="emission">0 0 0 1</color>
            </emission>
            <diffuse>
              <color sid="diffuse">0.7686275 0.2078431 0.1529412 1</color>
            </diffuse>
            <reflectivity>
              <float sid="specular">1</float>
            </reflectivity>
            <index_of_refraction>
              <float sid="ior">1.5</float>
            </index_of_refraction>
          </lambert>
        </technique>
      </profile_COMMON>
    </effect>
    <effect id="Paint_-_Enamel_Glossy__Black_-effect">
      <profile_COMMON>
        <technique sid="common">
          <lambert>
            <emission>
              <color sid="emission">0 0 0 1</color>
            </emission>
            <diffuse>
              <color sid="diffuse">0.09803922 0.09803922 0.09803922 1</color>
            </diffuse>
            <reflectivity>
              <float sid="specular">1</float>
            </reflectivity>
            <index_of_refraction>
              <float sid="ior">1.5</float>
            </index_of_refraction>
          </lambert>
        </technique>
      </profile_COMMON>
    </effect>
  </library_effects>
  <library_images/>
  <library_materials>
    <material id="Paint_-_Enamel_Glossy__Yellow_-material" name="Paint - Enamel Glossy (Yellow)">
      <instance_effect url="#Paint_-_Enamel_Glossy__Yellow_-effect"/>
    </material>
    <material id="Paint_-_Enamel_Glossy__Blue_-material" name="Paint - Enamel Glossy (Blue)">
      <instance_effect url="#Paint_-_Enamel_Glossy__Blue_-effect"/>
    </material>
    <material id="Paint_-_Enamel_Glossy__White_-material" name="Paint - Enamel Glossy (White)">
      <instance_effect url="#Paint_-_Enamel_Glossy__White_-effect"/>
    </material>
    <material id="Paint_-_Enamel_Glossy__Red_-material" name="Paint - Enamel Glossy (Red)">
      <instance_effect url="#Paint_-_Enamel_Glossy__Red_-effect"/>
    </material>
    <material id="Paint_-_Enamel_Glossy__Black_-material" name="Paint - Enamel Glossy (Black)">
      <instance_effect url="#Paint_-_Enamel_Glossy__Black_-effect"/>
    </material>
  </library_materials>
  <library_geometries>
    <geometry id="Body1-mesh" name="Body1">
      <mesh>
        <source id="Body1-mesh-positions">
          <float_array id="Body1-mesh-positions-array" count="1341">-52.1642 76.67534 1.093124 -52.1642 90.47534 1.093124 -52.1642 90.47534 5.093123 -52.1642 76.67534 5.093123 -52.1642 83.57534 3.093123 -53.3642 76.67534 1.093124 -53.3642 76.67534 5.093123 -52.7642 76.67534 3.093123 -53.3642 90.47534 1.093124 -53.3642 90.47534 5.093123 -53.3642 83.57534 3.093123 -84.86421 90.47534 1.093124 -84.86421 36.67533 1.093124 -53.3642 36.67533 1.093124 -53.3642 46.67533 1.093124 -79.86421 46.67533 1.093124 -79.86421 76.67534 1.093124 130.4358 90.47534 1.093124 130.4358 90.47534 5.093123 39.1358 90.47534 3.093123 -84.86421 90.47534 5.093123 -69.11421 90.47534 3.093123 -52.1642 -83.32466 1.093124 -53.3642 -83.32466 1.093124 -53.3642 -83.32466 5.093123 -52.1642 -83.32466 5.093123 -52.7642 -83.32466 3.093123 -52.1642 46.67533 1.093124 -52.1642 11.67534 1.093124 -53.3642 11.67534 1.093124 -53.3642 -18.32467 1.093124 -52.1642 -18.32467 1.093124 -52.1642 -53.32466 1.093124 -53.3642 -53.32466 1.093124 -52.1642 -147.1247 1.093124 -0.8642022 -147.1247 1.093124 -0.8642022 -95.22467 1.093124 -50.8642 -95.22467 1.093124 -50.8642 -93.32466 1.093124 -0.8642022 -93.32466 1.093124 83.7358 -93.32466 1.093124 83.7358 -88.32466 1.093124 68.7358 -88.32466 1.093124 68.7358 -86.42466 1.093124 83.54648 -82.76502 1.072817 83.54648 40.33498 1.072817 68.7358 36.67533 1.093124 68.7358 38.57534 1.093124 83.7358 38.57534 1.093124 85.6358 38.57534 1.093124 100.6358 38.57534 1.093124 100.6358 36.67533 1.093124 85.6358 36.67533 1.093124 85.6358 -86.42466 1.093124 100.6358 -86.42466 1.093124 100.6358 -88.32466 1.093124 85.6358 -88.32466 1.093124 85.6358 -93.32466 1.093124 130.4358 -93.32466 1.093124 39.6358 36.67533 1.093124 39.44648 -49.66502 1.072817 11.6358 -53.32466 1.093124 11.6358 36.67533 1.093124 -46.4642 76.67534 1.093124 -46.4642 46.67533 1.093124 -48.3642 46.67533 1.093124 -48.3642 76.67534 1.093124 -46.4642 -53.32466 1.093124 -46.4642 -83.32466 1.093124 -48.3642 -83.32466 1.093124 -48.3642 -53.32466 1.093124 83.7358 38.58533 1.093124 83.58641 41.6628 1.093124 82.98876 44.78443 1.093124 81.92582 47.85213 1.093124 80.40954 50.76274 1.093124 78.48194 53.41889 1.093124 76.2114 55.7395 1.093124 73.68488 57.66783 1.093124 70.99777 59.17533 1.093124 14.92595 59.17533 1.093124 14.92595 44.17533 1.093124 13.02595 44.17533 1.093124 13.02595 59.17533 1.093124 -3.002237 59.17533 1.093124 -5.924013 58.7672 1.093124 -8.879576 57.78189 1.093124 -11.69861 56.19226 1.093124 -14.19995 54.03924 1.093124 -16.2258 51.43385 1.093124 -17.67315 48.53919 1.093124 -18.51013 45.53826 1.093124 -18.77235 42.59978 1.093124 -18.77235 -7.043756 1.093124 -3.772344 -7.043756 1.093124 -3.772344 -8.943757 1.093124 -18.77235 -8.943757 1.093124 -18.77235 -77.18043 1.093124 -4.914201 -77.18043 1.093124 -4.914201 -79.08042 1.093124 -34.9142 -79.08042 1.093124 -34.9142 -77.18043 1.093124 -20.8642 -77.18043 1.093124 -20.8642 -8.943757 1.093124 -35.8642 -8.943757 1.093124 -35.8642 -7.043756 1.093124 -20.8642 -7.043756 1.093124 -20.8642 42.59978 1.093124 -20.56683 45.90224 1.093124 -19.61631 49.27663 1.093124 -17.97123 52.52904 1.093124 -15.66858 55.44887 1.093124 -12.82816 57.84878 1.093124 -9.633139 59.60273 1.093124 -6.292768 60.66663 1.093124 -3.002237 61.07534 1.093124 13.02595 61.07534 1.093124 13.02595 76.07534 1.093124 14.92595 76.07534 1.093124 14.92595 61.07534 1.093124 70.99777 61.07534 1.093124 74.07615 59.57739 1.093124 76.99829 57.56621 1.093124 79.63986 55.06913 1.093124 81.88523 52.15292 1.093124 83.6427 48.91915 1.093124 84.8565 45.49278 1.093124 85.51242 42.00659 1.093124 85.6358 38.58533 1.093124 -46.4642 11.67534 1.093124 -46.4642 -18.32467 1.093124 -48.3642 -18.32467 1.093124 -48.3642 11.67534 1.093124 -53.3642 46.67533 5.093123 -52.1642 46.67533 5.093123 -52.7642 46.67533 3.093123 -52.1642 11.67534 5.093123 -52.1642 29.17534 3.093123 -53.3642 11.67534 5.093123 -52.7642 11.67534 3.093123 -52.7642 29.17534 5.093123 -53.3642 28.67534 1.093124 -84.86421 28.67534 1.093124 -84.86421 -31.32467 1.093124 -53.3642 -31.32467 1.093124 -79.86421 -18.32467 1.093124 -79.86421 11.67534 1.093124 -53.3642 -18.32467 5.093123 -52.1642 -18.32467 5.093123 -52.7642 -18.32467 3.093123 -52.1642 -53.32466 5.093123 -52.1642 -35.82466 3.093123 -53.3642 -53.32466 5.093123 -52.7642 -53.32466 3.093123 -52.7642 -35.82466 5.093123 1.635798 -95.22467 5.093123 1.635798 -95.22467 1.093124 131.6358 -95.22467 1.093124 131.6358 -95.22467 5.093123 66.6358 -95.22467 3.093123 1.635798 -95.32466 1.093124 131.6358 -95.32466 1.093124 66.6358 -95.27466 1.093124 1.635798 -95.32466 -14.90688 131.6358 -95.32466 -14.90688 66.6358 -95.32466 -6.906877 -0.8642022 -147.1247 5.093123 -0.8642022 -93.32466 5.093123 -0.8642022 -93.32466 1.103124 -0.8642022 -95.22467 1.103124 -0.8642022 -120.2247 3.093123 -52.1642 -147.1247 5.093123 -52.1642 -115.2247 3.093123 -26.5142 -147.1247 3.093123 -53.3642 -99.32466 1.093124 -79.86421 -83.32466 1.093124 -79.86421 -53.32466 1.093124 -53.3642 -39.32466 1.093124 -84.86421 -39.32466 1.093124 -84.86421 -99.32466 1.093124 -79.86421 46.67533 -12.90688 -79.86421 76.67534 -12.90688 -79.86421 61.67533 -5.906877 -53.3642 46.67533 -12.90688 -66.61421 46.67533 -5.906877 -53.3642 76.67534 -12.90688 -53.3642 61.67533 -5.906877 -66.61421 76.67534 -5.906877 -66.61421 61.67533 -12.90688 -79.86421 -18.32467 -12.90688 -79.86421 11.67534 -12.90688 -79.86421 -3.324664 -5.906877 -53.3642 -18.32467 -12.90688 -66.61421 -18.32467 -5.906877 -53.3642 11.67534 -12.90688 -53.3642 -3.324664 -5.906877 -66.61421 11.67534 -5.906877 -66.61421 -3.324664 -12.90688 -79.86421 -83.32466 -12.90688 -79.86421 -53.32466 -12.90688 -79.86421 -68.32466 -5.906877 -53.3642 -83.32466 -12.90688 -66.61421 -83.32466 -5.906877 -53.3642 -53.32466 -12.90688 -53.3642 -68.32466 -5.906877 -66.61421 -53.32466 -5.906877 -66.61421 -68.32466 -12.90688 130.4358 -93.32466 5.093123 130.4358 -1.424664 3.093123 26.5858 -53.32466 5.093123 26.5858 36.67533 5.093123 26.5858 36.67533 5.103124 26.5858 -53.32466 5.103124 26.5858 -8.324665 5.098123 24.6858 36.67533 5.093123 24.6858 -53.32466 5.093123 24.6858 -53.32466 5.103124 24.6858 36.67533 5.103124 24.6858 -8.324665 5.098123 25.6358 -8.324665 5.103124 39.6358 -53.32466 5.093123 39.6358 36.67533 5.093123 33.1108 -8.324665 5.093123 11.6358 36.67533 5.093123 11.6358 -53.32466 5.093123 18.1608 -8.324665 5.093123 39.6358 -8.324665 3.093123 25.6358 -53.32466 3.098123 11.6358 -8.324665 3.093123 25.6358 36.67533 3.098123 -46.4642 76.67534 1.103124 -46.4642 46.67533 1.103124 -46.4642 61.67533 1.098123 -48.3642 46.67533 1.103124 -47.4142 46.67533 1.098123 -48.3642 76.67534 1.103124 -48.3642 61.67533 1.098123 -47.4142 76.67534 1.098123 -47.4142 61.67533 1.103124 -46.4642 -53.32466 1.103124 -46.4642 -83.32466 1.103124 -46.4642 -68.32466 1.098123 -48.3642 -83.32466 1.103124 -47.4142 -83.32466 1.098123 -48.3642 -53.32466 1.103124 -48.3642 -68.32466 1.098123 -47.4142 -53.32466 1.098123 -47.4142 -68.32466 1.103124 -50.8642 -95.22467 1.103124 -25.8642 -95.22467 1.098123 -50.8642 -93.32466 1.103124 -50.8642 -94.27466 1.098123 85.6358 -93.32466 1.103124 83.7358 -93.32466 1.103124 39.7858 -93.32466 3.093123 -25.8642 -94.27466 1.103124 83.7358 38.58533 1.103124 83.58641 41.6628 1.103124 82.98876 44.78443 1.103124 81.92582 47.85213 1.103124 80.40954 50.76274 1.103124 78.48194 53.41889 1.103124 76.2114 55.7395 1.103124 73.68488 57.66783 1.103124 70.99777 59.17533 1.103124 73.68488 57.66783 1.098123 76.2114 55.7395 1.098123 78.48194 53.41889 1.098123 80.40954 50.76274 1.098123 81.92582 47.85213 1.098123 82.98876 44.78443 1.098123 83.58641 41.6628 1.098123 14.92595 59.17533 1.103124 42.96186 59.17533 1.098123 14.92595 44.17533 1.103124 14.92595 51.67533 1.098123 13.02595 44.17533 1.103124 13.97594 44.17533 1.098123 13.02595 59.17533 1.103124 13.02595 51.67533 1.098123 -3.002237 59.17533 1.103124 5.011855 59.17533 1.098123 -5.924013 58.7672 1.103124 -8.879576 57.78189 1.103124 -11.69861 56.19226 1.103124 -14.19995 54.03924 1.103124 -16.2258 51.43385 1.103124 -17.67315 48.53919 1.103124 -18.51013 45.53826 1.103124 -18.77235 42.59978 1.103124 -18.51013 45.53826 1.098123 -17.67315 48.53919 1.098123 -16.2258 51.43385 1.098123 -14.19995 54.03924 1.098123 -11.69861 56.19226 1.098123 -8.879576 57.78189 1.098123 -5.924013 58.7672 1.098123 -18.77235 -7.043756 1.103124 -18.77235 17.77802 1.098123 -3.772344 -7.043756 1.103124 -11.27234 -7.043756 1.098123 -3.772344 -8.943757 1.103124 -3.772344 -7.993756 1.098123 -18.77235 -8.943757 1.103124 -11.27234 -8.943757 1.098123 -18.77235 -77.18043 1.103124 -18.77235 -43.06209 1.098123 -4.914201 -77.18043 1.103124 -11.84327 -77.18043 1.098123 -4.914201 -79.08042 1.103124 -4.914201 -78.13043 1.098123 -34.9142 -79.08042 1.103124 -19.9142 -79.08042 1.098123 -34.9142 -77.18043 1.103124 -34.9142 -78.13043 1.098123 -20.8642 -77.18043 1.103124 -27.8892 -77.18043 1.098123 -20.8642 -8.943757 1.103124 -20.8642 -43.06209 1.098123 -35.8642 -8.943757 1.103124 -28.3642 -8.943757 1.098123 -35.8642 -7.043756 1.103124 -35.8642 -7.993756 1.098123 -20.8642 -7.043756 1.103124 -28.3642 -7.043756 1.098123 -20.8642 42.59978 1.103124 -20.8642 17.77802 1.098123 -20.56683 45.90224 1.103124 -19.61631 49.27663 1.103124 -17.97123 52.52904 1.103124 -15.66858 55.44887 1.103124 -12.82816 57.84878 1.103124 -9.633139 59.60273 1.103124 -6.292768 60.66663 1.103124 -3.002237 61.07534 1.103124 -6.292768 60.66663 1.098123 -9.633139 59.60273 1.098123 -12.82816 57.84878 1.098123 -15.66858 55.44887 1.098123 -17.97123 52.52904 1.098123 -19.61631 49.27663 1.098123 -20.56683 45.90224 1.098123 13.02595 61.07534 1.103124 5.011855 61.07534 1.098123 13.02595 76.07534 1.103124 13.02595 68.57534 1.098123 14.92595 76.07534 1.103124 13.97594 76.07534 1.098123 14.92595 61.07534 1.103124 14.92595 68.57534 1.098123 70.99777 61.07534 1.103124 42.96186 61.07534 1.098123 74.07615 59.57739 1.103124 76.99829 57.56621 1.103124 79.63986 55.06913 1.103124 81.88523 52.15292 1.103124 83.6427 48.91915 1.103124 84.8565 45.49278 1.103124 85.51242 42.00659 1.103124 85.6358 38.58533 1.103124 85.51242 42.00659 1.098123 84.8565 45.49278 1.098123 83.6427 48.91915 1.098123 81.88523 52.15292 1.098123 79.63986 55.06913 1.098123 76.99829 57.56621 1.098123 74.07615 59.57739 1.098123 84.6858 38.58533 1.098123 -46.4642 11.67534 1.103124 -46.4642 -18.32467 1.103124 -46.4642 -3.324664 1.098123 -48.3642 -18.32467 1.103124 -47.4142 -18.32467 1.098123 -48.3642 11.67534 1.103124 -48.3642 -3.324664 1.098123 -47.4142 11.67534 1.098123 -47.4142 -3.324664 1.103124 100.6358 -86.42466 1.103124 100.6358 -88.32466 1.103124 100.6358 -87.37467 1.098123 85.6358 -88.32466 1.103124 93.1358 -88.32466 1.098123 85.6358 -90.82466 1.098123 83.7358 -88.32466 1.103124 83.7358 -90.82466 1.098123 68.7358 -88.32466 1.103124 76.2358 -88.32466 1.098123 68.7358 -86.42466 1.103124 68.7358 -87.37467 1.098123 83.7358 -86.42466 1.103124 76.2358 -86.42466 1.098123 83.7358 36.67533 1.103124 83.7358 -24.87467 1.098123 68.7358 36.67533 1.103124 76.2358 36.67533 1.098123 68.7358 38.57534 1.103124 68.7358 37.62533 1.098123 100.6358 38.57534 1.103124 84.6858 38.57534 1.098123 100.6358 36.67533 1.103124 100.6358 37.62533 1.098123 85.6358 36.67533 1.103124 93.1358 36.67533 1.098123 85.6358 -86.42466 1.103124 85.6358 -24.87467 1.098123 93.1358 -86.42466 1.098123 84.6858 -27.37467 1.103124 -53.3642 -39.32466 -14.90688 -84.86421 -39.32466 -14.90688 -69.11421 -39.32466 -6.906877 -53.3642 -99.32466 -14.90688 -84.86421 -99.32466 -14.90688 -69.11421 -99.32466 -6.906877 -84.86421 -69.32466 -6.906877 -53.3642 -31.32467 -14.90688 -53.3642 -35.82466 -4.906877 -53.3642 -148.3247 -14.90688 -53.3642 -148.3247 5.093123 -53.3642 -115.8247 -4.906877 -53.3642 28.67534 -14.90688 -84.86421 28.67534 -14.90688 -69.11421 28.67534 -6.906877 -84.86421 -31.32467 -14.90688 -69.11421 -31.32467 -6.906877 -84.86421 -1.324664 -6.906877 -53.3642 36.67533 -14.90688 -53.3642 29.17534 -4.906877 -84.86421 36.67533 -14.90688 -69.11421 36.67533 -6.906877 -53.3642 96.67534 5.093123 -53.3642 96.67534 -14.90688 -84.86421 96.67534 -14.90688 -84.86421 96.67534 5.093123 -69.11421 96.67534 -4.906877 -53.3642 91.67534 5.093123 1.635798 -148.3247 5.093123 131.6358 91.67534 5.093123 -53.3642 91.67534 -14.90688 -53.3642 94.17534 -4.906877 -84.86421 66.67534 -4.906877 1.635798 -148.3247 -14.90688 1.635798 -121.7747 -4.906877 -25.8642 -148.3247 -4.906877 131.6358 91.67534 -14.90688 39.1358 91.67534 -4.906877 131.6358 -1.824664 -4.906877 23.3858 -25.82467 -14.90688</float_array>
          <technique_common>
            <accessor source="#Body1-mesh-positions-array" count="447" stride="3">
              <param name="X" type="float"/>
              <param name="Y" type="float"/>
              <param name="Z" type="float"/>
            </accessor>
          </technique_common>
        </source>
        <source id="Body1-mesh-normals">
          <float_array id="Body1-mesh-normals-array" count="1365">1 -4.5357e-7 0 1 0 0 1 9.0714e-7 0 0 -1 0 -1 -4.5357e-7 0 -1 0 0 -1 9.0714e-7 0 0 0 1 0 0 1 0 0 1 0 0 1 0 -1 -3.11533e-7 0 -1 -1.78185e-6 0 1 0 0 0 1 0 0 1 0 0 1 0 0 1 9.87043e-5 8.59665e-5 1 0 0 1 -1.02942e-4 1.05093e-4 1 2.01919e-4 1.53672e-4 1 3.15182e-4 -9.84945e-5 1 7.8927e-5 6.15295e-4 0.9999999 5.0414e-4 6.71677e-4 0.9999997 0.001024961 -5.02253e-4 0.9999994 6.73805e-4 -3.89203e-4 0.9999997 0 -7.84714e-5 1 0 0 1 0 0 1 0 0 1 0 0 1 0 0 1 0 0 1 0 0 1 0 0 1 0 0 1 0 0 1 0 0 1 0 0 1 0 0 1 0 0 1 0 0 1 0 0 1 0 0 1 0 0 1 0 0 1 0 0 1 0 0 1 0 0 1 0 0 1 0 0 1 0 0 1 0 0 1 0 0 1 0 0 1 0 0 1 0 0 1 0 0 1 0 0 1 0 0 1 0 0 1 0 0 1 0 0 1 0 0 1 0 0 1 0 0 1 0 0 1 0 0 1 0 0 1 0 0 1 0 0 1 0 0 1 1.58841e-7 0 1 0 0 1 2.85089e-7 0 1 1 -2.02196e-7 0 1 0 0 1 4.04391e-7 0 0 0 1 0 0 1 0 0 1 0 0 1 0 -1 0 0 -1 1.84124e-6 0 -1 1.46375e-7 0 -1 -1.46375e-7 -1 0 0 -1 0 0 -1 0 0 -1 0 0 -1 0 0 -1 0 0 1 0 0 1 0 0 1 2.29635e-7 0 0 1 2.35696e-7 0 1 -4.71392e-7 0 1 -2.26169e-6 0 1 -4.71387e-7 0 1 2.35694e-7 0 0 1 0 0 1 0 0 1 1 0 0 0 1 2.03617e-7 0 1 -4.07233e-7 0 1 -2.27222e-7 0 1 -4.07233e-7 0 1 2.03617e-7 0 -1 2.03617e-7 0 -1 2.27222e-7 0 -1 2.03617e-7 0 0 1 0 0 1 0 0 1 0 -1 0 0 -1 0 0 -1 0 0 -1 0 0 -1 0 0 0 1 0 0 1 0 0 1 0 1 4.07233e-7 0 1 -8.14467e-7 0 1 -4.54444e-7 0 1 -8.14466e-7 0 1 4.07233e-7 0 -1 -4.07233e-7 0 -1 -2.27222e-7 0 -1 -4.07233e-7 0 0 1 0 0 1 -1 -1.63738e-7 0 -1 0 0 1 0 0 0.9989205 -0.002062559 -0.04640704 0.9987956 -0.002178549 -0.04901719 0.9996988 -0.001089513 -0.02451598 0.9999991 -6.21336e-5 -0.001394331 1 -1.6475e-7 0 0.01180571 -0.9965267 -0.08243376 0.0516076 -0.9313028 -0.3605713 0.09587818 -0.7339444 -0.6724085 0.08917856 -0.7748566 -0.6258152 0 -1 -8.77247e-7 -1 0 0 -1 0 0 0 1 2.11206e-7 0 1 5.97122e-7 0 1 1.32004e-7 0 1 6.26605e-7 0 1 1.00257e-6 0 -1 -2.6932e-6 0 -1 5.37689e-6 0 -1 6.48532e-5 0 -1 5.37689e-6 0 -1 -2.6932e-6 -1 1.98631e-7 0 -1 1.98631e-7 0 -1 0 0 0 1 5.38639e-6 0 0.9999989 0.001567244 0 1 5.38639e-6 0 0 1 0 0 1 0 0 1 0 -1 -5.38639e-6 0 -0.9999989 -0.001567244 0 -1 -5.38639e-6 -1 1.98636e-7 0 -1 0 0 0 1 2.6932e-6 0 1 -5.37689e-6 0 1 -6.48533e-5 0 1 2.6932e-6 0 1 -1.27313e-4 0 1 0 0 1 -1.42764e-6 0 1 1.53046e-7 0 1 5.45695e-6 0 0 1 0 0 1 -0.4276945 -0.9039233 0 -0.4276945 -0.9039234 0 -0.5484982 -0.8361518 0 -0.5485022 -0.8361492 0 -0.6619443 -0.7495532 0 -0.6619495 -0.7495485 0 -0.7637821 -0.6454742 0 -0.7641078 -0.6450886 0 -0.8504168 -0.5261096 0 -0.8504213 -0.5261023 0 -0.9184787 -0.3954706 0 -0.918478 -0.3954724 0 -0.9662201 -0.2577186 0 -0.9662547 -0.2575885 0 -0.9930683 -0.1175389 0 -0.9930846 -0.1174014 8.47056e-7 -0.9997856 0.02071231 0 -0.9997855 0.02071231 0 -0.9930844 -0.1174032 0 -0.9662436 -0.2576303 0 -0.9184784 -0.3954712 0 -0.8504124 -0.5261169 0 -0.7641161 -0.645079 0 -0.6620126 -0.7494928 0 -0.5485363 -0.8361268 0 0 -1 -3.35569e-4 1 1.98593e-7 0 1 1.98593e-7 0 1 0 0 0 -1 -3.35569e-4 -1 -1.98593e-7 0 -1 -1.98593e-7 0 -1 0 0 1 -3.77074e-5 0 1 -3.77148e-5 0 0.9841984 -0.1770694 -1.80131e-7 0.9841881 -0.1771261 0 0.9337711 -0.3578709 -5.28779e-7 0.9337511 -0.3579233 0 0.8465561 -0.5322996 0 0.846551 -0.5323078 0 0.7244881 -0.6892874 0 0.7244876 -0.6892879 0 0.5738875 -0.8189342 0 0.5738134 -0.8189861 0 0.4039005 -0.9148029 0 0.4039916 -0.9147627 0 0.2258819 -0.9741548 0 0.22588 -0.9741553 8.42878e-7 0.04979652 -0.9987595 0 0.04979652 -0.9987595 0 0.2258504 -0.974162 0 0.403869 -0.9148169 0 0.5737819 -0.8190082 0 0.7244885 -0.6892869 0 0.846507 -0.5323778 0 0.9337678 -0.3578796 0 0.9841985 -0.177069 -9.53698e-7 1 0 0 1 0 0 1 -3.9081e-7 0 1 -3.9081e-7 0 1 0 0 1 0 0 0 0.9999997 -8.6289e-4 1 3.9081e-7 0 1 3.90812e-7 0 1 0 0 0 -1 -3.57578e-7 0 -1 7.15426e-7 0 -0.9999997 8.14065e-4 -1 -3.12648e-6 0 -1 -3.1265e-6 0 -1 0 0 -1 6.253e-6 0 -1 6.25295e-6 0 0 1 8.53606e-7 0 1 -1.70786e-6 0 0.9999997 -8.68911e-4 -1 0 0 -1 3.12648e-6 0 -1 3.12648e-6 0 -1 0 0 -1 3.87691e-5 0 -1 3.87803e-5 0 -1 0 0 -0.03377872 0.9994294 -4.30385e-6 -0.03377872 0.9994294 3.00874e-5 -0.2118017 0.9773127 3.84836e-6 -0.2118365 0.9773051 0 -0.3924993 0.9197524 0 -0.3924459 0.9197751 -7.30496e-7 -0.5652148 0.8249439 0 -0.5652106 0.8249467 0 -0.7189406 0.6950715 0 -0.7189382 0.695074 0 -0.8434513 0.5372059 -2.58529e-7 -0.8435618 0.5370323 0 -0.9324798 0.3612221 1.77147e-7 -0.9325018 0.3611655 0 -0.9839249 0.1785832 2.53289e-7 -0.9839335 0.1785356 0 -0.9839096 0.1786674 0 -0.9324645 0.3612617 0 -0.8434804 0.5371602 0 -0.718943 0.695069 0 -0.5652514 0.8249188 0 -0.3925359 0.9197367 0 -0.2117549 0.9773229 0 0 1 -5.38638e-6 0 1 -3.32156e-5 1 1.98588e-7 0 1 0 0 0 1 3.35569e-4 0.9992954 -0.03753477 -3.52874e-6 0.9992954 -0.03753477 3.51209e-6 0.9939756 0.1096019 1.73902e-6 0.9939814 0.1095489 0 0.9658147 0.2592337 0 0.9657765 0.259376 -3.23876e-7 0.9134411 0.4069711 0 0.9135822 0.4066542 1.20168e-7 0.8381114 0.5454991 0 0.838113 0.5454967 0 0.7417056 0.6707257 0 0.7419375 0.6704691 0 0.6280594 0.7781654 0 0.6279785 0.7782308 0 0.5027234 0.8644473 0 0.5027658 0.8644227 0 0.3701246 0.9289821 3.53562e-6 0.3701246 0.9289821 -2.47169e-5 0.5025492 0.8645486 -4.9482e-7 0.6281342 0.778105 0 0.7419388 0.6704677 0 0.8381099 0.5455015 0 0.9136439 0.4065155 0 0.9658162 0.2592278 0 0.9939866 0.1095031 0 0 0 1 0 0 1 0 0 1 0 0 1 0 0 1 0 0 1 0 0 1 0 0 1 0 0 1 0 0 1 0 0 1 0 0 1 0 0 1 0 0 1 0 0 1 0 0 1 0 0 1 0 0 1 0 0 1 0 0 1 0 0 1 0 0 1 0 0 1 0 0 1 0 0 1 0 0 1 0 0 1 0 0 1 0 -1 1.3466e-6 0 -1 -2.68845e-6 0 -1 -2.00211e-4 0 -1 -2.68845e-6 0 -1 1.3466e-6 0 1 6.73299e-7 0 1 1.00029e-4 0 1 6.73299e-7 0 0 1 0 0 1 0 0 1 1 1.25059e-5 0 1 1.2506e-5 0 1 0 0 1 -2.38108e-6 0 1 -2.38108e-6 0 1 0 0 1 4.76215e-6 0 1 4.76215e-6 0 -1 2.38108e-6 0 -1 2.38108e-6 0 -1 0 0 0 -0.9999997 -7.67014e-4 -1 0 0 -6.66797e-4 0.008700966 0.9999619 -6.66754e-4 0.008246481 0.9999658 -4.69198e-4 0.7094395 0.7047663 -1.01489e-4 0.9883403 0.1522613 -0.1595796 -8.01857e-5 0.9871851 -0.1580762 -7.57288e-5 0.987427 -0.7525047 0 0.658587 -0.1565284 8.01391e-5 0.9876735 -0.1565542 8.0225e-5 0.9876695 1.01488e-4 -0.9883403 -0.1522614 4.69397e-4 -0.7100163 -0.7041851 6.66752e-4 -0.008246481 -0.9999658 6.66795e-4 -0.008700966 -0.9999619 -1 6.25295e-6 0 -1 0 0 0 0.9999997 -7.67014e-4 1 1.25059e-5 0 1 0 0 1 0 0 1 1.93671e-7 0 0 0 1 0 0 1 0 0 1 0 0 1 0 1 -1.44933e-7 0 1 -1.44933e-7 0 1 -1.69735e-7 0 -1 2.89865e-7 0 -1 2.89865e-7 0 -1 -3.39471e-7 0 -1 -5.7973e-7 0 -1 -5.7973e-7 -1 4.56395e-7 0 -1 -4.67179e-7 0 -1 -2.29917e-7 0 -1 -2.44279e-7 0 -1 2.31527e-7 0 -1 1.50998e-7 0 -1 0 0 -1 0 0 0 1 0 0 1 0 0 1 0 -1 4.1674e-7 0 -1 -4.85159e-7 0 -1 -7.04682e-6 0 -1 -2.69145e-7 0 -1 1.93433e-7 0 0 1 2.79129e-7 0 1 2.79129e-7 0 1 2.47968e-7 0 0 1 3.01681e-7 0 1 1.98241e-7 0 1 2.04518e-7 0 1 2.66046e-7 0 1 -1.87594e-7 0 1 -3.28786e-7 0 1 1 0 0 1 0 0 1 0 0 0 -1 -1.97107e-7 0 -1 -1.97107e-7 0 -1 -3.45327e-7 0 1 0 0 1 -1.44721e-7 0 1 -4.91689e-7 1 0 0 1 0 0 1 -3.0456e-7 0 0 0 -1 0 0 -1 0 0 -1 0 0 -1 0 0 -1 0 0 -1 0 0 -1 0 0 -1 0 0 -1 0 0 -1</float_array>
          <technique_common>
            <accessor source="#Body1-mesh-normals-array" count="455" stride="3">
              <param name="X" type="float"/>
              <param name="Y" type="float"/>
              <param name="Z" type="float"/>
            </accessor>
          </technique_common>
        </source>
        <source id="Body1-mesh-map-0">
          <float_array id="Body1-mesh-map-0-array" count="5340">0 4 0 0 6.9 2 6.9 2 0 0 13.8 0 6.9 2 13.8 0 13.8 4 13.8 4 0 4 6.9 2 0 4 0 0 0.6 2 0.6 2 0 0 1.2 0 0.6 2 1.2 0 1.2 4 1.2 4 0 4 0.6 2 0 4 0 0 6.9 2 6.9 2 0 0 13.8 0 6.9 2 13.8 0 13.8 4 13.8 4 0 4 6.9 2 -92.5 77.5 -92.5 91.30001 -119 77.5 -119 77.5 -92.5 91.30001 -124 91.30001 -119 77.5 -124 91.30001 -124 37.5 -119 77.5 -124 37.5 -119 47.5 -119 47.5 -124 37.5 -92.5 37.5 -119 47.5 -92.5 37.5 -92.5 47.5 215.3 4 32.7 4 124 2 124 2 32.7 4 32.7 0 124 2 32.7 0 215.3 0 215.3 0 215.3 4 124 2 0 0 31.5 0 15.75 2 15.75 2 31.5 0 31.5 4 15.75 2 31.5 4 0 4 0 4 0 0 15.75 2 0 4 0 0 0.6 2 0.6 2 0 0 1.2 0 0.6 2 1.2 0 1.2 4 1.2 4 0 4 0.6 2 -92.5 77.5 -91.30001 47.5 -91.30001 77.5 -91.30001 77.5 -91.30001 47.5 -87.5 47.5 -91.30001 77.5 -87.5 47.5 -87.5 77.5 -92.5 77.5 -92.5 47.5 -91.30001 47.5 -91.30001 47.5 -91.30001 12.5 -87.5 47.5 -87.5 47.5 -91.30001 12.5 -87.5 12.5 -87.5 47.5 -87.5 12.5 -85.6 47.5 -85.6 47.5 -87.5 12.5 -85.6 12.5 -85.6 47.5 -85.6 12.5 -60 43.42445 -60 43.42445 -85.6 12.5 -75 -6.219091 -60 43.42445 -75 -6.219091 -60 -6.219091 -92.5 12.5 -91.30001 -17.5 -91.30001 12.5 -91.30001 12.5 -91.30001 -17.5 -87.5 -17.5 -91.30001 12.5 -87.5 -17.5 -87.5 12.5 -92.5 12.5 -92.5 -17.5 -91.30001 -17.5 -87.5 -17.5 -91.30001 -17.5 -87.5 -52.5 -87.5 -52.5 -91.30001 -17.5 -91.30001 -52.5 -87.5 -52.5 -91.30001 -52.5 -87.5 -82.5 -87.5 -82.5 -91.30001 -52.5 -91.30001 -82.5 -87.5 -82.5 -91.30001 -82.5 -90 -92.5 -90 -92.5 -91.30001 -82.5 -90 -94.4 -90 -94.4 -91.30001 -82.5 -91.30001 -146.3 -90 -94.4 -91.30001 -146.3 -40 -146.3 -91.30001 -52.5 -92.5 -52.5 -91.30001 -82.5 -91.30001 -82.5 -92.5 -52.5 -92.5 -82.5 -40 -146.3 -40 -94.4 -90 -94.4 -40 -92.5 -74.05001 -78.25576 -90 -92.5 -90 -92.5 -74.05001 -78.25576 -85.6 -82.5 -90 -92.5 -85.6 -82.5 -87.5 -82.5 44.6 -92.5 29.6 -87.5 -40 -92.5 -40 -92.5 29.6 -87.5 0.5 -52.5 -40 -92.5 0.5 -52.5 -27.5 -52.5 44.6 -92.5 44.6 -87.5 29.6 -87.5 29.6 -87.5 29.6 -85.6 0.5 -52.5 0.5 -52.5 29.6 -85.6 44.6 -85.6 0.5 -52.5 44.6 -85.6 44.6 37.5 44.6 37.5 29.6 37.5 0.5 -52.5 0.5 -52.5 29.6 37.5 0.5 37.5 0.5 37.5 29.6 37.5 29.6 39.4 0.5 37.5 29.6 39.4 31.86197 60 31.86197 60 29.6 39.4 34.54907 58.4925 34.54907 58.4925 29.6 39.4 37.07559 56.56417 37.07559 56.56417 29.6 39.4 39.34614 54.24356 39.34614 54.24356 29.6 39.4 41.27374 51.58741 41.27374 51.58741 29.6 39.4 42.79002 48.67679 42.79002 48.67679 29.6 39.4 43.85297 45.6091 43.85297 45.6091 29.6 39.4 44.45061 42.48746 44.45061 42.48746 29.6 39.4 44.6 39.41 44.6 39.41 29.6 39.4 44.6 39.4 44.6 39.41 44.6 39.4 46.5 39.4 44.6 39.41 46.5 39.4 46.5 39.41 46.5 39.41 46.5 39.4 61.5 39.4 46.5 39.41 61.5 39.4 46.37662 42.83126 46.37662 42.83126 61.5 39.4 45.7207 46.31744 45.7207 46.31744 61.5 39.4 44.50689 49.74381 44.50689 49.74381 61.5 39.4 42.74942 52.97758 42.74942 52.97758 61.5 39.4 91.30001 91.30001 42.74942 52.97758 91.30001 91.30001 40.50405 55.8938 40.50405 55.8938 91.30001 91.30001 37.86248 58.39088 37.86248 58.39088 91.30001 91.30001 34.94034 60.40206 34.94034 60.40206 91.30001 91.30001 31.86197 61.9 31.86197 61.9 91.30001 91.30001 -24.20985 76.9 31.86197 61.9 -24.20985 76.9 -24.20985 61.9 61.5 39.4 61.5 37.5 91.30001 91.30001 91.30001 91.30001 61.5 37.5 91.30001 -92.5 91.30001 -92.5 61.5 37.5 61.5 -85.6 91.30001 -92.5 61.5 -85.6 61.5 -87.5 61.5 37.5 46.5 37.5 61.5 -85.6 61.5 -85.6 46.5 37.5 46.5 -85.6 46.5 -87.5 46.5 -92.5 61.5 -87.5 61.5 -87.5 46.5 -92.5 91.30001 -92.5 91.30001 91.30001 -91.30001 91.30001 -24.20985 76.9 -24.20985 76.9 -91.30001 91.30001 -26.10985 76.9 -26.10985 76.9 -91.30001 91.30001 -45.42856 61.4913 -26.10985 76.9 -45.42856 61.4913 -42.13803 61.9 -91.30001 77.5 -87.5 77.5 -91.30001 91.30001 -91.30001 91.30001 -87.5 77.5 -85.6 77.5 -91.30001 91.30001 -85.6 77.5 -48.76893 60.42739 -48.76893 60.42739 -85.6 77.5 -51.96396 58.67345 -51.96396 58.67345 -85.6 77.5 -54.80438 56.27353 -54.80438 56.27353 -85.6 77.5 -57.10702 53.35371 -57.10702 53.35371 -85.6 77.5 -58.7521 50.10129 -58.7521 50.10129 -85.6 77.5 -85.6 47.5 -58.7521 50.10129 -85.6 47.5 -59.70262 46.7269 -59.70262 46.7269 -85.6 47.5 -60 43.42445 -27.5 37.5 -42.90814 -8.119092 -27.5 -52.5 -27.5 -52.5 -42.90814 -8.119092 -57.90814 -8.119092 -27.5 -52.5 -57.90814 -8.119092 -57.90814 -76.35577 0.5 37.5 -24.20985 45 -27.5 37.5 -27.5 37.5 -24.20985 45 -26.10985 45 -27.5 37.5 -26.10985 45 -42.13803 60 -42.13803 60 -26.10985 45 -26.10985 60 -85.6 -82.5 -74.05001 -76.35577 -85.6 -52.5 -85.6 -52.5 -74.05001 -76.35577 -60 -76.35577 -85.6 -52.5 -60 -76.35577 -60 -8.119092 -87.5 -52.5 -85.6 -52.5 -87.5 -17.5 -87.5 -17.5 -85.6 -52.5 -85.6 -17.5 -85.6 -17.5 -85.6 -52.5 -75 -8.119092 -85.6 -17.5 -75 -8.119092 -75 -6.219091 31.86197 60 -24.20985 60 0.5 37.5 0.5 37.5 -24.20985 60 -24.20985 45 -42.13803 60 -45.05981 59.59186 -27.5 37.5 -27.5 37.5 -45.05981 59.59186 -48.01537 58.60655 -27.5 37.5 -48.01537 58.60655 -57.90814 43.42445 -57.90814 43.42445 -48.01537 58.60655 -50.8344 57.01692 -57.90814 43.42445 -50.8344 57.01692 -53.33574 54.86391 -53.33574 54.86391 -55.36159 52.25851 -57.90814 43.42445 -57.90814 43.42445 -55.36159 52.25851 -56.80894 49.36386 -57.90814 43.42445 -56.80894 49.36386 -57.64593 46.36292 -57.90814 -6.219091 -42.90814 -6.219091 -57.90814 43.42445 -57.90814 43.42445 -42.90814 -6.219091 -27.5 37.5 -42.90814 -6.219091 -42.90814 -8.119092 -27.5 37.5 -57.90814 -76.35577 -44.05 -76.35577 -27.5 -52.5 -27.5 -52.5 -44.05 -76.35577 -40 -92.5 -44.05 -76.35577 -44.05 -78.25576 -40 -92.5 -40 -92.5 -44.05 -78.25576 -74.05001 -78.25576 -74.05001 -78.25576 -74.05001 -76.35577 -85.6 -82.5 -60 -8.119092 -75 -8.119092 -85.6 -52.5 -48.76893 60.42739 -45.42856 61.4913 -91.30001 91.30001 -42.13803 61.9 -26.10985 61.9 -26.10985 76.9 -85.6 12.5 -85.6 -17.5 -75 -6.219091 0 4 0 0 0.6 2 0.6 2 0 0 1.2 0 0.6 2 1.2 0 1.2 4 1.2 4 0 4 0.6 2 0 4 0 0 17.5 2 17.5 2 0 0 35 0 17.5 2 35 0 35 4 35 4 0 4 17.5 2 0 4 0 0 0.6 2 0.6 2 0 0 1.2 0 0.6 2 1.2 0 1.2 4 1.2 4 0 4 0.6 2 0.6 17.5 -0.6 17.5 0 0 0 0 -0.6 17.5 -0.6 -17.5 0 0 -0.6 -17.5 0.6 -17.5 0.6 -17.5 0.6 17.5 0 0 -92.5 12.5 -92.5 29.5 -119 12.5 -119 12.5 -92.5 29.5 -124 29.5 -119 12.5 -124 29.5 -124 -30.5 -119 12.5 -124 -30.5 -119 -17.5 -119 -17.5 -124 -30.5 -92.5 -30.5 -119 -17.5 -92.5 -30.5 -92.5 -17.5 0 4 0 0 0.6 2 0.6 2 0 0 1.2 0 0.6 2 1.2 0 1.2 4 1.2 4 0 4 0.6 2 0 4 0 0 17.5 2 17.5 2 0 0 35 0 17.5 2 35 0 35 4 35 4 0 4 17.5 2 0 4 0 0 0.6 2 0.6 2 0 0 1.2 0 0.6 2 1.2 0 1.2 4 1.2 4 0 4 0.6 2 0.6 17.5 -0.6 17.5 0 0 0 0 -0.6 17.5 -0.6 -17.5 0 0 -0.6 -17.5 0.6 -17.5 0.6 -17.5 0.6 17.5 0 0 132.5 4 2.5 4 67.5 2 67.5 2 2.5 4 2.5 0 67.5 2 2.5 0 132.5 0 132.5 0 132.5 4 67.5 2 92.5 -94.5 92.5 -94.4 27.5 -94.45 27.5 -94.45 92.5 -94.4 -37.5 -94.4 27.5 -94.45 -37.5 -94.4 -37.5 -94.5 -37.5 -94.5 92.5 -94.5 27.5 -94.45 -8 65 -8 -65 0 0 0 0 -8 -65 8 -65 0 0 8 -65 8 65 8 65 -8 65 0 0 0 0 51.9 0 0 0.00999999 0 0.00999999 51.9 0 25 2 0 0.00999999 25 2 -1.9 0.00999999 -1.9 0.00999999 25 2 -1.9 4 -1.9 4 25 2 51.9 4 51.9 4 25 2 51.9 0 0 4 0 0 31.9 2 31.9 2 0 0 63.8 0 31.9 2 63.8 0 63.8 4 63.8 4 0 4 31.9 2 0 4 0 0 25.65 2 25.65 2 0 0 51.3 0 25.65 2 51.3 0 51.3 4 51.3 4 0 4 25.65 2 -92.5 -82.5 -119 -82.5 -92.5 -98.5 -92.5 -98.5 -119 -82.5 -124 -98.5 -124 -98.5 -119 -82.5 -124 -38.5 -124 -38.5 -119 -82.5 -119 -52.5 -124 -38.5 -119 -52.5 -92.5 -38.5 -92.5 -38.5 -119 -52.5 -92.5 -52.5 -30 14 -30 0 -15 7 -15 7 -30 0 0 0 -15 7 0 0 0 14 0 14 -30 14 -15 7 -26.5 14 -26.5 0 -13.25 7 -13.25 7 -26.5 0 0 0 -13.25 7 0 0 0 14 0 14 -26.5 14 -13.25 7 -30 14 -30 0 -15 7 -15 7 -30 0 0 0 -15 7 0 0 0 14 0 14 -30 14 -15 7 -26.5 14 -26.5 0 -13.25 7 -13.25 7 -26.5 0 0 0 -13.25 7 0 0 0 14 0 14 -26.5 14 -13.25 7 13.25 -15 13.25 15 0 0 0 0 13.25 15 -13.25 15 0 0 -13.25 15 -13.25 -15 -13.25 -15 13.25 -15 0 0 -30 14 -30 0 -15 7 -15 7 -30 0 0 0 -15 7 0 0 0 14 0 14 -30 14 -15 7 -26.5 14 -26.5 0 -13.25 7 -13.25 7 -26.5 0 0 0 -13.25 7 0 0 0 14 0 14 -26.5 14 -13.25 7 -30 14 -30 0 -15 7 -15 7 -30 0 0 0 -15 7 0 0 0 14 0 14 -30 14 -15 7 -26.5 14 -26.5 0 -13.25 7 -13.25 7 -26.5 0 0 0 -13.25 7 0 0 0 14 0 14 -26.5 14 -13.25 7 13.25 -15 13.25 15 0 0 0 0 13.25 15 -13.25 15 0 0 -13.25 15 -13.25 -15 -13.25 -15 13.25 -15 0 0 -30 14 -30 0 -15 7 -15 7 -30 0 0 0 -15 7 0 0 0 14 0 14 -30 14 -15 7 -26.5 14 -26.5 0 -13.25 7 -13.25 7 -26.5 0 0 0 -13.25 7 0 0 0 14 0 14 -26.5 14 -13.25 7 -30 14 -30 0 -15 7 -15 7 -30 0 0 0 -15 7 0 0 0 14 0 14 -30 14 -15 7 -26.5 14 -26.5 0 -13.25 7 -13.25 7 -26.5 0 0 0 -13.25 7 0 0 0 14 0 14 -26.5 14 -13.25 7 13.25 -15 13.25 15 0 0 0 0 13.25 15 -13.25 15 0 0 -13.25 15 -13.25 -15 -13.25 -15 13.25 -15 0 0 185 4 1.2 4 93.1 2 93.1 2 1.2 4 1.2 0 93.1 2 1.2 0 185 0 185 0 185 4 93.1 2 0 0.00999999 0 0 45 0.004999995 45 0.004999995 0 0 90 0 45 0.004999995 90 0 90 0.00999999 90 0.00999999 0 0.00999999 45 0.004999995 0 0.00999999 0 0 45 0.004999995 45 0.004999995 0 0 90 0 45 0.004999995 90 0 90 0.00999999 90 0.00999999 0 0.00999999 45 0.004999995 0.95 -45 0.95 45 0 0 0 0 0.95 45 -0.95 45 0 0 -0.95 45 -0.95 -45 -0.95 -45 0.95 -45 0 0 14 45 0.95 45 7.475 0 7.475 0 0.95 45 0.95 -45 7.475 0 0.95 -45 14 -45 14 -45 14 45 7.475 0 -14 -45 -0.95 -45 -7.475 0 -7.475 0 -0.95 -45 -0.95 45 -7.475 0 -0.95 45 -14 45 -14 45 -14 -45 -7.475 0 0 4 0 0 45 2 45 2 0 0 90 0 45 2 90 0 90 4 90 4 0 4 45 2 0 4 0 0 14 2.005 14 2.005 0 0 28 0 14 2.005 28 0 28 4 28 4 14.95 4 14 2.005 14 2.005 14.95 4 13.05 4 14 2.005 13.05 4 0 4 14.95 4.01 13.05 4.01 14.95 4 14.95 4 13.05 4.01 13.05 4 0 4 0 0 45 2 45 2 0 0 90 0 45 2 90 0 90 4 90 4 0 4 45 2 0 4 0 0 14 2.005 14 2.005 0 0 28 0 14 2.005 28 0 28 4 28 4 14.95 4 14 2.005 14 2.005 14.95 4 13.05 4 14 2.005 13.05 4 0 4 14.95 4.01 13.05 4.01 14.95 4 14.95 4 13.05 4.01 13.05 4 0 0.00999999 0 0 15 0.004999995 15 0.004999995 0 0 30 0 15 0.004999995 30 0 30 0.00999999 30 0.00999999 0 0.00999999 15 0.004999995 0 0.00999999 0 0 0.95 0.004999995 0.95 0.004999995 0 0 1.9 0 0.95 0.004999995 1.9 0 1.9 0.00999999 1.9 0.00999999 0 0.00999999 0.95 0.004999995 0 0.00999999 0 0 15 0.004999995 15 0.004999995 0 0 30 0 15 0.004999995 30 0 30 0.00999999 30 0.00999999 0 0.00999999 15 0.004999995 0 0.00999999 0 0 0.95 0.004999995 0.95 0.004999995 0 0 1.9 0 0.95 0.004999995 1.9 0 1.9 0.00999999 1.9 0.00999999 0 0.00999999 0.95 0.004999995 0.95 -15 0.95 15 0 0 0 0 0.95 15 -0.95 15 0 0 -0.95 15 -0.95 -15 -0.95 -15 0.95 -15 0 0 0 0.00999999 0 0 15 0.004999995 15 0.004999995 0 0 30 0 15 0.004999995 30 0 30 0.00999999 30 0.00999999 0 0.00999999 15 0.004999995 0 0.00999999 0 0 0.95 0.004999995 0.95 0.004999995 0 0 1.9 0 0.95 0.004999995 1.9 0 1.9 0.00999999 1.9 0.00999999 0 0.00999999 0.95 0.004999995 0 0.00999999 0 0 15 0.004999995 15 0.004999995 0 0 30 0 15 0.004999995 30 0 30 0.00999999 30 0.00999999 0 0.00999999 15 0.004999995 0 0.00999999 0 0 0.95 0.004999995 0.95 0.004999995 0 0 1.9 0 0.95 0.004999995 1.9 0 1.9 0.00999999 1.9 0.00999999 0 0.00999999 0.95 0.004999995 0.95 -15 0.95 15 0 0 0 0 0.95 15 -0.95 15 0 0 -0.95 15 -0.95 -15 -0.95 -15 0.95 -15 0 0 0 0.00999999 0 0 25 0.004999995 25 0.004999995 0 0 50 0 25 0.004999995 50 0 50 0.00999999 50 0.00999999 0 0.00999999 25 0.004999995 0 0.00999999 0 0 0.95 0.004999995 0.95 0.004999995 0 0 1.9 0 0.95 0.004999995 1.9 0 1.9 0.00999999 1.9 0.00999999 0 0.00999999 0.95 0.004999995 -84.6 0 0 0 -84.6 0.00999999 -84.6 0.00999999 0 0 0 0.00999999 -84.6 0.00999999 0 0.00999999 -40.65 2 -40.65 2 0 0.00999999 0 4 -40.65 2 0 4 -131.3 4 0 0 50 0 0 0.00999999 0 0.00999999 50 0 50 0.00999999 -131.3 4 -131.3 0 -40.65 2 -40.65 2 -131.3 0 -86.5 0.00999999 -40.65 2 -86.5 0.00999999 -84.6 0.00999999 -131.3 0 -86.5 0 -86.5 0.00999999 25 -0.95 25 0.95 0 0 0 0 25 0.95 -25 0.95 0 0 -25 0.95 -25 -0.95 -25 -0.95 25 -0.95 0 0 0.00999999 26.32667 0 26.32667 0.004999995 23.03584 0.004999995 23.03584 0 26.32667 0 23.03584 0.004999995 23.03584 0 23.03584 0.004999995 19.745 0.004999995 19.745 0 23.03584 0 19.745 0.004999995 19.745 0 19.745 0.004999995 16.45417 0.004999995 16.45417 0 19.745 0 16.45417 0.004999995 16.45417 0 16.45417 0.004999995 13.16334 0.004999995 13.16334 0 16.45417 0 13.16334 0.004999995 13.16334 0 13.16334 0.004999995 9.872502 0.004999995 9.872502 0 13.16334 0 9.872502 0.004999995 9.872502 0 9.872502 0.004999995 6.581668 0.004999995 6.581668 0 9.872502 0 6.581668 0.004999995 6.581668 0 6.581668 0.004999995 3.290834 0.004999995 3.290834 0 6.581668 0 3.290834 0.004999995 3.290834 0 3.290834 0 0 0 0 0.00999999 0 0.004999995 3.290834 0.004999995 3.290834 0.00999999 0 0.00999999 3.290834 0.004999995 3.290834 0.00999999 3.290834 0.004999995 6.581668 0.004999995 6.581668 0.00999999 3.290834 0.00999999 6.581668 0.004999995 6.581668 0.00999999 6.581668 0.004999995 9.872502 0.004999995 9.872502 0.00999999 6.581668 0.00999999 9.872502 0.004999995 9.872502 0.00999999 9.872502 0.004999995 13.16334 0.004999995 13.16334 0.00999999 9.872502 0.00999999 13.16334 0.004999995 13.16334 0.00999999 13.16334 0.004999995 16.45417 0.004999995 16.45417 0.00999999 13.16334 0.00999999 16.45417 0.004999995 16.45417 0.00999999 16.45417 0.004999995 19.745 0.004999995 19.745 0.00999999 16.45417 0.00999999 19.745 0.004999995 19.745 0.00999999 19.745 0.004999995 23.03584 0.004999995 23.03584 0.00999999 19.745 0.00999999 23.03584 0.004999995 23.03584 0.00999999 23.03584 0.00999999 26.32667 0 0.00999999 0 0 28.03591 0.004999995 28.03591 0.004999995 0 0 56.07182 0 28.03591 0.004999995 56.07182 0 56.07182 0.00999999 56.07182 0.00999999 0 0.00999999 28.03591 0.004999995 0 0.00999999 0 0 7.5 0.004999995 7.5 0.004999995 0 0 15 0 7.5 0.004999995 15 0 15 0.00999999 15 0.00999999 0 0.00999999 7.5 0.004999995 0 0.00999999 0 0 0.95 0.004999995 0.95 0.004999995 0 0 1.9 0 0.95 0.004999995 1.9 0 1.9 0.00999999 1.9 0.00999999 0 0.00999999 0.95 0.004999995 0 0.00999999 0 0 7.5 0.004999995 7.5 0.004999995 0 0 15 0 7.5 0.004999995 15 0 15 0.00999999 15 0.00999999 0 0.00999999 7.5 0.004999995 0 0.00999999 0 0 8.014091 0.004999995 8.014091 0.004999995 0 0 16.02818 0 8.014091 0.004999995 16.02818 0 16.02818 0.00999999 16.02818 0.00999999 0 0.00999999 8.014091 0.004999995 0.00999999 26.53413 0 26.53413 0.004999995 23.21737 0.004999995 23.21737 0 26.53413 0 23.21737 0.004999995 23.21737 0 23.21737 0.004999995 19.9006 0.004999995 19.9006 0 23.21737 0 19.9006 0.004999995 19.9006 0 19.9006 0.004999995 16.58383 0.004999995 16.58383 0 19.9006 0 16.58383 0.004999995 16.58383 0 16.58383 0.004999995 13.26707 0.004999995 13.26707 0 16.58383 0 13.26707 0.004999995 13.26707 0 13.26707 0.004999995 9.950301 0.004999995 9.950301 0 13.26707 0 9.950301 0.004999995 9.950301 0 9.950301 0.004999995 6.633533 0.004999995 6.633533 0 9.950301 0 6.633533 0.004999995 6.633533 0 6.633533 0.004999995 3.316767 0.004999995 3.316767 0 6.633533 0 3.316767 0.004999995 3.316767 0 3.316767 0 0 0 0 0.00999999 0 0.004999995 3.316767 0.004999995 3.316767 0.00999999 0 0.00999999 3.316767 0.004999995 3.316767 0.00999999 3.316767 0.004999995 6.633533 0.004999995 6.633533 0.00999999 3.316767 0.00999999 6.633533 0.004999995 6.633533 0.00999999 6.633533 0.004999995 9.950301 0.004999995 9.950301 0.00999999 6.633533 0.00999999 9.950301 0.004999995 9.950301 0.00999999 9.950301 0.004999995 13.26707 0.004999995 13.26707 0.00999999 9.950301 0.00999999 13.26707 0.004999995 13.26707 0.00999999 13.26707 0.004999995 16.58383 0.004999995 16.58383 0.00999999 13.26707 0.00999999 16.58383 0.004999995 16.58383 0.00999999 16.58383 0.004999995 19.9006 0.004999995 19.9006 0.00999999 16.58383 0.00999999 19.9006 0.004999995 19.9006 0.00999999 19.9006 0.004999995 23.21737 0.004999995 23.21737 0.00999999 19.9006 0.00999999 23.21737 0.004999995 23.21737 0.00999999 23.21737 0.00999999 26.53413 0 0.00999999 0 0 24.82177 0.004999995 24.82177 0.004999995 0 0 49.64354 0 24.82177 0.004999995 49.64354 0 49.64354 0.00999999 49.64354 0.00999999 0 0.00999999 24.82177 0.004999995 0 0.00999999 0 0 7.5 0.004999995 7.5 0.004999995 0 0 15 0 7.5 0.004999995 15 0 15 0.00999999 15 0.00999999 0 0.00999999 7.5 0.004999995 0 0.00999999 0 0 0.95 0.004999995 0.95 0.004999995 0 0 1.9 0 0.95 0.004999995 1.9 0 1.9 0.00999999 1.9 0.00999999 0 0.00999999 0.95 0.004999995 0 0.00999999 0 0 7.5 0.004999995 7.5 0.004999995 0 0 15 0 7.5 0.004999995 15 0 15 0.00999999 15 0.00999999 0 0.00999999 7.5 0.004999995 0 0.00999999 0 0 34.11833 0.004999995 34.11833 0.004999995 0 0 68.23667 0 34.11833 0.004999995 68.23667 0 68.23667 0.00999999 68.23667 0.00999999 0 0.00999999 34.11833 0.004999995 0 0.00999999 0 0 6.92907 0.004999995 6.92907 0.004999995 0 0 13.85814 0 6.92907 0.004999995 13.85814 0 13.85814 0.00999999 13.85814 0.00999999 0 0.00999999 6.92907 0.004999995 0 0.00999999 0 0 0.95 0.004999995 0.95 0.004999995 0 0 1.9 0 0.95 0.004999995 1.9 0 1.9 0.00999999 1.9 0.00999999 0 0.00999999 0.95 0.004999995 0 0.00999999 0 0 15 0.004999995 15 0.004999995 0 0 30 0 15 0.004999995 30 0 30 0.00999999 30 0.00999999 0 0.00999999 15 0.004999995 0 0.00999999 0 0 0.95 0.004999995 0.95 0.004999995 0 0 1.9 0 0.95 0.004999995 1.9 0 1.9 0.00999999 1.9 0.00999999 0 0.00999999 0.95 0.004999995 0 0.00999999 0 0 7.025 0.004999995 7.025 0.004999995 0 0 14.05 0 7.025 0.004999995 14.05 0 14.05 0.00999999 14.05 0.00999999 0 0.00999999 7.025 0.004999995 0 0.00999999 0 0 34.11833 0.004999995 34.11833 0.004999995 0 0 68.23667 0 34.11833 0.004999995 68.23667 0 68.23667 0.00999999 68.23667 0.00999999 0 0.00999999 34.11833 0.004999995 0 0.00999999 0 0 7.5 0.004999995 7.5 0.004999995 0 0 15 0 7.5 0.004999995 15 0 15 0.00999999 15 0.00999999 0 0.00999999 7.5 0.004999995 0 0.00999999 0 0 0.95 0.004999995 0.95 0.004999995 0 0 1.9 0 0.95 0.004999995 1.9 0 1.9 0.00999999 1.9 0.00999999 0 0.00999999 0.95 0.004999995 0 0.00999999 0 0 7.5 0.004999995 7.5 0.004999995 0 0 15 0 7.5 0.004999995 15 0 15 0.00999999 15 0.00999999 0 0.00999999 7.5 0.004999995 0 0.00999999 0 0 24.82177 0.004999995 24.82177 0.004999995 0 0 49.64354 0 24.82177 0.004999995 49.64354 0 49.64354 0.00999999 49.64354 0.00999999 0 0.00999999 24.82177 0.004999995 -0.00999999 0 0 0 -0.004999995 3.737493 -0.004999995 3.737493 0 0 0 3.737493 -0.004999995 3.737493 0 3.737493 -0.004999995 7.474986 -0.004999995 7.474986 0 3.737493 0 7.474986 -0.004999995 7.474986 0 7.474986 -0.004999995 11.21248 -0.004999995 11.21248 0 7.474986 0 11.21248 -0.004999995 11.21248 0 11.21248 -0.004999995 14.94997 -0.004999995 14.94997 0 11.21248 0 14.94997 -0.004999995 14.94997 0 14.94997 -0.004999995 18.68746 -0.004999995 18.68746 0 14.94997 0 18.68746 -0.004999995 18.68746 0 18.68746 -0.004999995 22.42496 -0.004999995 22.42496 0 18.68746 0 22.42496 -0.004999995 22.42496 0 22.42496 -0.004999995 26.16245 -0.004999995 26.16245 0 22.42496 0 26.16245 -0.004999995 26.16245 0 26.16245 0 29.89994 0 29.89994 -0.00999999 29.89994 -0.004999995 26.16245 -0.004999995 26.16245 -0.00999999 29.89994 -0.00999999 26.16245 -0.004999995 26.16245 -0.00999999 26.16245 -0.004999995 22.42496 -0.004999995 22.42496 -0.00999999 26.16245 -0.00999999 22.42496 -0.004999995 22.42496 -0.00999999 22.42496 -0.004999995 18.68746 -0.004999995 18.68746 -0.00999999 22.42496 -0.00999999 18.68746 -0.004999995 18.68746 -0.00999999 18.68746 -0.004999995 14.94997 -0.004999995 14.94997 -0.00999999 18.68746 -0.00999999 14.94997 -0.004999995 14.94997 -0.00999999 14.94997 -0.004999995 11.21248 -0.004999995 11.21248 -0.00999999 14.94997 -0.00999999 11.21248 -0.004999995 11.21248 -0.00999999 11.21248 -0.004999995 7.474986 -0.004999995 7.474986 -0.00999999 11.21248 -0.00999999 7.474986 -0.004999995 7.474986 -0.00999999 7.474986 -0.004999995 3.737493 -0.004999995 3.737493 -0.00999999 7.474986 -0.00999999 3.737493 -0.004999995 3.737493 -0.00999999 3.737493 -0.00999999 0 0 0.00999999 0 0 8.014091 0.004999995 8.014091 0.004999995 0 0 16.02818 0 8.014091 0.004999995 16.02818 0 16.02818 0.00999999 16.02818 0.00999999 0 0.00999999 8.014091 0.004999995 0 0.00999999 0 0 7.5 0.004999995 7.5 0.004999995 0 0 15 0 7.5 0.004999995 15 0 15 0.00999999 15 0.00999999 0 0.00999999 7.5 0.004999995 0 0.00999999 0 0 0.95 0.004999995 0.95 0.004999995 0 0 1.9 0 0.95 0.004999995 1.9 0 1.9 0.00999999 1.9 0.00999999 0 0.00999999 0.95 0.004999995 0 0.00999999 0 0 7.5 0.004999995 7.5 0.004999995 0 0 15 0 7.5 0.004999995 15 0 15 0.00999999 15 0.00999999 0 0.00999999 7.5 0.004999995 0 0.00999999 0 0 28.03591 0.004999995 28.03591 0.004999995 0 0 56.07182 0 28.03591 0.004999995 56.07182 0 56.07182 0.00999999 56.07182 0.00999999 0 0.00999999 28.03591 0.004999995 -0.00999999 0 0 0 -0.004999995 3.692052 -0.004999995 3.692052 0 0 0 3.692052 -0.004999995 3.692052 0 3.692052 -0.004999995 7.384103 -0.004999995 7.384103 0 3.692052 0 7.384103 -0.004999995 7.384103 0 7.384103 -0.004999995 11.07615 -0.004999995 11.07615 0 7.384103 0 11.07615 -0.004999995 11.07615 0 11.07615 -0.004999995 14.76821 -0.004999995 14.76821 0 11.07615 0 14.76821 -0.004999995 14.76821 0 14.76821 -0.004999995 18.46026 -0.004999995 18.46026 0 14.76821 0 18.46026 -0.004999995 18.46026 0 18.46026 -0.004999995 22.15231 -0.004999995 22.15231 0 18.46026 0 22.15231 -0.004999995 22.15231 0 22.15231 -0.004999995 25.84436 -0.004999995 25.84436 0 22.15231 0 25.84436 -0.004999995 25.84436 0 25.84436 0 29.53641 0 29.53641 -0.00999999 29.53641 -0.004999995 25.84436 -0.004999995 25.84436 -0.00999999 29.53641 -0.00999999 25.84436 -0.004999995 25.84436 -0.00999999 25.84436 -0.004999995 22.15231 -0.004999995 22.15231 -0.00999999 25.84436 -0.00999999 22.15231 -0.004999995 22.15231 -0.00999999 22.15231 -0.004999995 18.46026 -0.004999995 18.46026 -0.00999999 22.15231 -0.00999999 18.46026 -0.004999995 18.46026 -0.00999999 18.46026 -0.004999995 14.76821 -0.004999995 14.76821 -0.00999999 18.46026 -0.00999999 14.76821 -0.004999995 14.76821 -0.00999999 14.76821 -0.004999995 11.07615 -0.004999995 11.07615 -0.00999999 14.76821 -0.00999999 11.07615 -0.004999995 11.07615 -0.00999999 11.07615 -0.004999995 7.384103 -0.004999995 7.384103 -0.00999999 11.07615 -0.00999999 7.384103 -0.004999995 7.384103 -0.00999999 7.384103 -0.004999995 3.692052 -0.004999995 3.692052 -0.00999999 7.384103 -0.00999999 3.692052 -0.004999995 3.692052 -0.00999999 3.692052 -0.00999999 0 0 0.00999999 0 0 0.95 0.004999995 0.95 0.004999995 0 0 1.9 0 0.95 0.004999995 1.9 0 1.9 0.00999999 1.9 0.00999999 0 0.00999999 0.95 0.004999995 -58.84178 -40.08788 -60.74178 -40.08788 -58.69239 -43.16535 -58.69239 -43.16535 -60.74178 -40.08788 -60.61841 -43.50914 -58.69239 -43.16535 -60.61841 -43.50914 -59.96249 -46.99532 -58.69239 -43.16535 -59.96249 -46.99532 -58.09475 -46.28698 -58.09475 -46.28698 -59.96249 -46.99532 -58.74867 -50.42169 -58.09475 -46.28698 -58.74867 -50.42169 -57.03181 -49.35467 -57.03181 -49.35467 -58.74867 -50.42169 -56.99121 -53.65547 -57.03181 -49.35467 -56.99121 -53.65547 -55.51553 -52.26529 -55.51553 -52.26529 -56.99121 -53.65547 -53.58792 -54.92144 -53.58792 -54.92144 -56.99121 -53.65547 -54.74584 -56.57168 -53.58792 -54.92144 -54.74584 -56.57168 -51.31738 -57.24205 -51.31738 -57.24205 -54.74584 -56.57168 -52.10426 -59.06876 -51.31738 -57.24205 -52.10426 -59.06876 -48.79086 -59.17038 -48.79086 -59.17038 -52.10426 -59.06876 -49.18213 -61.07994 -48.79086 -59.17038 -49.18213 -61.07994 -46.10375 -60.67788 -46.10375 -60.67788 -49.18213 -61.07994 -46.10375 -62.57788 -46.10375 -60.67788 -46.10375 -62.57788 9.968069 -62.57788 9.968069 -77.57788 11.86807 -77.57788 9.968069 -62.57788 9.968069 -62.57788 11.86807 -77.57788 11.86807 -62.57788 9.968069 -62.57788 11.86807 -62.57788 11.86807 -60.67788 11.86807 -60.67788 11.86807 -62.57788 27.89625 -60.67788 27.89625 -60.67788 11.86807 -62.57788 27.89625 -62.57788 27.89625 -60.67788 27.89625 -62.57788 31.18678 -62.16918 34.52715 -61.10527 33.77359 -59.28443 31.18678 -62.16918 31.18678 -62.16918 33.77359 -59.28443 30.81803 -60.26974 31.18678 -62.16918 30.81803 -60.26974 27.89625 -60.67788 33.77359 -59.28443 34.52715 -61.10527 36.59262 -57.69481 36.59262 -57.69481 34.52715 -61.10527 37.72218 -59.35133 36.59262 -57.69481 37.72218 -59.35133 39.09396 -55.54179 39.09396 -55.54179 37.72218 -59.35133 40.56259 -56.95141 39.09396 -55.54179 40.56259 -56.95141 41.11981 -52.93639 41.11981 -52.93639 40.56259 -56.95141 42.86524 -54.03159 41.11981 -52.93639 42.86524 -54.03159 42.56716 -50.04174 42.56716 -50.04174 42.86524 -54.03159 44.51032 -50.77917 42.56716 -50.04174 44.51032 -50.77917 43.40415 -47.0408 43.40415 -47.0408 44.51032 -50.77917 45.46084 -47.40479 43.40415 -47.0408 45.46084 -47.40479 43.66636 -44.10233 43.66636 -44.10233 45.46084 -47.40479 45.75822 -44.10233 43.66636 -44.10233 45.75822 -44.10233 45.75822 5.54121 60.75822 5.54121 45.75822 7.44121 45.75822 5.54121 45.75822 5.54121 45.75822 7.44121 43.66636 7.44121 45.75822 5.54121 43.66636 7.44121 43.66636 5.54121 43.66636 5.54121 43.66636 7.44121 28.66636 7.44121 43.66636 5.54121 28.66636 7.44121 28.66636 5.54121 60.75822 5.54121 60.75822 7.44121 45.75822 7.44121 43.66636 7.44121 45.75822 7.44121 43.66636 75.67788 43.66636 75.67788 45.75822 7.44121 45.75822 75.67788 43.66636 75.67788 45.75822 75.67788 29.80822 77.57788 29.80822 77.57788 45.75822 75.67788 59.80821 77.57788 59.80821 77.57788 45.75822 75.67788 59.80821 75.67788 29.80822 77.57788 29.80822 75.67788 43.66636 75.67788 43.66636 5.54121 43.66636 -44.10233 45.75822 5.54121 11.86807 -45.67788 9.968069 -45.67788 11.86807 -60.67788 11.86807 -60.67788 9.968069 -45.67788 9.968069 -60.67788 11.86807 -60.67788 9.968069 -60.67788 9.968069 -62.57788 9.968069 -62.57788 9.968069 -60.67788 -46.10375 -60.67788 0 0.00999999 0 0 15 0.004999995 15 0.004999995 0 0 30 0 15 0.004999995 30 0 30 0.00999999 30 0.00999999 0 0.00999999 15 0.004999995 0 0.00999999 0 0 0.95 0.004999995 0.95 0.004999995 0 0 1.9 0 0.95 0.004999995 1.9 0 1.9 0.00999999 1.9 0.00999999 0 0.00999999 0.95 0.004999995 0 0.00999999 0 0 15 0.004999995 15 0.004999995 0 0 30 0 15 0.004999995 30 0 30 0.00999999 30 0.00999999 0 0.00999999 15 0.004999995 0 0.00999999 0 0 0.95 0.004999995 0.95 0.004999995 0 0 1.9 0 0.95 0.004999995 1.9 0 1.9 0.00999999 1.9 0.00999999 0 0.00999999 0.95 0.004999995 0.95 -15 0.95 15 0 0 0 0 0.95 15 -0.95 15 0 0 -0.95 15 -0.95 -15 -0.95 -15 0.95 -15 0 0 0 0.00999999 0 0 0.95 0.004999995 0.95 0.004999995 0 0 1.9 0 0.95 0.004999995 1.9 0 1.9 0.00999999 1.9 0.00999999 0 0.00999999 0.95 0.004999995 0 0.00999999 0 0 7.5 0.004999995 7.5 0.004999995 0 0 15 0 7.5 0.004999995 15 0 15 0.00999999 15 0.00999999 0 0.00999999 7.5 0.004999995 0 0.00999999 0 0 2.5 0.004999995 2.5 0.004999995 0 0 5 0 2.5 0.004999995 5 0 5 0.00999999 5 0.00999999 0 0.00999999 2.5 0.004999995 0 0.00999999 0 0 2.5 0.004999995 2.5 0.004999995 0 0 5 0 2.5 0.004999995 5 0 5 0.00999999 5 0.00999999 0 0.00999999 2.5 0.004999995 0 0.00999999 0 0 7.5 0.004999995 7.5 0.004999995 0 0 15 0 7.5 0.004999995 15 0 15 0.00999999 15 0.00999999 0 0.00999999 7.5 0.004999995 0 0.00999999 0 0 0.95 0.004999995 0.95 0.004999995 0 0 1.9 0 0.95 0.004999995 1.9 0 1.9 0.00999999 1.9 0.00999999 0 0.00999999 0.95 0.004999995 0 0.00999999 0 0 7.5 0.004999995 7.5 0.004999995 0 0 15 0 7.5 0.004999995 15 0 15 0.00999999 15 0.00999999 0 0.00999999 7.5 0.004999995 0 0.00999999 0 0 61.55 0.004999995 61.55 0.004999995 0 0 123.1 0 61.55 0.004999995 123.1 0 123.1 0.00999999 123.1 0.00999999 0 0.00999999 61.55 0.004999995 0 0.00999999 0 0 7.5 0.004999995 7.5 0.004999995 0 0 15 0 7.5 0.004999995 15 0 15 0.00999999 15 0.00999999 0 0.00999999 7.5 0.004999995 0 0.00999999 0 0 0.95 0.004999995 0.95 0.004999995 0 0 1.9 0 0.95 0.004999995 1.9 0 1.9 0.00999999 1.9 0.00999999 0 0.00999999 0.95 0.004999995 0 0.00999999 0 0 15.95 0.004999995 15.95 0.004999995 0 0 15 0 15.95 0.004999995 15 0 16.9 0 16.9 0 31.9 0 15.95 0.004999995 15.95 0.004999995 31.9 0 31.9 0.00999999 15.95 0.004999995 31.9 0.00999999 0 0.00999999 0 0.00999999 0 0 0.95 0.004999995 0.95 0.004999995 0 0 1.9 0 0.95 0.004999995 1.9 0 1.9 0.00999999 1.9 0.00999999 0 0.00999999 0.95 0.004999995 0 0.00999999 0 0 7.5 0.004999995 7.5 0.004999995 0 0 15 0 7.5 0.004999995 15 0 15 0.00999999 15 0.00999999 0 0.00999999 7.5 0.004999995 0 0.00999999 0 0 61.55 0.004999995 61.55 0.004999995 0 0 123.1 0 61.55 0.004999995 123.1 0 123.1 0.00999999 123.1 0.00999999 0 0.00999999 61.55 0.004999995 0 0.00999999 0 0 7.5 0.004999995 7.5 0.004999995 0 0 15 0 7.5 0.004999995 15 0 15 0.00999999 15 0.00999999 0 0.00999999 7.5 0.004999995 15.95 -59.05 0.95 -59.05 15.95 -60.95 15.95 -60.95 0.95 -59.05 0.95 -60.95 0.95 -60.95 0.95 -59.05 -0.95 -59.05 0.95 -60.95 -0.95 -59.05 -0.95 -60.95 -0.95 -60.95 -0.95 -59.05 -15.95 -59.05 -0.95 -60.95 -15.95 -59.05 -15.95 -60.95 -0.95 -59.05 0.95 -59.05 0 0 0 0 0.95 -59.05 0.95 64.05001 0 0 0.95 64.05001 -0.95 64.05001 -0.95 64.05001 0.95 64.05001 -15.95 65.95 -0.95 64.05001 -15.95 65.95 -15.95 64.05001 15.95 64.05001 15.95 65.95 0.95 64.05001 0.95 64.05001 15.95 65.95 -15.95 65.95 -0.95 64.05001 -0.95 -59.05 0 0 -0.95 -60.95 -0.95 -65.95 0.95 -60.95 0.95 -60.95 -0.95 -65.95 0.95 -65.95 0 31.5 0 0 8 15.75 8 15.75 0 0 16 0 8 15.75 16 0 16 31.5 16 31.5 0 31.5 8 15.75 0 31.5 0 0 8 15.75 8 15.75 0 0 16 0 8 15.75 16 0 16 31.5 16 31.5 0 31.5 8 15.75 8 30 -8 30 0 0 0 0 -8 30 -8 -30 0 0 -8 -30 8 -30 8 -30 8 30 0 0 123 0 131 0 127.5 10 127.5 10 131 0 131 16 127.5 10 131 16 123 16 123 16 131 16 110 20 123 16 110 20 110 16 145 16 145 20 131 16 131 16 145 20 110 20 123 16 123 0 127.5 10 191 0 207.5 10 191 16 191 16 207.5 10 240 20 191 16 240 20 175 20 191 0 240 0 207.5 10 207.5 10 240 0 240 20 175 20 175 16 191 16 0 31.5 0 0 8 15.75 8 15.75 0 0 16 0 8 15.75 16 0 16 31.5 16 31.5 0 31.5 8 15.75 0 31.5 0 0 8 15.75 8 15.75 0 0 16 0 8 15.75 16 0 16 31.5 16 31.5 0 31.5 8 15.75 8 30 -8 30 0 0 0 0 -8 30 -8 -30 0 0 -8 -30 8 -30 8 -30 8 30 0 0 55 0 63 0 62.5 10 62.5 10 63 0 63 16 62.5 10 63 16 55 16 55 16 63 16 45 20 55 16 45 20 45 16 80 16 80 20 63 16 63 16 80 20 45 20 55 16 55 0 62.5 10 0 31.5 0 0 8 15.75 8 15.75 0 0 16 0 8 15.75 16 0 16 31.5 16 31.5 0 31.5 8 15.75 0 31.5 0 0 10 15.75 10 15.75 0 0 20 0 10 15.75 20 0 20 31.5 20 31.5 0 31.5 10 15.75 5 0 5 31.5 0 0 0 0 5 31.5 -1.2 31.5 0 0 -1.2 31.5 -1.2 0 0 0 -1.2 0 -1.2 -1.2 -1.2 -1.2 -1.2 0 -15 0 -1.2 -1.2 -15 0 -15 -1.2 -1.2 -1.2 -1.2 -183.8 0 0 0 0 -1.2 -183.8 0 -185 0 -185 -1.2 -183.8 -185 -183.8 0 -185 -185 -183.8 -186.9 -185 -186.9 -185 -185 -183.8 -186.9 -55 -186.9 -55 -185 -183.8 -185 -52.5 -186.9 -55 -185 -52.5 -238.8 -52.5 -238.8 -1.2 -240 0 -238.8 -52.5 -238.8 -52.5 -240 0 -240 -55 -238.8 -52.5 -240 -55 -186.9 -55 -175 -1.2 -175 0 -238.8 -1.2 -238.8 -1.2 -175 0 -240 0 2.5 10 -2.5 10 0 0 0 0 -2.5 10 -2.5 -10 0 0 -2.5 -10 2.5 -10 2.5 -10 2.5 10 0 0 10 -3.7 10 2.5 6 -3.7 6 -3.7 10 2.5 -10 2.5 6 -3.7 -10 2.5 0 -27.5 0 -27.5 -10 2.5 -10 -57.5 0 -27.5 -10 -57.5 6 -57.5 6 -57.5 6 -3.7 0 -27.5 16 1.9 20 1.9 16 2 16 2 20 1.9 10 28.45 16 2 10 28.45 0 2 0 2 10 28.45 0 55 0 55 10 28.45 20 55 20 55 10 28.45 20 1.9 -10 27.5 -10 -27.5 0 0 0 0 -10 -27.5 10 -27.5 0 0 10 -27.5 10 27.5 10 27.5 -10 27.5 0 0 0 20 0 0 92.5 10 92.5 10 0 0 185 0 92.5 10 185 0 185 20 185 20 0 20 92.5 10 185 0 91.5 10 -2 0 -2 0 91.5 10 -1.9 16 -2 0 -1.9 16 -2 16 185 0 185 20 91.5 10 91.5 10 185 20 -1.9 20 91.5 10 -1.9 20 -1.9 16 92.5 92.5 -92.5 92.5 15.75 -25 15.75 -25 -92.5 92.5 -92.5 -94.5 15.75 -25 -92.5 -94.5 37.5 -94.5 37.5 -147.5 92.5 -98.5 37.5 -94.5 37.5 -94.5 92.5 -98.5 92.5 -38.5 37.5 -94.5 92.5 -38.5 15.75 -25 15.75 -25 92.5 -38.5 92.5 -30.5 15.75 -25 92.5 -30.5 92.5 29.5 92.5 29.5 92.5 -30.5 124 29.5 124 29.5 92.5 -30.5 124 -30.5 37.5 -147.5 92.5 -147.5 92.5 -98.5 92.5 -98.5 124 -98.5 92.5 -38.5 92.5 -38.5 124 -98.5 124 -38.5 92.5 29.5 92.5 37.5 15.75 -25 15.75 -25 92.5 37.5 92.5 92.5 92.5 37.5 124 37.5 92.5 92.5 92.5 92.5 124 37.5 124 97.5 92.5 92.5 124 97.5 92.5 97.5</float_array>
          <technique_common>
            <accessor source="#Body1-mesh-map-0-array" count="2670" stride="2">
              <param name="S" type="float"/>
              <param name="T" type="float"/>
            </accessor>
          </technique_common>
        </source>
        <source id="Body1-mesh-colors-Attribute" name="Attribute">
          <float_array id="Body1-mesh-colors-Attribute-array" count="10680">1 1 1 1 1 1 1 1 1 1 1 1 1 1 1 1 1 1 1 1 1 1 1 1 1 1 1 1 1 1 1 1 1 1 1 1 1 1 1 1 1 1 1 1 1 1 1 1 1 1 1 1 1 1 1 1 1 1 1 1 1 1 1 1 1 1 1 1 1 1 1 1 1 1 1 1 1 1 1 1 1 1 1 1 1 1 1 1 1 1 1 1 1 1 1 1 1 1 1 1 1 1 1 1 1 1 1 1 1 1 1 1 1 1 1 1 1 1 1 1 1 1 1 1 1 1 1 1 1 1 1 1 1 1 1 1 1 1 1 1 1 1 1 1 1 1 1 1 1 1 1 1 1 1 1 1 1 1 1 1 1 1 1 1 1 1 1 1 1 1 1 1 1 1 1 1 1 1 1 1 1 1 1 1 1 1 1 1 1 1 1 1 1 1 1 1 1 1 1 1 1 1 1 1 1 1 1 1 1 1 1 1 1 1 1 1 1 1 1 1 1 1 1 1 1 1 1 1 1 1 1 1 1 1 1 1 1 1 1 1 1 1 1 1 1 1 1 1 1 1 1 1 1 1 1 1 1 1 1 1 1 1 1 1 1 1 1 1 1 1 1 1 1 1 1 1 1 1 1 1 1 1 1 1 1 1 1 1 1 1 1 1 1 1 1 1 1 1 1 1 1 1 1 1 1 1 1 1 1 1 1 1 1 1 1 1 1 1 1 1 1 1 1 1 1 1 1 1 1 1 1 1 1 1 1 1 1 1 1 1 1 1 1 1 1 1 1 1 1 1 1 1 1 1 1 1 1 1 1 1 1 1 1 1 1 1 1 1 1 1 1 1 1 1 1 1 1 1 1 1 1 1 1 1 1 1 1 1 1 1 1 1 1 1 1 1 1 1 1 1 1 1 1 1 1 1 1 1 1 1 1 1 1 1 1 1 1 1 1 1 1 1 1 1 1 1 1 1 1 1 1 1 1 1 1 1 1 1 1 1 1 1 1 1 1 1 1 1 1 1 1 1 1 1 1 1 1 1 1 1 1 1 1 1 1 1 1 1 1 1 1 1 1 1 1 1 1 1 1 1 1 1 1 1 1 1 1 1 1 1 1 1 1 1 1 1 1 1 1 1 1 1 1 1 1 1 1 1 1 1 1 1 1 1 1 1 1 1 1 1 1 1 1 1 1 1 1 1 1 1 1 1 1 1 1 1 1 1 1 1 1 1 1 1 1 1 1 1 1 1 1 1 1 1 1 1 1 1 1 1 1 1 1 1 1 1 1 1 1 1 1 1 1 1 1 1 1 1 1 1 1 1 1 1 1 1 1 1 1 1 1 1 1 1 1 1 1 1 1 1 1 1 1 1 1 1 1 1 1 1 1 1 1 1 1 1 1 1 1 1 1 1 1 1 1 1 1 1 1 1 1 1 1 1 1 1 1 1 1 1 1 1 1 1 1 1 1 1 1 1 1 1 1 1 1 1 1 1 1 1 1 1 1 1 1 1 1 1 1 1 1 1 1 1 1 1 1 1 1 1 1 1 1 1 1 1 1 1 1 1 1 1 1 1 1 1 1 1 1 1 1 1 1 1 1 1 1 1 1 1 1 1 1 1 1 1 1 1 1 1 1 1 1 1 1 1 1 1 1 1 1 1 1 1 1 1 1 1 1 1 1 1 1 1 1 1 1 1 1 1 1 1 1 1 1 1 1 1 1 1 1 1 1 1 1 1 1 1 1 1 1 1 1 1 1 1 1 1 1 1 1 1 1 1 1 1 1 1 1 1 1 1 1 1 1 1 1 1 1 1 1 1 1 1 1 1 1 1 1 1 1 1 1 1 1 1 1 1 1 1 1 1 1 1 1 1 1 1 1 1 1 1 1 1 1 1 1 1 1 1 1 1 1 1 1 1 1 1 1 1 1 1 1 1 1 1 1 1 1 1 1 1 1 1 1 1 1 1 1 1 1 1 1 1 1 1 1 1 1 1 1 1 1 1 1 1 1 1 1 1 1 1 1 1 1 1 1 1 1 1 1 1 1 1 1 1 1 1 1 1 1 1 1 1 1 1 1 1 1 1 1 1 1 1 1 1 1 1 1 1 1 1 1 1 1 1 1 1 1 1 1 1 1 1 1 1 1 1 1 1 1 1 1 1 1 1 1 1 1 1 1 1 1 1 1 1 1 1 1 1 1 1 1 1 1 1 1 1 1 1 1 1 1 1 1 1 1 1 1 1 1 1 1 1 1 1 1 1 1 1 1 1 1 1 1 1 1 1 1 1 1 1 1 1 1 1 1 1 1 1 1 1 1 1 1 1 1 1 1 1 1 1 1 1 1 1 1 1 1 1 1 1 1 1 1 1 1 1 1 1 1 1 1 1 1 1 1 1 1 1 1 1 1 1 1 1 1 1 1 1 1 1 1 1 1 1 1 1 1 1 1 1 1 1 1 1 1 1 1 1 1 1 1 1 1 1 1 1 1 1 1 1 1 1 1 1 1 1 1 1 1 1 1 1 1 1 1 1 1 1 1 1 1 1 1 1 1 1 1 1 1 1 1 1 1 1 1 1 1 1 1 1 1 1 1 1 1 1 1 1 1 1 1 1 1 1 1 1 1 1 1 1 1 1 1 1 1 1 1 1 1 1 1 1 1 1 1 1 1 1 1 1 1 1 1 1 1 1 1 1 1 1 1 1 1 1 1 1 1 1 1 1 1 1 1 1 1 1 1 1 1 1 1 1 1 1 1 1 1 1 1 1 1 1 1 1 1 1 1 1 1 1 1 1 1 1 1 1 1 1 1 1 1 1 1 1 1 1 1 1 1 1 1 1 1 1 1 1 1 1 1 1 1 1 1 1 1 1 1 1 1 1 1 1 1 1 1 1 1 1 1 1 1 1 1 1 1 1 1 1 1 1 1 1 1 1 1 1 1 1 1 1 1 1 1 1 1 1 1 1 1 1 1 1 1 1 1 1 1 1 1 1 1 1 1 1 1 1 1 1 1 1 1 1 1 1 1 1 1 1 1 1 1 1 1 1 1 1 1 1 1 1 1 1 1 1 1 1 1 1 1 1 1 1 1 1 1 1 1 1 1 1 1 1 1 1 1 1 1 1 1 1 1 1 1 1 1 1 1 1 1 1 1 1 1 1 1 1 1 1 1 1 1 1 1 1 1 1 1 1 1 1 1 1 1 1 1 1 1 1 1 1 1 1 1 1 1 1 1 1 1 1 1 1 1 1 1 1 1 1 1 1 1 1 1 1 1 1 1 1 1 1 1 1 1 1 1 1 1 1 1 1 1 1 1 1 1 1 1 1 1 1 1 1 1 1 1 1 1 1 1 1 1 1 1 1 1 1 1 1 1 1 1 1 1 1 1 1 1 1 1 1 1 1 1 1 1 1 1 1 1 1 1 1 1 1 1 1 1 1 1 1 1 1 1 1 1 1 1 1 1 1 1 1 1 1 1 1 1 1 1 1 1 1 1 1 1 1 1 1 1 1 1 1 1 1 1 1 1 1 1 1 1 1 1 1 1 1 1 1 1 1 1 1 1 1 1 1 1 1 1 1 1 1 1 1 1 1 1 1 1 1 1 1 1 1 1 1 1 1 1 1 1 1 1 1 1 1 1 1 1 1 1 1 1 1 1 1 1 1 1 1 1 1 1 1 1 1 1 1 1 1 1 1 1 1 1 1 1 1 1 1 1 1 1 1 1 1 1 1 1 1 1 1 1 1 1 1 1 1 1 1 1 1 1 1 1 1 1 1 1 1 1 1 1 1 1 1 1 1 1 1 1 1 1 1 1 1 1 1 1 1 1 1 1 1 1 1 1 1 1 1 1 1 1 1 1 1 1 1 1 1 1 1 1 1 1 1 1 1 1 1 1 1 1 1 1 1 1 1 1 1 1 1 1 1 1 1 1 1 1 1 1 1 1 1 1 1 1 1 1 1 1 1 1 1 1 1 1 1 1 1 1 1 1 1 1 1 1 1 1 1 1 1 1 1 1 1 1 1 1 1 1 1 1 1 1 1 1 1 1 1 1 1 1 1 1 1 1 1 1 1 1 1 1 1 1 1 1 1 1 1 1 1 1 1 1 1 1 1 1 1 1 1 1 1 1 1 1 1 1 1 1 1 1 1 1 1 1 1 1 1 1 1 1 1 1 1 1 1 1 1 1 1 1 1 1 1 1 1 1 1 1 1 1 1 1 1 1 1 1 1 1 1 1 1 1 1 1 1 1 1 1 1 1 1 1 1 1 1 1 1 1 1 1 1 1 1 1 1 1 1 1 1 1 1 1 1 1 1 1 1 1 1 1 1 1 1 1 1 1 1 1 1 1 1 1 1 1 1 1 1 1 1 1 1 1 1 1 1 1 1 1 1 1 1 1 1 1 1 1 1 1 1 1 1 1 1 1 1 1 1 1 1 1 1 1 1 1 1 1 1 1 1 1 1 1 1 1 1 1 1 1 1 1 1 1 1 1 1 1 1 1 1 1 1 1 1 1 1 1 1 1 1 1 1 1 1 1 1 1 1 1 1 1 1 1 1 1 1 1 1 1 1 1 1 1 1 1 1 1 1 1 1 1 1 1 1 1 1 1 1 1 1 1 1 1 1 1 1 1 1 1 1 1 1 1 1 1 1 1 1 1 1 1 1 1 1 1 1 1 1 1 1 1 1 1 1 1 1 1 1 1 1 1 1 1 1 1 1 1 1 1 1 1 1 1 1 1 1 1 1 1 1 1 1 1 1 1 1 1 1 1 1 1 1 1 1 1 1 1 1 1 1 1 1 1 1 1 1 1 1 1 1 1 1 1 1 1 1 1 1 1 1 1 1 1 1 1 1 1 1 1 1 1 1 1 1 1 1 1 1 1 1 1 1 1 1 1 1 1 1 1 1 1 1 1 1 1 1 1 1 1 1 1 1 1 1 1 1 1 1 1 1 1 1 1 1 1 1 1 1 1 1 1 1 1 1 1 1 1 1 1 1 1 1 1 1 1 1 1 1 1 1 1 1 1 1 1 1 1 1 1 1 1 1 1 1 1 1 1 1 1 1 1 1 1 1 1 1 1 1 1 1 1 1 1 1 1 1 1 1 1 1 1 1 1 1 1 1 1 1 1 1 1 1 1 1 1 1 1 1 1 1 1 1 1 1 1 1 1 1 1 1 1 1 1 1 1 1 1 1 1 1 1 1 1 1 1 1 1 1 1 1 1 1 1 1 1 1 1 1 1 1 1 1 1 1 1 1 1 1 1 1 1 1 1 1 1 1 1 1 1 1 1 1 1 1 1 1 1 1 1 1 1 1 1 1 1 1 1 1 1 1 1 1 1 1 1 1 1 1 1 1 1 1 1 1 1 1 1 1 1 1 1 1 1 1 1 1 1 1 1 1 1 1 1 1 1 1 1 1 1 1 1 1 1 1 1 1 1 1 1 1 1 1 1 1 1 1 1 1 1 1 1 1 1 1 1 1 1 1 1 1 1 1 1 1 1 1 1 1 1 1 1 1 1 1 1 1 1 1 1 1 1 1 1 1 1 1 1 1 1 1 1 1 1 1 1 1 1 1 1 1 1 1 1 1 1 1 1 1 1 1 1 1 1 1 1 1 1 1 1 1 1 1 1 1 1 1 1 1 1 1 1 1 1 1 1 1 1 1 1 1 1 1 1 1 1 1 1 1 1 1 1 1 1 1 1 1 1 1 1 1 1 1 1 1 1 1 1 1 1 1 1 1 1 1 1 1 1 1 1 1 1 1 1 1 1 1 1 1 1 1 1 1 1 1 1 1 1 1 1 1 1 1 1 1 1 1 1 1 1 1 1 1 1 1 1 1 1 1 1 1 1 1 1 1 1 1 1 1 1 1 1 1 1 1 1 1 1 1 1 1 1 1 1 1 1 1 1 1 1 1 1 1 1 1 1 1 1 1 1 1 1 1 1 1 1 1 1 1 1 1 1 1 1 1 1 1 1 1 1 1 1 1 1 1 1 1 1 1 1 1 1 1 1 1 1 1 1 1 1 1 1 1 1 1 1 1 1 1 1 1 1 1 1 1 1 1 1 1 1 1 1 1 1 1 1 1 1 1 1 1 1 1 1 1 1 1 1 1 1 1 1 1 1 1 1 1 1 1 1 1 1 1 1 1 1 1 1 1 1 1 1 1 1 1 1 1 1 1 1 1 1 1 1 1 1 1 1 1 1 1 1 1 1 1 1 1 1 1 1 1 1 1 1 1 1 1 1 1 1 1 1 1 1 1 1 1 1 1 1 1 1 1 1 1 1 1 1 1 1 1 1 1 1 1 1 1 1 1 1 1 1 1 1 1 1 1 1 1 1 1 1 1 1 1 1 1 1 1 1 1 1 1 1 1 1 1 1 1 1 1 1 1 1 1 1 1 1 1 1 1 1 1 1 1 1 1 1 1 1 1 1 1 1 1 1 1 1 1 1 1 1 1 1 1 1 1 1 1 1 1 1 1 1 1 1 1 1 1 1 1 1 1 1 1 1 1 1 1 1 1 1 1 1 1 1 1 1 1 1 1 1 1 1 1 1 1 1 1 1 1 1 1 1 1 1 1 1 1 1 1 1 1 1 1 1 1 1 1 1 1 1 1 1 1 1 1 1 1 1 1 1 1 1 1 1 1 1 1 1 1 1 1 1 1 1 1 1 1 1 1 1 1 1 1 1 1 1 1 1 1 1 1 1 1 1 1 1 1 1 1 1 1 1 1 1 1 1 1 1 1 1 1 1 1 1 1 1 1 1 1 1 1 1 1 1 1 1 1 1 1 1 1 1 1 1 1 1 1 1 1 1 1 1 1 1 1 1 1 1 1 1 1 1 1 1 1 1 1 1 1 1 1 1 1 1 1 1 1 1 1 1 1 1 1 1 1 1 1 1 1 1 1 1 1 1 1 1 1 1 1 1 1 1 1 1 1 1 1 1 1 1 1 1 1 1 1 1 1 1 1 1 1 1 1 1 1 1 1 1 1 1 1 1 1 1 1 1 1 1 1 1 1 1 1 1 1 1 1 1 1 1 1 1 1 1 1 1 1 1 1 1 1 1 1 1 1 1 1 1 1 1 1 1 1 1 1 1 1 1 1 1 1 1 1 1 1 1 1 1 1 1 1 1 1 1 1 1 1 1 1 1 1 1 1 1 1 1 1 1 1 1 1 1 1 1 1 1 1 1 1 1 1 1 1 1 1 1 1 1 1 1 1 1 1 1 1 1 1 1 1 1 1 1 1 1 1 1 1 1 1 1 1 1 1 1 1 1 1 1 1 1 1 1 1 1 1 1 1 1 1 1 1 1 1 1 1 1 1 1 1 1 1 1 1 1 1 1 1 1 1 1 1 1 1 1 1 1 1 1 1 1 1 1 1 1 1 1 1 1 1 1 1 1 1 1 1 1 1 1 1 1 1 1 1 1 1 1 1 1 1 1 1 1 1 1 1 1 1 1 1 1 1 1 1 1 1 1 1 1 1 1 1 1 1 1 1 1 1 1 1 1 1 1 1 1 1 1 1 1 1 1 1 1 1 1 1 1 1 1 1 1 1 1 1 1 1 1 1 1 1 1 1 1 1 1 1 1 1 1 1 1 1 1 1 1 1 1 1 1 1 1 1 1 1 1 1 1 1 1 1 1 1 1 1 1 1 1 1 1 1 1 1 1 1 1 1 1 1 1 1 1 1 1 1 1 1 1 1 1 1 1 1 1 1 1 1 1 1 1 1 1 1 1 1 1 1 1 1 1 1 1 1 1 1 1 1 1 1 1 1 1 1 1 1 1 1 1 1 1 1 1 1 1 1 1 1 1 1 1 1 1 1 1 1 1 1 1 1 1 1 1 1 1 1 1 1 1 1 1 1 1 1 1 1 1 1 1 1 1 1 1 1 1 1 1 1 1 1 1 1 1 1 1 1 1 1 1 1 1 1 1 1 1 1 1 1 1 1 1 1 1 1 1 1 1 1 1 1 1 1 1 1 1 1 1 1 1 1 1 1 1 1 1 1 1 1 1 1 1 1 1 1 1 1 1 1 1 1 1 1 1 1 1 1 1 1 1 1 1 1 1 1 1 1 1 1 1 1 1 1 1 1 1 1 1 1 1 1 1 1 1 1 1 1 1 1 1 1 1 1 1 1 1 1 1 1 1 1 1 1 1 1 1 1 1 1 1 1 1 1 1 1 1 1 1 1 1 1 1 1 1 1 1 1 1 1 1 1 1 1 1 1 1 1 1 1 1 1 1 1 1 1 1 1 1 1 1 1 1 1 1 1 1 1 1 1 1 1 1 1 1 1 1 1 1 1 1 1 1 1 1 1 1 1 1 1 1 1 1 1 1 1 1 1 1 1 1 1 1 1 1 1 1 1 1 1 1 1 1 1 1 1 1 1 1 1 1 1 1 1 1 1 1 1 1 1 1 1 1 1 1 1 1 1 1 1 1 1 1 1 1 1 1 1 1 1 1 1 1 1 1 1 1 1 1 1 1 1 1 1 1 1 1 1 1 1 1 1 1 1 1 1 1 1 1 1 1 1 1 1 1 1 1 1 1 1 1 1 1 1 1 1 1 1 1 1 1 1 1 1 1 1 1 1 1 1 1 1 1 1 1 1 1 1 1 1 1 1 1 1 1 1 1 1 1 1 1 1 1 1 1 1 1 1 1 1 1 1 1 1 1 1 1 1 1 1 1 1 1 1 1 1 1 1 1 1 1 1 1 1 1 1 1 1 1 1 1 1 1 1 1 1 1 1 1 1 1 1 1 1 1 1 1 1 1 1 1 1 1 1 1 1 1 1 1 1 1 1 1 1 1 1 1 1 1 1 1 1 1 1 1 1 1 1 1 1 1 1 1 1 1 1 1 1 1 1 1 1 1 1 1 1 1 1 1 1 1 1 1 1 1 1 1 1 1 1 1 1 1 1 1 1 1 1 1 1 1 1 1 1 1 1 1 1 1 1 1 1 1 1 1 1 1 1 1 1 1 1 1 1 1 1 1 1 1 1 1 1 1 1 1 1 1 1 1 1 1 1 1 1 1 1 1 1 1 1 1 1 1 1 1 1 1 1 1 1 1 1 1 1 1 1 1 1 1 1 1 1 1 1 1 1 1 1 1 1 1 1 1 1 1 1 1 1 1 1 1 1 1 1 1 1 1 1 1 1 1 1 1 1 1 1 1 1 1 1 1 1 1 1 1 1 1 1 1 1 1 1 1 1 1 1 1 1 1 1 1 1 1 1 1 1 1 1 1 1 1 1 1 1 1 1 1 1 1 1 1 1 1 1 1 1 1 1 1 1 1 1 1 1 1 1 1 1 1 1 1 1 1 1 1 1 1 1 1 1 1 1 1 1 1 1 1 1 1 1 1 1 1 1 1 1 1 1 1 1 1 1 1 1 1 1 1 1 1 1 1 1 1 1 1 1 1 1 1 1 1 1 1 1 1 1 1 1 1 1 1 1 1 1 1 1 1 1 1 1 1 1 1 1 1 1 1 1 1 1 1 1 1 1 1 1 1 1 1 1 1 1 1 1 1 1 1 1 1 1 1 1 1 1 1 1 1 1 1 1 1 1 1 1 1 1 1 1 1 1 1 1 1 1 1 1 1 1 1 1 1 1 1 1 1 1 1 1 1 1 1 1 1 1 1 1 1 1 1 1 1 1 1 1 1 1 1 1 1 1 1 1 1 1 1 1 1 1 1 1 1 1 1 1 1 1 1 1 1 1 1 1 1 1 1 1 1 1 1 1 1 1 1 1 1 1 1 1 1 1 1 1 1 1 1 1 1 1 1 1 1 1 1 1 1 1 1 1 1 1 1 1 1 1 1 1 1 1 1 1 1 1 1 1 1 1 1 1 1 1 1 1 1 1 1 1 1 1 1 1 1 1 1 1 1 1 1 1 1 1 1 1 1 1 1 1 1 1 1 1 1 1 1 1 1 1 1 1 1 1 1 1 1 1 1 1 1 1 1 1 1 1 1 1 1 1 1 1 1 1 1 1 1 1 1 1 1 1 1 1 1 1 1 1 1 1 1 1 1 1 1 1 1 1 1 1 1 1 1 1 1 1 1 1 1 1 1 1 1 1 1 1 1 1 1 1 1 1 1 1 1 1 1 1 1 1 1 1 1 1 1 1 1 1 1 1 1 1 1 1 1 1 1 1 1 1 1 1 1 1 1 1 1 1 1 1 1 1 1 1 1 1 1 1 1 1 1 1 1 1 1 1 1 1 1 1 1 1 1 1 1 1 1 1 1 1 1 1 1 1 1 1 1 1 1 1 1 1 1 1 1 1 1 1 1 1 1 1 1 1 1 1 1 1 1 1 1 1 1 1 1 1 1 1 1 1 1 1 1 1 1 1 1 1 1 1 1 1 1 1 1 1 1 1 1 1 1 1 1 1 1 1 1 1 1 1 1 1 1 1 1 1 1 1 1 1 1 1 1 1 1 1 1 1 1 1 1 1 1 1 1 1 1 1 1 1 1 1 1 1 1 1 1 1 1 1 1 1 1 1 1 1 1 1 1 1 1 1 1 1 1 1 1 1 1 1 1 1 1 1 1 1 1 1 1 1 1 1 1 1 1 1 1 1 1 1 1 1 1 1 1 1 1 1 1 1 1 1 1 1 1 1 1 1 1 1 1 1 1 1 1 1 1 1 1 1 1 1 1 1 1 1 1 1 1 1 1 1 1 1 1 1 1 1 1 1 1 1 1 1 1 1 1 1 1 1 1 1 1 1 1 1 1 1 1 1 1 1 1 1 1 1 1 1 1 1 1 1 1 1 1 1 1 1 1 1 1 1 1 1 1 1 1 1 1 1 1 1 1 1 1 1 1 1 1 1 1 1 1 1 1 1 1 1 1 1 1 1 1 1 1 1 1 1 1 1 1 1 1 1 1 1 1 1 1 1 1 1 1 1 1 1 1 1 1 1 1 1 1 1 1 1 1 1 1 1 1 1 1 1 1 1 1 1 1 1 1 1 1 1 1 1 1 1 1 1 1 1 1 1 1 1 1 1 1 1 1 1 1 1 1 1 1 1 1 1 1 1 1 1 1 1 1 1 1 1 1 1 1 1 1 1 1 1 1 1 1 1 1 1 1 1 1 1 1 1 1 1 1 1 1 1 1 1 1 1 1 1 1 1 1 1 1 1 1 1 1 1 1 1 1 1 1 1 1 1 1 1 1 1 1 1 1 1 1 1 1 1 1 1 1 1 1 1 1 1 1 1 1 1 1 1 1 1 1 1 1 1 1 1 1 1 1 1 1 1 1 1 1 1 1 1 1 1 1 1 1 1 1 1 1 1 1 1 1 1 1 1 1 1 1 1 1 1 1 1 1 1 1 1 1 1 1 1 1 1 1 1 1 1 1 1 1 1 1 1 1 1 1 1 1 1 1 1 1 1 1 1 1 1 1 1 1 1 1 1 1 1 1 1 1 1 1 1 1 1 1 1 1 1 1 1 1 1 1 1 1 1 1 1 1 1 1 1 1 1 1 1 1 1 1 1 1 1 1 1 1 1 1 1 1 1 1 1 1 1 1 1 1 1 1 1 1 1 1 1 1 1 1 1 1 1 1 1 1 1 1 1 1 1 1 1 1 1 1 1 1 1 1 1 1 1 1 1 1 1 1 1 1 1 1 1 1 1 1 1 1 1 1 1 1 1 1 1 1 1 1 1 1 1 1 1 1 1 1 1 1 1 1 1 1 1 1 1 1 1 1 1 1 1 1 1 1 1 1 1 1 1 1 1 1 1 1 1 1 1 1 1 1 1 1 1 1 1 1 1 1 1 1 1 1 1 1 1 1 1 1 1 1 1 1 1 1 1 1 1 1 1 1 1 1 1 1 1 1 1 1 1 1 1 1 1 1 1 1 1 1 1 1 1 1 1 1 1 1 1 1 1 1 1 1 1 1 1 1 1 1 1 1 1 1 1 1 1 1 1 1 1 1 1 1 1 1 1 1 1 1 1 1 1 1 1 1 1 1 1 1 1 1 1 1 1 1 1 1 1 1 1 1 1 1 1 1 1 1 1 1 1 1 1 1 1 1 1 1 1 1 1 1 1 1 1 1 1 1 1 1 1 1 1 1 1 1 1 1 1 1 1 1 1 1 1 1 1 1 1 1 1 1 1 1 1 1 1 1 1 1 1 1 1 1 1 1 1 1 1 1 1 1 1 1 1 1 1 1 1 1 1 1 1 1 1 1 1 1 1 1 1 1 1 1 1 1 1 1 1 1 1 1 1 1 1 1 1 1 1 1 1 1 1 1 1 1 1 1 1 1 1 1 1 1 1 1 1 1 1 1 1 1 1 1 1 1 1 1 1 1 1 1 1 1 1 1 1 1 1 1 1 1 1 1 1 1 1 1 1 1 1 1 1 1 1 1 1 1 1 1 1 1 1 1 1 1 1 1 1 1 1 1 1 1 1 1 1 1 1 1 1 1 1 1 1 1 1 1 1 1 1 1 1 1 1 1 1 1 1 1 1 1 1 1 1 1 1 1 1 1 1 1 1 1 1 1 1 1 1 1 1 1 1 1 1 1 1 1 1 1 1 1 1 1 1 1 1 1 1 1 1 1 1 1 1 1 1 1 1 1 1 1 1 1 1 1 1 1 1 1 1 1 1 1 1 1 1 1 1 1 1 1 1 1 1 1 1 1 1 1 1 1 1 1 1 1 1 1 1 1 1 1 1 1 1 1 1 1 1 1 1 1 1 1 1 1 1 1 1 1 1 1 1 1 1 1 1 1 1 1 1 1 1 1 1 1 1 1 1 1 1 1 1 1 1 1 1 1 1 1 1 1 1 1 1 1 1 1 1 1 1 1 1 1 1 1 1 1 1 1 1 1 1 1 1 1 1 1 1 1 1 1 1 1 1 1 1 1 1 1 1 1 1 1 1 1 1 1 1 1 1 1 1 1 1 1 1 1 1 1 1 1 1 1 1 1 1 1 1 1 1 1 1 1 1 1 1 1 1 1 1 1 1 1 1 1 1 1 1 1 1 1 1 1 1 1 1 1 1 1 1 1 1 1 1 1 1 1 1 1 1 1 1 1 1 1 1 1 1 1 1 1 1 1 1 1 1 1 1 1 1 1 1 1 1 1 1 1 1 1 1 1 1 1 1 1 1 1 1 1 1 1 1 1 1 1 1 1 1 1 1 1 1 1 1 1 1 1 1 1 1 1 1 1 1 1 1 1 1 1 1 1 1 1 1 1 1 1 1 1 1 1 1 1 1 1 1 1 1 1 1 1 1 1 1 1 1 1 1 1 1 1 1 1 1 1 1 1 1 1 1 1 1 1 1 1 1 1 1 1 1 1 1 1 1 1 1 1 1 1 1 1 1 1 1 1 1 1 1 1 1 1 1 1 1 1 1 1 1 1 1 1 1 1 1 1 1 1 1 1 1 1 1 1 1 1 1 1 1 1 1 1 1 1 1 1 1 1 1 1 1 1 1 1 1 1 1 1 1 1 1 1 1 1 1 1 1 1 1 1 1 1 1 1 1 1 1 1 1 1 1 1 1 1 1 1 1 1 1 1 1 1 1 1 1 1 1 1 1 1 1 1 1 1 1 1 1 1 1 1 1 1 1 1 1 1 1 1 1 1 1 1 1 1 1 1 1 1 1 1 1 1 1 1 1 1 1 1 1 1 1 1 1 1 1 1 1 1 1 1 1 1 1 1 1 1 1 1 1 1 1 1 1 1 1 1 1 1 1 1 1 1 1 1 1 1 1 1 1 1 1 1 1 1 1 1 1 1 1 1 1 1 1 1 1 1 1 1 1 1 1 1 1 1 1 1 1 1 1 1 1 1 1 1 1 1 1 1 1 1 1 1 1 1 1 1 1 1 1 1 1 1 1 1 1 1 1 1 1 1 1 1 1 1 1 1 1 1 1 1 1 1 1 1 1 1 1 1 1 1 1 1 1 1 1 1 1 1 1 1 1 1 1 1 1 1 1 1 1 1 1 1 1 1 1 1 1 1 1 1 1 1 1 1 1 1 1 1 1 1 1 1 1 1 1 1 1 1 1 1 1 1 1 1 1 1 1 1 1 1 1 1 1 1 1 1 1 1 1 1 1 1 1 1 1 1 1 1 1 1 1 1 1 1 1 1 1 1 1 1 1 1 1 1 1 1 1 1 1 1 1 1 1 1 1 1 1 1 1 1 1 1 1 1 1 1 1 1 1 1 1 1 1 1 1 1 1 1 1 1 1 1 1 1 1 1 1 1 1 1 1 1 1 1 1 1 1 1 1 1 1 1 1 1 1 1 1 1 1 1 1 1 1 1 1 1 1 1 1 1 1 1 1 1 1 1 1 1 1 1 1 1 1 1 1 1 1 1 1 1 1 1 1 1 1 1 1 1 1 1 1 1 1 1 1 1 1 1 1 1 1 1 1 1 1 1 1 1 1 1 1 1 1 1 1 1 1 1 1 1 1 1 1 1 1 1 1 1 1 1 1 1 1 1 1 1 1 1 1 1 1 1 1 1 1 1 1 1 1 1 1 1 1 1 1 1 1 1 1 1 1 1 1 1 1 1 1 1 1 1 1 1 1 1 1 1 1 1 1 1 1 1 1 1 1 1 1 1 1 1 1 1 1 1 1 1 1 1 1 1 1 1 1 1 1 1 1 1 1 1 1 1 1 1 1 1 1 1 1 1 1 1 1 1 1 1 1 1 1 1 1 1 1 1 1 1 1 1 1 1 1 1 1 1 1 1 1 1 1 1 1 1 1 1 1 1 1 1 1 1 1 1 1 1 1 1 1 1 1 1 1 1 1 1 1 1 1 1 1 1 1 1 1 1 1 1 1 1 1 1 1 1 1 1 1 1 1 1 1 1 1 1 1 1 1 1 1 1 1 1 1 1 1 1 1 1 1 1 1 1 1 1 1 1 1 1 1 1 1 1 1 1 1 1 1 1 1 1 1 1 1 1 1 1 1 1 1 1 1 1 1 1 1 1 1 1 1 1 1 1 1 1 1 1 1 1 1 1 1 1 1 1 1 1 1 1 1 1 1 1 1 1 1 1 1 1 1 1 1 1 1 1 1 1 1 1 1 1 1 1 1 1 1 1 1 1 1 1 1 1 1 1 1 1 1 1 1 1 1 1 1 1 1 1 1 1 1 1 1 1 1 1 1 1 1 1 1 1 1 1 1 1 1 1 1 1 1 1 1 1 1 1 1 1 1 1 1 1 1 1 1 1 1 1 1 1 1 1 1 1 1 1 1 1 1 1 1 1 1 1 1 1 1 1 1 1 1 1 1 1 1 1 1 1 1 1 1 1 1 1 1 1 1 1 1 1 1 1 1 1 1 1 1 1 1 1 1 1 1 1 1 1 1 1 1 1 1 1 1 1 1 1 1 1 1 1 1 1 1 1 1 1 1 1 1 1 1 1 1 1 1 1 1 1 1 1 1 1 1 1 1 1 1 1 1 1 1 1 1 1 1 1 1 1 1 1 1 1 1 1 1 1 1 1 1 1 1 1 1 1 1 1 1 1 1 1 1 1 1 1 1 1 1 1 1 1 1 1 1 1 1 1 1 1 1 1 1 1 1 1 1 1 1 1 1 1 1 1 1 1 1 1 1 1 1 1 1 1 1 1 1 1 1 1 1 1 1 1 1 1 1 1 1 1 1 1 1 1 1 1 1 1 1 1 1 1 1 1 1 1 1 1 1 1 1 1 1 1 1 1 1 1 1 1 1 1 1 1 1 1 1 1 1 1 1 1 1 1 1 1 1 1 1 1 1 1 1 1 1 1 1 1 1 1 1 1 1 1 1 1 1 1 1 1 1 1 1 1 1 1 1 1 1 1 1 1 1 1 1 1 1 1 1 1 1 1 1 1 1 1 1 1 1 1 1 1 1 1 1 1 1 1 1 1 1 1 1 1 1 1 1 1 1 1 1 1 1 1 1 1 1 1 1 1 1 1 1 1 1 1 1 1 1 1 1 1 1 1 1 1 1 1 1 1 1 1 1 1 1 1 1 1 1 1 1 1 1 1 1 1 1 1 1 1 1 1 1 1 1 1 1 1 1 1 1 1 1 1 1 1 1 1 1 1 1 1 1 1 1 1 1 1 1 1 1 1 1 1 1 1 1 1 1 1 1 1 1 1 1 1 1 1 1 1 1 1 1 1 1 1 1 1 1 1 1 1 1 1 1 1 1 1 1 1 1 1 1 1 1 1 1 1 1 1 1 1 1 1 1 1 1 1 1 1 1 1 1 1 1 1 1 1 1 1 1 1 1 1 1 1 1 1 1 1 1 1 1 1 1 1 1 1 1 1 1 1 1 1 1 1 1 1 1 1 1 1 1 1 1 1 1 1 1 1 1 1 1 1 1 1 1 1 1 1 1 1 1 1 1 1 1 1 1 1 1 1 1 1 1 1 1 1 1 1 1 1 1 1 1 1 1 1 1 1 1 1 1 1 1 1 1 1 1 1 1 1 1 1 1 1 1 1 1 1 1 1 1 1 1 1 1 1 1 1 1 1 1 1 1 1 1 1 1 1 1 1 1 1 1 1 1 1 1 1 1 1 1 1 1 1 1 1 1 1 1 1 1 1 1 1 1 1 1 1 1 1 1 1 1 1 1 1 1 1 1 1 1 1 1 1 1 1 1 1 1 1 1 1 1 1 1 1 1 1 1 1 1 1 1 1 1 1 1 1 1 1 1 1 1 1 1 1 1 1 1 1 1 1 1 1 1 1 1 1 1 1 1 1 1 1 1 1 1 1 1 1 1 1 1 1 1 1 1 1 1 1 1 1 1 1 1 1 1 1 1 1 1 1 1 1 1 1 1 1 1 1 1 1 1 1 1 1 1 1 1 1 1 1 1 1 1 1 1 1 1 1 1 1 1 1 1 1 1 1 1 1 1 1 1 1 1 1 1 1 1 1 1 1 1 1 1 1 1 1 1 1 1 1 1 1 1 1 1 1 1 1 1 1 1 1 1 1 1 1 1 1 1 1 1 1 1 1 1 1 1 1 1 1 1 1 1 1 1 1 1 1 1 1 1 1 1 1 1 1 1 1 1 1 1 1 1 1 1 1 1 1 1 1 1 1 1 1 1 1 1 1 1 1 1 1 1 1 1 1 1 1 1 1 1 1 1 1 1 1 1 1 1 1 1 1 1 1 1 1 1 1 1 1 1 1 1 1 1 1 1 1 1 1 1 1 1 1 1 1 1 1 1 1 1 1 1 1 1 1 1 1 1 1 1 1 1 1 1 1 1 1 1 1 1 1 1 1 1 1 1 1 1 1 1 1 1 1 1 1 1 1 1 1 1 1 1 1 1 1 1 1 1 1 1 1 1 1 1 1 1 1 1 1 1 1 1 1 1 1 1 1 1 1 1 1 1 1 1 1 1 1 1 1 1 1 1 1 1 1 1 1 1 1 1 1 1 1 1 1 1 1 1 1 1 1 1 1 1 1 1 1 1 1 1 1 1 1 1 1 1 1 1 1 1 1 1 1 1 1 1 1 1 1 1 1 1 1 1 1 1 1 1 1 1 1 1 1 1 1 1 1 1 1 1 1 1 1 1 1 1 1 1 1 1 1 1 1 1 1 1 1 1 1 1 1 1 1 1 1 1 1 1 1 1 1 1 1 1 1 1 1 1 1 1 1 1 1 1 1 1 1 1 1 1 1 1 1 1 1 1 1 1 1 1 1 1 1 1 1 1 1 1 1 1 1 1 1 1 1 1 1 1 1 1 1 1 1 1 1 1 1 1 1 1 1 1 1 1 1 1 1 1 1 1 1 1 1 1 1 1 1 1 1 1 1 1 1 1 1 1 1 1 1 1 1 1 1 1 1 1 1 1 1 1 1 1 1 1 1 1 1 1 1 1 1 1 1 1 1 1 1 1 1 1 1 1 1 1 1 1 1 1 1 1 1 1 1 1 1 1 1 1 1 1 1 1 1 1 1 1 1 1 1 1 1 1 1 1 1 1 1 1 1 1 1 1 1 1 1 1 1 1 1 1 1 1 1 1 1 1 1 1 1 1 1 1 1 1 1 1 1 1 1 1 1 1 1 1 1 1 1 1 1 1 1 1 1 1 1 1 1 1 1 1 1 1 1 1 1 1 1 1 1 1 1 1 1 1 1 1 1 1 1 1 1 1 1 1 1 1 1 1 1 1 1 1 1 1 1 1 1 1 1 1 1 1 1 1 1 1 1 1 1 1 1 1 1 1 1 1 1 1 1 1 1 1 1 1 1 1 1 1 1 1 1 1 1 1 1 1 1 1 1 1 1 1 1 1 1 1 1 1 1 1 1 1 1 1 1 1 1 1 1 1 1 1 1 1 1 1 1 1 1 1 1 1 1 1 1 1 1 1 1 1 1 1 1 1 1 1 1 1 1 1 1 1 1 1 1 1 1 1 1 1 1 1 1 1 1 1 1 1 1 1 1 1 1 1 1 1 1 1 1 1 1 1 1 1 1 1 1 1 1 1 1 1 1 1 1 1 1 1 1 1 1 1 1 1 1 1 1 1 1 1 1 1 1 1 1 1 1 1 1 1 1 1 1 1 1 1 1 1 1 1 1 1 1 1 1 1 1 1 1 1 1 1 1 1 1 1 1 1 1 1 1 1 1 1 1 1 1 1 1 1 1 1 1 1 1 1 1 1 1 1 1 1 1 1 1 1 1 1 1 1 1 1 1 1 1 1 1 1 1 1 1 1 1 1 1 1 1 1 1 1 1 1 1 1 1 1 1 1 1 1 1 1 1 1 1 1 1 1 1 1 1 1 1 1 1 1 1 1 1 1 1 1 1 1 1 1 1 1 1 1 1 1 1 1 1 1 1 1 1 1 1 1 1 1 1 1 1 1 1 1 1 1 1 1 1 1 1 1 1 1 1 1 1 1 1 1 1 1 1 1 1 1 1 1 1 1 1 1 1 1 1 1 1 1 1 1 1 1 1 1 1 1 1 1 1 1 1 1 1 1 1 1 1 1 1 1 1 1 1 1 1 1 1 1 1 1 1 1 1 1 1 1 1 1 1 1 1 1 1 1 1 1 1 1 1 1 1 1 1 1 1 1 1 1 1 1 1 1 1 1 1 1 1 1 1 1 1 1 1 1 1 1 1 1 1 1 1 1 1 1 1 1 1 1 1 1 1 1 1 1 1 1 1 1 1 1 1 1 1 1 1 1 1 1 1 1 1 1 1 1 1 1 1 1 1 1 1 1 1 1 1 1 1 1 1 1 1 1 1 1 1 1 1 1 1 1 1 1 1 1 1 1 1 1 1 1 1 1 1 1 1 1 1 1 1 1 1 1 1 1 1 1 1 1 1 1 1 1 1 1 1 1 1 1 1 1 1 1 1 1 1 1 1 1 1 1 1 1 1 1 1 1 1 1 1 1 1 1 1 1 1 1 1 1 1 1 1 1 1 1 1 1 1 1 1 1 1 1 1 1 1 1 1 1 1 1 1 1 1 1 1 1 1 1 1 1 1 1 1 1 1 1 1 1 1 1 1 1 1 1 1 1 1 1 1 1 1 1 1 1 1 1 1 1 1 1 1 1 1 1 1 1 1 1 1 1 1 1 1 1 1 1 1 1 1 1 1 1 1 1 1 1 1 1 1 1 1 1 1 1 1 1 1 1 1 1 1 1 1 1 1 1 1 1 1 1 1 1 1 1 1 1 1 1 1 1 1 1 1 1 1 1 1 1 1 1 1 1 1 1 1 1 1 1 1 1 1 1 1 1 1 1 1 1 1 1 1 1 1 1 1 1 1 1 1 1 1 1 1 1 1 1 1 1 1 1 1 1 1 1 1 1 1 1 1 1 1 1 1 1 1 1 1 1 1 1 1 1 1 1 1 1 1 1 1 1 1 1 1 1 1 1 1 1 1 1 1 1 1 1 1 1 1 1 1 1 1 1 1 1 1 1 1 1 1 1 1 1 1 1 1 1 1 1 1 1 1 1 1 1 1 1 1 1 1 1 1 1 1 1 1 1 1 1 1 1 1 1 1 1 1 1 1 1 1 1 1 1 1 1 1 1 1 1 1 1 1 1 1 1 1 1 1 1 1 1 1 1 1 1 1 1 1 1 1 1 1 1 1 1 1 1 1 1 1 1 1 1 1 1 1 1 1 1 1 1 1 1 1 1 1 1 1 1 1 1 1 1 1 1 1 1 1 1 1 1 1 1 1 1 1 1 1 1 1 1 1 1 1 1 1 1 1 1 1 1 1 1 1 1 1 1 1 1 1 1 1 1 1 1 1 1 1 1 1 1 1 1 1 1 1 1 1 1 1 1 1 1 1 1 1 1 1 1 1 1 1 1 1 1 1 1 1 1 1 1 1 1 1 1 1 1 1 1 1 1 1 1 1 1 1 1 1 1 1 1 1 1 1 1 1 1 1 1 1 1 1 1 1 1 1 1 1 1 1 1 1 1 1 1 1 1 1 1 1 1 1 1 1 1 1 1 1 1 1 1 1 1 1 1 1 1 1 1 1 1 1 1 1 1 1 1 1 1 1 1 1 1 1 1 1 1 1 1 1 1 1 1 1 1 1 1 1 1 1 1 1 1 1 1 1 1 1 1 1 1 1 1 1 1 1 1 1 1 1 1 1 1 1 1 1 1 1 1 1 1 1 1 1 1 1 1 1 1 1 1 1 1 1 1 1 1 1 1 1 1 1 1 1 1 1 1 1 1 1 1 1 1 1 1 1 1 1 1 1 1 1 1 1 1 1 1 1 1 1 1 1 1 1 1 1 1 1 1 1 1 1 1 1 1 1 1 1 1 1 1 1 1 1 1 1 1 1 1 1 1 1 1 1 1 1 1 1 1 1 1 1 1 1 1 1 1 1 1 1 1 1 1 1 1 1 1 1 1 1 1 1 1 1 1 1 1 1 1 1 1 1 1 1 1 1 1 1 1 1 1 1 1 1 1 1 1 1 1 1 1 1 1 1 1 1 1 1 1 1 1 1 1 1 1 1 1 1 1 1 1 1 1 1 1 1 1 1 1 1 1 1 1 1 1 1 1 1 1 1 1 1 1 1 1 1 1 1 1 1 1 1 1 1 1 1 1 1 1 1 1 1 1 1 1 1 1 1 1 1 1 1 1 1 1 1 1 1 1 1 1 1 1 1 1 1 1 1 1 1 1 1 1 1 1 1 1 1 1 1 1 1 1 1 1 1 1 1 1 1 1 1 1 1 1 1 1 1 1 1 1 1 1 1 1 1 1 1 1 1 1 1 1 1 1 1 1 1 1 1 1 1 1 1 1 1 1 1 1 1 1 1 1 1 1 1 1 1 1 1 1 1 1 1 1 1 1 1 1 1 1 1 1 1 1 1 1 1 1 1 1 1 1 1 1 1 1 1 1 1 1 1 1 1 1 1 1 1 1 1 1 1 1 1 1 1 1 1 1 1 1 1 1 1 1 1 1 1 1 1 1 1 1 1 1 1 1 1 1 1 1 1 1 1 1 1 1 1 1 1 1 1 1 1 1 1 1 1 1 1 1 1 1 1 1 1 1 1 1 1 1 1 1 1 1 1 1 1 1 1 1 1 1 1 1 1 1 1 1 1 1 1 1 1 1 1 1 1 1 1 1 1 1 1 1 1 1 1 1 1 1 1 1 1 1 1 1 1 1 1 1 1 1 1 1 1 1 1 1 1 1 1 1 1 1 1 1 1 1 1 1 1 1 1 1 1 1 1 1 1 1 1 1 1 1 1 1 1 1 1 1 1 1 1 1 1 1 1 1 1 1 1 1 1 1 1 1 1 1 1 1 1 1 1 1 1 1 1 1 1 1 1 1 1 1 1 1 1 1 1 1 1 1 1 1 1 1 1 1 1 1 1 1 1 1 1 1 1 1 1 1 1 1 1 1 1 1 1 1 1 1 1 1 1 1 1 1 1 1 1 1 1 1 1 1 1 1 1 1 1 1 1 1 1 1 1 1 1 1 1 1 1 1 1 1 1 1 1 1 1 1 1 1 1 1 1 1 1 1 1 1 1 1 1 1 1 1 1 1 1 1 1 1 1 1 1 1 1 1 1 1 1 1 1 1 1 1 1 1 1 1 1 1 1 1 1 1 1 1 1 1 1 1 1 1 1 1 1 1 1 1 1 1 1 1 1 1 1 1 1 1 1 1 1 1 1 1 1 1 1 1 1 1 1 1 1 1 1 1 1 1 1 1 1 1 1 1 1 1 1 1 1 1 1 1 1 1 1 1 1 1 1 1 1 1 1 1 1 1 1 1 1 1 1 1 1 1 1 1 1 1 1 1 1 1 1 1 1 1 1 1 1 1 1 1 1 1 1 1 1 1 1 1 1 1 1 1 1 1 1 1 1 1 1 1 1 1 1 1 1 1 1 1 1 1 1 1 1 1 1 1 1 1 1 1 1 1 1 1 1 1 1 1 1 1 1 1 1 1 1 1 1 1 1 1 1 1 1 1 1 1 1 1 1 1 1 1 1 1 1 1 1 1 1 1 1 1 1 1 1 1 1 1 1 1 1 1 1 1 1 1 1 1 1 1 1 1 1 1 1 1 1 1 1 1 1 1 1 1 1 1 1 1 1 1 1 1 1 1 1 1 1 1 1 1 1 1 1 1 1 1 1 1 1 1 1 1 1 1 1 1 1 1 1 1 1 1 1 1 1 1 1 1 1 1 1 1 1 1 1 1 1 1 1 1 1 1 1 1 1 1 1 1 1 1 1 1 1 1 1 1 1 1 1 1 1 1 1 1 1 1 1 1 1 1 1 1 1 1 1 1 1 1 1 1 1 1 1 1 1 1 1 1 1 1 1 1 1 1 1 1 1 1 1 1 1 1 1 1 1 1 1 1 1 1 1 1 1 1 1 1 1 1 1 1 1 1 1 1 1 1 1 1 1 1 1 1 1 1 1 1 1 1 1 1 1 1 1 1 1 1 1 1 1 1 1 1 1 1 1 1 1 1 1 1 1 1 1 1 1 1 1 1 1 1 1 1 1 1 1 1 1 1 1 1 1 1 1 1 1 1 1 1 1 1 1 1 1 1 1 1 1 1 1 1 1 1 1 1 1 1 1 1 1 1 1 1 1 1 1 1 1 1 1 1 1 1 1 1 1 1 1 1 1 1 1 1 1 1 1 1 1 1 1 1 1 1 1 1 1 1 1 1 1 1 1 1 1 1 1 1 1 1 1 1 1 1 1 1 1 1 1 1 1 1 1 1 1 1 1 1 1 1 1 1 1 1 1 1 1 1 1 1 1 1 1 1 1 1 1 1 1 1 1 1 1 1 1 1 1 1 1 1 1 1 1 1 1 1 1 1 1 1 1 1 1 1 1 1 1 1 1 1 1 1 1 1 1 1 1 1 1 1 1 1 1 1 1 1 1 1 1 1 1 1 1 1 1 1 1 1 1 1 1 1 1 1 1 1 1 1 1 1 1 1 1 1 1 1 1 1 1 1 1 1 1 1 1 1 1 1 1 1 1 1 1 1 1 1 1 1 1 1 1 1 1 1 1 1 1 1 1 1 1 1 1 1 1 1 1 1 1 1 1 1 1 1 1 1 1 1 1 1 1 1 1 1 1 1 1 1 1 1 1 1 1 1 1 1 1 1 1 1 1 1 1 1 1 1 1 1 1 1 1 1 1 1 1 1 1 1 1 1 1 1 1 1 1 1 1 1 1 1 1 1 1 1 1 1 1 1 1 1 1 1 1 1 1 1 1 1 1 1 1 1 1 1 1 1 1 1 1 1 1 1 1 1 1 1 1 1 1 1 1 1 1 1 1 1 1 1 1 1 1 1 1 1 1 1 1 1 1 1 1 1 1 1 1 1 1 1 1 1 1 1 1 1 1 1 1 1 1 1 1 1 1 1 1 1 1 1 1 1 1 1 1 1 1 1 1 1 1 1 1 1 1 1 1 1 1 1 1 1 1 1 1 1 1 1 1 1 1 1 1 1 1 1 1 1 1 1 1 1 1 1 1 1 1 1 1 1 1 1 1 1 1 1 1 1 1 1 1 1 1 1 1 1 1 1 1 1 1 1 1 1 1 1 1 1</float_array>
          <technique_common>
            <accessor source="#Body1-mesh-colors-Attribute-array" count="2670" stride="4">
              <param name="R" type="float"/>
              <param name="G" type="float"/>
              <param name="B" type="float"/>
              <param name="A" type="float"/>
            </accessor>
          </technique_common>
        </source>
        <vertices id="Body1-mesh-vertices">
          <input semantic="POSITION" source="#Body1-mesh-positions"/>
        </vertices>
        <triangles material="Paint_-_Enamel_Glossy__Yellow_-material" count="613">
          <input semantic="VERTEX" source="#Body1-mesh-vertices" offset="0"/>
          <input semantic="NORMAL" source="#Body1-mesh-normals" offset="1"/>
          <input semantic="TEXCOORD" source="#Body1-mesh-map-0" offset="2" set="0"/>
          <input semantic="COLOR" source="#Body1-mesh-colors-Attribute" offset="3" set="0"/>
          <p>3 0 0 0 0 0 1 1 4 1 2 2 4 1 3 3 0 0 4 4 1 2 5 5 4 1 6 6 1 2 7 7 2 2 8 8 2 2 9 9 3 0 10 10 4 1 11 11 6 3 12 12 5 3 13 13 7 3 14 14 7 3 15 15 5 3 16 16 0 3 17 17 7 3 18 18 0 3 19 19 3 3 20 20 3 3 21 21 6 3 22 22 7 3 23 23 9 4 24 24 8 4 25 25 10 5 26 26 10 5 27 27 8 4 28 28 5 6 29 29 10 5 30 30 5 6 31 31 6 6 32 32 6 6 33 33 9 4 34 34 10 5 35 35 18 3 54 54 2 3 55 55 19 3 56 56 19 3 57 57 2 3 58 58 1 3 59 59 19 3 60 60 1 3 61 61 17 3 62 62 17 3 63 63 18 3 64 64 19 3 65 65 11 11 66 66 8 11 67 67 21 12 68 68 21 12 69 69 8 11 70 70 9 3 71 71 21 12 72 72 9 3 73 73 20 3 74 74 20 3 75 75 11 11 76 76 21 12 77 77 25 13 78 78 22 13 79 79 26 13 80 80 26 13 81 81 22 13 82 82 23 13 83 83 26 13 84 84 23 13 85 85 24 13 86 86 24 13 87 87 25 13 88 88 26 13 89 89 134 13 453 453 27 13 454 454 135 13 455 455 135 13 456 456 27 13 457 457 14 13 458 458 135 13 459 459 14 13 460 460 133 13 461 461 133 13 462 462 134 13 463 463 135 13 464 464 136 76 465 465 28 76 466 466 137 77 467 467 137 77 468 468 28 76 469 469 27 78 470 470 137 77 471 471 27 78 472 472 134 78 473 473 134 78 474 474 136 76 475 475 137 77 476 476 138 3 477 477 29 3 478 478 139 3 479 479 139 3 480 480 29 3 481 481 28 3 482 482 139 3 483 483 28 3 484 484 136 3 485 485 136 3 486 486 138 3 487 487 139 3 488 488 134 7 489 489 133 7 490 490 140 7 491 491 140 7 492 492 133 7 493 493 138 7 494 494 140 7 495 495 138 7 496 496 136 7 497 497 136 7 498 498 134 7 499 499 140 7 500 500 29 7 501 501 141 7 502 502 146 79 503 503 146 79 504 504 141 7 505 505 142 80 506 506 146 79 507 507 142 80 508 508 143 81 509 509 146 79 510 510 143 81 511 511 145 82 512 512 145 82 513 513 143 81 514 514 144 7 515 515 145 82 516 516 144 7 517 517 30 7 518 518 148 13 519 519 31 13 520 520 149 13 521 521 149 13 522 522 31 13 523 523 30 13 524 524 149 13 525 525 30 13 526 526 147 13 527 527 147 13 528 528 148 13 529 529 149 13 530 530 150 76 531 531 32 76 532 532 151 77 533 533 151 77 534 534 32 76 535 535 31 78 536 536 151 77 537 537 31 78 538 538 148 78 539 539 148 78 540 540 150 76 541 541 151 77 542 542 152 3 543 543 33 3 544 544 153 3 545 545 153 3 546 546 33 3 547 547 32 3 548 548 153 3 549 549 32 3 550 550 150 3 551 551 150 3 552 552 152 3 553 553 153 3 554 554 148 7 555 555 147 7 556 556 154 7 557 557 154 7 558 558 147 7 559 559 152 7 560 560 154 7 561 561 152 7 562 562 150 7 563 563 150 7 564 564 148 7 565 565 154 7 566 566 158 83 567 567 155 83 568 568 159 84 569 569 159 84 570 570 155 83 571 571 156 3 572 572 159 84 573 573 156 3 574 574 157 3 575 575 157 3 576 576 158 83 577 577 159 84 578 578 161 7 579 579 157 7 580 580 162 7 581 581 162 7 582 582 157 7 583 583 156 7 584 584 162 7 585 585 156 7 586 586 160 7 587 587 160 7 588 588 161 7 589 589 162 7 590 590 161 85 591 591 160 85 592 592 165 3 593 593 165 3 594 594 160 85 595 595 163 86 596 596 165 3 597 597 163 86 598 598 164 86 599 599 164 86 600 600 161 85 601 601 165 3 602 602 36 87 603 603 35 88 604 604 169 87 605 605 169 87 606 606 35 88 607 607 170 89 608 608 169 87 609 609 170 89 610 610 168 90 611 611 168 90 612 612 170 89 613 613 167 91 614 614 167 91 615 615 170 89 616 616 166 92 617 617 166 92 618 618 170 89 619 619 35 88 620 620 171 93 621 621 34 93 622 622 172 94 623 623 172 94 624 624 34 93 625 625 22 95 626 626 172 94 627 627 22 95 628 628 25 95 629 629 25 95 630 630 171 93 631 631 172 94 632 632 166 96 633 633 35 97 634 634 173 98 635 635 173 98 636 636 35 97 637 637 34 99 638 638 173 98 639 639 34 99 640 640 171 100 641 641 171 100 642 642 166 96 643 643 173 98 644 644 183 87 687 687 14 87 688 688 186 87 689 689 186 87 690 690 14 87 691 691 5 87 692 692 186 87 693 693 5 87 694 694 185 87 695 695 185 87 696 696 183 87 697 697 186 87 698 698 190 104 723 723 146 104 724 724 191 104 725 725 191 104 726 726 146 104 727 727 145 104 728 728 191 104 729 729 145 104 730 730 189 104 731 731 189 104 732 732 190 104 733 733 191 104 734 734 189 13 735 735 145 13 736 736 193 13 737 737 193 13 738 738 145 13 739 739 30 13 740 740 193 13 741 741 30 13 742 742 192 13 743 743 192 13 744 744 189 13 745 745 193 13 746 746 192 87 747 747 30 87 748 748 195 87 749 749 195 87 750 750 30 87 751 751 29 87 752 752 195 87 753 753 29 87 754 754 194 87 755 755 194 87 756 756 192 87 757 757 195 87 758 758 194 116 759 759 29 117 760 760 196 118 761 761 196 118 762 762 29 117 763 763 146 119 764 764 196 118 765 765 146 119 766 766 190 120 767 767 190 120 768 768 194 116 769 769 196 118 770 770 192 121 771 771 194 122 772 772 197 123 773 773 197 123 774 774 194 122 775 775 190 7 776 776 197 123 777 777 190 7 778 778 189 7 779 779 189 7 780 780 192 121 781 781 197 123 782 782 201 87 807 807 23 87 808 808 204 87 809 809 204 87 810 810 23 87 811 811 33 87 812 812 204 87 813 813 33 87 814 814 203 87 815 815 203 87 816 816 201 87 817 817 204 87 818 818 207 134 843 843 18 87 844 844 208 135 845 845 208 135 846 846 18 87 847 847 17 87 848 848 208 135 849 849 17 87 850 850 58 134 851 851 58 134 852 852 207 134 853 853 208 135 854 854 212 136 855 855 209 136 856 856 213 104 857 857 213 104 858 858 209 136 859 859 210 104 860 860 213 104 861 861 210 104 862 862 211 104 863 863 211 104 864 864 212 136 865 865 213 104 866 866 217 87 867 867 214 87 868 868 218 87 869 869 218 87 870 870 214 87 871 871 215 87 872 872 218 87 873 873 215 87 874 874 216 87 875 875 216 87 876 876 217 87 877 877 218 87 878 878 220 137 915 915 60 138 916 916 226 139 917 917 226 139 918 918 60 138 919 919 59 140 920 920 226 139 921 921 59 140 922 922 221 141 923 923 221 141 924 924 220 137 925 925 226 139 926 926 224 3 927 927 61 142 928 928 227 143 929 929 227 143 930 930 61 142 931 931 60 144 932 932 227 143 933 933 60 144 934 934 220 145 935 935 220 145 936 936 209 146 937 937 227 143 938 938 227 143 939 939 209 146 940 940 215 3 941 941 227 143 942 942 215 3 943 943 224 3 944 944 212 3 945 945 216 3 946 946 209 146 947 947 209 146 948 948 216 3 949 949 215 3 950 950 223 147 951 951 62 147 952 952 228 148 953 953 228 148 954 954 62 147 955 955 61 87 956 956 228 148 957 957 61 87 958 958 224 87 959 959 224 87 960 960 223 147 961 961 228 148 962 962 221 149 963 963 59 13 964 964 229 150 965 965 229 150 966 966 59 13 967 967 62 13 968 968 229 150 969 969 62 13 970 970 223 151 971 971 223 151 972 972 214 152 973 973 229 150 974 974 229 150 975 975 214 152 976 976 210 153 977 977 229 150 978 978 210 153 979 979 221 149 980 980 217 13 981 981 211 13 982 982 214 152 983 983 214 152 984 984 211 13 985 985 210 153 986 986 231 104 987 987 64 104 988 988 232 104 989 989 232 104 990 990 64 104 991 991 63 104 992 992 232 104 993 993 63 104 994 994 230 104 995 995 230 104 996 996 231 104 997 997 232 104 998 998 233 154 999 999 65 155 1000 1000 234 156 1001 1001 234 156 1002 1002 65 155 1003 1003 64 157 1004 1004 234 156 1005 1005 64 157 1006 1006 231 158 1007 1007 231 158 1008 1008 233 154 1009 1009 234 156 1010 1010 235 159 1011 1011 66 160 1012 1012 236 161 1013 1013 236 161 1014 1014 66 160 1015 1015 65 87 1016 1016 236 161 1017 1017 65 87 1018 1018 233 87 1019 1019 233 87 1020 1020 235 159 1021 1021 236 161 1022 1022 230 162 1023 1023 63 13 1024 1024 237 163 1025 1025 237 163 1026 1026 63 13 1027 1027 66 13 1028 1028 237 163 1029 1029 66 13 1030 1030 235 164 1031 1031 235 164 1032 1032 230 162 1033 1033 237 163 1034 1034 240 104 1047 1047 68 104 1048 1048 241 104 1049 1049 241 104 1050 1050 68 104 1051 1051 67 104 1052 1052 241 104 1053 1053 67 104 1054 1054 239 104 1055 1055 239 104 1056 1056 240 104 1057 1057 241 104 1058 1058 242 168 1059 1059 69 3 1060 1060 243 169 1061 1061 243 169 1062 1062 69 3 1063 1063 68 3 1064 1064 243 169 1065 1065 68 3 1066 1066 240 170 1067 1067 240 170 1068 1068 242 168 1069 1069 243 169 1070 1070 244 171 1071 1071 70 171 1072 1072 245 172 1073 1073 245 172 1074 1074 70 171 1075 1075 69 87 1076 1076 245 172 1077 1077 69 87 1078 1078 242 87 1079 1079 242 87 1080 1080 244 171 1081 1081 245 172 1082 1082 239 173 1083 1083 67 174 1084 1084 246 175 1085 1085 246 175 1086 1086 67 174 1087 1087 70 174 1088 1088 246 175 1089 1089 70 174 1090 1090 244 176 1091 1091 244 176 1092 1092 239 173 1093 1093 246 175 1094 1094 248 3 1107 1107 37 3 1108 1108 249 3 1109 1109 249 3 1110 1110 37 3 1111 1111 36 3 1112 1112 249 3 1113 1113 36 3 1114 1114 169 3 1115 1115 169 3 1116 1116 248 3 1117 1117 249 3 1118 1118 250 87 1119 1119 38 87 1120 1120 251 87 1121 1121 251 87 1122 1122 38 87 1123 1123 37 87 1124 1124 251 87 1125 1125 37 87 1126 1126 248 87 1127 1127 248 87 1128 1128 250 87 1129 1129 251 87 1130 1130 40 13 1131 1131 39 13 1132 1132 253 177 1133 1133 253 177 1134 1134 39 13 1135 1135 168 178 1136 1136 253 177 1137 1137 168 178 1138 1138 254 179 1139 1139 254 179 1140 1140 168 178 1141 1141 167 13 1142 1142 254 179 1143 1143 167 13 1144 1144 207 13 1145 1145 39 13 1146 1146 38 13 1147 1147 168 178 1148 1148 168 178 1149 1149 38 13 1150 1150 250 13 1151 1151 207 13 1152 1152 58 180 1153 1153 254 179 1154 1154 254 179 1155 1155 58 180 1156 1156 252 181 1157 1157 254 179 1158 1158 252 181 1159 1159 253 177 1160 1160 58 180 1161 1161 57 13 1162 1162 252 181 1163 1163 264 184 1176 1176 79 185 1177 1177 265 186 1178 1178 265 186 1179 1179 79 185 1180 1180 78 187 1181 1181 265 186 1182 1182 78 187 1183 1183 266 188 1184 1184 266 188 1185 1185 78 187 1186 1186 77 189 1187 1187 266 188 1188 1188 77 189 1189 1189 267 190 1190 1190 267 190 1191 1191 77 189 1192 1192 76 191 1193 1193 267 190 1194 1194 76 191 1195 1195 268 192 1196 1196 268 192 1197 1197 76 191 1198 1198 75 193 1199 1199 268 192 1200 1200 75 193 1201 1201 269 194 1202 1202 269 194 1203 1203 75 193 1204 1204 74 195 1205 1205 269 194 1206 1206 74 195 1207 1207 270 196 1208 1208 270 196 1209 1209 74 195 1210 1210 73 197 1211 1211 270 196 1212 1212 73 197 1213 1213 271 198 1214 1214 271 198 1215 1215 73 197 1216 1216 72 199 1217 1217 271 198 1218 1218 72 199 1219 1219 71 200 1220 1220 71 200 1221 1221 256 201 1222 1222 271 198 1223 1223 271 198 1224 1224 256 201 1225 1225 257 202 1226 1226 271 198 1227 1227 257 202 1228 1228 270 196 1229 1229 270 196 1230 1230 257 202 1231 1231 258 203 1232 1232 270 196 1233 1233 258 203 1234 1234 269 194 1235 1235 269 194 1236 1236 258 203 1237 1237 259 204 1238 1238 269 194 1239 1239 259 204 1240 1240 268 192 1241 1241 268 192 1242 1242 259 204 1243 1243 260 205 1244 1244 268 192 1245 1245 260 205 1246 1246 267 190 1247 1247 267 190 1248 1248 260 205 1249 1249 261 206 1250 1250 267 190 1251 1251 261 206 1252 1252 266 188 1253 1253 266 188 1254 1254 261 206 1255 1255 262 207 1256 1256 266 188 1257 1257 262 207 1258 1258 265 186 1259 1259 265 186 1260 1260 262 207 1261 1261 263 208 1262 1262 265 186 1263 1263 263 208 1264 1264 264 184 1265 1265 272 3 1266 1266 80 3 1267 1267 273 209 1268 1268 273 209 1269 1269 80 3 1270 1270 79 3 1271 1271 273 209 1272 1272 79 3 1273 1273 264 3 1274 1274 264 3 1275 1275 272 3 1276 1276 273 209 1277 1277 274 210 1278 1278 81 211 1279 1279 275 212 1280 1280 275 212 1281 1281 81 211 1282 1282 80 104 1283 1283 275 212 1284 1284 80 104 1285 1285 272 104 1286 1286 272 104 1287 1287 274 210 1288 1288 275 212 1289 1289 276 3 1290 1290 82 3 1291 1291 277 213 1292 1292 277 213 1293 1293 82 3 1294 1294 81 3 1295 1295 277 213 1296 1296 81 3 1297 1297 274 3 1298 1298 274 3 1299 1299 276 3 1300 1300 277 213 1301 1301 278 214 1302 1302 83 215 1303 1303 279 216 1304 1304 279 216 1305 1305 83 215 1306 1306 82 87 1307 1307 279 216 1308 1308 82 87 1309 1309 276 87 1310 1310 276 87 1311 1311 278 214 1312 1312 279 216 1313 1313 280 3 1314 1314 84 3 1315 1315 281 3 1316 1316 281 3 1317 1317 84 3 1318 1318 83 3 1319 1319 281 3 1320 1320 83 3 1321 1321 278 3 1322 1322 278 3 1323 1323 280 3 1324 1324 281 3 1325 1325 289 217 1326 1326 92 218 1327 1327 290 219 1328 1328 290 219 1329 1329 92 218 1330 1330 91 220 1331 1331 290 219 1332 1332 91 220 1333 1333 291 221 1334 1334 291 221 1335 1335 91 220 1336 1336 90 222 1337 1337 291 221 1338 1338 90 222 1339 1339 292 223 1340 1340 292 223 1341 1341 90 222 1342 1342 89 224 1343 1343 292 223 1344 1344 89 224 1345 1345 293 225 1346 1346 293 225 1347 1347 89 224 1348 1348 88 226 1349 1349 293 225 1350 1350 88 226 1351 1351 294 227 1352 1352 294 227 1353 1353 88 226 1354 1354 87 228 1355 1355 294 227 1356 1356 87 228 1357 1357 295 229 1358 1358 295 229 1359 1359 87 228 1360 1360 86 230 1361 1361 295 229 1362 1362 86 230 1363 1363 296 231 1364 1364 296 231 1365 1365 86 230 1366 1366 85 232 1367 1367 296 231 1368 1368 85 232 1369 1369 84 233 1370 1370 84 233 1371 1371 280 234 1372 1372 296 231 1373 1373 296 231 1374 1374 280 234 1375 1375 282 235 1376 1376 296 231 1377 1377 282 235 1378 1378 295 229 1379 1379 295 229 1380 1380 282 235 1381 1381 283 236 1382 1382 295 229 1383 1383 283 236 1384 1384 294 227 1385 1385 294 227 1386 1386 283 236 1387 1387 284 237 1388 1388 294 227 1389 1389 284 237 1390 1390 293 225 1391 1391 293 225 1392 1392 284 237 1393 1393 285 238 1394 1394 293 225 1395 1395 285 238 1396 1396 292 223 1397 1397 292 223 1398 1398 285 238 1399 1399 286 239 1400 1400 292 223 1401 1401 286 239 1402 1402 291 221 1403 1403 291 221 1404 1404 286 239 1405 1405 287 240 1406 1406 291 221 1407 1407 287 240 1408 1408 290 219 1409 1409 290 219 1410 1410 287 240 1411 1411 288 241 1412 1412 290 219 1413 1413 288 241 1414 1414 289 217 1415 1415 297 242 1416 1416 93 242 1417 1417 298 243 1418 1418 298 243 1419 1419 93 242 1420 1420 92 218 1421 1421 298 243 1422 1422 92 218 1423 1423 289 217 1424 1424 289 217 1425 1425 297 242 1426 1426 298 243 1427 1427 299 13 1428 1428 94 13 1429 1429 300 13 1430 1430 300 13 1431 1431 94 13 1432 1432 93 13 1433 1433 300 13 1434 1434 93 13 1435 1435 297 13 1436 1436 297 13 1437 1437 299 13 1438 1438 300 13 1439 1439 301 244 1440 1440 95 245 1441 1441 302 246 1442 1442 302 246 1443 1443 95 245 1444 1444 94 104 1445 1445 302 246 1446 1446 94 104 1447 1447 299 104 1448 1448 299 104 1449 1449 301 244 1450 1450 302 246 1451 1451 303 3 1452 1452 96 3 1453 1453 304 3 1454 1454 304 3 1455 1455 96 3 1456 1456 95 3 1457 1457 304 3 1458 1458 95 3 1459 1459 301 3 1460 1460 301 3 1461 1461 303 3 1462 1462 304 3 1463 1463 305 247 1464 1464 97 247 1465 1465 306 104 1466 1466 306 104 1467 1467 97 247 1468 1468 96 104 1469 1469 306 104 1470 1470 96 104 1471 1471 303 104 1472 1472 303 104 1473 1473 305 247 1474 1474 306 104 1475 1475 307 13 1476 1476 98 13 1477 1477 308 248 1478 1478 308 248 1479 1479 98 13 1480 1480 97 13 1481 1481 308 248 1482 1482 97 13 1483 1483 305 13 1484 1484 305 13 1485 1485 307 13 1486 1486 308 248 1487 1487 309 249 1488 1488 99 250 1489 1489 310 251 1490 1490 310 251 1491 1491 99 250 1492 1492 98 104 1493 1493 310 251 1494 1494 98 104 1495 1495 307 104 1496 1496 307 104 1497 1497 309 249 1498 1498 310 251 1499 1499 311 252 1500 1500 100 253 1501 1501 312 254 1502 1502 312 254 1503 1503 100 253 1504 1504 99 253 1505 1505 312 254 1506 1506 99 253 1507 1507 309 252 1508 1508 309 252 1509 1509 311 252 1510 1510 312 254 1511 1511 313 255 1512 1512 101 256 1513 1513 314 257 1514 1514 314 257 1515 1515 101 256 1516 1516 100 258 1517 1517 314 257 1518 1518 100 258 1519 1519 311 259 1520 1520 311 259 1521 1521 313 255 1522 1522 314 257 1523 1523 315 260 1524 1524 102 261 1525 1525 316 262 1526 1526 316 262 1527 1527 102 261 1528 1528 101 261 1529 1529 316 262 1530 1530 101 261 1531 1531 313 260 1532 1532 313 260 1533 1533 315 260 1534 1534 316 262 1535 1535 317 263 1536 1536 103 263 1537 1537 318 87 1538 1538 318 87 1539 1539 103 263 1540 1540 102 87 1541 1541 318 87 1542 1542 102 87 1543 1543 315 87 1544 1544 315 87 1545 1545 317 263 1546 1546 318 87 1547 1547 319 3 1548 1548 104 3 1549 1549 320 3 1550 1550 320 3 1551 1551 104 3 1552 1552 103 3 1553 1553 320 3 1554 1554 103 3 1555 1555 317 3 1556 1556 317 3 1557 1557 319 3 1558 1558 320 3 1559 1559 321 264 1560 1560 105 265 1561 1561 322 266 1562 1562 322 266 1563 1563 105 265 1564 1564 104 87 1565 1565 322 266 1566 1566 104 87 1567 1567 319 87 1568 1568 319 87 1569 1569 321 264 1570 1570 322 266 1571 1571 323 13 1572 1572 106 13 1573 1573 324 13 1574 1574 324 13 1575 1575 106 13 1576 1576 105 13 1577 1577 324 13 1578 1578 105 13 1579 1579 321 13 1580 1580 321 13 1581 1581 323 13 1582 1582 324 13 1583 1583 325 267 1584 1584 107 268 1585 1585 326 269 1586 1586 326 269 1587 1587 107 268 1588 1588 106 87 1589 1589 326 269 1590 1590 106 87 1591 1591 323 87 1592 1592 323 87 1593 1593 325 267 1594 1594 326 269 1595 1595 334 270 1596 1596 115 271 1597 1597 335 272 1598 1598 335 272 1599 1599 115 271 1600 1600 114 273 1601 1601 335 272 1602 1602 114 273 1603 1603 336 274 1604 1604 336 274 1605 1605 114 273 1606 1606 113 275 1607 1607 336 274 1608 1608 113 275 1609 1609 337 276 1610 1610 337 276 1611 1611 113 275 1612 1612 112 277 1613 1613 337 276 1614 1614 112 277 1615 1615 338 278 1616 1616 338 278 1617 1617 112 277 1618 1618 111 279 1619 1619 338 278 1620 1620 111 279 1621 1621 339 280 1622 1622 339 280 1623 1623 111 279 1624 1624 110 281 1625 1625 339 280 1626 1626 110 281 1627 1627 340 282 1628 1628 340 282 1629 1629 110 281 1630 1630 109 283 1631 1631 340 282 1632 1632 109 283 1633 1633 341 284 1634 1634 341 284 1635 1635 109 283 1636 1636 108 285 1637 1637 341 284 1638 1638 108 285 1639 1639 107 268 1640 1640 107 268 1641 1641 325 267 1642 1642 341 284 1643 1643 341 284 1644 1644 325 267 1645 1645 327 286 1646 1646 341 284 1647 1647 327 286 1648 1648 340 282 1649 1649 340 282 1650 1650 327 286 1651 1651 328 287 1652 1652 340 282 1653 1653 328 287 1654 1654 339 280 1655 1655 339 280 1656 1656 328 287 1657 1657 329 288 1658 1658 339 280 1659 1659 329 288 1660 1660 338 278 1661 1661 338 278 1662 1662 329 288 1663 1663 330 289 1664 1664 338 278 1665 1665 330 289 1666 1666 337 276 1667 1667 337 276 1668 1668 330 289 1669 1669 331 290 1670 1670 337 276 1671 1671 331 290 1672 1672 336 274 1673 1673 336 274 1674 1674 331 290 1675 1675 332 291 1676 1676 336 274 1677 1677 332 291 1678 1678 335 272 1679 1679 335 272 1680 1680 332 291 1681 1681 333 292 1682 1682 335 272 1683 1683 333 292 1684 1684 334 270 1685 1685 342 13 1686 1686 116 13 1687 1687 343 13 1688 1688 343 13 1689 1689 116 13 1690 1690 115 13 1691 1691 343 13 1692 1692 115 13 1693 1693 334 13 1694 1694 334 13 1695 1695 342 13 1696 1696 343 13 1697 1697 344 214 1698 1698 117 215 1699 1699 345 216 1700 1700 345 216 1701 1701 117 215 1702 1702 116 87 1703 1703 345 216 1704 1704 116 87 1705 1705 342 87 1706 1706 342 87 1707 1707 344 214 1708 1708 345 216 1709 1709 346 293 1710 1710 118 13 1711 1711 347 294 1712 1712 347 294 1713 1713 118 13 1714 1714 117 13 1715 1715 347 294 1716 1716 117 13 1717 1717 344 293 1718 1718 344 293 1719 1719 346 293 1720 1720 347 294 1721 1721 348 295 1722 1722 119 295 1723 1723 349 296 1724 1724 349 296 1725 1725 119 295 1726 1726 118 104 1727 1727 349 296 1728 1728 118 104 1729 1729 346 104 1730 1730 346 104 1731 1731 348 295 1732 1732 349 296 1733 1733 350 13 1734 1734 120 13 1735 1735 351 297 1736 1736 351 297 1737 1737 120 13 1738 1738 119 13 1739 1739 351 297 1740 1740 119 13 1741 1741 348 13 1742 1742 348 13 1743 1743 350 13 1744 1744 351 297 1745 1745 359 298 1746 1746 128 299 1747 1747 360 300 1748 1748 360 300 1749 1749 128 299 1750 1750 127 301 1751 1751 360 300 1752 1752 127 301 1753 1753 361 302 1754 1754 361 302 1755 1755 127 301 1756 1756 126 303 1757 1757 361 302 1758 1758 126 303 1759 1759 362 304 1760 1760 362 304 1761 1761 126 303 1762 1762 125 305 1763 1763 362 304 1764 1764 125 305 1765 1765 363 306 1766 1766 363 306 1767 1767 125 305 1768 1768 124 307 1769 1769 363 306 1770 1770 124 307 1771 1771 364 308 1772 1772 364 308 1773 1773 124 307 1774 1774 123 309 1775 1775 364 308 1776 1776 123 309 1777 1777 365 310 1778 1778 365 310 1779 1779 123 309 1780 1780 122 311 1781 1781 365 310 1782 1782 122 311 1783 1783 366 312 1784 1784 366 312 1785 1785 122 311 1786 1786 121 313 1787 1787 366 312 1788 1788 121 313 1789 1789 120 314 1790 1790 120 314 1791 1791 350 315 1792 1792 366 312 1793 1793 366 312 1794 1794 350 315 1795 1795 352 316 1796 1796 366 312 1797 1797 352 316 1798 1798 365 310 1799 1799 365 310 1800 1800 352 316 1801 1801 353 317 1802 1802 365 310 1803 1803 353 317 1804 1804 364 308 1805 1805 364 308 1806 1806 353 317 1807 1807 354 318 1808 1808 364 308 1809 1809 354 318 1810 1810 363 306 1811 1811 363 306 1812 1812 354 318 1813 1813 355 319 1814 1814 363 306 1815 1815 355 319 1816 1816 362 304 1817 1817 362 304 1818 1818 355 319 1819 1819 356 320 1820 1820 362 304 1821 1821 356 320 1822 1822 361 302 1823 1823 361 302 1824 1824 356 320 1825 1825 357 321 1826 1826 361 302 1827 1827 357 321 1828 1828 360 300 1829 1829 360 300 1830 1830 357 321 1831 1831 358 322 1832 1832 360 300 1833 1833 358 322 1834 1834 359 298 1835 1835 256 3 1836 1836 71 3 1837 1837 367 3 1838 1838 367 3 1839 1839 71 3 1840 1840 128 3 1841 1841 367 3 1842 1842 128 3 1843 1843 359 3 1844 1844 359 3 1845 1845 256 3 1846 1846 367 3 1847 1847 305 7 1989 1989 315 7 1990 1990 309 7 1991 1991 369 104 2016 2016 130 104 2017 2017 370 104 2018 2018 370 104 2019 2019 130 104 2020 2020 129 104 2021 2021 370 104 2022 2022 129 104 2023 2023 368 104 2024 2024 368 104 2025 2025 369 104 2026 2026 370 104 2027 2027 371 351 2028 2028 131 352 2029 2029 372 353 2030 2030 372 353 2031 2031 131 352 2032 2032 130 354 2033 2033 372 353 2034 2034 130 354 2035 2035 369 355 2036 2036 369 355 2037 2037 371 351 2038 2038 372 353 2039 2039 373 171 2040 2040 132 171 2041 2041 374 172 2042 2042 374 172 2043 2043 132 171 2044 2044 131 87 2045 2045 374 172 2046 2046 131 87 2047 2047 371 87 2048 2048 371 87 2049 2049 373 171 2050 2050 374 172 2051 2051 368 356 2052 2052 129 13 2053 2053 375 357 2054 2054 375 357 2055 2055 129 13 2056 2056 132 13 2057 2057 375 357 2058 2058 132 13 2059 2059 373 358 2060 2060 373 358 2061 2061 368 356 2062 2062 375 357 2063 2063 378 362 2076 2076 55 363 2077 2077 379 364 2078 2078 379 364 2079 2079 55 363 2080 2080 54 104 2081 2081 379 364 2082 2082 54 104 2083 2083 377 104 2084 2084 377 104 2085 2085 378 362 2086 2086 379 364 2087 2087 380 3 2088 2088 56 3 2089 2089 381 3 2090 2090 381 3 2091 2091 56 3 2092 2092 55 3 2093 2093 381 3 2094 2094 55 3 2095 2095 378 3 2096 2096 378 3 2097 2097 380 3 2098 2098 381 3 2099 2099 252 365 2100 2100 57 366 2101 2101 382 367 2102 2102 382 367 2103 2103 57 366 2104 2104 56 368 2105 2105 382 367 2106 2106 56 368 2107 2107 380 369 2108 2108 380 369 2109 2109 252 365 2110 2110 382 367 2111 2111 383 370 2112 2112 41 371 2113 2113 384 372 2114 2114 384 372 2115 2115 41 371 2116 2116 40 87 2117 2117 384 372 2118 2118 40 87 2119 2119 253 87 2120 2120 253 87 2121 2121 383 370 2122 2122 384 372 2123 2123 385 3 2124 2124 42 3 2125 2125 386 373 2126 2126 386 373 2127 2127 42 3 2128 2128 41 3 2129 2129 386 373 2130 2130 41 3 2131 2131 383 3 2132 2132 383 3 2133 2133 385 3 2134 2134 386 373 2135 2135 387 259 2136 2136 43 258 2137 2137 388 374 2138 2138 388 374 2139 2139 43 258 2140 2140 42 87 2141 2141 388 374 2142 2142 42 87 2143 2143 385 87 2144 2144 385 87 2145 2145 387 259 2146 2146 388 374 2147 2147 389 375 2148 2148 44 376 2149 2149 390 377 2150 2150 390 377 2151 2151 44 376 2152 2152 43 378 2153 2153 390 377 2154 2154 43 378 2155 2155 387 13 2156 2156 387 13 2157 2157 389 375 2158 2158 390 377 2159 2159 391 379 2160 2160 45 380 2161 2161 392 381 2162 2162 392 381 2163 2163 45 380 2164 2164 44 382 2165 2165 392 381 2166 2166 44 382 2167 2167 389 383 2168 2168 389 383 2169 2169 391 379 2170 2170 392 381 2171 2171 393 3 2172 2172 46 384 2173 2173 394 385 2174 2174 394 385 2175 2175 46 384 2176 2176 45 386 2177 2177 394 385 2178 2178 45 386 2179 2179 391 387 2180 2180 391 387 2181 2181 393 3 2182 2182 394 385 2183 2183 395 259 2184 2184 47 388 2185 2185 396 389 2186 2186 396 389 2187 2187 47 388 2188 2188 46 87 2189 2189 396 389 2190 2190 46 87 2191 2191 393 87 2192 2192 393 87 2193 2193 395 259 2194 2194 396 389 2195 2195 397 13 2196 2196 50 13 2197 2197 398 390 2198 2198 398 390 2199 2199 50 13 2200 2200 49 13 2201 2201 398 390 2202 2202 49 13 2203 2203 48 13 2204 2204 48 13 2205 2205 47 13 2206 2206 398 390 2207 2207 398 390 2208 2208 47 13 2209 2209 395 13 2210 2210 398 390 2211 2211 395 13 2212 2212 397 13 2213 2213 399 362 2214 2214 51 391 2215 2215 400 392 2216 2216 400 392 2217 2217 51 391 2218 2218 50 104 2219 2219 400 392 2220 2220 50 104 2221 2221 397 104 2222 2222 397 104 2223 2223 399 362 2224 2224 400 392 2225 2225 401 3 2226 2226 52 3 2227 2227 402 3 2228 2228 402 3 2229 2229 52 3 2230 2230 51 3 2231 2231 402 3 2232 2232 51 3 2233 2233 399 3 2234 2234 399 3 2235 2235 401 3 2236 2236 402 3 2237 2237 403 393 2238 2238 53 393 2239 2239 404 104 2240 2240 404 104 2241 2241 53 393 2242 2242 52 394 2243 2243 404 104 2244 2244 52 394 2245 2245 401 394 2246 2246 401 394 2247 2247 403 393 2248 2248 404 104 2249 2249 377 13 2250 2250 54 13 2251 2251 405 13 2252 2252 405 13 2253 2253 54 13 2254 2254 53 13 2255 2255 405 13 2256 2256 53 13 2257 2257 403 13 2258 2258 403 13 2259 2259 377 13 2260 2260 405 13 2261 2261 391 398 2289 2289 401 397 2290 2290 395 7 2291 2291 178 399 2310 2310 177 400 2311 2311 409 401 2312 2312 409 401 2313 2313 177 400 2314 2314 407 13 2315 2315 409 401 2316 2316 407 13 2317 2317 408 13 2318 2318 408 13 2319 2319 178 399 2320 2320 409 401 2321 2321 414 407 2346 2346 407 408 2347 2347 415 409 2348 2348 415 409 2349 2349 407 408 2350 2350 177 410 2351 2351 415 409 2352 2352 177 410 2353 2353 144 411 2354 2354 144 411 2355 2355 177 410 2356 2356 147 87 2357 2357 144 411 2358 2358 147 87 2359 2359 30 87 2360 2360 33 87 2361 2361 152 87 2362 2362 177 410 2363 2363 177 410 2364 2364 152 87 2365 2365 147 87 2366 2366 144 411 2367 2367 414 407 2368 2368 415 409 2369 2369 410 412 2370 2370 418 413 2371 2371 174 414 2372 2372 174 414 2373 2373 418 413 2374 2374 417 87 2375 2375 174 414 2376 2376 417 87 2377 2377 24 87 2378 2378 410 412 2379 2379 416 87 2380 2380 418 413 2381 2381 418 413 2382 2382 416 87 2383 2383 417 87 2384 2384 24 87 2385 2385 23 87 2386 2386 174 414 2387 2387 142 415 2388 2388 141 416 2389 2389 421 417 2390 2390 421 417 2391 2391 141 416 2392 2392 419 400 2393 2393 421 417 2394 2394 419 400 2395 2395 420 399 2396 2396 420 399 2397 2397 142 415 2398 2398 421 417 2399 2399 422 3 2400 2400 414 3 2401 2401 423 3 2402 2402 423 3 2403 2403 414 3 2404 2404 144 3 2405 2405 423 3 2406 2406 144 3 2407 2407 143 3 2408 2408 143 3 2409 2409 422 3 2410 2410 423 3 2411 2411 142 87 2412 2412 420 87 2413 2413 424 87 2414 2414 424 87 2415 2415 420 87 2416 2416 422 87 2417 2417 424 87 2418 2418 422 87 2419 2419 143 87 2420 2420 143 87 2421 2421 142 87 2422 2422 424 87 2423 2423 425 418 2424 2424 419 419 2425 2425 426 420 2426 2426 426 420 2427 2427 419 419 2428 2428 141 421 2429 2429 426 420 2430 2430 141 421 2431 2431 13 422 2432 2432 13 422 2433 2433 141 421 2434 2434 133 87 2435 2435 13 422 2436 2436 133 87 2437 2437 14 87 2438 2438 29 87 2439 2439 138 87 2440 2440 141 421 2441 2441 141 421 2442 2442 138 87 2443 2443 133 87 2444 2444 13 422 2445 2445 425 418 2446 2446 426 420 2447 2447 427 3 2448 2448 425 3 2449 2449 428 3 2450 2450 428 3 2451 2451 425 3 2452 2452 13 3 2453 2453 428 3 2454 2454 13 3 2455 2455 12 3 2456 2456 12 3 2457 2457 427 3 2458 2458 428 3 2459 2459 432 423 2460 2460 429 424 2461 2461 433 425 2462 2462 433 425 2463 2463 429 424 2464 2464 430 13 2465 2465 433 425 2466 2466 430 13 2467 2467 431 13 2468 2468 431 13 2469 2469 432 423 2470 2470 433 425 2471 2471 429 7 2472 2472 432 7 2473 2473 434 7 2474 2474 434 7 2475 2475 432 7 2476 2476 20 7 2477 2477 434 7 2478 2478 20 7 2479 2479 9 7 2480 2480 434 7 2481 2481 9 7 2482 2482 2 7 2483 2483 2 7 2484 2484 9 7 2485 2485 6 7 2486 2486 2 7 2487 2487 6 7 2488 2488 3 7 2489 2489 2 7 2490 2490 18 7 2491 2491 434 7 2492 2492 434 7 2493 2493 18 7 2494 2494 436 426 2495 2495 436 426 2496 2496 18 7 2497 2497 207 427 2498 2498 436 426 2499 2499 207 427 2500 2500 158 428 2501 2501 158 428 2502 2502 207 427 2503 2503 155 429 2504 2504 155 429 2505 2505 207 427 2506 2506 167 430 2507 2507 155 429 2508 2508 167 430 2509 2509 166 431 2510 2510 171 7 2511 2511 417 7 2512 2512 166 431 2513 2513 166 431 2514 2514 417 7 2515 2515 435 432 2516 2516 166 431 2517 2517 435 432 2518 2518 155 429 2519 2519 25 7 2520 2520 24 7 2521 2521 171 7 2522 2522 171 7 2523 2523 24 7 2524 2524 417 7 2525 2525 429 104 2526 2526 434 104 2527 2527 438 104 2528 2528 438 104 2529 2529 434 104 2530 2530 437 104 2531 2531 438 104 2532 2532 437 104 2533 2533 430 104 2534 2534 430 104 2535 2535 429 104 2536 2536 438 104 2537 2537 156 104 2556 2556 155 433 2557 2557 160 434 2558 2558 160 434 2559 2559 155 433 2560 2560 441 435 2561 2561 160 434 2562 2562 441 435 2563 2563 163 104 2564 2564 163 104 2565 2565 441 435 2566 2566 440 104 2567 2567 440 104 2568 2568 441 435 2569 2569 435 104 2570 2570 435 104 2571 2571 441 435 2572 2572 155 433 2573 2573 435 436 2574 2574 417 437 2575 2575 442 438 2576 2576 442 438 2577 2577 417 437 2578 2578 416 3 2579 2579 442 438 2580 2580 416 3 2581 2581 440 3 2582 2582 440 3 2583 2583 435 436 2584 2584 442 438 2585 2585 436 439 2586 2586 443 440 2587 2587 444 441 2588 2588 444 441 2589 2589 443 440 2590 2590 437 440 2591 2591 444 441 2592 2592 437 440 2593 2593 434 439 2594 2594 434 439 2595 2595 436 439 2596 2596 444 441 2597 2597 443 104 2598 2598 445 442 2599 2599 164 104 2600 2600 164 104 2601 2601 445 442 2602 2602 157 443 2603 2603 164 104 2604 2604 157 443 2605 2605 161 104 2606 2606 443 104 2607 2607 436 104 2608 2608 445 442 2609 2609 445 442 2610 2610 436 104 2611 2611 158 444 2612 2612 445 442 2613 2613 158 444 2614 2614 157 443 2615 2615 437 445 2616 2616 443 446 2617 2617 446 447 2618 2618 446 447 2619 2619 443 446 2620 2620 164 446 2621 2621 446 447 2622 2622 164 446 2623 2623 163 448 2624 2624 440 449 2625 2625 410 450 2626 2626 163 448 2627 2627 163 448 2628 2628 410 450 2629 2629 407 451 2630 2630 163 448 2631 2631 407 451 2632 2632 446 447 2633 2633 446 447 2634 2634 407 451 2635 2635 414 452 2636 2636 446 447 2637 2637 414 452 2638 2638 419 453 2639 2639 419 453 2640 2640 414 452 2641 2641 420 446 2642 2642 420 446 2643 2643 414 452 2644 2644 422 446 2645 2645 440 449 2646 2646 416 446 2647 2647 410 450 2648 2648 410 450 2649 2649 411 446 2650 2650 407 451 2651 2651 407 451 2652 2652 411 446 2653 2653 408 446 2654 2654 419 453 2655 2655 425 454 2656 2656 446 447 2657 2657 446 447 2658 2658 425 454 2659 2659 437 445 2660 2660 425 454 2661 2661 427 446 2662 2662 437 445 2663 2663 437 445 2664 2664 427 446 2665 2665 431 446 2666 2666 437 445 2667 2667 431 446 2668 2668 430 446 2669 2669</p>
        </triangles>
        <triangles material="Paint_-_Enamel_Glossy__Blue_-material" count="28">
          <input semantic="VERTEX" source="#Body1-mesh-vertices" offset="0"/>
          <input semantic="NORMAL" source="#Body1-mesh-normals" offset="1"/>
          <input semantic="TEXCOORD" source="#Body1-mesh-map-0" offset="2" set="0"/>
          <input semantic="COLOR" source="#Body1-mesh-colors-Attribute" offset="3" set="0"/>
          <p>5 7 36 36 8 7 37 37 16 8 38 38 16 8 39 39 8 7 40 40 11 7 41 41 16 8 42 42 11 7 43 43 12 9 44 44 16 8 45 45 12 9 46 46 15 10 47 47 15 10 48 48 12 9 49 49 13 7 50 50 15 10 51 51 13 7 52 52 14 7 53 53 181 104 663 663 16 104 664 664 182 104 665 665 182 104 666 666 16 104 667 667 15 104 668 668 182 104 669 669 15 104 670 670 180 104 671 671 180 104 672 672 181 104 673 673 182 104 674 674 180 105 675 675 15 106 676 676 184 107 677 677 184 107 678 678 15 106 679 679 14 108 680 680 184 107 681 681 14 108 682 682 183 109 683 683 183 109 684 684 180 105 685 685 184 107 686 686 185 110 699 699 5 3 700 700 187 111 701 701 187 111 702 702 5 3 703 703 16 3 704 704 187 111 705 705 16 3 706 706 181 112 707 707 181 112 708 708 185 110 709 709 187 111 710 710 183 113 711 711 185 114 712 712 188 115 713 713 188 115 714 714 185 114 715 715 181 7 716 716 188 115 717 717 181 7 718 718 180 7 719 719 180 7 720 720 183 113 721 721 188 115 722 722 20 87 2538 2538 432 87 2539 2539 11 87 2540 2540 11 87 2541 2541 432 87 2542 2542 431 87 2543 2543 11 87 2544 2544 431 87 2545 2545 439 87 2546 2546 439 87 2547 2547 431 87 2548 2548 427 87 2549 2549 439 87 2550 2550 427 87 2551 2551 12 87 2552 2552 12 87 2553 2553 11 87 2554 2554 439 87 2555 2555</p>
        </triangles>
        <triangles material="Paint_-_Enamel_Glossy__White_-material" count="129">
          <input semantic="VERTEX" source="#Body1-mesh-vertices" offset="0"/>
          <input semantic="NORMAL" source="#Body1-mesh-normals" offset="1"/>
          <input semantic="TEXCOORD" source="#Body1-mesh-map-0" offset="2" set="0"/>
          <input semantic="COLOR" source="#Body1-mesh-colors-Attribute" offset="3" set="0"/>
          <p>5 7 90 90 27 7 91 91 0 7 92 92 0 7 93 93 27 7 94 94 65 7 95 95 0 7 96 96 65 7 97 97 66 7 98 98 5 7 99 99 14 7 100 100 27 7 101 101 27 7 102 102 28 7 103 103 65 7 104 104 65 7 105 105 28 7 106 106 132 7 107 107 65 7 108 108 132 7 109 109 64 14 110 110 64 14 111 111 132 7 112 112 129 15 113 113 64 14 114 114 129 15 115 115 107 16 116 116 107 16 117 117 129 15 118 118 105 17 119 119 107 16 120 120 105 17 121 121 106 7 122 122 29 7 123 123 31 7 124 124 28 7 125 125 28 7 126 126 31 7 127 127 131 7 128 128 28 7 129 129 131 7 130 130 132 7 131 131 29 7 132 132 30 7 133 133 31 7 134 134 131 7 135 135 31 7 136 136 70 7 137 137 70 7 138 138 31 7 139 139 32 7 140 140 70 7 141 141 32 7 142 142 69 7 143 143 69 7 144 144 32 7 145 145 22 7 146 146 69 7 147 147 22 7 148 148 38 7 149 149 38 7 150 150 22 7 151 151 37 7 152 152 37 7 153 153 22 7 154 154 34 7 155 155 37 7 156 156 34 7 157 157 35 7 158 158 32 7 159 159 33 7 160 160 22 7 161 161 22 7 162 162 33 7 163 163 23 7 164 164 35 7 165 165 36 7 166 166 37 7 167 167 39 18 168 168 100 7 169 169 38 7 170 170 38 7 171 171 100 7 172 172 68 19 173 173 38 7 174 174 68 19 175 175 69 7 176 176 40 7 177 177 42 20 178 178 39 18 179 179 39 18 180 180 42 20 181 181 60 21 182 182 39 18 183 183 60 21 184 184 61 22 185 185 40 7 186 186 41 7 187 187 42 20 188 188 42 20 189 189 43 23 190 190 60 21 191 191 60 21 192 192 43 23 193 193 44 24 194 194 60 21 195 195 44 24 196 196 45 25 197 197 45 25 198 198 46 26 199 199 60 21 200 200 60 21 201 201 46 26 202 202 59 27 203 203 59 27 204 204 46 26 205 205 47 28 206 206 59 27 207 207 47 28 208 208 79 29 209 209 79 29 210 210 47 28 211 211 78 30 212 212 78 30 213 213 47 28 214 214 77 31 215 215 77 31 216 216 47 28 217 217 76 32 218 218 76 32 219 219 47 28 220 220 75 7 221 221 75 7 222 222 47 28 223 223 74 33 224 224 74 33 225 225 47 28 226 226 73 34 227 227 73 34 228 228 47 28 229 229 72 35 230 230 72 35 231 231 47 28 232 232 71 36 233 233 71 36 234 234 47 28 235 235 48 7 236 236 71 36 237 237 48 7 238 238 49 7 239 239 71 36 240 240 49 7 241 241 128 7 242 242 128 7 243 243 49 7 244 244 50 37 245 245 128 7 246 246 50 37 247 247 127 38 248 248 127 38 249 249 50 37 250 250 126 39 251 251 126 39 252 252 50 37 253 253 125 40 254 254 125 40 255 255 50 37 256 256 124 7 257 257 124 7 258 258 50 37 259 259 17 41 260 260 124 7 261 261 17 41 262 262 123 42 263 263 123 42 264 264 17 41 265 265 122 43 266 266 122 43 267 267 17 41 268 268 121 44 269 269 121 44 270 270 17 41 271 271 120 45 272 272 120 45 273 273 17 41 274 274 118 46 275 275 120 45 276 276 118 46 277 277 119 7 278 278 50 37 279 279 51 47 280 280 17 41 281 281 17 41 282 282 51 47 283 283 58 48 284 284 58 48 285 285 51 47 286 286 54 49 287 287 58 48 288 288 54 49 289 289 55 50 290 290 51 47 291 291 52 7 292 292 54 49 293 293 54 49 294 294 52 7 295 295 53 7 296 296 56 7 297 297 57 7 298 298 55 50 299 299 55 50 300 300 57 7 301 301 58 48 302 302 17 41 303 303 1 51 304 304 118 46 305 305 118 46 306 306 1 51 307 307 117 52 308 308 117 52 309 309 1 51 310 310 114 53 311 311 117 52 312 312 114 53 313 313 115 54 314 314 0 7 315 315 66 7 316 316 1 51 317 317 1 51 318 318 66 7 319 319 63 55 320 320 1 51 321 321 63 55 322 322 113 56 323 323 113 56 324 324 63 55 325 325 112 7 326 326 112 7 327 327 63 55 328 328 111 7 329 329 111 7 330 330 63 55 331 331 110 7 332 332 110 7 333 333 63 55 334 334 109 57 335 335 109 57 336 336 63 55 337 337 64 14 338 338 109 57 339 339 64 14 340 340 108 58 341 341 108 58 342 342 64 14 343 343 107 16 344 344 62 59 345 345 95 7 346 346 61 22 347 347 61 22 348 348 95 7 349 349 96 7 350 350 61 22 351 351 96 7 352 352 97 7 353 353 59 27 354 354 81 60 355 355 62 59 356 356 62 59 357 357 81 60 358 358 82 61 359 359 62 59 360 360 82 61 361 361 84 62 362 362 84 62 363 363 82 61 364 364 83 7 365 365 68 19 366 366 101 63 367 367 67 64 368 368 67 64 369 369 101 63 370 370 102 7 371 371 67 64 372 372 102 7 373 373 103 7 374 374 70 7 375 375 67 64 376 376 131 7 377 377 131 7 378 378 67 64 379 379 130 65 380 380 130 65 381 381 67 64 382 382 104 66 383 383 130 65 384 384 104 66 385 385 105 17 386 386 79 29 387 387 80 67 388 388 59 27 389 389 59 27 390 390 80 67 391 391 81 60 392 392 84 62 393 393 85 68 394 394 62 59 395 395 62 59 396 396 85 68 397 397 86 69 398 398 62 59 399 399 86 69 400 400 92 70 401 401 92 70 402 402 86 69 403 403 87 71 404 404 92 70 405 405 87 71 406 406 88 72 407 407 88 72 408 408 89 73 409 409 92 70 410 410 92 70 411 411 89 73 412 412 90 74 413 413 92 70 414 414 90 74 415 415 91 75 416 416 93 7 417 417 94 7 418 418 92 70 419 419 92 70 420 420 94 7 421 421 62 59 422 422 94 7 423 423 95 7 424 424 62 59 425 425 97 7 426 426 98 7 427 427 61 22 428 428 61 22 429 429 98 7 430 430 39 18 431 431 98 7 432 432 99 7 433 433 39 18 434 434 39 18 435 435 99 7 436 436 100 7 437 437 100 7 438 438 101 63 439 439 68 19 440 440 103 7 441 441 104 66 442 442 67 64 443 443 113 56 444 444 114 53 445 445 1 51 446 446 115 54 447 447 116 7 448 448 117 52 449 449 129 15 450 450 130 65 451 451 105 17 452 452 221 7 891 891 210 7 892 892 222 7 893 893 222 7 894 894 210 7 895 895 209 7 896 896 222 7 897 897 209 7 898 898 220 7 899 899 220 7 900 900 221 7 901 901 222 7 902 902 224 7 903 903 215 7 904 904 225 7 905 905 225 7 906 906 215 7 907 907 214 7 908 908 225 7 909 909 214 7 910 910 223 7 911 911 223 7 912 912 224 7 913 913 225 7 914 914</p>
        </triangles>
        <triangles material="Paint_-_Enamel_Glossy__Red_-material" count="30">
          <input semantic="VERTEX" source="#Body1-mesh-vertices" offset="0"/>
          <input semantic="NORMAL" source="#Body1-mesh-normals" offset="1"/>
          <input semantic="TEXCOORD" source="#Body1-mesh-map-0" offset="2" set="0"/>
          <input semantic="COLOR" source="#Body1-mesh-colors-Attribute" offset="3" set="0"/>
          <p>23 7 645 645 175 101 646 646 174 7 647 647 174 7 648 648 175 101 649 649 179 102 650 650 179 102 651 651 175 101 652 652 178 103 653 653 178 103 654 654 175 101 655 655 176 7 656 656 178 103 657 657 176 7 658 658 177 7 659 659 177 7 660 660 176 7 661 661 33 7 662 662 199 104 783 783 176 104 784 784 200 104 785 785 200 104 786 786 176 104 787 787 175 104 788 788 200 104 789 789 175 104 790 790 198 104 791 791 198 104 792 792 199 104 793 793 200 104 794 794 198 124 795 795 175 125 796 796 202 126 797 797 202 126 798 798 175 125 799 799 23 127 800 800 202 126 801 801 23 127 802 802 201 128 803 803 201 128 804 804 198 124 805 805 202 126 806 806 203 110 819 819 33 129 820 820 205 130 821 821 205 130 822 822 33 129 823 823 176 131 824 824 205 130 825 825 176 131 826 826 199 112 827 827 199 112 828 828 203 110 829 829 205 130 830 830 201 122 831 831 203 132 832 832 206 133 833 833 206 133 834 834 203 132 835 835 199 7 836 836 206 133 837 837 199 7 838 838 198 7 839 839 198 7 840 840 201 122 841 841 206 133 842 842 411 402 2322 2322 410 403 2323 2323 412 404 2324 2324 412 404 2325 2325 410 403 2326 2326 174 405 2327 2327 412 404 2328 2328 174 405 2329 2329 179 406 2330 2330 179 406 2331 2331 411 402 2332 2332 412 404 2333 2333 178 87 2334 2334 408 87 2335 2335 413 87 2336 2336 413 87 2337 2337 408 87 2338 2338 411 87 2339 2339 413 87 2340 2340 411 87 2341 2341 179 87 2342 2342 179 87 2343 2343 178 87 2344 2344 413 87 2345 2345</p>
        </triangles>
        <triangles material="Paint_-_Enamel_Glossy__Black_-material" count="90">
          <input semantic="VERTEX" source="#Body1-mesh-vertices" offset="0"/>
          <input semantic="NORMAL" source="#Body1-mesh-normals" offset="1"/>
          <input semantic="TEXCOORD" source="#Body1-mesh-map-0" offset="2" set="0"/>
          <input semantic="COLOR" source="#Body1-mesh-colors-Attribute" offset="3" set="0"/>
          <p>212 7 879 879 211 7 880 880 219 7 881 881 219 7 882 882 211 7 883 883 217 7 884 884 219 7 885 885 217 7 886 886 216 7 887 887 216 7 888 888 212 7 889 889 219 7 890 890 231 165 1035 1035 230 166 1036 1036 238 167 1037 1037 238 167 1038 1038 230 166 1039 1039 235 7 1040 1040 238 167 1041 1041 235 7 1042 1042 233 7 1043 1043 233 7 1044 1044 231 165 1045 1045 238 167 1046 1046 240 7 1095 1095 239 7 1096 1096 247 7 1097 1097 247 7 1098 1098 239 7 1099 1099 244 7 1100 1100 247 7 1101 1101 244 7 1102 1102 242 7 1103 1103 242 7 1104 1104 240 7 1105 1105 247 7 1106 1106 169 182 1164 1164 168 182 1165 1165 255 183 1166 1166 255 183 1167 1167 168 182 1168 1168 250 7 1169 1169 255 183 1170 1170 250 7 1171 1171 248 7 1172 1172 248 7 1173 1173 169 182 1174 1174 255 183 1175 1175 256 7 1848 1848 359 7 1849 1849 257 323 1850 1850 257 323 1851 1851 359 7 1852 1852 358 324 1853 1853 257 323 1854 1854 358 324 1855 1855 357 325 1856 1856 257 323 1857 1857 357 325 1858 1858 258 326 1859 1859 258 326 1860 1860 357 325 1861 1861 356 327 1862 1862 258 326 1863 1863 356 327 1864 1864 259 328 1865 1865 259 328 1866 1866 356 327 1867 1867 355 329 1868 1868 259 328 1869 1869 355 329 1870 1870 260 330 1871 1871 260 330 1872 1872 355 329 1873 1873 261 7 1874 1874 261 7 1875 1875 355 329 1876 1876 354 7 1877 1877 261 7 1878 1878 354 7 1879 1879 262 331 1880 1880 262 331 1881 1881 354 7 1882 1882 353 332 1883 1883 262 331 1884 1884 353 332 1885 1885 263 333 1886 1886 263 333 1887 1887 353 332 1888 1888 352 334 1889 1889 263 333 1890 1890 352 334 1891 1891 264 335 1892 1892 264 335 1893 1893 352 334 1894 1894 350 336 1895 1895 264 335 1896 1896 350 336 1897 1897 348 7 1898 1898 346 7 1899 1899 344 7 1900 1900 348 7 1901 1901 348 7 1902 1902 344 7 1903 1903 342 7 1904 1904 348 7 1905 1905 342 7 1906 1906 278 7 1907 1907 278 7 1908 1908 342 7 1909 1909 280 337 1910 1910 280 337 1911 1911 342 7 1912 1912 334 338 1913 1913 280 337 1914 1914 334 338 1915 1915 333 339 1916 1916 332 340 1917 1917 283 341 1918 1918 333 339 1919 1919 333 339 1920 1920 283 341 1921 1921 282 342 1922 1922 333 339 1923 1923 282 342 1924 1924 280 337 1925 1925 283 341 1926 1926 332 340 1927 1927 284 343 1928 1928 284 343 1929 1929 332 340 1930 1930 331 344 1931 1931 284 343 1932 1932 331 344 1933 1933 285 345 1934 1934 285 345 1935 1935 331 344 1936 1936 330 346 1937 1937 285 345 1938 1938 330 346 1939 1939 286 347 1940 1940 286 347 1941 1941 330 346 1942 1942 329 348 1943 1943 286 347 1944 1944 329 348 1945 1945 287 349 1946 1946 287 349 1947 1947 329 348 1948 1948 328 350 1949 1949 287 349 1950 1950 328 350 1951 1951 288 7 1952 1952 288 7 1953 1953 328 350 1954 1954 327 7 1955 1955 288 7 1956 1956 327 7 1957 1957 289 7 1958 1958 289 7 1959 1959 327 7 1960 1960 325 7 1961 1961 289 7 1962 1962 325 7 1963 1963 323 7 1964 1964 321 7 1965 1965 317 7 1966 1966 323 7 1967 1967 323 7 1968 1968 317 7 1969 1969 303 7 1970 1970 323 7 1971 1971 303 7 1972 1972 297 7 1973 1973 297 7 1974 1974 303 7 1975 1975 301 7 1976 1976 297 7 1977 1977 301 7 1978 1978 299 7 1979 1979 321 7 1980 1980 319 7 1981 1981 317 7 1982 1982 303 7 1983 1983 317 7 1984 1984 305 7 1985 1985 305 7 1986 1986 317 7 1987 1987 315 7 1988 1988 309 7 1992 1992 315 7 1993 1993 311 7 1994 1994 311 7 1995 1995 315 7 1996 1996 313 7 1997 1997 309 7 1998 1998 307 7 1999 1999 305 7 2000 2000 297 7 2001 2001 289 7 2002 2002 323 7 2003 2003 276 7 2004 2004 274 7 2005 2005 278 7 2006 2006 278 7 2007 2007 274 7 2008 2008 272 7 2009 2009 278 7 2010 2010 272 7 2011 2011 348 7 2012 2012 348 7 2013 2013 272 7 2014 2014 264 335 2015 2015 369 359 2064 2064 368 360 2065 2065 376 361 2066 2066 376 361 2067 2067 368 360 2068 2068 373 7 2069 2069 376 361 2070 2070 373 7 2071 2071 371 7 2072 2072 371 7 2073 2073 369 359 2074 2074 376 361 2075 2075 377 7 2262 2262 403 395 2263 2263 378 7 2264 2264 378 7 2265 2265 403 395 2266 2266 380 7 2267 2267 380 7 2268 2268 403 395 2269 2269 389 396 2270 2270 380 7 2271 2271 389 396 2272 2272 383 7 2273 2273 383 7 2274 2274 389 396 2275 2275 387 7 2276 2276 383 7 2277 2277 387 7 2278 2278 385 7 2279 2279 389 396 2280 2280 403 395 2281 2281 406 7 2282 2282 406 7 2283 2283 403 395 2284 2284 401 397 2285 2285 406 7 2286 2286 401 397 2287 2287 391 398 2288 2288 391 398 2292 2292 395 7 2293 2293 393 7 2294 2294 399 7 2295 2295 397 7 2296 2296 401 397 2297 2297 401 397 2298 2298 397 7 2299 2299 395 7 2300 2300 391 398 2301 2301 389 396 2302 2302 406 7 2303 2303 383 7 2304 2304 253 7 2305 2305 380 7 2306 2306 380 7 2307 2307 253 7 2308 2308 252 7 2309 2309</p>
        </triangles>
      </mesh>
    </geometry>
  </library_geometries>
  <library_visual_scenes>
    <visual_scene id="Scene" name="Scene">
      <node id="stage_v16_001" name="stage v16.001" type="NODE">
        <matrix sid="transform">9.99815e-4 -1.84998e-5 5.32961e-6 0 -1.76326e-6 -3.6366e-4 -9.3153e-4 0 1.91712e-5 9.31348e-4 -3.63626e-4 0 0 0 0 1</matrix>
      </node>
      <node id="stage_v16" name="stage v16" type="NODE">
        <matrix sid="transform">-5.16616e-5 9.98649e-4 -5.54133e-6 0 -9.98585e-4 -5.17267e-5 -1.23198e-5 0 -1.25898e-5 4.89704e-6 9.99909e-4 0 0 0 0 1</matrix>
        <node id="Body1" name="Body1" type="NODE">
          <matrix sid="transform">9.990737 -0.4156024 -0.1116007 0 0.4142381 9.990672 -0.1219086 0 0.1165632 0.1171727 9.998635 0 0 0 0 1</matrix>
          <instance_geometry url="#Body1-mesh" name="Body1">
            <bind_material>
              <technique_common>
                <instance_material symbol="Paint_-_Enamel_Glossy__Yellow_-material" target="#Paint_-_Enamel_Glossy__Yellow_-material">
                  <bind_vertex_input semantic="Texture UVs" input_semantic="TEXCOORD" input_set="0"/>
                </instance_material>
                <instance_material symbol="Paint_-_Enamel_Glossy__Blue_-material" target="#Paint_-_Enamel_Glossy__Blue_-material">
                  <bind_vertex_input semantic="Texture UVs" input_semantic="TEXCOORD" input_set="0"/>
                </instance_material>
                <instance_material symbol="Paint_-_Enamel_Glossy__White_-material" target="#Paint_-_Enamel_Glossy__White_-material">
                  <bind_vertex_input semantic="Texture UVs" input_semantic="TEXCOORD" input_set="0"/>
                </instance_material>
                <instance_material symbol="Paint_-_Enamel_Glossy__Red_-material" target="#Paint_-_Enamel_Glossy__Red_-material">
                  <bind_vertex_input semantic="Texture UVs" input_semantic="TEXCOORD" input_set="0"/>
                </instance_material>
                <instance_material symbol="Paint_-_Enamel_Glossy__Black_-material" target="#Paint_-_Enamel_Glossy__Black_-material">
                  <bind_vertex_input semantic="Texture UVs" input_semantic="TEXCOORD" input_set="0"/>
                </instance_material>
              </technique_common>
            </bind_material>
          </instance_geometry>
        </node>
      </node>
      <node id="Camera" name="Camera" type="NODE">
        <matrix sid="transform">0.6859207 -0.3240135 0.6515582 7.358891 0.7276763 0.3054208 -0.6141704 -6.925791 0 0.8953956 0.4452714 4.958309 0 0 0 1</matrix>
        <instance_camera url="#Camera-camera"/>
      </node>
      <node id="Light" name="Light" type="NODE">
        <matrix sid="transform">-0.2908646 -0.7711008 0.5663932 4.076245 0.9551712 -0.1998834 0.2183912 1.005454 -0.05518906 0.6045247 0.7946723 5.903862 0 0 0 1</matrix>
        <instance_light url="#Light-light"/>
      </node>
    </visual_scene>
  </library_visual_scenes>
  <scene>
    <instance_visual_scene url="#Scene"/>
  </scene>
</COLLADA>