<?xml version="1.0" encoding="utf-8"?>
<COLLADA xmlns="http://www.collada.org/2005/11/COLLADASchema" version="1.4.1" xmlns:xsi="http://www.w3.org/2001/XMLSchema-instance">
  <asset>
    <contributor>
      <author>Blender User</author>
      <authoring_tool>Blender 4.5.4 LTS commit date:2025-10-27, commit time:12:46, hash:b3efe983cc58</authoring_tool>
    </contributor>
    <created>2025-11-27T12:32:47</created>
    <modified>2025-11-27T12:32:47</modified>
    <unit name="meter" meter="1"/>
    <up_axis>Z_UP</up_axis>
  </asset>
  <library_cameras>
    <camera id="Camera-camera" name="Camera">
      <optics>
        <technique_common>
          <perspective>
            <xfov sid="xfov">39.59775</xfov>
            <aspect_ratio>1.777778</aspect_ratio>
            <znear sid="znear">0.1</znear>
            <zfar sid="zfar">100</zfar>
          </perspective>
        </technique_common>
      </optics>
      <extra>
        <technique profile="blender">
          <shiftx sid="shiftx" type="float">0</shiftx>
          <shifty sid="shifty" type="float">0</shifty>
          <dof_distance sid="dof_distance" type="float">10</dof_distance>
        </technique>
      </extra>
    </camera>
  </library_cameras>
  <library_lights>
    <light id="Light-light" name="Light">
      <technique_common>
        <point>
          <color sid="color">1000 1000 1000</color>
          <constant_attenuation>1</constant_attenuation>
          <linear_attenuation>0</linear_attenuation>
          <quadratic_attenuation>0</quadratic_attenuation>
        </point>
      </technique_common>
      <extra>
        <technique profile="blender">
          <type sid="type" type="int">0</type>
          <flag sid="flag" type="int">0</flag>
          <mode sid="mode" type="int">2097153</mode>
          <red sid="red" type="float">1</red>
          <green sid="green" type="float">1</green>
          <blue sid="blue" type="float">1</blue>
          <energy sid="blender_energy" type="float">1000</energy>
          <spotsize sid="spotsize" type="float">75</spotsize>
          <spotblend sid="spotblend" type="float">0.15</spotblend>
          <clipsta sid="clipsta" type="float">0.04999995</clipsta>
          <clipend sid="clipend" type="float">40</clipend>
          <radius sid="radius" type="float">0.1</radius>
          <area_shape sid="area_shape" type="int">1</area_shape>
          <area_size sid="area_size" type="float">0.1</area_size>
          <area_sizey sid="area_sizey" type="float">0.1</area_sizey>
          <area_sizez sid="area_sizez" type="float">1</area_sizez>
        </technique>
      </extra>
    </light>
  </library_lights>
  <library_effects>
    <effect id="Paint_-_Enamel_Glossy__Yellow_-effect">
      <profile_COMMON>
        <technique sid="common">
          <lambert>
            <emission>
              <color sid="emission">0 0 0 1</color>
            </emission>
            <diffuse>
              <color sid="diffuse">0.9098039 0.6784314 0.1372549 1</color>
            </diffuse>
            <reflectivity>
              <float sid="specular">1</float>
            </reflectivity>
            <index_of_refraction>
              <float sid="ior">1.5</float>
            </index_of_refraction>
          </lambert>
        </technique>
      </profile_COMMON>
    </effect>
    <effect id="Paint_-_Enamel_Glossy__Blue_-effect">
      <profile_COMMON>
        <technique sid="common">
          <lambert>
            <emission>
              <color sid="emission">0 0 0 1</color>
            </emission>
            <diffuse>
              <color sid="diffuse">0.1882353 0.2313726 0.5882353 1</color>
            </diffuse>
            <reflectivity>
              <float sid="specular">1</float>
            </reflectivity>
            <index_of_refraction>
              <float sid="ior">1.5</float>
            </index_of_refraction>
          </lambert>
        </technique>
      </profile_COMMON>
    </effect>
    <effect id="Paint_-_Enamel_Glossy__White_-effect">
      <profile_COMMON>
        <technique sid="common">
          <lambert>
            <emission>
              <color sid="emission">0 0 0 1</color>
            </emission>
            <diffuse>
              <color sid="diffuse">0.9647059 0.9647059 0.9529412 1</color>
            </diffuse>
            <reflectivity>
              <float sid="specular">1</float>
            </reflectivity>
            <index_of_refraction>
              <float sid="ior">1.5</float>
            </index_of_refraction>
          </lambert>
        </technique>
      </profile_COMMON>
    </effect>
    <effect id="Paint_-_Enamel_Glossy__Red_-effect">
      <profile_COMMON>
        <technique sid="common">
          <lambert>
            <emission>
              <color sid="emission">0 0 0 1</color>
            </emission>
            <diffuse>
              <color sid="diffuse">0.7686275 0.2078431 0.1529412 1</color>
            </diffuse>
            <reflectivity>
              <float sid="specular">1</float>
            </reflectivity>
            <index_of_refraction>
              <float sid="ior">1.5</float>
            </index_of_refraction>
          </lambert>
        </technique>
      </profile_COMMON>
    </effect>
    <effect id="Paint_-_Enamel_Glossy__Black_-effect">
      <profile_COMMON>
        <technique sid="common">
          <lambert>
            <emission>
              <color sid="emission">0 0 0 1</color>
            </emission>
            <diffuse>
              <color sid="diffuse">0.09803922 0.09803922 0.09803922 1</color>
            </diffuse>
            <reflectivity>
              <float sid="specular">1</float>
            </reflectivity>
            <index_of_refraction>
              <float sid="ior">1.5</float>
            </index_of_refraction>
          </lambert>
        </technique>
      </profile_COMMON>
    </effect>
  </library_effects>
  <library_images/>
  <library_materials>
    <material id="Paint_-_Enamel_Glossy__Yellow_-material" name="Paint - Enamel Glossy (Yellow)">
      <instance_effect url="#Paint_-_Enamel_Glossy__Yellow_-effect"/>
    </material>
    <material id="Paint_-_Enamel_Glossy__Blue_-material" name="Paint - Enamel Glossy (Blue)">
      <instance_effect url="#Paint_-_Enamel_Glossy__Blue_-effect"/>
    </material>
    <material id="Paint_-_Enamel_Glossy__White_-material" name="Paint - Enamel Glossy (White)">
      <instance_effect url="#Paint_-_Enamel_Glossy__White_-effect"/>
    </material>
    <material id="Paint_-_Enamel_Glossy__Red_-material" name="Paint - Enamel Glossy (Red)">
      <instance_effect url="#Paint_-_Enamel_Glossy__Red_-effect"/>
    </material>
    <material id="Paint_-_Enamel_Glossy__Black_-material" name="Paint - Enamel Glossy (Black)">
      <instance_effect url="#Paint_-_Enamel_Glossy__Black_-effect"/>
    </material>
  </library_materials>
  <library_geometries>
    <geometry id="Body1-mesh" name="Body1">
      <mesh>
        <source id="Body1-mesh-positions">
          <float_array id="Body1-mesh-positions-array" count="1341">-52.1642 76.67533 1.093125 -52.1642 90.47534 1.093125 -52.1642 90.47534 5.093124 -52.1642 76.67533 5.093124 -52.1642 83.57534 3.093125 -53.3642 76.67533 1.093125 -53.3642 76.67533 5.093124 -52.7642 76.67533 3.093125 -53.3642 90.47534 1.093125 -53.3642 90.47534 5.093124 -53.3642 83.57534 3.093125 -84.86421 90.47534 1.093125 -84.86421 36.67533 1.093125 -53.3642 36.67533 1.093125 -53.3642 46.67533 1.093125 -79.86421 46.67533 1.093125 -79.86421 76.67533 1.093125 130.4358 90.47534 1.093125 130.4358 90.47534 5.093124 39.1358 90.47534 3.093125 -84.86421 90.47534 5.093124 -69.11421 90.47534 3.093125 -52.1642 -83.32467 1.093125 -53.3642 -83.32467 1.093125 -53.3642 -83.32467 5.093124 -52.1642 -83.32467 5.093124 -52.7642 -83.32467 3.093125 -52.1642 46.67533 1.093125 -52.1642 11.67533 1.093125 -53.3642 11.67533 1.093125 -53.3642 -18.32467 1.093125 -52.1642 -18.32467 1.093125 -52.1642 -53.32467 1.093125 -53.3642 -53.32467 1.093125 -52.1642 -147.1247 1.093125 -0.8642017 -147.1247 1.093125 -0.8642017 -95.22467 1.093125 -50.8642 -95.22467 1.093125 -50.8642 -93.32467 1.093125 -0.8642017 -93.32467 1.093125 83.7358 -93.32467 1.093125 83.7358 -88.32467 1.093125 68.7358 -88.32467 1.093125 68.7358 -86.42467 1.093125 83.54648 -82.76502 1.072818 83.54648 40.33498 1.072818 68.7358 36.67533 1.093125 68.7358 38.57533 1.093125 83.7358 38.57533 1.093125 85.6358 38.57533 1.093125 100.6358 38.57533 1.093125 100.6358 36.67533 1.093125 85.6358 36.67533 1.093125 85.6358 -86.42467 1.093125 100.6358 -86.42467 1.093125 100.6358 -88.32467 1.093125 85.6358 -88.32467 1.093125 85.6358 -93.32467 1.093125 130.4358 -93.32467 1.093125 39.6358 36.67533 1.093125 39.44648 -49.66502 1.072818 11.6358 -53.32467 1.093125 11.6358 36.67533 1.093125 -46.4642 76.67533 1.093125 -46.4642 46.67533 1.093125 -48.3642 46.67533 1.093125 -48.3642 76.67533 1.093125 -46.4642 -53.32467 1.093125 -46.4642 -83.32467 1.093125 -48.3642 -83.32467 1.093125 -48.3642 -53.32467 1.093125 83.7358 38.58533 1.093125 83.58641 41.66279 1.093125 82.98876 44.78443 1.093125 81.92582 47.85213 1.093125 80.40954 50.76274 1.093125 78.48194 53.41889 1.093125 76.2114 55.7395 1.093125 73.68488 57.66783 1.093125 70.99777 59.17533 1.093125 14.92595 59.17533 1.093125 14.92595 44.17533 1.093125 13.02595 44.17533 1.093125 13.02595 59.17533 1.093125 -3.002237 59.17533 1.093125 -5.924013 58.76719 1.093125 -8.879576 57.78188 1.093125 -11.69861 56.19226 1.093125 -14.19995 54.03924 1.093125 -16.2258 51.43384 1.093125 -17.67315 48.53919 1.093125 -18.51013 45.53825 1.093125 -18.77235 42.59978 1.093125 -18.77235 -7.043761 1.093125 -3.772344 -7.043761 1.093125 -3.772344 -8.943761 1.093125 -18.77235 -8.943761 1.093125 -18.77235 -77.18044 1.093125 -4.914201 -77.18044 1.093125 -4.914201 -79.08043 1.093125 -34.9142 -79.08043 1.093125 -34.9142 -77.18044 1.093125 -20.8642 -77.18044 1.093125 -20.8642 -8.943761 1.093125 -35.8642 -8.943761 1.093125 -35.8642 -7.043761 1.093125 -20.8642 -7.043761 1.093125 -20.8642 42.59978 1.093125 -20.56683 45.90224 1.093125 -19.61631 49.27662 1.093125 -17.97123 52.52904 1.093125 -15.66858 55.44886 1.093125 -12.82816 57.84878 1.093125 -9.633139 59.60272 1.093125 -6.292768 60.66662 1.093125 -3.002237 61.07533 1.093125 13.02595 61.07533 1.093125 13.02595 76.07534 1.093125 14.92595 76.07534 1.093125 14.92595 61.07533 1.093125 70.99777 61.07533 1.093125 74.07615 59.57739 1.093125 76.99829 57.56621 1.093125 79.63986 55.06913 1.093125 81.88523 52.15291 1.093125 83.6427 48.91914 1.093125 84.8565 45.49277 1.093125 85.51242 42.00659 1.093125 85.6358 38.58533 1.093125 -46.4642 11.67533 1.093125 -46.4642 -18.32467 1.093125 -48.3642 -18.32467 1.093125 -48.3642 11.67533 1.093125 -53.3642 46.67533 5.093124 -52.1642 46.67533 5.093124 -52.7642 46.67533 3.093125 -52.1642 11.67533 5.093124 -52.1642 29.17533 3.093125 -53.3642 11.67533 5.093124 -52.7642 11.67533 3.093125 -52.7642 29.17533 5.093124 -53.3642 28.67533 1.093125 -84.86421 28.67533 1.093125 -84.86421 -31.32467 1.093125 -53.3642 -31.32467 1.093125 -79.86421 -18.32467 1.093125 -79.86421 11.67533 1.093125 -53.3642 -18.32467 5.093124 -52.1642 -18.32467 5.093124 -52.7642 -18.32467 3.093125 -52.1642 -53.32467 5.093124 -52.1642 -35.82467 3.093125 -53.3642 -53.32467 5.093124 -52.7642 -53.32467 3.093125 -52.7642 -35.82467 5.093124 1.635798 -95.22467 5.093124 1.635798 -95.22467 1.093125 131.6358 -95.22467 1.093125 131.6358 -95.22467 5.093124 66.6358 -95.22467 3.093125 1.635798 -95.32467 1.093125 131.6358 -95.32467 1.093125 66.6358 -95.27467 1.093125 1.635798 -95.32467 -14.90688 131.6358 -95.32467 -14.90688 66.6358 -95.32467 -6.906876 -0.8642017 -147.1247 5.093124 -0.8642017 -93.32467 5.093124 -0.8642017 -93.32467 1.103125 -0.8642017 -95.22467 1.103125 -0.8642017 -120.2247 3.093125 -52.1642 -147.1247 5.093124 -52.1642 -115.2247 3.093125 -26.5142 -147.1247 3.093125 -53.3642 -99.32467 1.093125 -79.86421 -83.32467 1.093125 -79.86421 -53.32467 1.093125 -53.3642 -39.32467 1.093125 -84.86421 -39.32467 1.093125 -84.86421 -99.32467 1.093125 -79.86421 46.67533 -12.90688 -79.86421 76.67533 -12.90688 -79.86421 61.67533 -5.906876 -53.3642 46.67533 -12.90688 -66.61421 46.67533 -5.906876 -53.3642 76.67533 -12.90688 -53.3642 61.67533 -5.906876 -66.61421 76.67533 -5.906876 -66.61421 61.67533 -12.90688 -79.86421 -18.32467 -12.90688 -79.86421 11.67533 -12.90688 -79.86421 -3.324669 -5.906876 -53.3642 -18.32467 -12.90688 -66.61421 -18.32467 -5.906876 -53.3642 11.67533 -12.90688 -53.3642 -3.324669 -5.906876 -66.61421 11.67533 -5.906876 -66.61421 -3.324669 -12.90688 -79.86421 -83.32467 -12.90688 -79.86421 -53.32467 -12.90688 -79.86421 -68.32467 -5.906876 -53.3642 -83.32467 -12.90688 -66.61421 -83.32467 -5.906876 -53.3642 -53.32467 -12.90688 -53.3642 -68.32467 -5.906876 -66.61421 -53.32467 -5.906876 -66.61421 -68.32467 -12.90688 130.4358 -93.32467 5.093124 130.4358 -1.424669 3.093125 26.5858 -53.32467 5.093124 26.5858 36.67533 5.093124 26.5858 36.67533 5.103125 26.5858 -53.32467 5.103125 26.5858 -8.324669 5.098124 24.6858 36.67533 5.093124 24.6858 -53.32467 5.093124 24.6858 -53.32467 5.103125 24.6858 36.67533 5.103125 24.6858 -8.324669 5.098124 25.6358 -8.324669 5.103125 39.6358 -53.32467 5.093124 39.6358 36.67533 5.093124 33.1108 -8.324669 5.093124 11.6358 36.67533 5.093124 11.6358 -53.32467 5.093124 18.1608 -8.324669 5.093124 39.6358 -8.324669 3.093125 25.6358 -53.32467 3.098124 11.6358 -8.324669 3.093125 25.6358 36.67533 3.098124 -46.4642 76.67533 1.103125 -46.4642 46.67533 1.103125 -46.4642 61.67533 1.098124 -48.3642 46.67533 1.103125 -47.4142 46.67533 1.098124 -48.3642 76.67533 1.103125 -48.3642 61.67533 1.098124 -47.4142 76.67533 1.098124 -47.4142 61.67533 1.103125 -46.4642 -53.32467 1.103125 -46.4642 -83.32467 1.103125 -46.4642 -68.32467 1.098124 -48.3642 -83.32467 1.103125 -47.4142 -83.32467 1.098124 -48.3642 -53.32467 1.103125 -48.3642 -68.32467 1.098124 -47.4142 -53.32467 1.098124 -47.4142 -68.32467 1.103125 -50.8642 -95.22467 1.103125 -25.8642 -95.22467 1.098124 -50.8642 -93.32467 1.103125 -50.8642 -94.27467 1.098124 85.6358 -93.32467 1.103125 83.7358 -93.32467 1.103125 39.7858 -93.32467 3.093125 -25.8642 -94.27467 1.103125 83.7358 38.58533 1.103125 83.58641 41.66279 1.103125 82.98876 44.78443 1.103125 81.92582 47.85213 1.103125 80.40954 50.76274 1.103125 78.48194 53.41889 1.103125 76.2114 55.7395 1.103125 73.68488 57.66783 1.103125 70.99777 59.17533 1.103125 73.68488 57.66783 1.098124 76.2114 55.7395 1.098124 78.48194 53.41889 1.098124 80.40954 50.76274 1.098124 81.92582 47.85213 1.098124 82.98876 44.78443 1.098124 83.58641 41.66279 1.098124 14.92595 59.17533 1.103125 42.96186 59.17533 1.098124 14.92595 44.17533 1.103125 14.92595 51.67533 1.098124 13.02595 44.17533 1.103125 13.97594 44.17533 1.098124 13.02595 59.17533 1.103125 13.02595 51.67533 1.098124 -3.002237 59.17533 1.103125 5.011855 59.17533 1.098124 -5.924013 58.76719 1.103125 -8.879576 57.78188 1.103125 -11.69861 56.19226 1.103125 -14.19995 54.03924 1.103125 -16.2258 51.43384 1.103125 -17.67315 48.53919 1.103125 -18.51013 45.53825 1.103125 -18.77235 42.59978 1.103125 -18.51013 45.53825 1.098124 -17.67315 48.53919 1.098124 -16.2258 51.43384 1.098124 -14.19995 54.03924 1.098124 -11.69861 56.19226 1.098124 -8.879576 57.78188 1.098124 -5.924013 58.76719 1.098124 -18.77235 -7.043761 1.103125 -18.77235 17.77801 1.098124 -3.772344 -7.043761 1.103125 -11.27234 -7.043761 1.098124 -3.772344 -8.943761 1.103125 -3.772344 -7.993761 1.098124 -18.77235 -8.943761 1.103125 -11.27234 -8.943761 1.098124 -18.77235 -77.18044 1.103125 -18.77235 -43.06209 1.098124 -4.914201 -77.18044 1.103125 -11.84327 -77.18044 1.098124 -4.914201 -79.08043 1.103125 -4.914201 -78.13043 1.098124 -34.9142 -79.08043 1.103125 -19.9142 -79.08043 1.098124 -34.9142 -77.18044 1.103125 -34.9142 -78.13043 1.098124 -20.8642 -77.18044 1.103125 -27.8892 -77.18044 1.098124 -20.8642 -8.943761 1.103125 -20.8642 -43.06209 1.098124 -35.8642 -8.943761 1.103125 -28.3642 -8.943761 1.098124 -35.8642 -7.043761 1.103125 -35.8642 -7.993761 1.098124 -20.8642 -7.043761 1.103125 -28.3642 -7.043761 1.098124 -20.8642 42.59978 1.103125 -20.8642 17.77801 1.098124 -20.56683 45.90224 1.103125 -19.61631 49.27662 1.103125 -17.97123 52.52904 1.103125 -15.66858 55.44886 1.103125 -12.82816 57.84878 1.103125 -9.633139 59.60272 1.103125 -6.292768 60.66662 1.103125 -3.002237 61.07533 1.103125 -6.292768 60.66662 1.098124 -9.633139 59.60272 1.098124 -12.82816 57.84878 1.098124 -15.66858 55.44886 1.098124 -17.97123 52.52904 1.098124 -19.61631 49.27662 1.098124 -20.56683 45.90224 1.098124 13.02595 61.07533 1.103125 5.011855 61.07533 1.098124 13.02595 76.07534 1.103125 13.02595 68.57534 1.098124 14.92595 76.07534 1.103125 13.97594 76.07534 1.098124 14.92595 61.07533 1.103125 14.92595 68.57534 1.098124 70.99777 61.07533 1.103125 42.96186 61.07533 1.098124 74.07615 59.57739 1.103125 76.99829 57.56621 1.103125 79.63986 55.06913 1.103125 81.88523 52.15291 1.103125 83.6427 48.91914 1.103125 84.8565 45.49277 1.103125 85.51242 42.00659 1.103125 85.6358 38.58533 1.103125 85.51242 42.00659 1.098124 84.8565 45.49277 1.098124 83.6427 48.91914 1.098124 81.88523 52.15291 1.098124 79.63986 55.06913 1.098124 76.99829 57.56621 1.098124 74.07615 59.57739 1.098124 84.6858 38.58533 1.098124 -46.4642 11.67533 1.103125 -46.4642 -18.32467 1.103125 -46.4642 -3.324669 1.098124 -48.3642 -18.32467 1.103125 -47.4142 -18.32467 1.098124 -48.3642 11.67533 1.103125 -48.3642 -3.324669 1.098124 -47.4142 11.67533 1.098124 -47.4142 -3.324669 1.103125 100.6358 -86.42467 1.103125 100.6358 -88.32467 1.103125 100.6358 -87.37467 1.098124 85.6358 -88.32467 1.103125 93.1358 -88.32467 1.098124 85.6358 -90.82467 1.098124 83.7358 -88.32467 1.103125 83.7358 -90.82467 1.098124 68.7358 -88.32467 1.103125 76.2358 -88.32467 1.098124 68.7358 -86.42467 1.103125 68.7358 -87.37467 1.098124 83.7358 -86.42467 1.103125 76.2358 -86.42467 1.098124 83.7358 36.67533 1.103125 83.7358 -24.87467 1.098124 68.7358 36.67533 1.103125 76.2358 36.67533 1.098124 68.7358 38.57533 1.103125 68.7358 37.62533 1.098124 100.6358 38.57533 1.103125 84.6858 38.57533 1.098124 100.6358 36.67533 1.103125 100.6358 37.62533 1.098124 85.6358 36.67533 1.103125 93.1358 36.67533 1.098124 85.6358 -86.42467 1.103125 85.6358 -24.87467 1.098124 93.1358 -86.42467 1.098124 84.6858 -27.37467 1.103125 -53.3642 -39.32467 -14.90688 -84.86421 -39.32467 -14.90688 -69.11421 -39.32467 -6.906876 -53.3642 -99.32467 -14.90688 -84.86421 -99.32467 -14.90688 -69.11421 -99.32467 -6.906876 -84.86421 -69.32467 -6.906876 -53.3642 -31.32467 -14.90688 -53.3642 -35.82467 -4.906876 -53.3642 -148.3247 -14.90688 -53.3642 -148.3247 5.093124 -53.3642 -115.8247 -4.906876 -53.3642 28.67533 -14.90688 -84.86421 28.67533 -14.90688 -69.11421 28.67533 -6.906876 -84.86421 -31.32467 -14.90688 -69.11421 -31.32467 -6.906876 -84.86421 -1.324669 -6.906876 -53.3642 36.67533 -14.90688 -53.3642 29.17533 -4.906876 -84.86421 36.67533 -14.90688 -69.11421 36.67533 -6.906876 -53.3642 96.67533 5.093124 -53.3642 96.67533 -14.90688 -84.86421 96.67533 -14.90688 -84.86421 96.67533 5.093124 -69.11421 96.67533 -4.906876 -53.3642 91.67533 5.093124 1.635798 -148.3247 5.093124 131.6358 91.67533 5.093124 -53.3642 91.67533 -14.90688 -53.3642 94.17533 -4.906876 -84.86421 66.67533 -4.906876 1.635798 -148.3247 -14.90688 1.635798 -121.7747 -4.906876 -25.8642 -148.3247 -4.906876 131.6358 91.67533 -14.90688 39.1358 91.67533 -4.906876 131.6358 -1.824669 -4.906876 23.3858 -25.82467 -14.90688</float_array>
          <technique_common>
            <accessor source="#Body1-mesh-positions-array" count="447" stride="3">
              <param name="X" type="float"/>
              <param name="Y" type="float"/>
              <param name="Z" type="float"/>
            </accessor>
          </technique_common>
        </source>
        <source id="Body1-mesh-normals">
          <float_array id="Body1-mesh-normals-array" count="1206">1 0 0 0 -1 0 -1 0 0 0 0 1 0 0 1 0 0 1 0 0 1 0 0 1 0 1 0 0 0 1 0 0 1 0 0 1 0 0 1 0 0 1 9.87062e-5 8.59665e-5 1 0 0 1 0 0 1 -1.02943e-4 1.05093e-4 1 2.01918e-4 1.53672e-4 1 3.1518e-4 -9.84945e-5 1 7.89181e-5 6.15295e-4 0.9999999 5.04134e-4 6.71676e-4 0.9999997 0.001024961 -5.02253e-4 0.9999994 6.73799e-4 -3.89203e-4 0.9999997 0 -7.84714e-5 1 0 0 1 0 0 1 0 0 1 0 0 1 0 0 1 0 0 1 0 0 1 0 0 1 0 0 1 0 0 1 0 0 1 0 0 1 0 0 1 0 0 1 0 0 1 0 0 1 0 0 1 0 0 1 0 0 1 0 0 1 0 0 1 0 0 1 0 0 1 0 0 1 0 0 1 0 0 1 0 0 1 0 0 1 0 0 1 0 0 1 0 0 1 0 0 1 0 0 1 0 0 1 0 0 1 0 0 1 0 0 1 0 0 1 1.53369e-7 0 1 0 0 1 2.85091e-7 0 1 1.55e-7 0 1 0 0 1 0 0 1 0 0 1 0 0 1 0 -1 0 0 -1 -1.84124e-6 0 -1 -1.47058e-7 0 0 1 0 0 1 0 0 1 0 -1 1.46375e-7 0 -1 -1.46375e-7 0 1 2.35696e-7 0 1 -4.71391e-7 0 1 -2.26169e-6 0 1 -4.71387e-7 0 1 2.35694e-7 0 1 2.03617e-7 0 1 2.27222e-7 0 1 2.03617e-7 0 -1 -2.03617e-7 0 -1 4.07233e-7 0 -1 2.27222e-7 0 -1 4.07233e-7 0 -1 -2.03617e-7 0 -1 0 0 -1 0 0 -1 0 0 -1 0 0 -1 0 -1 1.63738e-7 0 -1 -3.27475e-7 0 -1 0 0 1 0 0 0.9989205 -0.002062439 -0.04640704 0.9987956 -0.00217849 -0.04901719 0.9996988 -0.001089572 -0.02451598 0.9999991 -6.19713e-5 -0.001394331 0 -1 -4.22412e-7 0.01180565 -0.9965267 -0.08243399 0.05160754 -0.9313026 -0.3605723 0.09587812 -0.7339442 -0.6724086 0.08917862 -0.7748569 -0.6258149 0 -1 1.00257e-6 0 -1 -2.00514e-6 -1 0 0 -1 0 0 -1 0 0 0 1 2.11206e-7 0 1 -3.9372e-7 0 1 -1.33446e-6 0 1 -3.93721e-7 0 1 1.58405e-7 0 1 7.51926e-7 0 1 1.00257e-6 0 -1 -2.6932e-6 0 -0.9999998 -7.35684e-4 0 -1 -2.6932e-6 -1 1.98631e-7 0 -1 1.98631e-7 0 -1 0 0 0 1 5.38639e-6 0 1 -1.07537e-5 0 1 -3.38262e-5 0 1 5.38639e-6 0 -1 -5.38639e-6 0 -1 1.07537e-5 0 -1 3.38262e-5 0 -1 1.07537e-5 0 -1 -5.38639e-6 0 1 2.6932e-6 0 0.9999998 7.35684e-4 0 1 2.6932e-6 0 1 3.70691e-5 0 1 0 0 1 -6.39357e-6 0 1 -2.32712e-7 0 1 0 0 1 1.53046e-7 0 1 7.75948e-6 -0.4276945 -0.9039233 0 -0.4276945 -0.9039234 0 -0.5484904 -0.836157 0 -0.5484921 -0.8361557 0 -0.6619564 -0.7495424 0 -0.6619572 -0.7495417 0 -0.7637816 -0.6454748 0 -0.7641133 -0.6450822 0 -0.8504145 -0.5261132 0 -0.8504169 -0.5261096 0 -0.9184787 -0.3954706 0 -0.918478 -0.3954724 0 -0.9662207 -0.2577162 0 -0.966256 -0.2575839 0 -0.9930683 -0.1175393 0 -0.9930846 -0.1174021 8.47056e-7 -0.9997855 0.02071303 0 -0.9997855 0.02071303 0 -0.9930844 -0.1174032 0 -0.9662436 -0.2576303 0 -0.9184784 -0.3954712 0 -0.8504124 -0.5261169 0 -0.7641094 -0.6450868 0 -0.6620292 -0.7494781 0 -0.5485306 -0.8361305 -4.76574e-7 0 -0.9999998 -7.70834e-4 1 1.98588e-7 0 1 0 0 0 -1 -3.35569e-4 -1 -1.98588e-7 0 -1 0 0 1 -3.77074e-5 0 1 -3.77148e-5 0 0.9841984 -0.1770694 -1.80131e-7 0.9841881 -0.1771261 0 0.9337712 -0.3578709 -5.28779e-7 0.9337525 -0.3579193 0 0.8465514 -0.5323072 0 0.8465462 -0.5323153 0 0.7244912 -0.6892842 0 0.7244876 -0.6892879 0 0.5738875 -0.8189342 0 0.5738134 -0.8189861 0 0.4039005 -0.9148029 0 0.4039916 -0.9147627 0 0.2258809 -0.974155 0 0.22588 -0.9741553 8.42878e-7 0.04979646 -0.9987595 0 0.04979646 -0.9987595 0 0.2258484 -0.9741625 0 0.403869 -0.9148169 0 0.5737819 -0.8190082 0 0.7244947 -0.6892805 0 0.8465022 -0.5323852 0 0.9337663 -0.3578835 0 0.9841985 -0.177069 -9.53698e-7 1 0 0 1 0 0 1 3.9081e-7 0 1 3.90812e-7 0 1 0 0 0 -1 0 0 -1 -1.78856e-7 0 -1 -1.01738e-4 1 0 0 0 0.9999997 -8.6289e-4 1 0 0 0 -1 -3.57578e-7 0 -0.9999998 -8.13449e-4 -1 -3.12648e-6 0 -1 -3.1265e-6 0 -1 0 0 -1 6.253e-6 0 -1 6.25295e-6 0 0 1 8.53606e-7 0 0.9999997 8.68231e-4 -1 0 0 0 -1 0 0 -1 -1.0166e-4 -1 3.12656e-6 0 -1 3.12656e-6 0 -1 0 0 0 1 0 0 1 0 0 1 5.08689e-5 -1 3.87691e-5 0 -1 3.87803e-5 0 -1 0 0 -0.03377866 0.9994294 -4.30385e-6 -0.03377872 0.9994294 3.00874e-5 -0.2117954 0.9773141 3.84836e-6 -0.2118302 0.9773065 0 -0.3924996 0.9197522 0 -0.3924407 0.9197773 -7.30497e-7 -0.5652172 0.8249422 0 -0.5652106 0.8249467 0 -0.7189406 0.6950715 0 -0.7189382 0.695074 0 -0.8434512 0.5372059 -2.58529e-7 -0.843565 0.5370272 0 -0.9324788 0.3612248 1.77147e-7 -0.9324997 0.3611709 0 -0.9839248 0.1785839 2.53289e-7 -0.9839342 0.178532 0 -0.9839087 0.1786722 0 -0.9324645 0.3612617 0 -0.8434771 0.5371651 -3.29331e-7 -0.718943 0.695069 0 -0.5652561 0.8249156 0 -0.3925419 0.9197342 0 -0.2117485 0.9773243 0 0 1 -5.38638e-6 0 1 1.07768e-5 0 0.9999988 0.00156784 0 1 3.35569e-4 0.9992954 -0.0375353 -3.52874e-6 0.9992954 -0.0375353 3.51209e-6 0.9939754 0.1096037 1.73902e-6 0.9939814 0.1095494 0 0.9658147 0.2592337 0 0.9657765 0.259376 -3.23876e-7 0.9134402 0.4069731 0 0.9135822 0.4066542 1.20168e-7 0.8381097 0.5455017 0 0.838113 0.5454967 0 0.7417056 0.6707257 0 0.7419375 0.6704691 0 0.6280557 0.7781684 0 0.6279711 0.7782367 0 0.5027234 0.8644473 0 0.5027658 0.8644227 0 0.3701186 0.9289845 3.53563e-6 0.3701186 0.9289846 -2.47169e-5 0.5025492 0.8645486 -4.9482e-7 0.6281342 0.778105 0 0.7419388 0.6704677 0 0.8381065 0.5455067 0 0.9136422 0.4065196 0 0.9658162 0.2592278 0 0.9939862 0.109506 0 0 0 1 0 0 1 0 0 1 0 0 1 0 0 1 0 0 1 0 0 1 0 0 1 0 0 1 0 0 1 0 0 1 0 0 1 0 0 1 0 0 1 0 0 1 0 0 1 0 0 1 0 0 1 0 0 1 0 0 1 0 0 1 0 0 1 0 1 -6.73299e-7 0 1 -1.00029e-4 0 1 -6.73299e-7 1 1.25059e-5 0 1 1.2506e-5 0 1 0 0 1 -2.38108e-6 0 1 -2.38108e-6 0 1 0 0 1 4.76215e-6 0 1 4.76215e-6 0 -1 2.38108e-6 0 -1 2.38108e-6 0 -1 0 0 0 -0.9999997 -7.67014e-4 -1 0 0 -6.66779e-4 0.008700966 0.9999619 -6.66743e-4 0.008246481 0.9999658 -4.69207e-4 0.7094395 0.7047663 -1.01492e-4 0.9883403 0.1522613 -0.1595796 -8.01857e-5 0.9871851 -0.1580762 -7.57288e-5 0.987427 -0.7525047 0 0.658587 -0.1565283 8.0139e-5 0.9876735 -0.1565541 8.0225e-5 0.9876695 1.01492e-4 -0.9883403 -0.1522613 4.69408e-4 -0.7100163 -0.7041851 6.66741e-4 -0.008246481 -0.9999658 6.66777e-4 -0.008700966 -0.9999619 -1 6.25295e-6 0 -1 0 0 0 0.9999997 -7.67014e-4 1 1.25059e-5 0 1 0 0 1 0 0 1 1.93676e-7 0 0 0 1 0 0 1 0 0 1 0 0 1 0 0 1 0 1 -1.44933e-7 0 1 -1.44933e-7 0 1 1.69735e-7 0 1 2.89865e-7 0 1 2.89865e-7 0 -1 2.89865e-7 0 -1 2.89865e-7 0 -1 3.39471e-7 -1 4.56395e-7 0 -1 -4.67179e-7 0 -1 -2.29917e-7 0 -1 -2.44279e-7 0 -1 2.31527e-7 0 -1 1.50998e-7 0 -1 1.67493e-7 0 -1 0 0 -1 0 0 0 1 0 0 1 0 0 1 0 -1 4.1674e-7 0 -1 -4.85159e-7 0 -1 -7.04682e-6 0 -1 -2.69145e-7 0 -1 1.93433e-7 0 0 1 2.79129e-7 0 1 2.79129e-7 0 1 -2.47968e-7 0 1 -5.58257e-7 0 1 -5.58257e-7 0 0 1 3.10963e-7 0 1 2.0434e-7 0 1 1 0 0 1 0 0 1 0 0 0 -1 -1.97107e-7 0 -1 -1.97107e-7 0 -1 -3.45327e-7 0 1 0 0 1 1.44721e-7 0 1 4.91689e-7 1 0 0 1 -2.26717e-7 0 1 -6.0912e-7 0 0 0 -1 0 0 -1 0 0 -1 0 0 -1 0 0 -1 0 0 -1 0 0 -1</float_array>
          <technique_common>
            <accessor source="#Body1-mesh-normals-array" count="402" stride="3">
              <param name="X" type="float"/>
              <param name="Y" type="float"/>
              <param name="Z" type="float"/>
            </accessor>
          </technique_common>
        </source>
        <source id="Body1-mesh-map-0">
          <float_array id="Body1-mesh-map-0-array" count="5340">0 4 0 0 6.9 2 6.9 2 0 0 13.8 0 6.9 2 13.8 0 13.8 4 13.8 4 0 4 6.9 2 0 4 0 0 0.6 2 0.6 2 0 0 1.2 0 0.6 2 1.2 0 1.2 4 1.2 4 0 4 0.6 2 0 4 0 0 6.9 2 6.9 2 0 0 13.8 0 6.9 2 13.8 0 13.8 4 13.8 4 0 4 6.9 2 -92.5 77.5 -92.5 91.30001 -119 77.5 -119 77.5 -92.5 91.30001 -124 91.30001 -119 77.5 -124 91.30001 -124 37.5 -119 77.5 -124 37.5 -119 47.5 -119 47.5 -124 37.5 -92.5 37.5 -119 47.5 -92.5 37.5 -92.5 47.5 215.3 4 32.7 4 124 2 124 2 32.7 4 32.7 0 124 2 32.7 0 215.3 0 215.3 0 215.3 4 124 2 0 0 31.5 0 15.75 2 15.75 2 31.5 0 31.5 4 15.75 2 31.5 4 0 4 0 4 0 0 15.75 2 0 4 0 0 0.6 2 0.6 2 0 0 1.2 0 0.6 2 1.2 0 1.2 4 1.2 4 0 4 0.6 2 -92.5 77.5 -91.30001 47.5 -91.30001 77.5 -91.30001 77.5 -91.30001 47.5 -87.5 47.5 -91.30001 77.5 -87.5 47.5 -87.5 77.5 -92.5 77.5 -92.5 47.5 -91.30001 47.5 -91.30001 47.5 -91.30001 12.5 -87.5 47.5 -87.5 47.5 -91.30001 12.5 -87.5 12.5 -87.5 47.5 -87.5 12.5 -85.6 47.5 -85.6 47.5 -87.5 12.5 -85.6 12.5 -85.6 47.5 -85.6 12.5 -60 43.42445 -60 43.42445 -85.6 12.5 -75 -6.219091 -60 43.42445 -75 -6.219091 -60 -6.219091 -92.5 12.5 -91.30001 -17.5 -91.30001 12.5 -91.30001 12.5 -91.30001 -17.5 -87.5 -17.5 -91.30001 12.5 -87.5 -17.5 -87.5 12.5 -92.5 12.5 -92.5 -17.5 -91.30001 -17.5 -87.5 -17.5 -91.30001 -17.5 -87.5 -52.5 -87.5 -52.5 -91.30001 -17.5 -91.30001 -52.5 -87.5 -52.5 -91.30001 -52.5 -87.5 -82.5 -87.5 -82.5 -91.30001 -52.5 -91.30001 -82.5 -87.5 -82.5 -91.30001 -82.5 -90 -92.5 -90 -92.5 -91.30001 -82.5 -90 -94.4 -90 -94.4 -91.30001 -82.5 -91.30001 -146.3 -90 -94.4 -91.30001 -146.3 -40 -146.3 -91.30001 -52.5 -92.5 -52.5 -91.30001 -82.5 -91.30001 -82.5 -92.5 -52.5 -92.5 -82.5 -40 -146.3 -40 -94.4 -90 -94.4 -40 -92.5 -74.05001 -78.25576 -90 -92.5 -90 -92.5 -74.05001 -78.25576 -85.6 -82.5 -90 -92.5 -85.6 -82.5 -87.5 -82.5 44.6 -92.5 29.6 -87.5 -40 -92.5 -40 -92.5 29.6 -87.5 0.5 -52.5 -40 -92.5 0.5 -52.5 -27.5 -52.5 44.6 -92.5 44.6 -87.5 29.6 -87.5 29.6 -87.5 29.6 -85.6 0.5 -52.5 0.5 -52.5 29.6 -85.6 44.6 -85.6 0.5 -52.5 44.6 -85.6 44.6 37.5 44.6 37.5 29.6 37.5 0.5 -52.5 0.5 -52.5 29.6 37.5 0.5 37.5 0.5 37.5 29.6 37.5 29.6 39.4 0.5 37.5 29.6 39.4 31.86197 60 31.86197 60 29.6 39.4 34.54907 58.4925 34.54907 58.4925 29.6 39.4 37.07559 56.56417 37.07559 56.56417 29.6 39.4 39.34614 54.24356 39.34614 54.24356 29.6 39.4 41.27374 51.58741 41.27374 51.58741 29.6 39.4 42.79002 48.67679 42.79002 48.67679 29.6 39.4 43.85297 45.6091 43.85297 45.6091 29.6 39.4 44.45061 42.48746 44.45061 42.48746 29.6 39.4 44.6 39.41 44.6 39.41 29.6 39.4 44.6 39.4 44.6 39.41 44.6 39.4 46.5 39.4 44.6 39.41 46.5 39.4 46.5 39.41 46.5 39.41 46.5 39.4 61.5 39.4 46.5 39.41 61.5 39.4 46.37662 42.83126 46.37662 42.83126 61.5 39.4 45.7207 46.31744 45.7207 46.31744 61.5 39.4 44.50689 49.74381 44.50689 49.74381 61.5 39.4 42.74942 52.97758 42.74942 52.97758 61.5 39.4 91.30001 91.30001 42.74942 52.97758 91.30001 91.30001 40.50405 55.8938 40.50405 55.8938 91.30001 91.30001 37.86248 58.39088 37.86248 58.39088 91.30001 91.30001 34.94034 60.40206 34.94034 60.40206 91.30001 91.30001 31.86197 61.9 31.86197 61.9 91.30001 91.30001 -24.20985 76.9 31.86197 61.9 -24.20985 76.9 -24.20985 61.9 61.5 39.4 61.5 37.5 91.30001 91.30001 91.30001 91.30001 61.5 37.5 91.30001 -92.5 91.30001 -92.5 61.5 37.5 61.5 -85.6 91.30001 -92.5 61.5 -85.6 61.5 -87.5 61.5 37.5 46.5 37.5 61.5 -85.6 61.5 -85.6 46.5 37.5 46.5 -85.6 46.5 -87.5 46.5 -92.5 61.5 -87.5 61.5 -87.5 46.5 -92.5 91.30001 -92.5 91.30001 91.30001 -91.30001 91.30001 -24.20985 76.9 -24.20985 76.9 -91.30001 91.30001 -26.10985 76.9 -26.10985 76.9 -91.30001 91.30001 -45.42856 61.4913 -26.10985 76.9 -45.42856 61.4913 -42.13803 61.9 -91.30001 77.5 -87.5 77.5 -91.30001 91.30001 -91.30001 91.30001 -87.5 77.5 -85.6 77.5 -91.30001 91.30001 -85.6 77.5 -48.76893 60.42739 -48.76893 60.42739 -85.6 77.5 -51.96396 58.67345 -51.96396 58.67345 -85.6 77.5 -54.80438 56.27353 -54.80438 56.27353 -85.6 77.5 -57.10702 53.35371 -57.10702 53.35371 -85.6 77.5 -58.7521 50.10129 -58.7521 50.10129 -85.6 77.5 -85.6 47.5 -58.7521 50.10129 -85.6 47.5 -59.70262 46.7269 -59.70262 46.7269 -85.6 47.5 -60 43.42445 -27.5 37.5 -42.90814 -8.119092 -27.5 -52.5 -27.5 -52.5 -42.90814 -8.119092 -57.90814 -8.119092 -27.5 -52.5 -57.90814 -8.119092 -57.90814 -76.35577 0.5 37.5 -24.20985 45 -27.5 37.5 -27.5 37.5 -24.20985 45 -26.10985 45 -27.5 37.5 -26.10985 45 -42.13803 60 -42.13803 60 -26.10985 45 -26.10985 60 -85.6 -82.5 -74.05001 -76.35577 -85.6 -52.5 -85.6 -52.5 -74.05001 -76.35577 -60 -76.35577 -85.6 -52.5 -60 -76.35577 -60 -8.119092 -87.5 -52.5 -85.6 -52.5 -87.5 -17.5 -87.5 -17.5 -85.6 -52.5 -85.6 -17.5 -85.6 -17.5 -85.6 -52.5 -75 -8.119092 -85.6 -17.5 -75 -8.119092 -75 -6.219091 31.86197 60 -24.20985 60 0.5 37.5 0.5 37.5 -24.20985 60 -24.20985 45 -42.13803 60 -45.05981 59.59186 -27.5 37.5 -27.5 37.5 -45.05981 59.59186 -48.01537 58.60655 -27.5 37.5 -48.01537 58.60655 -57.90814 43.42445 -57.90814 43.42445 -48.01537 58.60655 -50.8344 57.01692 -57.90814 43.42445 -50.8344 57.01692 -53.33574 54.86391 -53.33574 54.86391 -55.36159 52.25851 -57.90814 43.42445 -57.90814 43.42445 -55.36159 52.25851 -56.80894 49.36386 -57.90814 43.42445 -56.80894 49.36386 -57.64593 46.36292 -57.90814 -6.219091 -42.90814 -6.219091 -57.90814 43.42445 -57.90814 43.42445 -42.90814 -6.219091 -27.5 37.5 -42.90814 -6.219091 -42.90814 -8.119092 -27.5 37.5 -57.90814 -76.35577 -44.05 -76.35577 -27.5 -52.5 -27.5 -52.5 -44.05 -76.35577 -40 -92.5 -44.05 -76.35577 -44.05 -78.25576 -40 -92.5 -40 -92.5 -44.05 -78.25576 -74.05001 -78.25576 -74.05001 -78.25576 -74.05001 -76.35577 -85.6 -82.5 -60 -8.119092 -75 -8.119092 -85.6 -52.5 -48.76893 60.42739 -45.42856 61.4913 -91.30001 91.30001 -42.13803 61.9 -26.10985 61.9 -26.10985 76.9 -85.6 12.5 -85.6 -17.5 -75 -6.219091 0 4 0 0 0.6 2 0.6 2 0 0 1.2 0 0.6 2 1.2 0 1.2 4 1.2 4 0 4 0.6 2 0 4 0 0 17.5 2 17.5 2 0 0 35 0 17.5 2 35 0 35 4 35 4 0 4 17.5 2 0 4 0 0 0.6 2 0.6 2 0 0 1.2 0 0.6 2 1.2 0 1.2 4 1.2 4 0 4 0.6 2 0.6 17.5 -0.6 17.5 0 0 0 0 -0.6 17.5 -0.6 -17.5 0 0 -0.6 -17.5 0.6 -17.5 0.6 -17.5 0.6 17.5 0 0 -92.5 12.5 -92.5 29.5 -119 12.5 -119 12.5 -92.5 29.5 -124 29.5 -119 12.5 -124 29.5 -124 -30.5 -119 12.5 -124 -30.5 -119 -17.5 -119 -17.5 -124 -30.5 -92.5 -30.5 -119 -17.5 -92.5 -30.5 -92.5 -17.5 0 4 0 0 0.6 2 0.6 2 0 0 1.2 0 0.6 2 1.2 0 1.2 4 1.2 4 0 4 0.6 2 0 4 0 0 17.5 2 17.5 2 0 0 35 0 17.5 2 35 0 35 4 35 4 0 4 17.5 2 0 4 0 0 0.6 2 0.6 2 0 0 1.2 0 0.6 2 1.2 0 1.2 4 1.2 4 0 4 0.6 2 0.6 17.5 -0.6 17.5 0 0 0 0 -0.6 17.5 -0.6 -17.5 0 0 -0.6 -17.5 0.6 -17.5 0.6 -17.5 0.6 17.5 0 0 132.5 4 2.5 4 67.5 2 67.5 2 2.5 4 2.5 0 67.5 2 2.5 0 132.5 0 132.5 0 132.5 4 67.5 2 92.5 -94.5 92.5 -94.4 27.5 -94.45 27.5 -94.45 92.5 -94.4 -37.5 -94.4 27.5 -94.45 -37.5 -94.4 -37.5 -94.5 -37.5 -94.5 92.5 -94.5 27.5 -94.45 -8 65 -8 -65 0 0 0 0 -8 -65 8 -65 0 0 8 -65 8 65 8 65 -8 65 0 0 0 0 51.9 0 0 0.00999999 0 0.00999999 51.9 0 25 2 0 0.00999999 25 2 -1.9 0.00999999 -1.9 0.00999999 25 2 -1.9 4 -1.9 4 25 2 51.9 4 51.9 4 25 2 51.9 0 0 4 0 0 31.9 2 31.9 2 0 0 63.8 0 31.9 2 63.8 0 63.8 4 63.8 4 0 4 31.9 2 0 4 0 0 25.65 2 25.65 2 0 0 51.3 0 25.65 2 51.3 0 51.3 4 51.3 4 0 4 25.65 2 -92.5 -82.5 -119 -82.5 -92.5 -98.5 -92.5 -98.5 -119 -82.5 -124 -98.5 -124 -98.5 -119 -82.5 -124 -38.5 -124 -38.5 -119 -82.5 -119 -52.5 -124 -38.5 -119 -52.5 -92.5 -38.5 -92.5 -38.5 -119 -52.5 -92.5 -52.5 -30 14 -30 0 -15 7 -15 7 -30 0 0 0 -15 7 0 0 0 14 0 14 -30 14 -15 7 -26.5 14 -26.5 0 -13.25 7 -13.25 7 -26.5 0 0 0 -13.25 7 0 0 0 14 0 14 -26.5 14 -13.25 7 -30 14 -30 0 -15 7 -15 7 -30 0 0 0 -15 7 0 0 0 14 0 14 -30 14 -15 7 -26.5 14 -26.5 0 -13.25 7 -13.25 7 -26.5 0 0 0 -13.25 7 0 0 0 14 0 14 -26.5 14 -13.25 7 13.25 -15 13.25 15 0 0 0 0 13.25 15 -13.25 15 0 0 -13.25 15 -13.25 -15 -13.25 -15 13.25 -15 0 0 -30 14 -30 0 -15 7 -15 7 -30 0 0 0 -15 7 0 0 0 14 0 14 -30 14 -15 7 -26.5 14 -26.5 0 -13.25 7 -13.25 7 -26.5 0 0 0 -13.25 7 0 0 0 14 0 14 -26.5 14 -13.25 7 -30 14 -30 0 -15 7 -15 7 -30 0 0 0 -15 7 0 0 0 14 0 14 -30 14 -15 7 -26.5 14 -26.5 0 -13.25 7 -13.25 7 -26.5 0 0 0 -13.25 7 0 0 0 14 0 14 -26.5 14 -13.25 7 13.25 -15 13.25 15 0 0 0 0 13.25 15 -13.25 15 0 0 -13.25 15 -13.25 -15 -13.25 -15 13.25 -15 0 0 -30 14 -30 0 -15 7 -15 7 -30 0 0 0 -15 7 0 0 0 14 0 14 -30 14 -15 7 -26.5 14 -26.5 0 -13.25 7 -13.25 7 -26.5 0 0 0 -13.25 7 0 0 0 14 0 14 -26.5 14 -13.25 7 -30 14 -30 0 -15 7 -15 7 -30 0 0 0 -15 7 0 0 0 14 0 14 -30 14 -15 7 -26.5 14 -26.5 0 -13.25 7 -13.25 7 -26.5 0 0 0 -13.25 7 0 0 0 14 0 14 -26.5 14 -13.25 7 13.25 -15 13.25 15 0 0 0 0 13.25 15 -13.25 15 0 0 -13.25 15 -13.25 -15 -13.25 -15 13.25 -15 0 0 185 4 1.2 4 93.1 2 93.1 2 1.2 4 1.2 0 93.1 2 1.2 0 185 0 185 0 185 4 93.1 2 0 0.00999999 0 0 45 0.004999995 45 0.004999995 0 0 90 0 45 0.004999995 90 0 90 0.00999999 90 0.00999999 0 0.00999999 45 0.004999995 0 0.00999999 0 0 45 0.004999995 45 0.004999995 0 0 90 0 45 0.004999995 90 0 90 0.00999999 90 0.00999999 0 0.00999999 45 0.004999995 0.95 -45 0.95 45 0 0 0 0 0.95 45 -0.95 45 0 0 -0.95 45 -0.95 -45 -0.95 -45 0.95 -45 0 0 14 45 0.95 45 7.475 0 7.475 0 0.95 45 0.95 -45 7.475 0 0.95 -45 14 -45 14 -45 14 45 7.475 0 -14 -45 -0.95 -45 -7.475 0 -7.475 0 -0.95 -45 -0.95 45 -7.475 0 -0.95 45 -14 45 -14 45 -14 -45 -7.475 0 0 4 0 0 45 2 45 2 0 0 90 0 45 2 90 0 90 4 90 4 0 4 45 2 0 4 0 0 14 2.005 14 2.005 0 0 28 0 14 2.005 28 0 28 4 28 4 14.95 4 14 2.005 14 2.005 14.95 4 13.05 4 14 2.005 13.05 4 0 4 14.95 4.01 13.05 4.01 14.95 4 14.95 4 13.05 4.01 13.05 4 0 4 0 0 45 2 45 2 0 0 90 0 45 2 90 0 90 4 90 4 0 4 45 2 0 4 0 0 14 2.005 14 2.005 0 0 28 0 14 2.005 28 0 28 4 28 4 14.95 4 14 2.005 14 2.005 14.95 4 13.05 4 14 2.005 13.05 4 0 4 14.95 4.01 13.05 4.01 14.95 4 14.95 4 13.05 4.01 13.05 4 0 0.00999999 0 0 15 0.004999995 15 0.004999995 0 0 30 0 15 0.004999995 30 0 30 0.00999999 30 0.00999999 0 0.00999999 15 0.004999995 0 0.00999999 0 0 0.95 0.004999995 0.95 0.004999995 0 0 1.9 0 0.95 0.004999995 1.9 0 1.9 0.00999999 1.9 0.00999999 0 0.00999999 0.95 0.004999995 0 0.00999999 0 0 15 0.004999995 15 0.004999995 0 0 30 0 15 0.004999995 30 0 30 0.00999999 30 0.00999999 0 0.00999999 15 0.004999995 0 0.00999999 0 0 0.95 0.004999995 0.95 0.004999995 0 0 1.9 0 0.95 0.004999995 1.9 0 1.9 0.00999999 1.9 0.00999999 0 0.00999999 0.95 0.004999995 0.95 -15 0.95 15 0 0 0 0 0.95 15 -0.95 15 0 0 -0.95 15 -0.95 -15 -0.95 -15 0.95 -15 0 0 0 0.00999999 0 0 15 0.004999995 15 0.004999995 0 0 30 0 15 0.004999995 30 0 30 0.00999999 30 0.00999999 0 0.00999999 15 0.004999995 0 0.00999999 0 0 0.95 0.004999995 0.95 0.004999995 0 0 1.9 0 0.95 0.004999995 1.9 0 1.9 0.00999999 1.9 0.00999999 0 0.00999999 0.95 0.004999995 0 0.00999999 0 0 15 0.004999995 15 0.004999995 0 0 30 0 15 0.004999995 30 0 30 0.00999999 30 0.00999999 0 0.00999999 15 0.004999995 0 0.00999999 0 0 0.95 0.004999995 0.95 0.004999995 0 0 1.9 0 0.95 0.004999995 1.9 0 1.9 0.00999999 1.9 0.00999999 0 0.00999999 0.95 0.004999995 0.95 -15 0.95 15 0 0 0 0 0.95 15 -0.95 15 0 0 -0.95 15 -0.95 -15 -0.95 -15 0.95 -15 0 0 0 0.00999999 0 0 25 0.004999995 25 0.004999995 0 0 50 0 25 0.004999995 50 0 50 0.00999999 50 0.00999999 0 0.00999999 25 0.004999995 0 0.00999999 0 0 0.95 0.004999995 0.95 0.004999995 0 0 1.9 0 0.95 0.004999995 1.9 0 1.9 0.00999999 1.9 0.00999999 0 0.00999999 0.95 0.004999995 -84.6 0 0 0 -84.6 0.00999999 -84.6 0.00999999 0 0 0 0.00999999 -84.6 0.00999999 0 0.00999999 -40.65 2 -40.65 2 0 0.00999999 0 4 -40.65 2 0 4 -131.3 4 0 0 50 0 0 0.00999999 0 0.00999999 50 0 50 0.00999999 -131.3 4 -131.3 0 -40.65 2 -40.65 2 -131.3 0 -86.5 0.00999999 -40.65 2 -86.5 0.00999999 -84.6 0.00999999 -131.3 0 -86.5 0 -86.5 0.00999999 25 -0.95 25 0.95 0 0 0 0 25 0.95 -25 0.95 0 0 -25 0.95 -25 -0.95 -25 -0.95 25 -0.95 0 0 0.00999999 26.32667 0 26.32667 0.004999995 23.03584 0.004999995 23.03584 0 26.32667 0 23.03584 0.004999995 23.03584 0 23.03584 0.004999995 19.745 0.004999995 19.745 0 23.03584 0 19.745 0.004999995 19.745 0 19.745 0.004999995 16.45417 0.004999995 16.45417 0 19.745 0 16.45417 0.004999995 16.45417 0 16.45417 0.004999995 13.16334 0.004999995 13.16334 0 16.45417 0 13.16334 0.004999995 13.16334 0 13.16334 0.004999995 9.872502 0.004999995 9.872502 0 13.16334 0 9.872502 0.004999995 9.872502 0 9.872502 0.004999995 6.581668 0.004999995 6.581668 0 9.872502 0 6.581668 0.004999995 6.581668 0 6.581668 0.004999995 3.290834 0.004999995 3.290834 0 6.581668 0 3.290834 0.004999995 3.290834 0 3.290834 0 0 0 0 0.00999999 0 0.004999995 3.290834 0.004999995 3.290834 0.00999999 0 0.00999999 3.290834 0.004999995 3.290834 0.00999999 3.290834 0.004999995 6.581668 0.004999995 6.581668 0.00999999 3.290834 0.00999999 6.581668 0.004999995 6.581668 0.00999999 6.581668 0.004999995 9.872502 0.004999995 9.872502 0.00999999 6.581668 0.00999999 9.872502 0.004999995 9.872502 0.00999999 9.872502 0.004999995 13.16334 0.004999995 13.16334 0.00999999 9.872502 0.00999999 13.16334 0.004999995 13.16334 0.00999999 13.16334 0.004999995 16.45417 0.004999995 16.45417 0.00999999 13.16334 0.00999999 16.45417 0.004999995 16.45417 0.00999999 16.45417 0.004999995 19.745 0.004999995 19.745 0.00999999 16.45417 0.00999999 19.745 0.004999995 19.745 0.00999999 19.745 0.004999995 23.03584 0.004999995 23.03584 0.00999999 19.745 0.00999999 23.03584 0.004999995 23.03584 0.00999999 23.03584 0.00999999 26.32667 0 0.00999999 0 0 28.03591 0.004999995 28.03591 0.004999995 0 0 56.07182 0 28.03591 0.004999995 56.07182 0 56.07182 0.00999999 56.07182 0.00999999 0 0.00999999 28.03591 0.004999995 0 0.00999999 0 0 7.5 0.004999995 7.5 0.004999995 0 0 15 0 7.5 0.004999995 15 0 15 0.00999999 15 0.00999999 0 0.00999999 7.5 0.004999995 0 0.00999999 0 0 0.95 0.004999995 0.95 0.004999995 0 0 1.9 0 0.95 0.004999995 1.9 0 1.9 0.00999999 1.9 0.00999999 0 0.00999999 0.95 0.004999995 0 0.00999999 0 0 7.5 0.004999995 7.5 0.004999995 0 0 15 0 7.5 0.004999995 15 0 15 0.00999999 15 0.00999999 0 0.00999999 7.5 0.004999995 0 0.00999999 0 0 8.014091 0.004999995 8.014091 0.004999995 0 0 16.02818 0 8.014091 0.004999995 16.02818 0 16.02818 0.00999999 16.02818 0.00999999 0 0.00999999 8.014091 0.004999995 0.00999999 26.53413 0 26.53413 0.004999995 23.21737 0.004999995 23.21737 0 26.53413 0 23.21737 0.004999995 23.21737 0 23.21737 0.004999995 19.9006 0.004999995 19.9006 0 23.21737 0 19.9006 0.004999995 19.9006 0 19.9006 0.004999995 16.58383 0.004999995 16.58383 0 19.9006 0 16.58383 0.004999995 16.58383 0 16.58383 0.004999995 13.26707 0.004999995 13.26707 0 16.58383 0 13.26707 0.004999995 13.26707 0 13.26707 0.004999995 9.950301 0.004999995 9.950301 0 13.26707 0 9.950301 0.004999995 9.950301 0 9.950301 0.004999995 6.633533 0.004999995 6.633533 0 9.950301 0 6.633533 0.004999995 6.633533 0 6.633533 0.004999995 3.316767 0.004999995 3.316767 0 6.633533 0 3.316767 0.004999995 3.316767 0 3.316767 0 0 0 0 0.00999999 0 0.004999995 3.316767 0.004999995 3.316767 0.00999999 0 0.00999999 3.316767 0.004999995 3.316767 0.00999999 3.316767 0.004999995 6.633533 0.004999995 6.633533 0.00999999 3.316767 0.00999999 6.633533 0.004999995 6.633533 0.00999999 6.633533 0.004999995 9.950301 0.004999995 9.950301 0.00999999 6.633533 0.00999999 9.950301 0.004999995 9.950301 0.00999999 9.950301 0.004999995 13.26707 0.004999995 13.26707 0.00999999 9.950301 0.00999999 13.26707 0.004999995 13.26707 0.00999999 13.26707 0.004999995 16.58383 0.004999995 16.58383 0.00999999 13.26707 0.00999999 16.58383 0.004999995 16.58383 0.00999999 16.58383 0.004999995 19.9006 0.004999995 19.9006 0.00999999 16.58383 0.00999999 19.9006 0.004999995 19.9006 0.00999999 19.9006 0.004999995 23.21737 0.004999995 23.21737 0.00999999 19.9006 0.00999999 23.21737 0.004999995 23.21737 0.00999999 23.21737 0.00999999 26.53413 0 0.00999999 0 0 24.82177 0.004999995 24.82177 0.004999995 0 0 49.64354 0 24.82177 0.004999995 49.64354 0 49.64354 0.00999999 49.64354 0.00999999 0 0.00999999 24.82177 0.004999995 0 0.00999999 0 0 7.5 0.004999995 7.5 0.004999995 0 0 15 0 7.5 0.004999995 15 0 15 0.00999999 15 0.00999999 0 0.00999999 7.5 0.004999995 0 0.00999999 0 0 0.95 0.004999995 0.95 0.004999995 0 0 1.9 0 0.95 0.004999995 1.9 0 1.9 0.00999999 1.9 0.00999999 0 0.00999999 0.95 0.004999995 0 0.00999999 0 0 7.5 0.004999995 7.5 0.004999995 0 0 15 0 7.5 0.004999995 15 0 15 0.00999999 15 0.00999999 0 0.00999999 7.5 0.004999995 0 0.00999999 0 0 34.11833 0.004999995 34.11833 0.004999995 0 0 68.23667 0 34.11833 0.004999995 68.23667 0 68.23667 0.00999999 68.23667 0.00999999 0 0.00999999 34.11833 0.004999995 0 0.00999999 0 0 6.92907 0.004999995 6.92907 0.004999995 0 0 13.85814 0 6.92907 0.004999995 13.85814 0 13.85814 0.00999999 13.85814 0.00999999 0 0.00999999 6.92907 0.004999995 0 0.00999999 0 0 0.95 0.004999995 0.95 0.004999995 0 0 1.9 0 0.95 0.004999995 1.9 0 1.9 0.00999999 1.9 0.00999999 0 0.00999999 0.95 0.004999995 0 0.00999999 0 0 15 0.004999995 15 0.004999995 0 0 30 0 15 0.004999995 30 0 30 0.00999999 30 0.00999999 0 0.00999999 15 0.004999995 0 0.00999999 0 0 0.95 0.004999995 0.95 0.004999995 0 0 1.9 0 0.95 0.004999995 1.9 0 1.9 0.00999999 1.9 0.00999999 0 0.00999999 0.95 0.004999995 0 0.00999999 0 0 7.025 0.004999995 7.025 0.004999995 0 0 14.05 0 7.025 0.004999995 14.05 0 14.05 0.00999999 14.05 0.00999999 0 0.00999999 7.025 0.004999995 0 0.00999999 0 0 34.11833 0.004999995 34.11833 0.004999995 0 0 68.23667 0 34.11833 0.004999995 68.23667 0 68.23667 0.00999999 68.23667 0.00999999 0 0.00999999 34.11833 0.004999995 0 0.00999999 0 0 7.5 0.004999995 7.5 0.004999995 0 0 15 0 7.5 0.004999995 15 0 15 0.00999999 15 0.00999999 0 0.00999999 7.5 0.004999995 0 0.00999999 0 0 0.95 0.004999995 0.95 0.004999995 0 0 1.9 0 0.95 0.004999995 1.9 0 1.9 0.00999999 1.9 0.00999999 0 0.00999999 0.95 0.004999995 0 0.00999999 0 0 7.5 0.004999995 7.5 0.004999995 0 0 15 0 7.5 0.004999995 15 0 15 0.00999999 15 0.00999999 0 0.00999999 7.5 0.004999995 0 0.00999999 0 0 24.82177 0.004999995 24.82177 0.004999995 0 0 49.64354 0 24.82177 0.004999995 49.64354 0 49.64354 0.00999999 49.64354 0.00999999 0 0.00999999 24.82177 0.004999995 -0.00999999 0 0 0 -0.004999995 3.737493 -0.004999995 3.737493 0 0 0 3.737493 -0.004999995 3.737493 0 3.737493 -0.004999995 7.474986 -0.004999995 7.474986 0 3.737493 0 7.474986 -0.004999995 7.474986 0 7.474986 -0.004999995 11.21248 -0.004999995 11.21248 0 7.474986 0 11.21248 -0.004999995 11.21248 0 11.21248 -0.004999995 14.94997 -0.004999995 14.94997 0 11.21248 0 14.94997 -0.004999995 14.94997 0 14.94997 -0.004999995 18.68746 -0.004999995 18.68746 0 14.94997 0 18.68746 -0.004999995 18.68746 0 18.68746 -0.004999995 22.42496 -0.004999995 22.42496 0 18.68746 0 22.42496 -0.004999995 22.42496 0 22.42496 -0.004999995 26.16245 -0.004999995 26.16245 0 22.42496 0 26.16245 -0.004999995 26.16245 0 26.16245 0 29.89994 0 29.89994 -0.00999999 29.89994 -0.004999995 26.16245 -0.004999995 26.16245 -0.00999999 29.89994 -0.00999999 26.16245 -0.004999995 26.16245 -0.00999999 26.16245 -0.004999995 22.42496 -0.004999995 22.42496 -0.00999999 26.16245 -0.00999999 22.42496 -0.004999995 22.42496 -0.00999999 22.42496 -0.004999995 18.68746 -0.004999995 18.68746 -0.00999999 22.42496 -0.00999999 18.68746 -0.004999995 18.68746 -0.00999999 18.68746 -0.004999995 14.94997 -0.004999995 14.94997 -0.00999999 18.68746 -0.00999999 14.94997 -0.004999995 14.94997 -0.00999999 14.94997 -0.004999995 11.21248 -0.004999995 11.21248 -0.00999999 14.94997 -0.00999999 11.21248 -0.004999995 11.21248 -0.00999999 11.21248 -0.004999995 7.474986 -0.004999995 7.474986 -0.00999999 11.21248 -0.00999999 7.474986 -0.004999995 7.474986 -0.00999999 7.474986 -0.004999995 3.737493 -0.004999995 3.737493 -0.00999999 7.474986 -0.00999999 3.737493 -0.004999995 3.737493 -0.00999999 3.737493 -0.00999999 0 0 0.00999999 0 0 8.014091 0.004999995 8.014091 0.004999995 0 0 16.02818 0 8.014091 0.004999995 16.02818 0 16.02818 0.00999999 16.02818 0.00999999 0 0.00999999 8.014091 0.004999995 0 0.00999999 0 0 7.5 0.004999995 7.5 0.004999995 0 0 15 0 7.5 0.004999995 15 0 15 0.00999999 15 0.00999999 0 0.00999999 7.5 0.004999995 0 0.00999999 0 0 0.95 0.004999995 0.95 0.004999995 0 0 1.9 0 0.95 0.004999995 1.9 0 1.9 0.00999999 1.9 0.00999999 0 0.00999999 0.95 0.004999995 0 0.00999999 0 0 7.5 0.004999995 7.5 0.004999995 0 0 15 0 7.5 0.004999995 15 0 15 0.00999999 15 0.00999999 0 0.00999999 7.5 0.004999995 0 0.00999999 0 0 28.03591 0.004999995 28.03591 0.004999995 0 0 56.07182 0 28.03591 0.004999995 56.07182 0 56.07182 0.00999999 56.07182 0.00999999 0 0.00999999 28.03591 0.004999995 -0.00999999 0 0 0 -0.004999995 3.692052 -0.004999995 3.692052 0 0 0 3.692052 -0.004999995 3.692052 0 3.692052 -0.004999995 7.384103 -0.004999995 7.384103 0 3.692052 0 7.384103 -0.004999995 7.384103 0 7.384103 -0.004999995 11.07615 -0.004999995 11.07615 0 7.384103 0 11.07615 -0.004999995 11.07615 0 11.07615 -0.004999995 14.76821 -0.004999995 14.76821 0 11.07615 0 14.76821 -0.004999995 14.76821 0 14.76821 -0.004999995 18.46026 -0.004999995 18.46026 0 14.76821 0 18.46026 -0.004999995 18.46026 0 18.46026 -0.004999995 22.15231 -0.004999995 22.15231 0 18.46026 0 22.15231 -0.004999995 22.15231 0 22.15231 -0.004999995 25.84436 -0.004999995 25.84436 0 22.15231 0 25.84436 -0.004999995 25.84436 0 25.84436 0 29.53641 0 29.53641 -0.00999999 29.53641 -0.004999995 25.84436 -0.004999995 25.84436 -0.00999999 29.53641 -0.00999999 25.84436 -0.004999995 25.84436 -0.00999999 25.84436 -0.004999995 22.15231 -0.004999995 22.15231 -0.00999999 25.84436 -0.00999999 22.15231 -0.004999995 22.15231 -0.00999999 22.15231 -0.004999995 18.46026 -0.004999995 18.46026 -0.00999999 22.15231 -0.00999999 18.46026 -0.004999995 18.46026 -0.00999999 18.46026 -0.004999995 14.76821 -0.004999995 14.76821 -0.00999999 18.46026 -0.00999999 14.76821 -0.004999995 14.76821 -0.00999999 14.76821 -0.004999995 11.07615 -0.004999995 11.07615 -0.00999999 14.76821 -0.00999999 11.07615 -0.004999995 11.07615 -0.00999999 11.07615 -0.004999995 7.384103 -0.004999995 7.384103 -0.00999999 11.07615 -0.00999999 7.384103 -0.004999995 7.384103 -0.00999999 7.384103 -0.004999995 3.692052 -0.004999995 3.692052 -0.00999999 7.384103 -0.00999999 3.692052 -0.004999995 3.692052 -0.00999999 3.692052 -0.00999999 0 0 0.00999999 0 0 0.95 0.004999995 0.95 0.004999995 0 0 1.9 0 0.95 0.004999995 1.9 0 1.9 0.00999999 1.9 0.00999999 0 0.00999999 0.95 0.004999995 -58.84178 -40.08788 -60.74178 -40.08788 -58.69239 -43.16535 -58.69239 -43.16535 -60.74178 -40.08788 -60.61841 -43.50914 -58.69239 -43.16535 -60.61841 -43.50914 -59.96249 -46.99532 -58.69239 -43.16535 -59.96249 -46.99532 -58.09475 -46.28698 -58.09475 -46.28698 -59.96249 -46.99532 -58.74867 -50.42169 -58.09475 -46.28698 -58.74867 -50.42169 -57.03181 -49.35467 -57.03181 -49.35467 -58.74867 -50.42169 -56.99121 -53.65547 -57.03181 -49.35467 -56.99121 -53.65547 -55.51553 -52.26529 -55.51553 -52.26529 -56.99121 -53.65547 -53.58792 -54.92144 -53.58792 -54.92144 -56.99121 -53.65547 -54.74584 -56.57168 -53.58792 -54.92144 -54.74584 -56.57168 -51.31738 -57.24205 -51.31738 -57.24205 -54.74584 -56.57168 -52.10426 -59.06876 -51.31738 -57.24205 -52.10426 -59.06876 -48.79086 -59.17038 -48.79086 -59.17038 -52.10426 -59.06876 -49.18213 -61.07994 -48.79086 -59.17038 -49.18213 -61.07994 -46.10375 -60.67788 -46.10375 -60.67788 -49.18213 -61.07994 -46.10375 -62.57788 -46.10375 -60.67788 -46.10375 -62.57788 9.968069 -62.57788 9.968069 -77.57788 11.86807 -77.57788 9.968069 -62.57788 9.968069 -62.57788 11.86807 -77.57788 11.86807 -62.57788 9.968069 -62.57788 11.86807 -62.57788 11.86807 -60.67788 11.86807 -60.67788 11.86807 -62.57788 27.89625 -60.67788 27.89625 -60.67788 11.86807 -62.57788 27.89625 -62.57788 27.89625 -60.67788 27.89625 -62.57788 31.18678 -62.16918 34.52715 -61.10527 33.77359 -59.28443 31.18678 -62.16918 31.18678 -62.16918 33.77359 -59.28443 30.81803 -60.26974 31.18678 -62.16918 30.81803 -60.26974 27.89625 -60.67788 33.77359 -59.28443 34.52715 -61.10527 36.59262 -57.69481 36.59262 -57.69481 34.52715 -61.10527 37.72218 -59.35133 36.59262 -57.69481 37.72218 -59.35133 39.09396 -55.54179 39.09396 -55.54179 37.72218 -59.35133 40.56259 -56.95141 39.09396 -55.54179 40.56259 -56.95141 41.11981 -52.93639 41.11981 -52.93639 40.56259 -56.95141 42.86524 -54.03159 41.11981 -52.93639 42.86524 -54.03159 42.56716 -50.04174 42.56716 -50.04174 42.86524 -54.03159 44.51032 -50.77917 42.56716 -50.04174 44.51032 -50.77917 43.40415 -47.0408 43.40415 -47.0408 44.51032 -50.77917 45.46084 -47.40479 43.40415 -47.0408 45.46084 -47.40479 43.66636 -44.10233 43.66636 -44.10233 45.46084 -47.40479 45.75822 -44.10233 43.66636 -44.10233 45.75822 -44.10233 45.75822 5.54121 60.75822 5.54121 45.75822 7.44121 45.75822 5.54121 45.75822 5.54121 45.75822 7.44121 43.66636 7.44121 45.75822 5.54121 43.66636 7.44121 43.66636 5.54121 43.66636 5.54121 43.66636 7.44121 28.66636 7.44121 43.66636 5.54121 28.66636 7.44121 28.66636 5.54121 60.75822 5.54121 60.75822 7.44121 45.75822 7.44121 43.66636 7.44121 45.75822 7.44121 43.66636 75.67788 43.66636 75.67788 45.75822 7.44121 45.75822 75.67788 43.66636 75.67788 45.75822 75.67788 29.80822 77.57788 29.80822 77.57788 45.75822 75.67788 59.80821 77.57788 59.80821 77.57788 45.75822 75.67788 59.80821 75.67788 29.80822 77.57788 29.80822 75.67788 43.66636 75.67788 43.66636 5.54121 43.66636 -44.10233 45.75822 5.54121 11.86807 -45.67788 9.968069 -45.67788 11.86807 -60.67788 11.86807 -60.67788 9.968069 -45.67788 9.968069 -60.67788 11.86807 -60.67788 9.968069 -60.67788 9.968069 -62.57788 9.968069 -62.57788 9.968069 -60.67788 -46.10375 -60.67788 0 0.00999999 0 0 15 0.004999995 15 0.004999995 0 0 30 0 15 0.004999995 30 0 30 0.00999999 30 0.00999999 0 0.00999999 15 0.004999995 0 0.00999999 0 0 0.95 0.004999995 0.95 0.004999995 0 0 1.9 0 0.95 0.004999995 1.9 0 1.9 0.00999999 1.9 0.00999999 0 0.00999999 0.95 0.004999995 0 0.00999999 0 0 15 0.004999995 15 0.004999995 0 0 30 0 15 0.004999995 30 0 30 0.00999999 30 0.00999999 0 0.00999999 15 0.004999995 0 0.00999999 0 0 0.95 0.004999995 0.95 0.004999995 0 0 1.9 0 0.95 0.004999995 1.9 0 1.9 0.00999999 1.9 0.00999999 0 0.00999999 0.95 0.004999995 0.95 -15 0.95 15 0 0 0 0 0.95 15 -0.95 15 0 0 -0.95 15 -0.95 -15 -0.95 -15 0.95 -15 0 0 0 0.00999999 0 0 0.95 0.004999995 0.95 0.004999995 0 0 1.9 0 0.95 0.004999995 1.9 0 1.9 0.00999999 1.9 0.00999999 0 0.00999999 0.95 0.004999995 0 0.00999999 0 0 7.5 0.004999995 7.5 0.004999995 0 0 15 0 7.5 0.004999995 15 0 15 0.00999999 15 0.00999999 0 0.00999999 7.5 0.004999995 0 0.00999999 0 0 2.5 0.004999995 2.5 0.004999995 0 0 5 0 2.5 0.004999995 5 0 5 0.00999999 5 0.00999999 0 0.00999999 2.5 0.004999995 0 0.00999999 0 0 2.5 0.004999995 2.5 0.004999995 0 0 5 0 2.5 0.004999995 5 0 5 0.00999999 5 0.00999999 0 0.00999999 2.5 0.004999995 0 0.00999999 0 0 7.5 0.004999995 7.5 0.004999995 0 0 15 0 7.5 0.004999995 15 0 15 0.00999999 15 0.00999999 0 0.00999999 7.5 0.004999995 0 0.00999999 0 0 0.95 0.004999995 0.95 0.004999995 0 0 1.9 0 0.95 0.004999995 1.9 0 1.9 0.00999999 1.9 0.00999999 0 0.00999999 0.95 0.004999995 0 0.00999999 0 0 7.5 0.004999995 7.5 0.004999995 0 0 15 0 7.5 0.004999995 15 0 15 0.00999999 15 0.00999999 0 0.00999999 7.5 0.004999995 0 0.00999999 0 0 61.55 0.004999995 61.55 0.004999995 0 0 123.1 0 61.55 0.004999995 123.1 0 123.1 0.00999999 123.1 0.00999999 0 0.00999999 61.55 0.004999995 0 0.00999999 0 0 7.5 0.004999995 7.5 0.004999995 0 0 15 0 7.5 0.004999995 15 0 15 0.00999999 15 0.00999999 0 0.00999999 7.5 0.004999995 0 0.00999999 0 0 0.95 0.004999995 0.95 0.004999995 0 0 1.9 0 0.95 0.004999995 1.9 0 1.9 0.00999999 1.9 0.00999999 0 0.00999999 0.95 0.004999995 0 0.00999999 0 0 15.95 0.004999995 15.95 0.004999995 0 0 15 0 15.95 0.004999995 15 0 16.9 0 16.9 0 31.9 0 15.95 0.004999995 15.95 0.004999995 31.9 0 31.9 0.00999999 15.95 0.004999995 31.9 0.00999999 0 0.00999999 0 0.00999999 0 0 0.95 0.004999995 0.95 0.004999995 0 0 1.9 0 0.95 0.004999995 1.9 0 1.9 0.00999999 1.9 0.00999999 0 0.00999999 0.95 0.004999995 0 0.00999999 0 0 7.5 0.004999995 7.5 0.004999995 0 0 15 0 7.5 0.004999995 15 0 15 0.00999999 15 0.00999999 0 0.00999999 7.5 0.004999995 0 0.00999999 0 0 61.55 0.004999995 61.55 0.004999995 0 0 123.1 0 61.55 0.004999995 123.1 0 123.1 0.00999999 123.1 0.00999999 0 0.00999999 61.55 0.004999995 0 0.00999999 0 0 7.5 0.004999995 7.5 0.004999995 0 0 15 0 7.5 0.004999995 15 0 15 0.00999999 15 0.00999999 0 0.00999999 7.5 0.004999995 15.95 -59.05 0.95 -59.05 15.95 -60.95 15.95 -60.95 0.95 -59.05 0.95 -60.95 0.95 -60.95 0.95 -59.05 -0.95 -59.05 0.95 -60.95 -0.95 -59.05 -0.95 -60.95 -0.95 -60.95 -0.95 -59.05 -15.95 -59.05 -0.95 -60.95 -15.95 -59.05 -15.95 -60.95 -0.95 -59.05 0.95 -59.05 0 0 0 0 0.95 -59.05 0.95 64.05001 0 0 0.95 64.05001 -0.95 64.05001 -0.95 64.05001 0.95 64.05001 -15.95 65.95 -0.95 64.05001 -15.95 65.95 -15.95 64.05001 15.95 64.05001 15.95 65.95 0.95 64.05001 0.95 64.05001 15.95 65.95 -15.95 65.95 -0.95 64.05001 -0.95 -59.05 0 0 -0.95 -60.95 -0.95 -65.95 0.95 -60.95 0.95 -60.95 -0.95 -65.95 0.95 -65.95 0 31.5 0 0 8 15.75 8 15.75 0 0 16 0 8 15.75 16 0 16 31.5 16 31.5 0 31.5 8 15.75 0 31.5 0 0 8 15.75 8 15.75 0 0 16 0 8 15.75 16 0 16 31.5 16 31.5 0 31.5 8 15.75 8 30 -8 30 0 0 0 0 -8 30 -8 -30 0 0 -8 -30 8 -30 8 -30 8 30 0 0 123 0 131 0 127.5 10 127.5 10 131 0 131 16 127.5 10 131 16 123 16 123 16 131 16 110 20 123 16 110 20 110 16 145 16 145 20 131 16 131 16 145 20 110 20 123 16 123 0 127.5 10 191 0 207.5 10 191 16 191 16 207.5 10 240 20 191 16 240 20 175 20 191 0 240 0 207.5 10 207.5 10 240 0 240 20 175 20 175 16 191 16 0 31.5 0 0 8 15.75 8 15.75 0 0 16 0 8 15.75 16 0 16 31.5 16 31.5 0 31.5 8 15.75 0 31.5 0 0 8 15.75 8 15.75 0 0 16 0 8 15.75 16 0 16 31.5 16 31.5 0 31.5 8 15.75 8 30 -8 30 0 0 0 0 -8 30 -8 -30 0 0 -8 -30 8 -30 8 -30 8 30 0 0 55 0 63 0 62.5 10 62.5 10 63 0 63 16 62.5 10 63 16 55 16 55 16 63 16 45 20 55 16 45 20 45 16 80 16 80 20 63 16 63 16 80 20 45 20 55 16 55 0 62.5 10 0 31.5 0 0 8 15.75 8 15.75 0 0 16 0 8 15.75 16 0 16 31.5 16 31.5 0 31.5 8 15.75 0 31.5 0 0 10 15.75 10 15.75 0 0 20 0 10 15.75 20 0 20 31.5 20 31.5 0 31.5 10 15.75 5 0 5 31.5 0 0 0 0 5 31.5 -1.2 31.5 0 0 -1.2 31.5 -1.2 0 0 0 -1.2 0 -1.2 -1.2 -1.2 -1.2 -1.2 0 -15 0 -1.2 -1.2 -15 0 -15 -1.2 -1.2 -1.2 -1.2 -183.8 0 0 0 0 -1.2 -183.8 0 -185 0 -185 -1.2 -183.8 -185 -183.8 0 -185 -185 -183.8 -186.9 -185 -186.9 -185 -185 -183.8 -186.9 -55 -186.9 -55 -185 -183.8 -185 -52.5 -186.9 -55 -185 -52.5 -238.8 -52.5 -238.8 -1.2 -240 0 -238.8 -52.5 -238.8 -52.5 -240 0 -240 -55 -238.8 -52.5 -240 -55 -186.9 -55 -175 -1.2 -175 0 -238.8 -1.2 -238.8 -1.2 -175 0 -240 0 2.5 10 -2.5 10 0 0 0 0 -2.5 10 -2.5 -10 0 0 -2.5 -10 2.5 -10 2.5 -10 2.5 10 0 0 10 -3.7 10 2.5 6 -3.7 6 -3.7 10 2.5 -10 2.5 6 -3.7 -10 2.5 0 -27.5 0 -27.5 -10 2.5 -10 -57.5 0 -27.5 -10 -57.5 6 -57.5 6 -57.5 6 -3.7 0 -27.5 16 1.9 20 1.9 16 2 16 2 20 1.9 10 28.45 16 2 10 28.45 0 2 0 2 10 28.45 0 55 0 55 10 28.45 20 55 20 55 10 28.45 20 1.9 -10 27.5 -10 -27.5 0 0 0 0 -10 -27.5 10 -27.5 0 0 10 -27.5 10 27.5 10 27.5 -10 27.5 0 0 0 20 0 0 92.5 10 92.5 10 0 0 185 0 92.5 10 185 0 185 20 185 20 0 20 92.5 10 185 0 91.5 10 -2 0 -2 0 91.5 10 -1.9 16 -2 0 -1.9 16 -2 16 185 0 185 20 91.5 10 91.5 10 185 20 -1.9 20 91.5 10 -1.9 20 -1.9 16 92.5 92.5 -92.5 92.5 15.75 -25 15.75 -25 -92.5 92.5 -92.5 -94.5 15.75 -25 -92.5 -94.5 37.5 -94.5 37.5 -147.5 92.5 -98.5 37.5 -94.5 37.5 -94.5 92.5 -98.5 92.5 -38.5 37.5 -94.5 92.5 -38.5 15.75 -25 15.75 -25 92.5 -38.5 92.5 -30.5 15.75 -25 92.5 -30.5 92.5 29.5 92.5 29.5 92.5 -30.5 124 29.5 124 29.5 92.5 -30.5 124 -30.5 37.5 -147.5 92.5 -147.5 92.5 -98.5 92.5 -98.5 124 -98.5 92.5 -38.5 92.5 -38.5 124 -98.5 124 -38.5 92.5 29.5 92.5 37.5 15.75 -25 15.75 -25 92.5 37.5 92.5 92.5 92.5 37.5 124 37.5 92.5 92.5 92.5 92.5 124 37.5 124 97.5 92.5 92.5 124 97.5 92.5 97.5</float_array>
          <technique_common>
            <accessor source="#Body1-mesh-map-0-array" count="2670" stride="2">
              <param name="S" type="float"/>
              <param name="T" type="float"/>
            </accessor>
          </technique_common>
        </source>
        <source id="Body1-mesh-colors-Attribute" name="Attribute">
          <float_array id="Body1-mesh-colors-Attribute-array" count="10680">1 1 1 1 1 1 1 1 1 1 1 1 1 1 1 1 1 1 1 1 1 1 1 1 1 1 1 1 1 1 1 1 1 1 1 1 1 1 1 1 1 1 1 1 1 1 1 1 1 1 1 1 1 1 1 1 1 1 1 1 1 1 1 1 1 1 1 1 1 1 1 1 1 1 1 1 1 1 1 1 1 1 1 1 1 1 1 1 1 1 1 1 1 1 1 1 1 1 1 1 1 1 1 1 1 1 1 1 1 1 1 1 1 1 1 1 1 1 1 1 1 1 1 1 1 1 1 1 1 1 1 1 1 1 1 1 1 1 1 1 1 1 1 1 1 1 1 1 1 1 1 1 1 1 1 1 1 1 1 1 1 1 1 1 1 1 1 1 1 1 1 1 1 1 1 1 1 1 1 1 1 1 1 1 1 1 1 1 1 1 1 1 1 1 1 1 1 1 1 1 1 1 1 1 1 1 1 1 1 1 1 1 1 1 1 1 1 1 1 1 1 1 1 1 1 1 1 1 1 1 1 1 1 1 1 1 1 1 1 1 1 1 1 1 1 1 1 1 1 1 1 1 1 1 1 1 1 1 1 1 1 1 1 1 1 1 1 1 1 1 1 1 1 1 1 1 1 1 1 1 1 1 1 1 1 1 1 1 1 1 1 1 1 1 1 1 1 1 1 1 1 1 1 1 1 1 1 1 1 1 1 1 1 1 1 1 1 1 1 1 1 1 1 1 1 1 1 1 1 1 1 1 1 1 1 1 1 1 1 1 1 1 1 1 1 1 1 1 1 1 1 1 1 1 1 1 1 1 1 1 1 1 1 1 1 1 1 1 1 1 1 1 1 1 1 1 1 1 1 1 1 1 1 1 1 1 1 1 1 1 1 1 1 1 1 1 1 1 1 1 1 1 1 1 1 1 1 1 1 1 1 1 1 1 1 1 1 1 1 1 1 1 1 1 1 1 1 1 1 1 1 1 1 1 1 1 1 1 1 1 1 1 1 1 1 1 1 1 1 1 1 1 1 1 1 1 1 1 1 1 1 1 1 1 1 1 1 1 1 1 1 1 1 1 1 1 1 1 1 1 1 1 1 1 1 1 1 1 1 1 1 1 1 1 1 1 1 1 1 1 1 1 1 1 1 1 1 1 1 1 1 1 1 1 1 1 1 1 1 1 1 1 1 1 1 1 1 1 1 1 1 1 1 1 1 1 1 1 1 1 1 1 1 1 1 1 1 1 1 1 1 1 1 1 1 1 1 1 1 1 1 1 1 1 1 1 1 1 1 1 1 1 1 1 1 1 1 1 1 1 1 1 1 1 1 1 1 1 1 1 1 1 1 1 1 1 1 1 1 1 1 1 1 1 1 1 1 1 1 1 1 1 1 1 1 1 1 1 1 1 1 1 1 1 1 1 1 1 1 1 1 1 1 1 1 1 1 1 1 1 1 1 1 1 1 1 1 1 1 1 1 1 1 1 1 1 1 1 1 1 1 1 1 1 1 1 1 1 1 1 1 1 1 1 1 1 1 1 1 1 1 1 1 1 1 1 1 1 1 1 1 1 1 1 1 1 1 1 1 1 1 1 1 1 1 1 1 1 1 1 1 1 1 1 1 1 1 1 1 1 1 1 1 1 1 1 1 1 1 1 1 1 1 1 1 1 1 1 1 1 1 1 1 1 1 1 1 1 1 1 1 1 1 1 1 1 1 1 1 1 1 1 1 1 1 1 1 1 1 1 1 1 1 1 1 1 1 1 1 1 1 1 1 1 1 1 1 1 1 1 1 1 1 1 1 1 1 1 1 1 1 1 1 1 1 1 1 1 1 1 1 1 1 1 1 1 1 1 1 1 1 1 1 1 1 1 1 1 1 1 1 1 1 1 1 1 1 1 1 1 1 1 1 1 1 1 1 1 1 1 1 1 1 1 1 1 1 1 1 1 1 1 1 1 1 1 1 1 1 1 1 1 1 1 1 1 1 1 1 1 1 1 1 1 1 1 1 1 1 1 1 1 1 1 1 1 1 1 1 1 1 1 1 1 1 1 1 1 1 1 1 1 1 1 1 1 1 1 1 1 1 1 1 1 1 1 1 1 1 1 1 1 1 1 1 1 1 1 1 1 1 1 1 1 1 1 1 1 1 1 1 1 1 1 1 1 1 1 1 1 1 1 1 1 1 1 1 1 1 1 1 1 1 1 1 1 1 1 1 1 1 1 1 1 1 1 1 1 1 1 1 1 1 1 1 1 1 1 1 1 1 1 1 1 1 1 1 1 1 1 1 1 1 1 1 1 1 1 1 1 1 1 1 1 1 1 1 1 1 1 1 1 1 1 1 1 1 1 1 1 1 1 1 1 1 1 1 1 1 1 1 1 1 1 1 1 1 1 1 1 1 1 1 1 1 1 1 1 1 1 1 1 1 1 1 1 1 1 1 1 1 1 1 1 1 1 1 1 1 1 1 1 1 1 1 1 1 1 1 1 1 1 1 1 1 1 1 1 1 1 1 1 1 1 1 1 1 1 1 1 1 1 1 1 1 1 1 1 1 1 1 1 1 1 1 1 1 1 1 1 1 1 1 1 1 1 1 1 1 1 1 1 1 1 1 1 1 1 1 1 1 1 1 1 1 1 1 1 1 1 1 1 1 1 1 1 1 1 1 1 1 1 1 1 1 1 1 1 1 1 1 1 1 1 1 1 1 1 1 1 1 1 1 1 1 1 1 1 1 1 1 1 1 1 1 1 1 1 1 1 1 1 1 1 1 1 1 1 1 1 1 1 1 1 1 1 1 1 1 1 1 1 1 1 1 1 1 1 1 1 1 1 1 1 1 1 1 1 1 1 1 1 1 1 1 1 1 1 1 1 1 1 1 1 1 1 1 1 1 1 1 1 1 1 1 1 1 1 1 1 1 1 1 1 1 1 1 1 1 1 1 1 1 1 1 1 1 1 1 1 1 1 1 1 1 1 1 1 1 1 1 1 1 1 1 1 1 1 1 1 1 1 1 1 1 1 1 1 1 1 1 1 1 1 1 1 1 1 1 1 1 1 1 1 1 1 1 1 1 1 1 1 1 1 1 1 1 1 1 1 1 1 1 1 1 1 1 1 1 1 1 1 1 1 1 1 1 1 1 1 1 1 1 1 1 1 1 1 1 1 1 1 1 1 1 1 1 1 1 1 1 1 1 1 1 1 1 1 1 1 1 1 1 1 1 1 1 1 1 1 1 1 1 1 1 1 1 1 1 1 1 1 1 1 1 1 1 1 1 1 1 1 1 1 1 1 1 1 1 1 1 1 1 1 1 1 1 1 1 1 1 1 1 1 1 1 1 1 1 1 1 1 1 1 1 1 1 1 1 1 1 1 1 1 1 1 1 1 1 1 1 1 1 1 1 1 1 1 1 1 1 1 1 1 1 1 1 1 1 1 1 1 1 1 1 1 1 1 1 1 1 1 1 1 1 1 1 1 1 1 1 1 1 1 1 1 1 1 1 1 1 1 1 1 1 1 1 1 1 1 1 1 1 1 1 1 1 1 1 1 1 1 1 1 1 1 1 1 1 1 1 1 1 1 1 1 1 1 1 1 1 1 1 1 1 1 1 1 1 1 1 1 1 1 1 1 1 1 1 1 1 1 1 1 1 1 1 1 1 1 1 1 1 1 1 1 1 1 1 1 1 1 1 1 1 1 1 1 1 1 1 1 1 1 1 1 1 1 1 1 1 1 1 1 1 1 1 1 1 1 1 1 1 1 1 1 1 1 1 1 1 1 1 1 1 1 1 1 1 1 1 1 1 1 1 1 1 1 1 1 1 1 1 1 1 1 1 1 1 1 1 1 1 1 1 1 1 1 1 1 1 1 1 1 1 1 1 1 1 1 1 1 1 1 1 1 1 1 1 1 1 1 1 1 1 1 1 1 1 1 1 1 1 1 1 1 1 1 1 1 1 1 1 1 1 1 1 1 1 1 1 1 1 1 1 1 1 1 1 1 1 1 1 1 1 1 1 1 1 1 1 1 1 1 1 1 1 1 1 1 1 1 1 1 1 1 1 1 1 1 1 1 1 1 1 1 1 1 1 1 1 1 1 1 1 1 1 1 1 1 1 1 1 1 1 1 1 1 1 1 1 1 1 1 1 1 1 1 1 1 1 1 1 1 1 1 1 1 1 1 1 1 1 1 1 1 1 1 1 1 1 1 1 1 1 1 1 1 1 1 1 1 1 1 1 1 1 1 1 1 1 1 1 1 1 1 1 1 1 1 1 1 1 1 1 1 1 1 1 1 1 1 1 1 1 1 1 1 1 1 1 1 1 1 1 1 1 1 1 1 1 1 1 1 1 1 1 1 1 1 1 1 1 1 1 1 1 1 1 1 1 1 1 1 1 1 1 1 1 1 1 1 1 1 1 1 1 1 1 1 1 1 1 1 1 1 1 1 1 1 1 1 1 1 1 1 1 1 1 1 1 1 1 1 1 1 1 1 1 1 1 1 1 1 1 1 1 1 1 1 1 1 1 1 1 1 1 1 1 1 1 1 1 1 1 1 1 1 1 1 1 1 1 1 1 1 1 1 1 1 1 1 1 1 1 1 1 1 1 1 1 1 1 1 1 1 1 1 1 1 1 1 1 1 1 1 1 1 1 1 1 1 1 1 1 1 1 1 1 1 1 1 1 1 1 1 1 1 1 1 1 1 1 1 1 1 1 1 1 1 1 1 1 1 1 1 1 1 1 1 1 1 1 1 1 1 1 1 1 1 1 1 1 1 1 1 1 1 1 1 1 1 1 1 1 1 1 1 1 1 1 1 1 1 1 1 1 1 1 1 1 1 1 1 1 1 1 1 1 1 1 1 1 1 1 1 1 1 1 1 1 1 1 1 1 1 1 1 1 1 1 1 1 1 1 1 1 1 1 1 1 1 1 1 1 1 1 1 1 1 1 1 1 1 1 1 1 1 1 1 1 1 1 1 1 1 1 1 1 1 1 1 1 1 1 1 1 1 1 1 1 1 1 1 1 1 1 1 1 1 1 1 1 1 1 1 1 1 1 1 1 1 1 1 1 1 1 1 1 1 1 1 1 1 1 1 1 1 1 1 1 1 1 1 1 1 1 1 1 1 1 1 1 1 1 1 1 1 1 1 1 1 1 1 1 1 1 1 1 1 1 1 1 1 1 1 1 1 1 1 1 1 1 1 1 1 1 1 1 1 1 1 1 1 1 1 1 1 1 1 1 1 1 1 1 1 1 1 1 1 1 1 1 1 1 1 1 1 1 1 1 1 1 1 1 1 1 1 1 1 1 1 1 1 1 1 1 1 1 1 1 1 1 1 1 1 1 1 1 1 1 1 1 1 1 1 1 1 1 1 1 1 1 1 1 1 1 1 1 1 1 1 1 1 1 1 1 1 1 1 1 1 1 1 1 1 1 1 1 1 1 1 1 1 1 1 1 1 1 1 1 1 1 1 1 1 1 1 1 1 1 1 1 1 1 1 1 1 1 1 1 1 1 1 1 1 1 1 1 1 1 1 1 1 1 1 1 1 1 1 1 1 1 1 1 1 1 1 1 1 1 1 1 1 1 1 1 1 1 1 1 1 1 1 1 1 1 1 1 1 1 1 1 1 1 1 1 1 1 1 1 1 1 1 1 1 1 1 1 1 1 1 1 1 1 1 1 1 1 1 1 1 1 1 1 1 1 1 1 1 1 1 1 1 1 1 1 1 1 1 1 1 1 1 1 1 1 1 1 1 1 1 1 1 1 1 1 1 1 1 1 1 1 1 1 1 1 1 1 1 1 1 1 1 1 1 1 1 1 1 1 1 1 1 1 1 1 1 1 1 1 1 1 1 1 1 1 1 1 1 1 1 1 1 1 1 1 1 1 1 1 1 1 1 1 1 1 1 1 1 1 1 1 1 1 1 1 1 1 1 1 1 1 1 1 1 1 1 1 1 1 1 1 1 1 1 1 1 1 1 1 1 1 1 1 1 1 1 1 1 1 1 1 1 1 1 1 1 1 1 1 1 1 1 1 1 1 1 1 1 1 1 1 1 1 1 1 1 1 1 1 1 1 1 1 1 1 1 1 1 1 1 1 1 1 1 1 1 1 1 1 1 1 1 1 1 1 1 1 1 1 1 1 1 1 1 1 1 1 1 1 1 1 1 1 1 1 1 1 1 1 1 1 1 1 1 1 1 1 1 1 1 1 1 1 1 1 1 1 1 1 1 1 1 1 1 1 1 1 1 1 1 1 1 1 1 1 1 1 1 1 1 1 1 1 1 1 1 1 1 1 1 1 1 1 1 1 1 1 1 1 1 1 1 1 1 1 1 1 1 1 1 1 1 1 1 1 1 1 1 1 1 1 1 1 1 1 1 1 1 1 1 1 1 1 1 1 1 1 1 1 1 1 1 1 1 1 1 1 1 1 1 1 1 1 1 1 1 1 1 1 1 1 1 1 1 1 1 1 1 1 1 1 1 1 1 1 1 1 1 1 1 1 1 1 1 1 1 1 1 1 1 1 1 1 1 1 1 1 1 1 1 1 1 1 1 1 1 1 1 1 1 1 1 1 1 1 1 1 1 1 1 1 1 1 1 1 1 1 1 1 1 1 1 1 1 1 1 1 1 1 1 1 1 1 1 1 1 1 1 1 1 1 1 1 1 1 1 1 1 1 1 1 1 1 1 1 1 1 1 1 1 1 1 1 1 1 1 1 1 1 1 1 1 1 1 1 1 1 1 1 1 1 1 1 1 1 1 1 1 1 1 1 1 1 1 1 1 1 1 1 1 1 1 1 1 1 1 1 1 1 1 1 1 1 1 1 1 1 1 1 1 1 1 1 1 1 1 1 1 1 1 1 1 1 1 1 1 1 1 1 1 1 1 1 1 1 1 1 1 1 1 1 1 1 1 1 1 1 1 1 1 1 1 1 1 1 1 1 1 1 1 1 1 1 1 1 1 1 1 1 1 1 1 1 1 1 1 1 1 1 1 1 1 1 1 1 1 1 1 1 1 1 1 1 1 1 1 1 1 1 1 1 1 1 1 1 1 1 1 1 1 1 1 1 1 1 1 1 1 1 1 1 1 1 1 1 1 1 1 1 1 1 1 1 1 1 1 1 1 1 1 1 1 1 1 1 1 1 1 1 1 1 1 1 1 1 1 1 1 1 1 1 1 1 1 1 1 1 1 1 1 1 1 1 1 1 1 1 1 1 1 1 1 1 1 1 1 1 1 1 1 1 1 1 1 1 1 1 1 1 1 1 1 1 1 1 1 1 1 1 1 1 1 1 1 1 1 1 1 1 1 1 1 1 1 1 1 1 1 1 1 1 1 1 1 1 1 1 1 1 1 1 1 1 1 1 1 1 1 1 1 1 1 1 1 1 1 1 1 1 1 1 1 1 1 1 1 1 1 1 1 1 1 1 1 1 1 1 1 1 1 1 1 1 1 1 1 1 1 1 1 1 1 1 1 1 1 1 1 1 1 1 1 1 1 1 1 1 1 1 1 1 1 1 1 1 1 1 1 1 1 1 1 1 1 1 1 1 1 1 1 1 1 1 1 1 1 1 1 1 1 1 1 1 1 1 1 1 1 1 1 1 1 1 1 1 1 1 1 1 1 1 1 1 1 1 1 1 1 1 1 1 1 1 1 1 1 1 1 1 1 1 1 1 1 1 1 1 1 1 1 1 1 1 1 1 1 1 1 1 1 1 1 1 1 1 1 1 1 1 1 1 1 1 1 1 1 1 1 1 1 1 1 1 1 1 1 1 1 1 1 1 1 1 1 1 1 1 1 1 1 1 1 1 1 1 1 1 1 1 1 1 1 1 1 1 1 1 1 1 1 1 1 1 1 1 1 1 1 1 1 1 1 1 1 1 1 1 1 1 1 1 1 1 1 1 1 1 1 1 1 1 1 1 1 1 1 1 1 1 1 1 1 1 1 1 1 1 1 1 1 1 1 1 1 1 1 1 1 1 1 1 1 1 1 1 1 1 1 1 1 1 1 1 1 1 1 1 1 1 1 1 1 1 1 1 1 1 1 1 1 1 1 1 1 1 1 1 1 1 1 1 1 1 1 1 1 1 1 1 1 1 1 1 1 1 1 1 1 1 1 1 1 1 1 1 1 1 1 1 1 1 1 1 1 1 1 1 1 1 1 1 1 1 1 1 1 1 1 1 1 1 1 1 1 1 1 1 1 1 1 1 1 1 1 1 1 1 1 1 1 1 1 1 1 1 1 1 1 1 1 1 1 1 1 1 1 1 1 1 1 1 1 1 1 1 1 1 1 1 1 1 1 1 1 1 1 1 1 1 1 1 1 1 1 1 1 1 1 1 1 1 1 1 1 1 1 1 1 1 1 1 1 1 1 1 1 1 1 1 1 1 1 1 1 1 1 1 1 1 1 1 1 1 1 1 1 1 1 1 1 1 1 1 1 1 1 1 1 1 1 1 1 1 1 1 1 1 1 1 1 1 1 1 1 1 1 1 1 1 1 1 1 1 1 1 1 1 1 1 1 1 1 1 1 1 1 1 1 1 1 1 1 1 1 1 1 1 1 1 1 1 1 1 1 1 1 1 1 1 1 1 1 1 1 1 1 1 1 1 1 1 1 1 1 1 1 1 1 1 1 1 1 1 1 1 1 1 1 1 1 1 1 1 1 1 1 1 1 1 1 1 1 1 1 1 1 1 1 1 1 1 1 1 1 1 1 1 1 1 1 1 1 1 1 1 1 1 1 1 1 1 1 1 1 1 1 1 1 1 1 1 1 1 1 1 1 1 1 1 1 1 1 1 1 1 1 1 1 1 1 1 1 1 1 1 1 1 1 1 1 1 1 1 1 1 1 1 1 1 1 1 1 1 1 1 1 1 1 1 1 1 1 1 1 1 1 1 1 1 1 1 1 1 1 1 1 1 1 1 1 1 1 1 1 1 1 1 1 1 1 1 1 1 1 1 1 1 1 1 1 1 1 1 1 1 1 1 1 1 1 1 1 1 1 1 1 1 1 1 1 1 1 1 1 1 1 1 1 1 1 1 1 1 1 1 1 1 1 1 1 1 1 1 1 1 1 1 1 1 1 1 1 1 1 1 1 1 1 1 1 1 1 1 1 1 1 1 1 1 1 1 1 1 1 1 1 1 1 1 1 1 1 1 1 1 1 1 1 1 1 1 1 1 1 1 1 1 1 1 1 1 1 1 1 1 1 1 1 1 1 1 1 1 1 1 1 1 1 1 1 1 1 1 1 1 1 1 1 1 1 1 1 1 1 1 1 1 1 1 1 1 1 1 1 1 1 1 1 1 1 1 1 1 1 1 1 1 1 1 1 1 1 1 1 1 1 1 1 1 1 1 1 1 1 1 1 1 1 1 1 1 1 1 1 1 1 1 1 1 1 1 1 1 1 1 1 1 1 1 1 1 1 1 1 1 1 1 1 1 1 1 1 1 1 1 1 1 1 1 1 1 1 1 1 1 1 1 1 1 1 1 1 1 1 1 1 1 1 1 1 1 1 1 1 1 1 1 1 1 1 1 1 1 1 1 1 1 1 1 1 1 1 1 1 1 1 1 1 1 1 1 1 1 1 1 1 1 1 1 1 1 1 1 1 1 1 1 1 1 1 1 1 1 1 1 1 1 1 1 1 1 1 1 1 1 1 1 1 1 1 1 1 1 1 1 1 1 1 1 1 1 1 1 1 1 1 1 1 1 1 1 1 1 1 1 1 1 1 1 1 1 1 1 1 1 1 1 1 1 1 1 1 1 1 1 1 1 1 1 1 1 1 1 1 1 1 1 1 1 1 1 1 1 1 1 1 1 1 1 1 1 1 1 1 1 1 1 1 1 1 1 1 1 1 1 1 1 1 1 1 1 1 1 1 1 1 1 1 1 1 1 1 1 1 1 1 1 1 1 1 1 1 1 1 1 1 1 1 1 1 1 1 1 1 1 1 1 1 1 1 1 1 1 1 1 1 1 1 1 1 1 1 1 1 1 1 1 1 1 1 1 1 1 1 1 1 1 1 1 1 1 1 1 1 1 1 1 1 1 1 1 1 1 1 1 1 1 1 1 1 1 1 1 1 1 1 1 1 1 1 1 1 1 1 1 1 1 1 1 1 1 1 1 1 1 1 1 1 1 1 1 1 1 1 1 1 1 1 1 1 1 1 1 1 1 1 1 1 1 1 1 1 1 1 1 1 1 1 1 1 1 1 1 1 1 1 1 1 1 1 1 1 1 1 1 1 1 1 1 1 1 1 1 1 1 1 1 1 1 1 1 1 1 1 1 1 1 1 1 1 1 1 1 1 1 1 1 1 1 1 1 1 1 1 1 1 1 1 1 1 1 1 1 1 1 1 1 1 1 1 1 1 1 1 1 1 1 1 1 1 1 1 1 1 1 1 1 1 1 1 1 1 1 1 1 1 1 1 1 1 1 1 1 1 1 1 1 1 1 1 1 1 1 1 1 1 1 1 1 1 1 1 1 1 1 1 1 1 1 1 1 1 1 1 1 1 1 1 1 1 1 1 1 1 1 1 1 1 1 1 1 1 1 1 1 1 1 1 1 1 1 1 1 1 1 1 1 1 1 1 1 1 1 1 1 1 1 1 1 1 1 1 1 1 1 1 1 1 1 1 1 1 1 1 1 1 1 1 1 1 1 1 1 1 1 1 1 1 1 1 1 1 1 1 1 1 1 1 1 1 1 1 1 1 1 1 1 1 1 1 1 1 1 1 1 1 1 1 1 1 1 1 1 1 1 1 1 1 1 1 1 1 1 1 1 1 1 1 1 1 1 1 1 1 1 1 1 1 1 1 1 1 1 1 1 1 1 1 1 1 1 1 1 1 1 1 1 1 1 1 1 1 1 1 1 1 1 1 1 1 1 1 1 1 1 1 1 1 1 1 1 1 1 1 1 1 1 1 1 1 1 1 1 1 1 1 1 1 1 1 1 1 1 1 1 1 1 1 1 1 1 1 1 1 1 1 1 1 1 1 1 1 1 1 1 1 1 1 1 1 1 1 1 1 1 1 1 1 1 1 1 1 1 1 1 1 1 1 1 1 1 1 1 1 1 1 1 1 1 1 1 1 1 1 1 1 1 1 1 1 1 1 1 1 1 1 1 1 1 1 1 1 1 1 1 1 1 1 1 1 1 1 1 1 1 1 1 1 1 1 1 1 1 1 1 1 1 1 1 1 1 1 1 1 1 1 1 1 1 1 1 1 1 1 1 1 1 1 1 1 1 1 1 1 1 1 1 1 1 1 1 1 1 1 1 1 1 1 1 1 1 1 1 1 1 1 1 1 1 1 1 1 1 1 1 1 1 1 1 1 1 1 1 1 1 1 1 1 1 1 1 1 1 1 1 1 1 1 1 1 1 1 1 1 1 1 1 1 1 1 1 1 1 1 1 1 1 1 1 1 1 1 1 1 1 1 1 1 1 1 1 1 1 1 1 1 1 1 1 1 1 1 1 1 1 1 1 1 1 1 1 1 1 1 1 1 1 1 1 1 1 1 1 1 1 1 1 1 1 1 1 1 1 1 1 1 1 1 1 1 1 1 1 1 1 1 1 1 1 1 1 1 1 1 1 1 1 1 1 1 1 1 1 1 1 1 1 1 1 1 1 1 1 1 1 1 1 1 1 1 1 1 1 1 1 1 1 1 1 1 1 1 1 1 1 1 1 1 1 1 1 1 1 1 1 1 1 1 1 1 1 1 1 1 1 1 1 1 1 1 1 1 1 1 1 1 1 1 1 1 1 1 1 1 1 1 1 1 1 1 1 1 1 1 1 1 1 1 1 1 1 1 1 1 1 1 1 1 1 1 1 1 1 1 1 1 1 1 1 1 1 1 1 1 1 1 1 1 1 1 1 1 1 1 1 1 1 1 1 1 1 1 1 1 1 1 1 1 1 1 1 1 1 1 1 1 1 1 1 1 1 1 1 1 1 1 1 1 1 1 1 1 1 1 1 1 1 1 1 1 1 1 1 1 1 1 1 1 1 1 1 1 1 1 1 1 1 1 1 1 1 1 1 1 1 1 1 1 1 1 1 1 1 1 1 1 1 1 1 1 1 1 1 1 1 1 1 1 1 1 1 1 1 1 1 1 1 1 1 1 1 1 1 1 1 1 1 1 1 1 1 1 1 1 1 1 1 1 1 1 1 1 1 1 1 1 1 1 1 1 1 1 1 1 1 1 1 1 1 1 1 1 1 1 1 1 1 1 1 1 1 1 1 1 1 1 1 1 1 1 1 1 1 1 1 1 1 1 1 1 1 1 1 1 1 1 1 1 1 1 1 1 1 1 1 1 1 1 1 1 1 1 1 1 1 1 1 1 1 1 1 1 1 1 1 1 1 1 1 1 1 1 1 1 1 1 1 1 1 1 1 1 1 1 1 1 1 1 1 1 1 1 1 1 1 1 1 1 1 1 1 1 1 1 1 1 1 1 1 1 1 1 1 1 1 1 1 1 1 1 1 1 1 1 1 1 1 1 1 1 1 1 1 1 1 1 1 1 1 1 1 1 1 1 1 1 1 1 1 1 1 1 1 1 1 1 1 1 1 1 1 1 1 1 1 1 1 1 1 1 1 1 1 1 1 1 1 1 1 1 1 1 1 1 1 1 1 1 1 1 1 1 1 1 1 1 1 1 1 1 1 1 1 1 1 1 1 1 1 1 1 1 1 1 1 1 1 1 1 1 1 1 1 1 1 1 1 1 1 1 1 1 1 1 1 1 1 1 1 1 1 1 1 1 1 1 1 1 1 1 1 1 1 1 1 1 1 1 1 1 1 1 1 1 1 1 1 1 1 1 1 1 1 1 1 1 1 1 1 1 1 1 1 1 1 1 1 1 1 1 1 1 1 1 1 1 1 1 1 1 1 1 1 1 1 1 1 1 1 1 1 1 1 1 1 1 1 1 1 1 1 1 1 1 1 1 1 1 1 1 1 1 1 1 1 1 1 1 1 1 1 1 1 1 1 1 1 1 1 1 1 1 1 1 1 1 1 1 1 1 1 1 1 1 1 1 1 1 1 1 1 1 1 1 1 1 1 1 1 1 1 1 1 1 1 1 1 1 1 1 1 1 1 1 1 1 1 1 1 1 1 1 1 1 1 1 1 1 1 1 1 1 1 1 1 1 1 1 1 1 1 1 1 1 1 1 1 1 1 1 1 1 1 1 1 1 1 1 1 1 1 1 1 1 1 1 1 1 1 1 1 1 1 1 1 1 1 1 1 1 1 1 1 1 1 1 1 1 1 1 1 1 1 1 1 1 1 1 1 1 1 1 1 1 1 1 1 1 1 1 1 1 1 1 1 1 1 1 1 1 1 1 1 1 1 1 1 1 1 1 1 1 1 1 1 1 1 1 1 1 1 1 1 1 1 1 1 1 1 1 1 1 1 1 1 1 1 1 1 1 1 1 1 1 1 1 1 1 1 1 1 1 1 1 1 1 1 1 1 1 1 1 1 1 1 1 1 1 1 1 1 1 1 1 1 1 1 1 1 1 1 1 1 1 1 1 1 1 1 1 1 1 1 1 1 1 1 1 1 1 1 1 1 1 1 1 1 1 1 1 1 1 1 1 1 1 1 1 1 1 1 1 1 1 1 1 1 1 1 1 1 1 1 1 1 1 1 1 1 1 1 1 1 1 1 1 1 1 1 1 1 1 1 1 1 1 1 1 1 1 1 1 1 1 1 1 1 1 1 1 1 1 1 1 1 1 1 1 1 1 1 1 1 1 1 1 1 1 1 1 1 1 1 1 1 1 1 1 1 1 1 1 1 1 1 1 1 1 1 1 1 1 1 1 1 1 1 1 1 1 1 1 1 1 1 1 1 1 1 1 1 1 1 1 1 1 1 1 1 1 1 1 1 1 1 1 1 1 1 1 1 1 1 1 1 1 1 1 1 1 1 1 1 1 1 1 1 1 1 1 1 1 1 1 1 1 1 1 1 1 1 1 1 1 1 1 1 1 1 1 1 1 1 1 1 1 1 1 1 1 1 1 1 1 1 1 1 1 1 1 1 1 1 1 1 1 1 1 1 1 1 1 1 1 1 1 1 1 1 1 1 1 1 1 1 1 1 1 1 1 1 1 1 1 1 1 1 1 1 1 1 1 1 1 1 1 1 1 1 1 1 1 1 1 1 1 1 1 1 1 1 1 1 1 1 1 1 1 1 1 1 1 1 1 1 1 1 1 1 1 1 1 1 1 1 1 1 1 1 1 1 1 1 1 1 1 1 1 1 1 1 1 1 1 1 1 1 1 1 1 1 1 1 1 1 1 1 1 1 1 1 1 1 1 1 1 1 1 1 1 1 1 1 1 1 1 1 1 1 1 1 1 1 1 1 1 1 1 1 1 1 1 1 1 1 1 1 1 1 1 1 1 1 1 1 1 1 1 1 1 1 1 1 1 1 1 1 1 1 1 1 1 1 1 1 1 1 1 1 1 1 1 1 1 1 1 1 1 1 1 1 1 1 1 1 1 1 1 1 1 1 1 1 1 1 1 1 1 1 1 1 1 1 1 1 1 1 1 1 1 1 1 1 1 1 1 1 1 1 1 1 1 1 1 1 1 1 1 1 1 1 1 1 1 1 1 1 1 1 1 1 1 1 1 1 1 1 1 1 1 1 1 1 1 1 1 1 1 1 1 1 1 1 1 1 1 1 1 1 1 1 1 1 1 1 1 1 1 1 1 1 1 1 1 1 1 1 1 1 1 1 1 1 1 1 1 1 1 1 1 1 1 1 1 1 1 1 1 1 1 1 1 1 1 1 1 1 1 1 1 1 1 1 1 1 1 1 1 1 1 1 1 1 1 1 1 1 1 1 1 1 1 1 1 1 1 1 1 1 1 1 1 1 1 1 1 1 1 1 1 1 1 1 1 1 1 1 1 1 1 1 1 1 1 1 1 1 1 1 1 1 1 1 1 1 1 1 1 1 1 1 1 1 1 1 1 1 1 1 1 1 1 1 1 1 1 1 1 1 1 1 1 1 1 1 1 1 1 1 1 1 1 1 1 1 1 1 1 1 1 1 1 1 1 1 1 1 1 1 1 1 1 1 1 1 1 1 1 1 1 1 1 1 1 1 1 1 1 1 1 1 1 1 1 1 1 1 1 1 1 1 1 1 1 1 1 1 1 1 1 1 1 1 1 1 1 1 1 1 1 1 1 1 1 1 1 1 1 1 1 1 1 1 1 1 1 1 1 1 1 1 1 1 1 1 1 1 1 1 1 1 1 1 1 1 1 1 1 1 1 1 1 1 1 1 1 1 1 1 1 1 1 1 1 1 1 1 1 1 1 1 1 1 1 1 1 1 1 1 1 1 1 1 1 1 1 1 1 1 1 1 1 1 1 1 1 1 1 1 1 1 1 1 1 1 1 1 1 1 1 1 1 1 1 1 1 1 1 1 1 1 1 1 1 1 1 1 1 1 1 1 1 1 1 1 1 1 1 1 1 1 1 1 1 1 1 1 1 1 1 1 1 1 1 1 1 1 1 1 1 1 1 1 1 1 1 1 1 1 1 1 1 1 1 1 1 1 1 1 1 1 1 1 1 1 1 1 1 1 1 1 1 1 1 1 1 1 1 1 1 1 1 1 1 1 1 1 1 1 1 1 1 1 1 1 1 1 1 1 1 1 1 1 1 1 1 1 1 1 1 1 1 1 1 1 1 1 1 1 1 1 1 1 1 1 1 1 1 1 1 1 1 1 1 1 1 1 1 1 1 1 1 1 1 1 1 1 1 1 1 1 1 1 1 1 1 1 1 1 1 1 1 1 1 1 1 1 1 1 1 1 1 1 1 1 1 1 1 1 1 1 1 1 1 1 1 1 1 1 1 1 1 1 1 1 1 1 1 1 1 1 1 1 1 1 1 1 1 1 1 1 1 1 1 1 1 1 1 1 1 1 1 1 1 1 1 1 1 1 1 1 1 1 1 1 1 1 1 1 1 1 1 1 1 1 1 1 1 1 1 1 1 1 1 1 1 1 1 1 1 1 1 1 1 1 1 1 1 1 1 1 1 1 1 1 1 1 1 1 1 1 1 1 1 1 1 1 1 1 1 1 1 1 1 1 1 1 1 1 1 1 1 1 1 1 1 1 1 1 1 1 1 1 1 1 1 1 1 1 1 1 1 1 1 1 1 1 1 1 1 1 1 1 1 1 1 1 1 1 1 1 1 1 1 1 1 1 1 1 1 1 1 1 1 1 1 1 1 1 1 1 1 1 1 1 1 1 1 1 1 1 1 1 1 1 1 1 1 1 1 1 1 1 1 1 1 1 1 1 1 1 1 1 1 1 1 1 1 1 1 1 1 1 1 1 1 1 1 1 1 1 1 1 1 1 1 1 1 1 1 1 1 1 1 1 1 1 1 1 1 1 1 1 1 1 1 1 1 1 1 1 1 1 1 1 1 1 1 1 1 1 1 1 1 1 1 1 1 1 1 1 1 1 1 1 1 1 1 1 1 1 1 1 1 1 1 1 1 1 1 1 1 1 1 1 1 1 1 1 1 1 1 1 1 1 1 1 1 1 1 1 1 1 1 1 1 1 1 1 1 1 1 1 1 1 1 1 1 1 1 1 1 1 1 1 1 1 1 1 1 1 1 1 1 1 1 1 1 1 1 1 1 1 1 1 1 1 1 1 1 1 1 1 1 1 1 1 1 1 1 1 1 1 1 1 1 1 1 1 1 1 1 1 1 1 1 1 1 1 1 1 1 1 1 1 1 1 1 1 1 1 1 1 1 1 1 1 1 1 1 1 1 1 1 1 1 1 1 1 1 1 1 1 1 1 1 1 1 1 1 1 1 1 1 1 1 1 1 1 1 1 1 1 1 1 1 1 1 1 1 1 1 1 1 1 1 1 1 1 1 1 1 1 1 1 1 1 1 1 1 1 1 1 1 1 1 1 1 1 1 1 1 1 1 1 1 1 1 1 1 1 1 1 1 1 1 1 1 1 1 1 1 1 1 1 1 1 1 1 1 1 1 1 1 1 1 1 1 1 1 1 1 1 1 1 1 1 1 1 1 1 1 1 1 1 1 1 1 1 1 1 1 1 1 1 1 1 1 1 1 1 1 1 1 1 1 1 1 1 1 1 1 1 1 1 1 1 1 1 1 1 1 1 1 1 1 1 1 1 1 1 1 1 1 1 1 1 1 1 1 1 1 1 1 1 1 1 1 1 1 1 1 1 1 1 1 1 1 1 1 1 1 1 1 1 1 1 1 1 1 1 1 1 1 1 1 1 1 1 1 1 1 1 1 1 1 1 1 1 1 1 1 1 1 1 1 1 1 1 1 1 1 1 1 1 1 1 1 1 1 1 1 1 1 1 1 1 1 1 1 1 1 1 1 1 1 1 1 1 1 1 1 1 1 1 1 1 1 1 1 1 1 1 1 1 1 1 1 1 1 1 1 1 1 1 1 1 1 1 1 1 1 1 1 1 1 1 1 1 1 1 1 1 1 1 1 1 1 1 1 1 1 1 1 1 1 1 1 1 1 1 1 1 1 1 1 1 1 1 1 1 1 1 1 1 1 1 1 1 1 1 1 1 1 1 1 1 1 1 1 1 1 1 1 1 1 1 1 1 1 1 1 1 1 1 1 1 1 1 1 1 1 1 1 1 1 1 1 1 1 1 1 1 1 1 1 1 1 1 1 1 1 1 1 1 1 1 1 1 1 1 1 1 1 1 1 1 1 1 1 1 1 1 1 1 1 1 1 1 1 1 1 1 1 1 1 1 1 1 1 1 1 1 1 1 1 1 1 1 1 1 1 1 1 1 1 1 1 1 1 1 1 1 1 1 1 1 1 1 1 1 1 1 1 1 1 1 1 1 1 1 1 1 1 1 1 1 1 1 1 1 1 1 1 1 1 1 1 1 1 1 1 1 1 1 1 1 1 1 1 1 1 1 1 1 1 1 1 1 1 1 1 1 1 1 1 1 1 1 1 1 1 1 1 1 1 1 1 1 1 1 1 1 1 1 1 1 1 1 1 1 1 1 1 1 1 1 1 1 1 1 1 1 1 1 1 1 1 1 1 1 1 1 1 1 1 1 1 1 1 1 1 1 1 1 1 1 1 1 1 1 1 1 1 1 1 1 1 1 1 1 1 1 1 1 1 1 1 1 1 1 1 1 1 1 1 1 1 1 1 1 1 1 1 1 1 1 1 1 1 1 1 1 1 1 1 1 1 1 1 1 1 1 1 1 1 1 1 1 1 1 1 1 1 1 1 1 1 1 1 1 1 1 1 1 1 1 1 1 1 1 1 1 1 1 1 1 1 1 1 1 1 1 1 1 1 1 1 1 1 1 1 1 1 1 1 1 1 1 1 1 1 1 1 1 1 1 1 1 1 1 1 1 1 1 1 1 1 1 1 1 1 1 1 1 1 1 1 1 1 1 1 1 1 1 1 1 1 1 1 1 1 1 1 1 1 1 1 1 1 1 1 1 1 1 1 1 1 1 1 1 1 1 1 1 1 1 1 1 1 1 1 1 1 1 1 1 1 1 1 1 1 1 1 1 1 1 1 1 1 1 1 1 1 1 1 1 1 1 1 1 1 1 1 1 1 1 1 1 1 1 1 1 1 1 1 1 1 1 1 1 1 1 1 1 1 1 1 1 1 1 1 1 1 1 1 1 1 1 1 1 1 1 1 1 1 1 1 1 1 1 1 1 1 1 1 1 1 1 1 1 1 1 1 1 1 1 1 1 1 1 1 1 1 1 1 1 1 1 1 1 1 1 1 1 1 1 1 1 1 1 1 1 1 1 1 1 1 1 1 1 1 1 1 1 1 1 1 1 1 1 1 1 1 1 1 1 1 1 1 1 1 1 1 1 1 1 1 1 1 1 1 1 1 1 1 1 1 1 1 1 1 1 1 1 1 1 1 1 1 1 1 1 1 1 1 1 1 1 1 1 1 1 1 1 1 1 1 1 1 1 1 1 1 1 1 1 1 1 1 1 1 1 1 1 1 1 1 1 1 1 1 1 1 1 1 1 1 1 1 1 1 1 1 1 1 1 1 1 1 1 1 1 1 1 1 1 1 1 1 1 1 1 1 1 1 1 1 1 1 1 1 1 1 1 1 1 1 1 1 1 1 1 1 1 1 1 1 1 1 1 1 1 1 1 1 1 1 1 1 1 1 1 1 1 1 1 1 1 1 1 1 1 1 1 1 1 1 1 1 1 1 1 1 1 1 1 1 1 1 1 1 1 1 1 1 1 1 1 1 1 1 1 1 1 1 1 1 1 1 1 1 1 1 1 1 1 1 1 1 1 1 1 1 1 1 1 1 1 1 1 1 1 1 1 1 1 1 1 1 1 1 1 1 1 1 1 1 1 1 1 1 1 1 1 1 1 1 1 1 1 1 1 1 1 1 1 1 1 1 1 1 1 1 1 1 1 1 1 1 1 1 1 1 1 1 1 1 1 1 1 1 1 1 1 1 1 1 1 1 1 1 1 1 1 1 1 1 1 1 1 1 1 1 1 1 1 1 1 1 1 1 1 1 1 1 1 1 1 1 1 1 1 1 1 1 1 1 1 1 1 1 1 1 1 1 1 1 1 1 1 1 1 1 1 1 1 1 1 1 1 1 1 1 1 1 1 1 1 1 1 1 1 1 1 1 1 1 1 1 1 1 1 1 1 1 1 1 1 1 1 1 1 1 1 1 1 1 1 1 1 1 1 1 1 1 1 1 1 1 1 1 1 1 1 1 1 1 1 1 1 1 1 1 1 1 1 1 1 1 1 1 1 1 1 1 1 1 1 1 1 1 1 1 1 1 1 1 1 1 1 1 1 1 1 1 1 1 1 1 1 1 1 1 1 1 1 1 1 1 1 1 1 1 1 1 1 1 1 1 1 1 1 1 1 1 1 1 1 1 1 1 1 1 1 1 1 1 1 1 1 1 1 1 1 1 1 1 1 1 1 1 1 1 1 1 1 1 1 1 1 1 1 1 1 1 1 1 1 1 1 1 1 1 1 1 1 1 1 1 1 1 1 1 1 1 1 1 1 1 1 1 1 1 1 1 1 1 1 1 1 1 1 1 1 1 1 1 1 1 1 1 1 1 1 1 1 1 1 1 1 1 1 1 1 1 1 1 1 1 1 1 1 1 1 1 1 1 1 1 1 1 1 1 1 1 1 1 1 1 1 1 1 1 1 1 1 1 1 1 1 1 1 1 1 1 1 1 1 1 1 1 1 1 1 1 1 1 1 1 1 1 1 1 1 1 1 1 1 1 1 1 1 1 1 1 1 1 1 1 1 1 1 1 1 1 1 1 1 1 1 1 1 1 1 1 1 1 1 1 1 1 1 1 1 1 1 1 1 1 1 1 1 1 1 1 1 1 1 1 1 1 1 1 1 1 1 1 1 1 1 1 1 1 1 1 1 1 1 1 1 1 1 1 1 1 1 1 1 1 1 1 1 1 1 1 1 1 1 1 1 1 1 1 1 1 1 1 1 1 1 1 1 1 1 1 1 1 1 1 1 1 1 1 1 1 1 1 1 1 1 1 1 1 1 1 1 1 1 1 1 1 1 1 1 1 1 1 1 1 1 1 1 1 1 1 1 1 1 1 1 1 1 1 1 1 1 1 1 1 1 1 1 1 1 1 1 1 1 1 1 1 1 1 1 1 1 1 1 1 1 1 1 1 1 1 1 1 1 1 1 1 1 1 1 1 1 1 1 1 1 1 1 1 1 1 1 1 1 1 1 1 1 1 1 1 1 1 1 1 1 1 1 1 1 1 1 1 1 1 1 1 1 1 1 1 1 1 1 1 1 1 1 1 1 1 1 1 1 1 1 1 1 1 1 1 1 1 1 1 1 1 1 1 1 1 1 1 1 1 1 1 1 1 1 1 1 1 1 1 1 1 1 1 1 1 1 1 1 1 1 1 1 1 1 1 1 1 1 1 1 1 1 1 1 1 1 1 1 1 1 1 1 1 1 1 1 1 1 1 1 1 1 1 1 1 1 1 1 1 1 1 1 1 1 1 1 1 1 1 1 1 1 1 1 1 1 1 1 1 1 1 1 1 1 1 1 1 1 1 1 1 1 1 1 1 1 1 1 1 1 1 1 1 1 1 1 1 1 1 1 1 1 1 1 1 1 1 1 1 1 1 1 1 1 1 1 1 1 1 1 1 1 1 1 1 1 1 1 1 1 1 1 1 1 1 1 1 1 1 1 1 1 1 1 1 1 1 1 1 1 1 1 1 1 1 1 1 1 1 1 1 1 1 1 1 1 1 1 1 1 1 1 1 1 1 1 1 1 1 1 1 1 1 1 1 1 1 1 1 1 1 1 1 1 1 1 1 1 1 1 1 1 1 1 1 1 1 1 1 1 1 1 1 1 1 1 1 1 1 1 1 1 1 1 1 1 1 1 1 1 1 1 1 1 1 1 1 1 1 1 1 1 1 1 1 1 1 1 1 1 1 1 1 1 1 1 1 1 1 1 1 1 1 1 1 1 1 1 1 1 1 1 1 1 1 1 1 1 1 1 1 1 1 1 1 1 1 1 1 1 1 1 1 1 1 1 1 1 1 1 1 1 1 1 1 1 1 1 1 1 1 1 1 1 1 1 1 1 1 1 1 1 1 1 1 1 1 1 1 1 1 1 1 1 1 1 1 1 1 1 1 1 1 1 1 1 1 1 1 1 1 1 1 1 1 1 1 1 1 1 1 1 1 1 1 1 1 1 1 1 1 1 1 1 1 1 1 1 1 1 1 1 1 1 1 1 1 1 1 1 1 1 1 1 1 1 1 1 1 1 1 1 1 1 1 1 1 1 1 1 1 1 1 1 1 1 1 1 1 1 1 1 1 1 1 1 1 1 1 1 1 1 1 1 1 1 1 1 1 1 1 1 1 1 1 1 1 1 1 1 1 1 1 1 1 1 1 1 1 1 1 1 1 1 1 1 1 1 1 1 1 1 1 1 1 1 1 1 1 1 1 1 1 1 1 1 1 1 1 1 1 1 1 1 1 1 1 1 1 1 1 1 1 1 1 1 1 1 1 1 1 1 1 1 1 1 1 1 1 1 1 1 1 1 1 1 1 1 1 1 1 1 1 1 1 1 1 1 1 1 1 1 1 1 1 1 1 1 1 1 1 1 1 1 1 1 1 1 1 1 1 1 1 1 1 1 1 1 1 1 1 1 1 1 1 1 1 1 1 1 1 1 1 1 1 1 1 1 1 1 1 1 1 1 1 1 1 1 1 1 1 1 1 1 1 1 1 1 1 1 1 1 1 1 1 1 1 1 1 1 1 1 1 1 1 1 1 1 1 1 1 1 1 1 1 1 1 1 1 1 1 1 1 1 1 1 1 1 1 1 1 1 1 1 1 1 1 1 1 1 1 1 1 1 1 1 1 1 1 1 1 1 1 1 1 1 1 1 1 1 1 1 1 1 1 1 1 1 1 1 1 1 1 1 1 1 1 1 1 1 1 1 1 1 1 1 1 1 1 1 1 1 1 1 1 1 1 1 1 1 1 1 1 1 1 1 1 1 1 1 1 1 1 1 1 1 1 1 1 1 1 1 1 1 1 1 1 1 1 1 1 1 1 1 1 1 1 1 1 1 1 1 1 1 1 1 1 1 1 1 1 1 1 1 1 1 1 1 1 1 1 1 1 1 1 1 1 1 1 1 1 1 1 1 1 1 1 1 1 1 1 1 1 1 1 1 1 1 1 1 1 1 1 1 1 1 1 1 1 1 1 1 1 1 1 1 1 1 1 1 1 1 1 1 1 1 1 1 1 1 1 1 1 1 1 1 1 1 1 1 1 1 1 1 1 1 1 1 1 1 1 1 1 1 1 1 1 1 1 1 1 1 1 1 1 1 1 1 1 1 1 1 1 1 1 1 1 1 1 1 1 1 1 1 1 1 1 1 1 1 1 1 1 1 1 1 1 1 1 1 1 1 1 1 1 1 1 1 1 1 1 1 1 1 1 1 1 1 1 1 1 1 1 1 1 1 1 1 1 1 1 1 1 1 1 1 1 1 1 1 1 1 1 1 1 1 1 1 1 1 1 1 1 1 1 1 1 1 1 1 1 1 1 1 1 1 1 1 1 1 1 1 1 1 1 1 1 1 1 1 1 1 1 1 1 1 1 1 1 1 1 1 1 1 1 1 1 1 1 1 1 1 1 1 1 1 1 1 1 1 1 1 1 1 1 1 1 1 1 1 1 1 1 1 1 1 1 1 1 1 1 1 1 1 1 1 1 1 1 1 1 1 1 1 1 1 1 1 1 1 1 1 1 1 1 1 1 1 1 1 1 1 1 1 1 1 1 1 1 1 1 1 1 1 1 1 1 1 1 1 1 1 1 1 1 1 1 1 1 1 1 1 1 1 1 1 1 1 1 1 1 1 1 1 1 1 1 1 1 1 1 1 1 1 1 1 1 1 1 1 1 1 1 1 1 1 1 1 1 1 1 1 1 1 1 1 1 1 1 1 1 1 1 1 1 1 1 1 1 1 1 1 1 1 1 1 1 1 1 1 1 1 1 1 1 1 1 1 1 1 1 1 1 1 1 1 1 1 1 1 1 1 1 1 1 1 1 1 1 1 1 1 1 1 1 1 1 1 1 1 1 1 1 1 1 1 1 1 1 1 1 1 1 1 1 1 1 1 1 1 1 1 1 1 1 1 1 1 1 1 1 1 1 1 1 1 1 1 1 1 1 1 1 1 1 1 1 1 1 1 1 1 1 1 1 1 1 1 1 1 1 1 1 1 1 1 1 1 1 1 1 1 1 1 1 1 1 1 1 1 1 1 1 1 1 1 1 1 1 1 1 1 1 1 1 1 1 1 1 1 1 1 1 1 1 1 1 1 1 1 1 1 1 1 1 1 1 1 1 1 1 1 1 1 1 1 1 1 1 1 1 1 1 1 1 1 1 1 1 1 1 1 1 1 1 1 1 1 1 1 1 1 1 1 1 1 1 1 1 1 1 1 1 1 1 1 1 1 1 1 1 1 1 1 1 1 1 1 1 1 1 1 1 1 1 1 1</float_array>
          <technique_common>
            <accessor source="#Body1-mesh-colors-Attribute-array" count="2670" stride="4">
              <param name="R" type="float"/>
              <param name="G" type="float"/>
              <param name="B" type="float"/>
              <param name="A" type="float"/>
            </accessor>
          </technique_common>
        </source>
        <vertices id="Body1-mesh-vertices">
          <input semantic="POSITION" source="#Body1-mesh-positions"/>
        </vertices>
        <triangles material="Paint_-_Enamel_Glossy__Yellow_-material" count="613">
          <input semantic="VERTEX" source="#Body1-mesh-vertices" offset="0"/>
          <input semantic="NORMAL" source="#Body1-mesh-normals" offset="1"/>
          <input semantic="TEXCOORD" source="#Body1-mesh-map-0" offset="2" set="0"/>
          <input semantic="COLOR" source="#Body1-mesh-colors-Attribute" offset="3" set="0"/>
          <p>3 0 0 0 0 0 1 1 4 0 2 2 4 0 3 3 0 0 4 4 1 0 5 5 4 0 6 6 1 0 7 7 2 0 8 8 2 0 9 9 3 0 10 10 4 0 11 11 6 1 12 12 5 1 13 13 7 1 14 14 7 1 15 15 5 1 16 16 0 1 17 17 7 1 18 18 0 1 19 19 3 1 20 20 3 1 21 21 6 1 22 22 7 1 23 23 9 2 24 24 8 2 25 25 10 2 26 26 10 2 27 27 8 2 28 28 5 2 29 29 10 2 30 30 5 2 31 31 6 2 32 32 6 2 33 33 9 2 34 34 10 2 35 35 18 1 54 54 2 1 55 55 19 1 56 56 19 1 57 57 2 1 58 58 1 1 59 59 19 1 60 60 1 1 61 61 17 1 62 62 17 1 63 63 18 1 64 64 19 1 65 65 11 1 66 66 8 1 67 67 21 1 68 68 21 1 69 69 8 1 70 70 9 1 71 71 21 1 72 72 9 1 73 73 20 1 74 74 20 1 75 75 11 1 76 76 21 1 77 77 25 8 78 78 22 8 79 79 26 8 80 80 26 8 81 81 22 8 82 82 23 8 83 83 26 8 84 84 23 8 85 85 24 8 86 86 24 8 87 87 25 8 88 88 26 8 89 89 134 8 453 453 27 8 454 454 135 8 455 455 135 8 456 456 27 8 457 457 14 8 458 458 135 8 459 459 14 8 460 460 133 8 461 461 133 8 462 462 134 8 463 463 135 8 464 464 136 0 465 465 28 0 466 466 137 0 467 467 137 0 468 468 28 0 469 469 27 0 470 470 137 0 471 471 27 0 472 472 134 0 473 473 134 0 474 474 136 0 475 475 137 0 476 476 138 1 477 477 29 1 478 478 139 1 479 479 139 1 480 480 29 1 481 481 28 1 482 482 139 1 483 483 28 1 484 484 136 1 485 485 136 1 486 486 138 1 487 487 139 1 488 488 134 3 489 489 133 3 490 490 140 3 491 491 140 3 492 492 133 3 493 493 138 3 494 494 140 3 495 495 138 3 496 496 136 3 497 497 136 3 498 498 134 3 499 499 140 3 500 500 29 3 501 501 141 3 502 502 146 68 503 503 146 68 504 504 141 3 505 505 142 3 506 506 146 68 507 507 142 3 508 508 143 69 509 509 146 68 510 510 143 69 511 511 145 70 512 512 145 70 513 513 143 69 514 514 144 3 515 515 145 70 516 516 144 3 517 517 30 3 518 518 148 8 519 519 31 8 520 520 149 8 521 521 149 8 522 522 31 8 523 523 30 8 524 524 149 8 525 525 30 8 526 526 147 8 527 527 147 8 528 528 148 8 529 529 149 8 530 530 150 0 531 531 32 0 532 532 151 0 533 533 151 0 534 534 32 0 535 535 31 0 536 536 151 0 537 537 31 0 538 538 148 0 539 539 148 0 540 540 150 0 541 541 151 0 542 542 152 1 543 543 33 1 544 544 153 1 545 545 153 1 546 546 33 1 547 547 32 1 548 548 153 1 549 549 32 1 550 550 150 1 551 551 150 1 552 552 152 1 553 553 153 1 554 554 148 3 555 555 147 3 556 556 154 3 557 557 154 3 558 558 147 3 559 559 152 3 560 560 154 3 561 561 152 3 562 562 150 3 563 563 150 3 564 564 148 3 565 565 154 3 566 566 158 71 567 567 155 71 568 568 159 72 569 569 159 72 570 570 155 71 571 571 156 73 572 572 159 72 573 573 156 73 574 574 157 73 575 575 157 73 576 576 158 71 577 577 159 72 578 578 161 74 579 579 157 74 580 580 162 75 581 581 162 75 582 582 157 74 583 583 156 76 584 584 162 75 585 585 156 76 586 586 160 76 587 587 160 76 588 588 161 74 589 589 162 75 590 590 161 77 591 591 160 77 592 592 165 1 593 593 165 1 594 594 160 77 595 595 163 78 596 596 165 1 597 597 163 78 598 598 164 78 599 599 164 78 600 600 161 77 601 601 165 1 602 602 36 2 603 603 35 2 604 604 169 2 605 605 169 2 606 606 35 2 607 607 170 2 608 608 169 2 609 609 170 2 610 610 168 2 611 611 168 2 612 612 170 2 613 613 167 2 614 614 167 2 615 615 170 2 616 616 166 2 617 617 166 2 618 618 170 2 619 619 35 2 620 620 171 0 621 621 34 0 622 622 172 0 623 623 172 0 624 624 34 0 625 625 22 0 626 626 172 0 627 627 22 0 628 628 25 0 629 629 25 0 630 630 171 0 631 631 172 0 632 632 166 79 633 633 35 80 634 634 173 81 635 635 173 81 636 636 35 80 637 637 34 82 638 638 173 81 639 639 34 82 640 640 171 83 641 641 171 83 642 642 166 79 643 643 173 81 644 644 183 2 687 687 14 2 688 688 186 2 689 689 186 2 690 690 14 2 691 691 5 2 692 692 186 2 693 693 5 2 694 694 185 2 695 695 185 2 696 696 183 2 697 697 186 2 698 698 190 0 723 723 146 0 724 724 191 0 725 725 191 0 726 726 146 0 727 727 145 0 728 728 191 0 729 729 145 0 730 730 189 0 731 731 189 0 732 732 190 0 733 733 191 0 734 734 189 8 735 735 145 8 736 736 193 8 737 737 193 8 738 738 145 8 739 739 30 8 740 740 193 8 741 741 30 8 742 742 192 8 743 743 192 8 744 744 189 8 745 745 193 8 746 746 192 2 747 747 30 2 748 748 195 2 749 749 195 2 750 750 30 2 751 751 29 2 752 752 195 2 753 753 29 2 754 754 194 2 755 755 194 2 756 756 192 2 757 757 195 2 758 758 194 92 759 759 29 93 760 760 196 94 761 761 196 94 762 762 29 93 763 763 146 95 764 764 196 94 765 765 146 95 766 766 190 96 767 767 190 96 768 768 194 92 769 769 196 94 770 770 192 3 771 771 194 3 772 772 197 3 773 773 197 3 774 774 194 3 775 775 190 3 776 776 197 3 777 777 190 3 778 778 189 3 779 779 189 3 780 780 192 3 781 781 197 3 782 782 201 2 807 807 23 2 808 808 204 2 809 809 204 2 810 810 23 2 811 811 33 2 812 812 204 2 813 813 33 2 814 814 203 2 815 815 203 2 816 816 201 2 817 817 204 2 818 818 207 97 843 843 18 98 844 844 208 99 845 845 208 99 846 846 18 98 847 847 17 98 848 848 208 99 849 849 17 98 850 850 58 97 851 851 58 97 852 852 207 97 853 853 208 99 854 854 212 100 855 855 209 100 856 856 213 0 857 857 213 0 858 858 209 100 859 859 210 0 860 860 213 0 861 861 210 0 862 862 211 0 863 863 211 0 864 864 212 100 865 865 213 0 866 866 217 2 867 867 214 2 868 868 218 2 869 869 218 2 870 870 214 2 871 871 215 2 872 872 218 2 873 873 215 2 874 874 216 2 875 875 216 2 876 876 217 2 877 877 218 2 878 878 220 101 915 915 60 102 916 916 226 103 917 917 226 103 918 918 60 102 919 919 59 104 920 920 226 103 921 921 59 104 922 922 221 0 923 923 221 0 924 924 220 101 925 925 226 103 926 926 224 105 927 927 61 106 928 928 227 107 929 929 227 107 930 930 61 106 931 931 60 108 932 932 227 107 933 933 60 108 934 934 220 109 935 935 220 109 936 936 209 110 937 937 227 107 938 938 227 107 939 939 209 110 940 940 215 111 941 941 227 107 942 942 215 111 943 943 224 105 944 944 212 1 945 945 216 1 946 946 209 110 947 947 209 110 948 948 216 1 949 949 215 111 950 950 223 112 951 951 62 112 952 952 228 113 953 953 228 113 954 954 62 112 955 955 61 114 956 956 228 113 957 957 61 114 958 958 224 114 959 959 224 114 960 960 223 112 961 961 228 113 962 962 221 115 963 963 59 116 964 964 229 117 965 965 229 117 966 966 59 116 967 967 62 118 968 968 229 117 969 969 62 118 970 970 223 119 971 971 223 119 972 972 214 120 973 973 229 117 974 974 229 117 975 975 214 120 976 976 210 121 977 977 229 117 978 978 210 121 979 979 221 115 980 980 217 8 981 981 211 8 982 982 214 120 983 983 214 120 984 984 211 8 985 985 210 121 986 986 231 0 987 987 64 0 988 988 232 0 989 989 232 0 990 990 64 0 991 991 63 0 992 992 232 0 993 993 63 0 994 994 230 0 995 995 230 0 996 996 231 0 997 997 232 0 998 998 233 122 999 999 65 1 1000 1000 234 123 1001 1001 234 123 1002 1002 65 1 1003 1003 64 1 1004 1004 234 123 1005 1005 64 1 1006 1006 231 124 1007 1007 231 124 1008 1008 233 122 1009 1009 234 123 1010 1010 235 125 1011 1011 66 126 1012 1012 236 127 1013 1013 236 127 1014 1014 66 126 1015 1015 65 2 1016 1016 236 127 1017 1017 65 2 1018 1018 233 2 1019 1019 233 2 1020 1020 235 125 1021 1021 236 127 1022 1022 230 128 1023 1023 63 129 1024 1024 237 130 1025 1025 237 130 1026 1026 63 129 1027 1027 66 129 1028 1028 237 130 1029 1029 66 129 1030 1030 235 131 1031 1031 235 131 1032 1032 230 128 1033 1033 237 130 1034 1034 240 0 1047 1047 68 0 1048 1048 241 0 1049 1049 241 0 1050 1050 68 0 1051 1051 67 0 1052 1052 241 0 1053 1053 67 0 1054 1054 239 0 1055 1055 239 0 1056 1056 240 0 1057 1057 241 0 1058 1058 242 132 1059 1059 69 133 1060 1060 243 134 1061 1061 243 134 1062 1062 69 133 1063 1063 68 135 1064 1064 243 134 1065 1065 68 135 1066 1066 240 136 1067 1067 240 136 1068 1068 242 132 1069 1069 243 134 1070 1070 244 125 1071 1071 70 126 1072 1072 245 127 1073 1073 245 127 1074 1074 70 126 1075 1075 69 2 1076 1076 245 127 1077 1077 69 2 1078 1078 242 2 1079 1079 242 2 1080 1080 244 125 1081 1081 245 127 1082 1082 239 137 1083 1083 67 8 1084 1084 246 138 1085 1085 246 138 1086 1086 67 8 1087 1087 70 8 1088 1088 246 138 1089 1089 70 8 1090 1090 244 139 1091 1091 244 139 1092 1092 239 137 1093 1093 246 138 1094 1094 248 1 1107 1107 37 1 1108 1108 249 1 1109 1109 249 1 1110 1110 37 1 1111 1111 36 1 1112 1112 249 1 1113 1113 36 1 1114 1114 169 1 1115 1115 169 1 1116 1116 248 1 1117 1117 249 1 1118 1118 250 2 1119 1119 38 2 1120 1120 251 2 1121 1121 251 2 1122 1122 38 2 1123 1123 37 2 1124 1124 251 2 1125 1125 37 2 1126 1126 248 2 1127 1127 248 2 1128 1128 250 2 1129 1129 251 2 1130 1130 40 8 1131 1131 39 8 1132 1132 253 140 1133 1133 253 140 1134 1134 39 8 1135 1135 168 141 1136 1136 253 140 1137 1137 168 141 1138 1138 254 142 1139 1139 254 142 1140 1140 168 141 1141 1141 167 143 1142 1142 254 142 1143 1143 167 143 1144 1144 207 144 1145 1145 39 8 1146 1146 38 8 1147 1147 168 141 1148 1148 168 141 1149 1149 38 8 1150 1150 250 8 1151 1151 207 144 1152 1152 58 145 1153 1153 254 142 1154 1154 254 142 1155 1155 58 145 1156 1156 252 146 1157 1157 254 142 1158 1158 252 146 1159 1159 253 140 1160 1160 58 145 1161 1161 57 8 1162 1162 252 146 1163 1163 264 147 1176 1176 79 148 1177 1177 265 149 1178 1178 265 149 1179 1179 79 148 1180 1180 78 150 1181 1181 265 149 1182 1182 78 150 1183 1183 266 151 1184 1184 266 151 1185 1185 78 150 1186 1186 77 152 1187 1187 266 151 1188 1188 77 152 1189 1189 267 153 1190 1190 267 153 1191 1191 77 152 1192 1192 76 154 1193 1193 267 153 1194 1194 76 154 1195 1195 268 155 1196 1196 268 155 1197 1197 76 154 1198 1198 75 156 1199 1199 268 155 1200 1200 75 156 1201 1201 269 157 1202 1202 269 157 1203 1203 75 156 1204 1204 74 158 1205 1205 269 157 1206 1206 74 158 1207 1207 270 159 1208 1208 270 159 1209 1209 74 158 1210 1210 73 160 1211 1211 270 159 1212 1212 73 160 1213 1213 271 161 1214 1214 271 161 1215 1215 73 160 1216 1216 72 162 1217 1217 271 161 1218 1218 72 162 1219 1219 71 163 1220 1220 71 163 1221 1221 256 164 1222 1222 271 161 1223 1223 271 161 1224 1224 256 164 1225 1225 257 165 1226 1226 271 161 1227 1227 257 165 1228 1228 270 159 1229 1229 270 159 1230 1230 257 165 1231 1231 258 166 1232 1232 270 159 1233 1233 258 166 1234 1234 269 157 1235 1235 269 157 1236 1236 258 166 1237 1237 259 167 1238 1238 269 157 1239 1239 259 167 1240 1240 268 155 1241 1241 268 155 1242 1242 259 167 1243 1243 260 168 1244 1244 268 155 1245 1245 260 168 1246 1246 267 153 1247 1247 267 153 1248 1248 260 168 1249 1249 261 169 1250 1250 267 153 1251 1251 261 169 1252 1252 266 151 1253 1253 266 151 1254 1254 261 169 1255 1255 262 170 1256 1256 266 151 1257 1257 262 170 1258 1258 265 149 1259 1259 265 149 1260 1260 262 170 1261 1261 263 171 1262 1262 265 149 1263 1263 263 171 1264 1264 264 147 1265 1265 272 1 1266 1266 80 1 1267 1267 273 172 1268 1268 273 172 1269 1269 80 1 1270 1270 79 1 1271 1271 273 172 1272 1272 79 1 1273 1273 264 1 1274 1274 264 1 1275 1275 272 1 1276 1276 273 172 1277 1277 274 173 1278 1278 81 173 1279 1279 275 174 1280 1280 275 174 1281 1281 81 173 1282 1282 80 0 1283 1283 275 174 1284 1284 80 0 1285 1285 272 0 1286 1286 272 0 1287 1287 274 173 1288 1288 275 174 1289 1289 276 1 1290 1290 82 1 1291 1291 277 175 1292 1292 277 175 1293 1293 82 1 1294 1294 81 1 1295 1295 277 175 1296 1296 81 1 1297 1297 274 1 1298 1298 274 1 1299 1299 276 1 1300 1300 277 175 1301 1301 278 176 1302 1302 83 176 1303 1303 279 177 1304 1304 279 177 1305 1305 83 176 1306 1306 82 2 1307 1307 279 177 1308 1308 82 2 1309 1309 276 2 1310 1310 276 2 1311 1311 278 176 1312 1312 279 177 1313 1313 280 1 1314 1314 84 1 1315 1315 281 1 1316 1316 281 1 1317 1317 84 1 1318 1318 83 1 1319 1319 281 1 1320 1320 83 1 1321 1321 278 1 1322 1322 278 1 1323 1323 280 1 1324 1324 281 1 1325 1325 289 178 1326 1326 92 179 1327 1327 290 180 1328 1328 290 180 1329 1329 92 179 1330 1330 91 181 1331 1331 290 180 1332 1332 91 181 1333 1333 291 182 1334 1334 291 182 1335 1335 91 181 1336 1336 90 183 1337 1337 291 182 1338 1338 90 183 1339 1339 292 184 1340 1340 292 184 1341 1341 90 183 1342 1342 89 185 1343 1343 292 184 1344 1344 89 185 1345 1345 293 186 1346 1346 293 186 1347 1347 89 185 1348 1348 88 187 1349 1349 293 186 1350 1350 88 187 1351 1351 294 188 1352 1352 294 188 1353 1353 88 187 1354 1354 87 189 1355 1355 294 188 1356 1356 87 189 1357 1357 295 190 1358 1358 295 190 1359 1359 87 189 1360 1360 86 191 1361 1361 295 190 1362 1362 86 191 1363 1363 296 192 1364 1364 296 192 1365 1365 86 191 1366 1366 85 193 1367 1367 296 192 1368 1368 85 193 1369 1369 84 194 1370 1370 84 194 1371 1371 280 195 1372 1372 296 192 1373 1373 296 192 1374 1374 280 195 1375 1375 282 196 1376 1376 296 192 1377 1377 282 196 1378 1378 295 190 1379 1379 295 190 1380 1380 282 196 1381 1381 283 197 1382 1382 295 190 1383 1383 283 197 1384 1384 294 188 1385 1385 294 188 1386 1386 283 197 1387 1387 284 198 1388 1388 294 188 1389 1389 284 198 1390 1390 293 186 1391 1391 293 186 1392 1392 284 198 1393 1393 285 199 1394 1394 293 186 1395 1395 285 199 1396 1396 292 184 1397 1397 292 184 1398 1398 285 199 1399 1399 286 200 1400 1400 292 184 1401 1401 286 200 1402 1402 291 182 1403 1403 291 182 1404 1404 286 200 1405 1405 287 201 1406 1406 291 182 1407 1407 287 201 1408 1408 290 180 1409 1409 290 180 1410 1410 287 201 1411 1411 288 202 1412 1412 290 180 1413 1413 288 202 1414 1414 289 178 1415 1415 297 203 1416 1416 93 203 1417 1417 298 204 1418 1418 298 204 1419 1419 93 203 1420 1420 92 179 1421 1421 298 204 1422 1422 92 179 1423 1423 289 178 1424 1424 289 178 1425 1425 297 203 1426 1426 298 204 1427 1427 299 8 1428 1428 94 8 1429 1429 300 8 1430 1430 300 8 1431 1431 94 8 1432 1432 93 8 1433 1433 300 8 1434 1434 93 8 1435 1435 297 8 1436 1436 297 8 1437 1437 299 8 1438 1438 300 8 1439 1439 301 205 1440 1440 95 206 1441 1441 302 207 1442 1442 302 207 1443 1443 95 206 1444 1444 94 0 1445 1445 302 207 1446 1446 94 0 1447 1447 299 0 1448 1448 299 0 1449 1449 301 205 1450 1450 302 207 1451 1451 303 208 1452 1452 96 209 1453 1453 304 210 1454 1454 304 210 1455 1455 96 209 1456 1456 95 209 1457 1457 304 210 1458 1458 95 209 1459 1459 301 208 1460 1460 301 208 1461 1461 303 208 1462 1462 304 210 1463 1463 305 211 1464 1464 97 211 1465 1465 306 0 1466 1466 306 0 1467 1467 97 211 1468 1468 96 0 1469 1469 306 0 1470 1470 96 0 1471 1471 303 0 1472 1472 303 0 1473 1473 305 211 1474 1474 306 0 1475 1475 307 8 1476 1476 98 8 1477 1477 308 212 1478 1478 308 212 1479 1479 98 8 1480 1480 97 8 1481 1481 308 212 1482 1482 97 8 1483 1483 305 8 1484 1484 305 8 1485 1485 307 8 1486 1486 308 212 1487 1487 309 205 1488 1488 99 206 1489 1489 310 213 1490 1490 310 213 1491 1491 99 206 1492 1492 98 0 1493 1493 310 213 1494 1494 98 0 1495 1495 307 0 1496 1496 307 0 1497 1497 309 205 1498 1498 310 213 1499 1499 311 214 1500 1500 100 1 1501 1501 312 215 1502 1502 312 215 1503 1503 100 1 1504 1504 99 1 1505 1505 312 215 1506 1506 99 1 1507 1507 309 214 1508 1508 309 214 1509 1509 311 214 1510 1510 312 215 1511 1511 313 216 1512 1512 101 217 1513 1513 314 218 1514 1514 314 218 1515 1515 101 217 1516 1516 100 219 1517 1517 314 218 1518 1518 100 219 1519 1519 311 220 1520 1520 311 220 1521 1521 313 216 1522 1522 314 218 1523 1523 315 221 1524 1524 102 8 1525 1525 316 222 1526 1526 316 222 1527 1527 102 8 1528 1528 101 8 1529 1529 316 222 1530 1530 101 8 1531 1531 313 221 1532 1532 313 221 1533 1533 315 221 1534 1534 316 222 1535 1535 317 223 1536 1536 103 223 1537 1537 318 2 1538 1538 318 2 1539 1539 103 223 1540 1540 102 2 1541 1541 318 2 1542 1542 102 2 1543 1543 315 2 1544 1544 315 2 1545 1545 317 223 1546 1546 318 2 1547 1547 319 224 1548 1548 104 1 1549 1549 320 225 1550 1550 320 225 1551 1551 104 1 1552 1552 103 1 1553 1553 320 225 1554 1554 103 1 1555 1555 317 224 1556 1556 317 224 1557 1557 319 224 1558 1558 320 225 1559 1559 321 226 1560 1560 105 227 1561 1561 322 228 1562 1562 322 228 1563 1563 105 227 1564 1564 104 2 1565 1565 322 228 1566 1566 104 2 1567 1567 319 2 1568 1568 319 2 1569 1569 321 226 1570 1570 322 228 1571 1571 323 229 1572 1572 106 230 1573 1573 324 231 1574 1574 324 231 1575 1575 106 230 1576 1576 105 230 1577 1577 324 231 1578 1578 105 230 1579 1579 321 229 1580 1580 321 229 1581 1581 323 229 1582 1582 324 231 1583 1583 325 232 1584 1584 107 233 1585 1585 326 234 1586 1586 326 234 1587 1587 107 233 1588 1588 106 2 1589 1589 326 234 1590 1590 106 2 1591 1591 323 2 1592 1592 323 2 1593 1593 325 232 1594 1594 326 234 1595 1595 334 235 1596 1596 115 236 1597 1597 335 237 1598 1598 335 237 1599 1599 115 236 1600 1600 114 238 1601 1601 335 237 1602 1602 114 238 1603 1603 336 239 1604 1604 336 239 1605 1605 114 238 1606 1606 113 240 1607 1607 336 239 1608 1608 113 240 1609 1609 337 241 1610 1610 337 241 1611 1611 113 240 1612 1612 112 242 1613 1613 337 241 1614 1614 112 242 1615 1615 338 243 1616 1616 338 243 1617 1617 112 242 1618 1618 111 244 1619 1619 338 243 1620 1620 111 244 1621 1621 339 245 1622 1622 339 245 1623 1623 111 244 1624 1624 110 246 1625 1625 339 245 1626 1626 110 246 1627 1627 340 247 1628 1628 340 247 1629 1629 110 246 1630 1630 109 248 1631 1631 340 247 1632 1632 109 248 1633 1633 341 249 1634 1634 341 249 1635 1635 109 248 1636 1636 108 250 1637 1637 341 249 1638 1638 108 250 1639 1639 107 233 1640 1640 107 233 1641 1641 325 232 1642 1642 341 249 1643 1643 341 249 1644 1644 325 232 1645 1645 327 251 1646 1646 341 249 1647 1647 327 251 1648 1648 340 247 1649 1649 340 247 1650 1650 327 251 1651 1651 328 252 1652 1652 340 247 1653 1653 328 252 1654 1654 339 245 1655 1655 339 245 1656 1656 328 252 1657 1657 329 253 1658 1658 339 245 1659 1659 329 253 1660 1660 338 243 1661 1661 338 243 1662 1662 329 253 1663 1663 330 254 1664 1664 338 243 1665 1665 330 254 1666 1666 337 241 1667 1667 337 241 1668 1668 330 254 1669 1669 331 255 1670 1670 337 241 1671 1671 331 255 1672 1672 336 239 1673 1673 336 239 1674 1674 331 255 1675 1675 332 256 1676 1676 336 239 1677 1677 332 256 1678 1678 335 237 1679 1679 335 237 1680 1680 332 256 1681 1681 333 257 1682 1682 335 237 1683 1683 333 257 1684 1684 334 235 1685 1685 342 8 1686 1686 116 8 1687 1687 343 8 1688 1688 343 8 1689 1689 116 8 1690 1690 115 8 1691 1691 343 8 1692 1692 115 8 1693 1693 334 8 1694 1694 334 8 1695 1695 342 8 1696 1696 343 8 1697 1697 344 176 1698 1698 117 176 1699 1699 345 177 1700 1700 345 177 1701 1701 117 176 1702 1702 116 2 1703 1703 345 177 1704 1704 116 2 1705 1705 342 2 1706 1706 342 2 1707 1707 344 176 1708 1708 345 177 1709 1709 346 258 1710 1710 118 259 1711 1711 347 260 1712 1712 347 260 1713 1713 118 259 1714 1714 117 259 1715 1715 347 260 1716 1716 117 259 1717 1717 344 258 1718 1718 344 258 1719 1719 346 258 1720 1720 347 260 1721 1721 348 173 1722 1722 119 173 1723 1723 349 174 1724 1724 349 174 1725 1725 119 173 1726 1726 118 0 1727 1727 349 174 1728 1728 118 0 1729 1729 346 0 1730 1730 346 0 1731 1731 348 173 1732 1732 349 174 1733 1733 350 8 1734 1734 120 8 1735 1735 351 261 1736 1736 351 261 1737 1737 120 8 1738 1738 119 8 1739 1739 351 261 1740 1740 119 8 1741 1741 348 8 1742 1742 348 8 1743 1743 350 8 1744 1744 351 261 1745 1745 359 262 1746 1746 128 263 1747 1747 360 264 1748 1748 360 264 1749 1749 128 263 1750 1750 127 265 1751 1751 360 264 1752 1752 127 265 1753 1753 361 266 1754 1754 361 266 1755 1755 127 265 1756 1756 126 267 1757 1757 361 266 1758 1758 126 267 1759 1759 362 268 1760 1760 362 268 1761 1761 126 267 1762 1762 125 269 1763 1763 362 268 1764 1764 125 269 1765 1765 363 270 1766 1766 363 270 1767 1767 125 269 1768 1768 124 271 1769 1769 363 270 1770 1770 124 271 1771 1771 364 272 1772 1772 364 272 1773 1773 124 271 1774 1774 123 273 1775 1775 364 272 1776 1776 123 273 1777 1777 365 274 1778 1778 365 274 1779 1779 123 273 1780 1780 122 275 1781 1781 365 274 1782 1782 122 275 1783 1783 366 276 1784 1784 366 276 1785 1785 122 275 1786 1786 121 277 1787 1787 366 276 1788 1788 121 277 1789 1789 120 278 1790 1790 120 278 1791 1791 350 279 1792 1792 366 276 1793 1793 366 276 1794 1794 350 279 1795 1795 352 280 1796 1796 366 276 1797 1797 352 280 1798 1798 365 274 1799 1799 365 274 1800 1800 352 280 1801 1801 353 281 1802 1802 365 274 1803 1803 353 281 1804 1804 364 272 1805 1805 364 272 1806 1806 353 281 1807 1807 354 282 1808 1808 364 272 1809 1809 354 282 1810 1810 363 270 1811 1811 363 270 1812 1812 354 282 1813 1813 355 283 1814 1814 363 270 1815 1815 355 283 1816 1816 362 268 1817 1817 362 268 1818 1818 355 283 1819 1819 356 284 1820 1820 362 268 1821 1821 356 284 1822 1822 361 266 1823 1823 361 266 1824 1824 356 284 1825 1825 357 285 1826 1826 361 266 1827 1827 357 285 1828 1828 360 264 1829 1829 360 264 1830 1830 357 285 1831 1831 358 286 1832 1832 360 264 1833 1833 358 286 1834 1834 359 262 1835 1835 256 1 1836 1836 71 1 1837 1837 367 1 1838 1838 367 1 1839 1839 71 1 1840 1840 128 1 1841 1841 367 1 1842 1842 128 1 1843 1843 359 1 1844 1844 359 1 1845 1845 256 1 1846 1846 367 1 1847 1847 305 3 1989 1989 315 3 1990 1990 309 3 1991 1991 369 0 2016 2016 130 0 2017 2017 370 0 2018 2018 370 0 2019 2019 130 0 2020 2020 129 0 2021 2021 370 0 2022 2022 129 0 2023 2023 368 0 2024 2024 368 0 2025 2025 369 0 2026 2026 370 0 2027 2027 371 1 2028 2028 131 1 2029 2029 372 1 2030 2030 372 1 2031 2031 131 1 2032 2032 130 1 2033 2033 372 1 2034 2034 130 1 2035 2035 369 1 2036 2036 369 1 2037 2037 371 1 2038 2038 372 1 2039 2039 373 125 2040 2040 132 126 2041 2041 374 127 2042 2042 374 127 2043 2043 132 126 2044 2044 131 2 2045 2045 374 127 2046 2046 131 2 2047 2047 371 2 2048 2048 371 2 2049 2049 373 125 2050 2050 374 127 2051 2051 368 309 2052 2052 129 8 2053 2053 375 310 2054 2054 375 310 2055 2055 129 8 2056 2056 132 8 2057 2057 375 310 2058 2058 132 8 2059 2059 373 311 2060 2060 373 311 2061 2061 368 309 2062 2062 375 310 2063 2063 378 312 2076 2076 55 313 2077 2077 379 314 2078 2078 379 314 2079 2079 55 313 2080 2080 54 0 2081 2081 379 314 2082 2082 54 0 2083 2083 377 0 2084 2084 377 0 2085 2085 378 312 2086 2086 379 314 2087 2087 380 1 2088 2088 56 1 2089 2089 381 1 2090 2090 381 1 2091 2091 56 1 2092 2092 55 1 2093 2093 381 1 2094 2094 55 1 2095 2095 378 1 2096 2096 378 1 2097 2097 380 1 2098 2098 381 1 2099 2099 252 315 2100 2100 57 316 2101 2101 382 317 2102 2102 382 317 2103 2103 57 316 2104 2104 56 318 2105 2105 382 317 2106 2106 56 318 2107 2107 380 319 2108 2108 380 319 2109 2109 252 315 2110 2110 382 317 2111 2111 383 320 2112 2112 41 321 2113 2113 384 322 2114 2114 384 322 2115 2115 41 321 2116 2116 40 2 2117 2117 384 322 2118 2118 40 2 2119 2119 253 2 2120 2120 253 2 2121 2121 383 320 2122 2122 384 322 2123 2123 385 1 2124 2124 42 1 2125 2125 386 323 2126 2126 386 323 2127 2127 42 1 2128 2128 41 1 2129 2129 386 323 2130 2130 41 1 2131 2131 383 1 2132 2132 383 1 2133 2133 385 1 2134 2134 386 323 2135 2135 387 220 2136 2136 43 219 2137 2137 388 324 2138 2138 388 324 2139 2139 43 219 2140 2140 42 2 2141 2141 388 324 2142 2142 42 2 2143 2143 385 2 2144 2144 385 2 2145 2145 387 220 2146 2146 388 324 2147 2147 389 325 2148 2148 44 326 2149 2149 390 327 2150 2150 390 327 2151 2151 44 326 2152 2152 43 328 2153 2153 390 327 2154 2154 43 328 2155 2155 387 8 2156 2156 387 8 2157 2157 389 325 2158 2158 390 327 2159 2159 391 329 2160 2160 45 330 2161 2161 392 331 2162 2162 392 331 2163 2163 45 330 2164 2164 44 332 2165 2165 392 331 2166 2166 44 332 2167 2167 389 333 2168 2168 389 333 2169 2169 391 329 2170 2170 392 331 2171 2171 393 1 2172 2172 46 334 2173 2173 394 335 2174 2174 394 335 2175 2175 46 334 2176 2176 45 336 2177 2177 394 335 2178 2178 45 336 2179 2179 391 337 2180 2180 391 337 2181 2181 393 1 2182 2182 394 335 2183 2183 395 220 2184 2184 47 338 2185 2185 396 339 2186 2186 396 339 2187 2187 47 338 2188 2188 46 2 2189 2189 396 339 2190 2190 46 2 2191 2191 393 2 2192 2192 393 2 2193 2193 395 220 2194 2194 396 339 2195 2195 397 8 2196 2196 50 8 2197 2197 398 340 2198 2198 398 340 2199 2199 50 8 2200 2200 49 8 2201 2201 398 340 2202 2202 49 8 2203 2203 48 8 2204 2204 48 8 2205 2205 47 8 2206 2206 398 340 2207 2207 398 340 2208 2208 47 8 2209 2209 395 8 2210 2210 398 340 2211 2211 395 8 2212 2212 397 8 2213 2213 399 312 2214 2214 51 341 2215 2215 400 342 2216 2216 400 342 2217 2217 51 341 2218 2218 50 0 2219 2219 400 342 2220 2220 50 0 2221 2221 397 0 2222 2222 397 0 2223 2223 399 312 2224 2224 400 342 2225 2225 401 1 2226 2226 52 1 2227 2227 402 1 2228 2228 402 1 2229 2229 52 1 2230 2230 51 1 2231 2231 402 1 2232 2232 51 1 2233 2233 399 1 2234 2234 399 1 2235 2235 401 1 2236 2236 402 1 2237 2237 403 343 2238 2238 53 343 2239 2239 404 0 2240 2240 404 0 2241 2241 53 343 2242 2242 52 344 2243 2243 404 0 2244 2244 52 344 2245 2245 401 344 2246 2246 401 344 2247 2247 403 343 2248 2248 404 0 2249 2249 377 8 2250 2250 54 8 2251 2251 405 8 2252 2252 405 8 2253 2253 54 8 2254 2254 53 8 2255 2255 405 8 2256 2256 53 8 2257 2257 403 8 2258 2258 403 8 2259 2259 377 8 2260 2260 405 8 2261 2261 391 349 2289 2289 401 348 2290 2290 395 3 2291 2291 178 350 2310 2310 177 351 2311 2311 409 352 2312 2312 409 352 2313 2313 177 351 2314 2314 407 353 2315 2315 409 352 2316 2316 407 353 2317 2317 408 354 2318 2318 408 354 2319 2319 178 350 2320 2320 409 352 2321 2321 414 358 2346 2346 407 359 2347 2347 415 360 2348 2348 415 360 2349 2349 407 359 2350 2350 177 361 2351 2351 415 360 2352 2352 177 361 2353 2353 144 362 2354 2354 144 362 2355 2355 177 361 2356 2356 147 2 2357 2357 144 362 2358 2358 147 2 2359 2359 30 2 2360 2360 33 2 2361 2361 152 2 2362 2362 177 361 2363 2363 177 361 2364 2364 152 2 2365 2365 147 2 2366 2366 144 362 2367 2367 414 358 2368 2368 415 360 2369 2369 410 363 2370 2370 418 364 2371 2371 174 365 2372 2372 174 365 2373 2373 418 364 2374 2374 417 366 2375 2375 174 365 2376 2376 417 366 2377 2377 24 2 2378 2378 410 363 2379 2379 416 2 2380 2380 418 364 2381 2381 418 364 2382 2382 416 2 2383 2383 417 366 2384 2384 24 2 2385 2385 23 2 2386 2386 174 365 2387 2387 142 367 2388 2388 141 368 2389 2389 421 369 2390 2390 421 369 2391 2391 141 368 2392 2392 419 351 2393 2393 421 369 2394 2394 419 351 2395 2395 420 350 2396 2396 420 350 2397 2397 142 367 2398 2398 421 369 2399 2399 422 1 2400 2400 414 1 2401 2401 423 1 2402 2402 423 1 2403 2403 414 1 2404 2404 144 1 2405 2405 423 1 2406 2406 144 1 2407 2407 143 1 2408 2408 143 1 2409 2409 422 1 2410 2410 423 1 2411 2411 142 2 2412 2412 420 2 2413 2413 424 2 2414 2414 424 2 2415 2415 420 2 2416 2416 422 2 2417 2417 424 2 2418 2418 422 2 2419 2419 143 2 2420 2420 143 2 2421 2421 142 2 2422 2422 424 2 2423 2423 425 370 2424 2424 419 371 2425 2425 426 372 2426 2426 426 372 2427 2427 419 371 2428 2428 141 373 2429 2429 426 372 2430 2430 141 373 2431 2431 13 374 2432 2432 13 374 2433 2433 141 373 2434 2434 133 2 2435 2435 13 374 2436 2436 133 2 2437 2437 14 2 2438 2438 29 2 2439 2439 138 2 2440 2440 141 373 2441 2441 141 373 2442 2442 138 2 2443 2443 133 2 2444 2444 13 374 2445 2445 425 370 2446 2446 426 372 2447 2447 427 1 2448 2448 425 1 2449 2449 428 1 2450 2450 428 1 2451 2451 425 1 2452 2452 13 1 2453 2453 428 1 2454 2454 13 1 2455 2455 12 1 2456 2456 12 1 2457 2457 427 1 2458 2458 428 1 2459 2459 432 375 2460 2460 429 376 2461 2461 433 377 2462 2462 433 377 2463 2463 429 376 2464 2464 430 378 2465 2465 433 377 2466 2466 430 378 2467 2467 431 379 2468 2468 431 379 2469 2469 432 375 2470 2470 433 377 2471 2471 429 3 2472 2472 432 3 2473 2473 434 3 2474 2474 434 3 2475 2475 432 3 2476 2476 20 3 2477 2477 434 3 2478 2478 20 3 2479 2479 9 3 2480 2480 434 3 2481 2481 9 3 2482 2482 2 3 2483 2483 2 3 2484 2484 9 3 2485 2485 6 3 2486 2486 2 3 2487 2487 6 3 2488 2488 3 3 2489 2489 2 3 2490 2490 18 3 2491 2491 434 3 2492 2492 434 3 2493 2493 18 3 2494 2494 436 380 2495 2495 436 380 2496 2496 18 3 2497 2497 207 381 2498 2498 436 380 2499 2499 207 381 2500 2500 158 382 2501 2501 158 382 2502 2502 207 381 2503 2503 155 3 2504 2504 155 3 2505 2505 207 381 2506 2506 167 3 2507 2507 155 3 2508 2508 167 3 2509 2509 166 3 2510 2510 171 3 2511 2511 417 3 2512 2512 166 3 2513 2513 166 3 2514 2514 417 3 2515 2515 435 3 2516 2516 166 3 2517 2517 435 3 2518 2518 155 3 2519 2519 25 3 2520 2520 24 3 2521 2521 171 3 2522 2522 171 3 2523 2523 24 3 2524 2524 417 3 2525 2525 429 0 2526 2526 434 0 2527 2527 438 0 2528 2528 438 0 2529 2529 434 0 2530 2530 437 0 2531 2531 438 0 2532 2532 437 0 2533 2533 430 0 2534 2534 430 0 2535 2535 429 0 2536 2536 438 0 2537 2537 156 0 2556 2556 155 383 2557 2557 160 384 2558 2558 160 384 2559 2559 155 383 2560 2560 441 385 2561 2561 160 384 2562 2562 441 385 2563 2563 163 0 2564 2564 163 0 2565 2565 441 385 2566 2566 440 0 2567 2567 440 0 2568 2568 441 385 2569 2569 435 0 2570 2570 435 0 2571 2571 441 385 2572 2572 155 383 2573 2573 435 386 2574 2574 417 387 2575 2575 442 388 2576 2576 442 388 2577 2577 417 387 2578 2578 416 1 2579 2579 442 388 2580 2580 416 1 2581 2581 440 1 2582 2582 440 1 2583 2583 435 386 2584 2584 442 388 2585 2585 436 389 2586 2586 443 390 2587 2587 444 391 2588 2588 444 391 2589 2589 443 390 2590 2590 437 390 2591 2591 444 391 2592 2592 437 390 2593 2593 434 389 2594 2594 434 389 2595 2595 436 389 2596 2596 444 391 2597 2597 443 0 2598 2598 445 392 2599 2599 164 0 2600 2600 164 0 2601 2601 445 392 2602 2602 157 393 2603 2603 164 0 2604 2604 157 393 2605 2605 161 0 2606 2606 443 0 2607 2607 436 0 2608 2608 445 392 2609 2609 445 392 2610 2610 436 0 2611 2611 158 394 2612 2612 445 392 2613 2613 158 394 2614 2614 157 393 2615 2615 437 395 2616 2616 443 396 2617 2617 446 397 2618 2618 446 397 2619 2619 443 396 2620 2620 164 396 2621 2621 446 397 2622 2622 164 396 2623 2623 163 398 2624 2624 440 396 2625 2625 410 396 2626 2626 163 398 2627 2627 163 398 2628 2628 410 396 2629 2629 407 399 2630 2630 163 398 2631 2631 407 399 2632 2632 446 397 2633 2633 446 397 2634 2634 407 399 2635 2635 414 400 2636 2636 446 397 2637 2637 414 400 2638 2638 419 396 2639 2639 419 396 2640 2640 414 400 2641 2641 420 396 2642 2642 420 396 2643 2643 414 400 2644 2644 422 396 2645 2645 440 396 2646 2646 416 396 2647 2647 410 396 2648 2648 410 396 2649 2649 411 396 2650 2650 407 399 2651 2651 407 399 2652 2652 411 396 2653 2653 408 396 2654 2654 419 396 2655 2655 425 401 2656 2656 446 397 2657 2657 446 397 2658 2658 425 401 2659 2659 437 395 2660 2660 425 401 2661 2661 427 396 2662 2662 437 395 2663 2663 437 395 2664 2664 427 396 2665 2665 431 396 2666 2666 437 395 2667 2667 431 396 2668 2668 430 396 2669 2669</p>
        </triangles>
        <triangles material="Paint_-_Enamel_Glossy__Blue_-material" count="28">
          <input semantic="VERTEX" source="#Body1-mesh-vertices" offset="0"/>
          <input semantic="NORMAL" source="#Body1-mesh-normals" offset="1"/>
          <input semantic="TEXCOORD" source="#Body1-mesh-map-0" offset="2" set="0"/>
          <input semantic="COLOR" source="#Body1-mesh-colors-Attribute" offset="3" set="0"/>
          <p>5 3 36 36 8 3 37 37 16 4 38 38 16 4 39 39 8 3 40 40 11 5 41 41 16 4 42 42 11 5 43 43 12 6 44 44 16 4 45 45 12 6 46 46 15 7 47 47 15 7 48 48 12 6 49 49 13 3 50 50 15 7 51 51 13 3 52 52 14 3 53 53 181 0 663 663 16 0 664 664 182 0 665 665 182 0 666 666 16 0 667 667 15 0 668 668 182 0 669 669 15 0 670 670 180 0 671 671 180 0 672 672 181 0 673 673 182 0 674 674 180 84 675 675 15 8 676 676 184 85 677 677 184 85 678 678 15 8 679 679 14 8 680 680 184 85 681 681 14 8 682 682 183 86 683 683 183 86 684 684 180 84 685 685 184 85 686 686 185 87 699 699 5 88 700 700 187 89 701 701 187 89 702 702 5 88 703 703 16 90 704 704 187 89 705 705 16 90 706 706 181 91 707 707 181 91 708 708 185 87 709 709 187 89 710 710 183 3 711 711 185 3 712 712 188 3 713 713 188 3 714 714 185 3 715 715 181 3 716 716 188 3 717 717 181 3 718 718 180 3 719 719 180 3 720 720 183 3 721 721 188 3 722 722 20 2 2538 2538 432 2 2539 2539 11 2 2540 2540 11 2 2541 2541 432 2 2542 2542 431 2 2543 2543 11 2 2544 2544 431 2 2545 2545 439 2 2546 2546 439 2 2547 2547 431 2 2548 2548 427 2 2549 2549 439 2 2550 2550 427 2 2551 2551 12 2 2552 2552 12 2 2553 2553 11 2 2554 2554 439 2 2555 2555</p>
        </triangles>
        <triangles material="Paint_-_Enamel_Glossy__White_-material" count="129">
          <input semantic="VERTEX" source="#Body1-mesh-vertices" offset="0"/>
          <input semantic="NORMAL" source="#Body1-mesh-normals" offset="1"/>
          <input semantic="TEXCOORD" source="#Body1-mesh-map-0" offset="2" set="0"/>
          <input semantic="COLOR" source="#Body1-mesh-colors-Attribute" offset="3" set="0"/>
          <p>5 3 90 90 27 3 91 91 0 3 92 92 0 3 93 93 27 3 94 94 65 3 95 95 0 3 96 96 65 3 97 97 66 3 98 98 5 3 99 99 14 3 100 100 27 3 101 101 27 3 102 102 28 3 103 103 65 3 104 104 65 3 105 105 28 3 106 106 132 3 107 107 65 3 108 108 132 3 109 109 64 9 110 110 64 9 111 111 132 3 112 112 129 10 113 113 64 9 114 114 129 10 115 115 107 11 116 116 107 11 117 117 129 10 118 118 105 12 119 119 107 11 120 120 105 12 121 121 106 3 122 122 29 3 123 123 31 3 124 124 28 3 125 125 28 3 126 126 31 3 127 127 131 3 128 128 28 3 129 129 131 3 130 130 132 3 131 131 29 3 132 132 30 3 133 133 31 3 134 134 131 3 135 135 31 3 136 136 70 3 137 137 70 3 138 138 31 3 139 139 32 3 140 140 70 3 141 141 32 3 142 142 69 3 143 143 69 3 144 144 32 3 145 145 22 3 146 146 69 3 147 147 22 3 148 148 38 13 149 149 38 13 150 150 22 3 151 151 37 3 152 152 37 3 153 153 22 3 154 154 34 3 155 155 37 3 156 156 34 3 157 157 35 3 158 158 32 3 159 159 33 3 160 160 22 3 161 161 22 3 162 162 33 3 163 163 23 3 164 164 35 3 165 165 36 3 166 166 37 3 167 167 39 14 168 168 100 15 169 169 38 13 170 170 38 13 171 171 100 15 172 172 68 16 173 173 38 13 174 174 68 16 175 175 69 3 176 176 40 3 177 177 42 17 178 178 39 14 179 179 39 14 180 180 42 17 181 181 60 18 182 182 39 14 183 183 60 18 184 184 61 19 185 185 40 3 186 186 41 3 187 187 42 17 188 188 42 17 189 189 43 20 190 190 60 18 191 191 60 18 192 192 43 20 193 193 44 21 194 194 60 18 195 195 44 21 196 196 45 22 197 197 45 22 198 198 46 23 199 199 60 18 200 200 60 18 201 201 46 23 202 202 59 24 203 203 59 24 204 204 46 23 205 205 47 25 206 206 59 24 207 207 47 25 208 208 79 3 209 209 79 3 210 210 47 25 211 211 78 3 212 212 78 3 213 213 47 25 214 214 77 26 215 215 77 26 216 216 47 25 217 217 76 27 218 218 76 27 219 219 47 25 220 220 75 28 221 221 75 28 222 222 47 25 223 223 74 29 224 224 74 29 225 225 47 25 226 226 73 30 227 227 73 30 228 228 47 25 229 229 72 31 230 230 72 31 231 231 47 25 232 232 71 32 233 233 71 32 234 234 47 25 235 235 48 3 236 236 71 32 237 237 48 3 238 238 49 3 239 239 71 32 240 240 49 3 241 241 128 3 242 242 128 3 243 243 49 3 244 244 50 3 245 245 128 3 246 246 50 3 247 247 127 3 248 248 127 3 249 249 50 3 250 250 126 3 251 251 126 3 252 252 50 3 253 253 125 3 254 254 125 3 255 255 50 3 256 256 124 3 257 257 124 3 258 258 50 3 259 259 17 33 260 260 124 3 261 261 17 33 262 262 123 34 263 263 123 34 264 264 17 33 265 265 122 35 266 266 122 35 267 267 17 33 268 268 121 3 269 269 121 3 270 270 17 33 271 271 120 36 272 272 120 36 273 273 17 33 274 274 118 37 275 275 120 36 276 276 118 37 277 277 119 3 278 278 50 3 279 279 51 3 280 280 17 33 281 281 17 33 282 282 51 3 283 283 58 38 284 284 58 38 285 285 51 3 286 286 54 39 287 287 58 38 288 288 54 39 289 289 55 40 290 290 51 3 291 291 52 3 292 292 54 39 293 293 54 39 294 294 52 3 295 295 53 3 296 296 56 3 297 297 57 3 298 298 55 40 299 299 55 40 300 300 57 3 301 301 58 38 302 302 17 33 303 303 1 3 304 304 118 37 305 305 118 37 306 306 1 3 307 307 117 41 308 308 117 41 309 309 1 3 310 310 114 42 311 311 117 41 312 312 114 42 313 313 115 43 314 314 0 3 315 315 66 3 316 316 1 3 317 317 1 3 318 318 66 3 319 319 63 44 320 320 1 3 321 321 63 44 322 322 113 3 323 323 113 3 324 324 63 44 325 325 112 3 326 326 112 3 327 327 63 44 328 328 111 45 329 329 111 45 330 330 63 44 331 331 110 46 332 332 110 46 333 333 63 44 334 334 109 47 335 335 109 47 336 336 63 44 337 337 64 9 338 338 109 47 339 339 64 9 340 340 108 48 341 341 108 48 342 342 64 9 343 343 107 11 344 344 62 49 345 345 95 50 346 346 61 19 347 347 61 19 348 348 95 50 349 349 96 51 350 350 61 19 351 351 96 51 352 352 97 52 353 353 59 24 354 354 81 3 355 355 62 49 356 356 62 49 357 357 81 3 358 358 82 3 359 359 62 49 360 360 82 3 361 361 84 3 362 362 84 3 363 363 82 3 364 364 83 3 365 365 68 16 366 366 101 3 367 367 67 53 368 368 67 53 369 369 101 3 370 370 102 54 371 371 67 53 372 372 102 54 373 373 103 55 374 374 70 3 375 375 67 53 376 376 131 3 377 377 131 3 378 378 67 53 379 379 130 56 380 380 130 56 381 381 67 53 382 382 104 57 383 383 130 56 384 384 104 57 385 385 105 12 386 386 79 3 387 387 80 3 388 388 59 24 389 389 59 24 390 390 80 3 391 391 81 3 392 392 84 3 393 393 85 58 394 394 62 49 395 395 62 49 396 396 85 58 397 397 86 59 398 398 62 49 399 399 86 59 400 400 92 60 401 401 92 60 402 402 86 59 403 403 87 61 404 404 92 60 405 405 87 61 406 406 88 62 407 407 88 62 408 408 89 63 409 409 92 60 410 410 92 60 411 411 89 63 412 412 90 64 413 413 92 60 414 414 90 64 415 415 91 65 416 416 93 3 417 417 94 66 418 418 92 60 419 419 92 60 420 420 94 66 421 421 62 49 422 422 94 66 423 423 95 50 424 424 62 49 425 425 97 52 426 426 98 67 427 427 61 19 428 428 61 19 429 429 98 67 430 430 39 14 431 431 98 67 432 432 99 3 433 433 39 14 434 434 39 14 435 435 99 3 436 436 100 15 437 437 100 15 438 438 101 3 439 439 68 16 440 440 103 55 441 441 104 57 442 442 67 53 443 443 113 3 444 444 114 42 445 445 1 3 446 446 115 43 447 447 116 3 448 448 117 41 449 449 129 10 450 450 130 56 451 451 105 12 452 452 221 3 891 891 210 3 892 892 222 3 893 893 222 3 894 894 210 3 895 895 209 3 896 896 222 3 897 897 209 3 898 898 220 3 899 899 220 3 900 900 221 3 901 901 222 3 902 902 224 3 903 903 215 3 904 904 225 3 905 905 225 3 906 906 215 3 907 907 214 3 908 908 225 3 909 909 214 3 910 910 223 3 911 911 223 3 912 912 224 3 913 913 225 3 914 914</p>
        </triangles>
        <triangles material="Paint_-_Enamel_Glossy__Red_-material" count="30">
          <input semantic="VERTEX" source="#Body1-mesh-vertices" offset="0"/>
          <input semantic="NORMAL" source="#Body1-mesh-normals" offset="1"/>
          <input semantic="TEXCOORD" source="#Body1-mesh-map-0" offset="2" set="0"/>
          <input semantic="COLOR" source="#Body1-mesh-colors-Attribute" offset="3" set="0"/>
          <p>23 3 645 645 175 3 646 646 174 3 647 647 174 3 648 648 175 3 649 649 179 3 650 650 179 3 651 651 175 3 652 652 178 3 653 653 178 3 654 654 175 3 655 655 176 3 656 656 178 3 657 657 176 3 658 658 177 3 659 659 177 3 660 660 176 3 661 661 33 3 662 662 199 0 783 783 176 0 784 784 200 0 785 785 200 0 786 786 176 0 787 787 175 0 788 788 200 0 789 789 175 0 790 790 198 0 791 791 198 0 792 792 199 0 793 793 200 0 794 794 198 8 795 795 175 8 796 796 202 8 797 797 202 8 798 798 175 8 799 799 23 8 800 800 202 8 801 801 23 8 802 802 201 8 803 803 201 8 804 804 198 8 805 805 202 8 806 806 203 87 819 819 33 88 820 820 205 89 821 821 205 89 822 822 33 88 823 823 176 90 824 824 205 89 825 825 176 90 826 826 199 91 827 827 199 91 828 828 203 87 829 829 205 89 830 830 201 3 831 831 203 3 832 832 206 3 833 833 206 3 834 834 203 3 835 835 199 3 836 836 206 3 837 837 199 3 838 838 198 3 839 839 198 3 840 840 201 3 841 841 206 3 842 842 411 355 2322 2322 410 356 2323 2323 412 357 2324 2324 412 357 2325 2325 410 356 2326 2326 174 1 2327 2327 412 357 2328 2328 174 1 2329 2329 179 1 2330 2330 179 1 2331 2331 411 355 2332 2332 412 357 2333 2333 178 2 2334 2334 408 2 2335 2335 413 2 2336 2336 413 2 2337 2337 408 2 2338 2338 411 2 2339 2339 413 2 2340 2340 411 2 2341 2341 179 2 2342 2342 179 2 2343 2343 178 2 2344 2344 413 2 2345 2345</p>
        </triangles>
        <triangles material="Paint_-_Enamel_Glossy__Black_-material" count="90">
          <input semantic="VERTEX" source="#Body1-mesh-vertices" offset="0"/>
          <input semantic="NORMAL" source="#Body1-mesh-normals" offset="1"/>
          <input semantic="TEXCOORD" source="#Body1-mesh-map-0" offset="2" set="0"/>
          <input semantic="COLOR" source="#Body1-mesh-colors-Attribute" offset="3" set="0"/>
          <p>212 3 879 879 211 3 880 880 219 3 881 881 219 3 882 882 211 3 883 883 217 3 884 884 219 3 885 885 217 3 886 886 216 3 887 887 216 3 888 888 212 3 889 889 219 3 890 890 231 3 1035 1035 230 3 1036 1036 238 3 1037 1037 238 3 1038 1038 230 3 1039 1039 235 3 1040 1040 238 3 1041 1041 235 3 1042 1042 233 3 1043 1043 233 3 1044 1044 231 3 1045 1045 238 3 1046 1046 240 3 1095 1095 239 3 1096 1096 247 3 1097 1097 247 3 1098 1098 239 3 1099 1099 244 3 1100 1100 247 3 1101 1101 244 3 1102 1102 242 3 1103 1103 242 3 1104 1104 240 3 1105 1105 247 3 1106 1106 169 3 1164 1164 168 3 1165 1165 255 3 1166 1166 255 3 1167 1167 168 3 1168 1168 250 3 1169 1169 255 3 1170 1170 250 3 1171 1171 248 3 1172 1172 248 3 1173 1173 169 3 1174 1174 255 3 1175 1175 256 3 1848 1848 359 3 1849 1849 257 287 1850 1850 257 287 1851 1851 359 3 1852 1852 358 288 1853 1853 257 287 1854 1854 358 288 1855 1855 357 289 1856 1856 257 287 1857 1857 357 289 1858 1858 258 290 1859 1859 258 290 1860 1860 357 289 1861 1861 356 3 1862 1862 258 290 1863 1863 356 3 1864 1864 259 3 1865 1865 259 3 1866 1866 356 3 1867 1867 355 3 1868 1868 259 3 1869 1869 355 3 1870 1870 260 3 1871 1871 260 3 1872 1872 355 3 1873 1873 261 291 1874 1874 261 291 1875 1875 355 3 1876 1876 354 292 1877 1877 261 291 1878 1878 354 292 1879 1879 262 293 1880 1880 262 293 1881 1881 354 292 1882 1882 353 294 1883 1883 262 293 1884 1884 353 294 1885 1885 263 295 1886 1886 263 295 1887 1887 353 294 1888 1888 352 296 1889 1889 263 295 1890 1890 352 296 1891 1891 264 297 1892 1892 264 297 1893 1893 352 296 1894 1894 350 3 1895 1895 264 297 1896 1896 350 3 1897 1897 348 3 1898 1898 346 3 1899 1899 344 3 1900 1900 348 3 1901 1901 348 3 1902 1902 344 3 1903 1903 342 3 1904 1904 348 3 1905 1905 342 3 1906 1906 278 3 1907 1907 278 3 1908 1908 342 3 1909 1909 280 298 1910 1910 280 298 1911 1911 342 3 1912 1912 334 299 1913 1913 280 298 1914 1914 334 299 1915 1915 333 300 1916 1916 332 3 1917 1917 283 3 1918 1918 333 300 1919 1919 333 300 1920 1920 283 3 1921 1921 282 301 1922 1922 333 300 1923 1923 282 301 1924 1924 280 298 1925 1925 283 3 1926 1926 332 3 1927 1927 284 3 1928 1928 284 3 1929 1929 332 3 1930 1930 331 3 1931 1931 284 3 1932 1932 331 3 1933 1933 285 3 1934 1934 285 3 1935 1935 331 3 1936 1936 330 302 1937 1937 285 3 1938 1938 330 302 1939 1939 286 303 1940 1940 286 303 1941 1941 330 302 1942 1942 329 304 1943 1943 286 303 1944 1944 329 304 1945 1945 287 305 1946 1946 287 305 1947 1947 329 304 1948 1948 328 306 1949 1949 287 305 1950 1950 328 306 1951 1951 288 307 1952 1952 288 307 1953 1953 328 306 1954 1954 327 308 1955 1955 288 307 1956 1956 327 308 1957 1957 289 3 1958 1958 289 3 1959 1959 327 308 1960 1960 325 3 1961 1961 289 3 1962 1962 325 3 1963 1963 323 3 1964 1964 321 3 1965 1965 317 3 1966 1966 323 3 1967 1967 323 3 1968 1968 317 3 1969 1969 303 3 1970 1970 323 3 1971 1971 303 3 1972 1972 297 3 1973 1973 297 3 1974 1974 303 3 1975 1975 301 3 1976 1976 297 3 1977 1977 301 3 1978 1978 299 3 1979 1979 321 3 1980 1980 319 3 1981 1981 317 3 1982 1982 303 3 1983 1983 317 3 1984 1984 305 3 1985 1985 305 3 1986 1986 317 3 1987 1987 315 3 1988 1988 309 3 1992 1992 315 3 1993 1993 311 3 1994 1994 311 3 1995 1995 315 3 1996 1996 313 3 1997 1997 309 3 1998 1998 307 3 1999 1999 305 3 2000 2000 297 3 2001 2001 289 3 2002 2002 323 3 2003 2003 276 3 2004 2004 274 3 2005 2005 278 3 2006 2006 278 3 2007 2007 274 3 2008 2008 272 3 2009 2009 278 3 2010 2010 272 3 2011 2011 348 3 2012 2012 348 3 2013 2013 272 3 2014 2014 264 297 2015 2015 369 3 2064 2064 368 3 2065 2065 376 3 2066 2066 376 3 2067 2067 368 3 2068 2068 373 3 2069 2069 376 3 2070 2070 373 3 2071 2071 371 3 2072 2072 371 3 2073 2073 369 3 2074 2074 376 3 2075 2075 377 3 2262 2262 403 345 2263 2263 378 3 2264 2264 378 3 2265 2265 403 345 2266 2266 380 3 2267 2267 380 3 2268 2268 403 345 2269 2269 389 346 2270 2270 380 3 2271 2271 389 346 2272 2272 383 3 2273 2273 383 3 2274 2274 389 346 2275 2275 387 3 2276 2276 383 3 2277 2277 387 3 2278 2278 385 3 2279 2279 389 346 2280 2280 403 345 2281 2281 406 347 2282 2282 406 347 2283 2283 403 345 2284 2284 401 348 2285 2285 406 347 2286 2286 401 348 2287 2287 391 349 2288 2288 391 349 2292 2292 395 3 2293 2293 393 3 2294 2294 399 3 2295 2295 397 3 2296 2296 401 348 2297 2297 401 348 2298 2298 397 3 2299 2299 395 3 2300 2300 391 349 2301 2301 389 346 2302 2302 406 347 2303 2303 383 3 2304 2304 253 3 2305 2305 380 3 2306 2306 380 3 2307 2307 253 3 2308 2308 252 3 2309 2309</p>
        </triangles>
      </mesh>
    </geometry>
  </library_geometries>
  <library_visual_scenes>
    <visual_scene id="Scene" name="Scene">
      <node id="stage_v16_001" name="stage v16.001" type="NODE">
        <matrix sid="transform">9.99815e-4 -1.84998e-5 5.32961e-6 0 -1.76326e-6 -3.6366e-4 -9.3153e-4 0 1.91712e-5 9.31348e-4 -3.63626e-4 0 0 0 0 1</matrix>
      </node>
      <node id="stage_v16" name="stage v16" type="NODE">
        <matrix sid="transform">-5.16616e-5 9.98649e-4 -5.54133e-6 0 -9.98585e-4 -5.17267e-5 -1.23198e-5 0 -1.25898e-5 4.89704e-6 9.99909e-4 0 0 0 0 1</matrix>
        <node id="Body1" name="Body1" type="NODE">
          <matrix sid="transform">10 8.55653e-8 1.49012e-8 -3.87795e-6 2.59024e-8 9.999998 3.72529e-9 4.27943e-5 -2.98023e-8 7.45058e-9 10 -6e-6 0 0 0 1</matrix>
          <instance_geometry url="#Body1-mesh" name="Body1">
            <bind_material>
              <technique_common>
                <instance_material symbol="Paint_-_Enamel_Glossy__Yellow_-material" target="#Paint_-_Enamel_Glossy__Yellow_-material">
                  <bind_vertex_input semantic="Texture UVs" input_semantic="TEXCOORD" input_set="0"/>
                </instance_material>
                <instance_material symbol="Paint_-_Enamel_Glossy__Blue_-material" target="#Paint_-_Enamel_Glossy__Blue_-material">
                  <bind_vertex_input semantic="Texture UVs" input_semantic="TEXCOORD" input_set="0"/>
                </instance_material>
                <instance_material symbol="Paint_-_Enamel_Glossy__White_-material" target="#Paint_-_Enamel_Glossy__White_-material">
                  <bind_vertex_input semantic="Texture UVs" input_semantic="TEXCOORD" input_set="0"/>
                </instance_material>
                <instance_material symbol="Paint_-_Enamel_Glossy__Red_-material" target="#Paint_-_Enamel_Glossy__Red_-material">
                  <bind_vertex_input semantic="Texture UVs" input_semantic="TEXCOORD" input_set="0"/>
                </instance_material>
                <instance_material symbol="Paint_-_Enamel_Glossy__Black_-material" target="#Paint_-_Enamel_Glossy__Black_-material">
                  <bind_vertex_input semantic="Texture UVs" input_semantic="TEXCOORD" input_set="0"/>
                </instance_material>
              </technique_common>
            </bind_material>
          </instance_geometry>
        </node>
      </node>
      <node id="Camera" name="Camera" type="NODE">
        <matrix sid="transform">0.6859207 -0.3240135 0.6515582 7.358891 0.7276763 0.3054208 -0.6141704 -6.925791 0 0.8953956 0.4452714 4.958309 0 0 0 1</matrix>
        <instance_camera url="#Camera-camera"/>
      </node>
      <node id="Light" name="Light" type="NODE">
        <matrix sid="transform">-0.2908646 -0.7711008 0.5663932 4.076245 0.9551712 -0.1998834 0.2183912 1.005454 -0.05518906 0.6045247 0.7946723 5.903862 0 0 0 1</matrix>
        <instance_light url="#Light-light"/>
      </node>
    </visual_scene>
  </library_visual_scenes>
  <scene>
    <instance_visual_scene url="#Scene"/>
  </scene>
</COLLADA>