<?xml version="1.0" encoding="utf-8"?>
<COLLADA xmlns="http://www.collada.org/2005/11/COLLADASchema" version="1.4.1" xmlns:xsi="http://www.w3.org/2001/XMLSchema-instance">
  <asset>
    <contributor>
      <author>Blender User</author>
      <authoring_tool>Blender 4.5.4 LTS commit date:2025-10-27, commit time:12:46, hash:b3efe983cc58</authoring_tool>
    </contributor>
    <created>2025-11-19T22:50:22</created>
    <modified>2025-11-19T22:50:22</modified>
    <unit name="meter" meter="1"/>
    <up_axis>Z_UP</up_axis>
  </asset>
  <library_cameras>
    <camera id="Camera-camera" name="Camera">
      <optics>
        <technique_common>
          <perspective>
            <xfov sid="xfov">39.59775</xfov>
            <aspect_ratio>1.777778</aspect_ratio>
            <znear sid="znear">0.1</znear>
            <zfar sid="zfar">100</zfar>
          </perspective>
        </technique_common>
      </optics>
      <extra>
        <technique profile="blender">
          <shiftx sid="shiftx" type="float">0</shiftx>
          <shifty sid="shifty" type="float">0</shifty>
          <dof_distance sid="dof_distance" type="float">10</dof_distance>
        </technique>
      </extra>
    </camera>
  </library_cameras>
  <library_effects>
    <effect id="パウダー_コート_黄__002-effect">
      <profile_COMMON>
        <technique sid="common">
          <lambert>
            <emission>
              <color sid="emission">0 0 0 1</color>
            </emission>
            <diffuse>
              <color sid="diffuse">0.909804 0.678431 0.137255 1</color>
            </diffuse>
            <index_of_refraction>
              <float sid="ior">1.5</float>
            </index_of_refraction>
          </lambert>
        </technique>
      </profile_COMMON>
    </effect>
    <effect id="鋼_-_サテン_002-effect">
      <profile_COMMON>
        <technique sid="common">
          <lambert>
            <emission>
              <color sid="emission">0 0 0 1</color>
            </emission>
            <diffuse>
              <color sid="diffuse">0.627451 0.627451 0.627451 1</color>
            </diffuse>
            <index_of_refraction>
              <float sid="ior">1.5</float>
            </index_of_refraction>
          </lambert>
        </technique>
      </profile_COMMON>
    </effect>
    <effect id="パウダー_コート_青_-effect">
      <profile_COMMON>
        <technique sid="common">
          <lambert>
            <emission>
              <color sid="emission">0 0 0 1</color>
            </emission>
            <diffuse>
              <color sid="diffuse">0.188235 0.231373 0.588235 1</color>
            </diffuse>
            <index_of_refraction>
              <float sid="ior">1.5</float>
            </index_of_refraction>
          </lambert>
        </technique>
      </profile_COMMON>
    </effect>
    <effect id="パウダー_コート_白_-effect">
      <profile_COMMON>
        <technique sid="common">
          <lambert>
            <emission>
              <color sid="emission">0 0 0 1</color>
            </emission>
            <diffuse>
              <color sid="diffuse">0.964706 0.964706 0.952941 1</color>
            </diffuse>
            <index_of_refraction>
              <float sid="ior">1.5</float>
            </index_of_refraction>
          </lambert>
        </technique>
      </profile_COMMON>
    </effect>
    <effect id="大理石_白__002-effect">
      <profile_COMMON>
        <technique sid="common">
          <lambert>
            <emission>
              <color sid="emission">0 0 0 1</color>
            </emission>
            <diffuse>
              <color sid="diffuse">0 0 0 1</color>
            </diffuse>
            <index_of_refraction>
              <float sid="ior">1.5</float>
            </index_of_refraction>
          </lambert>
        </technique>
      </profile_COMMON>
    </effect>
  </library_effects>
  <library_images/>
  <library_materials>
    <material id="パウダー_コート_黄__002-material" name="パウダー_コート(黄).002">
      <instance_effect url="#パウダー_コート_黄__002-effect"/>
    </material>
    <material id="鋼_-_サテン_002-material" name="鋼_-_サテン.002">
      <instance_effect url="#鋼_-_サテン_002-effect"/>
    </material>
    <material id="パウダー_コート_青_-material" name="パウダー_コート(青)">
      <instance_effect url="#パウダー_コート_青_-effect"/>
    </material>
    <material id="パウダー_コート_白_-material" name="パウダー_コート(白)">
      <instance_effect url="#パウダー_コート_白_-effect"/>
    </material>
    <material id="大理石_白__002-material" name="大理石(白).002">
      <instance_effect url="#大理石_白__002-effect"/>
    </material>
  </library_materials>
  <library_geometries>
    <geometry id="whee_003-mesh" name="whee.003">
      <mesh>
        <source id="whee_003-mesh-positions">
          <float_array id="whee_003-mesh-positions-array" count="5310">0.5 0 3.65 0.196891 0 3.825 0.196891 0 4.175 0.5 0 4.35 0.803109 0 4.175 0.803109 0 3.825 0.5 -3.160993 1.825 0.5 -3.160993 -1.825 0.5 0 -3.65 0.5 3.160993 -1.825 0.5 3.160993 1.825 0.5 0.544004 3.609233 0.5 1.075856 3.487841 0.5 1.583676 3.288536 0.5 2.056118 3.015772 0.5 2.48263 2.675639 0.5 2.853685 2.275738 0.5 3.397689 1.333495 0.5 3.558487 0.812201 0.5 3.639794 0.272765 0.5 3.639794 -0.272765 0.5 3.558487 -0.812201 0.5 3.397689 -1.333495 0.5 2.853685 -2.275738 0.5 2.48263 -2.675639 0.5 2.056118 -3.015772 0.5 1.583676 -3.288536 0.5 1.075856 -3.487841 0.5 0.544004 -3.609233 0.5 -0.544004 -3.609233 0.5 -1.075856 -3.487841 0.5 -1.583676 -3.288536 0.5 -2.056118 -3.015772 0.5 -2.48263 -2.675639 0.5 -2.853685 -2.275738 0.5 -3.397689 -1.333495 0.5 -3.558487 -0.812201 0.5 -3.639794 -0.272765 0.5 -3.639794 0.272765 0.5 -3.558487 0.812201 0.5 -3.397689 1.333495 0.5 -2.853685 2.275738 0.5 -2.48263 2.675639 0.5 -2.056118 3.015772 0.5 -1.583676 3.288536 0.5 -1.075856 3.487841 0.5 -0.544004 3.609233 0.590587 0 3.661926 0.675 0 3.696891 0.747487 0 3.752513 0.838074 0 3.909413 0.85 0 4 0.838074 0 4.090587 0.747487 0 4.247487 0.675 0 4.303109 0.590587 0 4.338074 0.409413 0 4.338074 0.325 0 4.303109 0.252513 0 4.247487 0.161926 0 4.090587 0.15 0 4 0.161926 0 3.909413 0.252513 0 3.752513 0.325 0 3.696891 0.409413 0 3.661926 0.590587 0.545782 3.621025 0.675 0.550993 3.6556 0.747487 0.559283 3.7106 0.803109 0.570087 3.782278 0.838074 0.582668 3.865748 0.85 0.596169 3.955323 0.838074 0.60967 4.044898 0.803109 0.622251 4.128369 0.747487 0.633055 4.200046 0.675 0.641345 4.255047 0.590587 0.646556 4.289621 0.5 0.648334 4.301414 0.409413 0.646556 4.289621 0.325 0.641345 4.255047 0.252513 0.633055 4.200046 0.196891 0.622251 4.128369 0.161926 0.60967 4.044898 0.15 0.596169 3.955323 0.161926 0.582668 3.865748 0.196891 0.570087 3.782278 0.252513 0.559283 3.7106 0.325 0.550993 3.6556 0.409413 0.545782 3.621025 0.409413 -0.545782 3.621025 0.325 -0.550993 3.6556 0.252513 -0.559283 3.7106 0.196891 -0.570087 3.782278 0.161926 -0.582668 3.865748 0.15 -0.596169 3.955323 0.161926 -0.60967 4.044898 0.196891 -0.622251 4.128369 0.252513 -0.633055 4.200046 0.325 -0.641345 4.255047 0.409413 -0.646556 4.289621 0.5 -0.648334 4.301414 0.590587 -0.646556 4.289621 0.675 -0.641345 4.255047 0.747487 -0.633055 4.200046 0.803109 -0.622251 4.128369 0.838074 -0.60967 4.044898 0.85 -0.596169 3.955323 0.838074 -0.582668 3.865748 0.803109 -0.570087 3.782278 0.747487 -0.559283 3.7106 0.675 -0.550993 3.6556 0.590587 -0.545782 3.621025 0.409413 -3.408791 1.337852 0.325 -3.441339 1.350626 0.252513 -3.493115 1.370947 0.196891 -3.560592 1.397429 0.161926 -3.63917 1.428269 0.15 -3.723495 1.461364 0.161926 -3.80782 1.494459 0.196891 -3.886398 1.525299 0.252513 -3.953874 1.551781 0.325 -4.005651 1.572102 0.409413 -4.038199 1.584876 0.5 -4.049301 1.589233 0.590587 -4.038199 1.584876 0.675 -4.005651 1.572102 0.747487 -3.953874 1.551781 0.803109 -3.886398 1.525299 0.838074 -3.80782 1.494459 0.85 -3.723495 1.461364 0.838074 -3.63917 1.428269 0.803109 -3.560592 1.397429 0.747487 -3.493115 1.370947 0.675 -3.441339 1.350626 0.590587 -3.408791 1.337852 0.590587 -3.171321 1.830963 0.675 -3.201602 1.848446 0.747487 -3.249771 1.876256 0.803109 -3.312547 1.9125 0.838074 -3.385651 1.954707 0.85 -3.464102 2 0.838074 -3.542552 2.045293 0.803109 -3.615656 2.0875 0.747487 -3.678432 2.123744 0.675 -3.726602 2.151554 0.590587 -3.756882 2.169037 0.5 -3.767211 2.175 0.409413 -3.756882 2.169037 0.325 -3.726602 2.151554 0.252513 -3.678432 2.123744 0.196891 -3.615656 2.0875 0.161926 -3.542552 2.045293 0.15 -3.464102 2 0.161926 -3.385651 1.954707 0.196891 -3.312547 1.9125 0.252513 -3.249771 1.876256 0.325 -3.201602 1.848446 0.409413 -3.171321 1.830963 0.590587 -2.863009 2.283173 0.675 -2.890346 2.304974 0.747487 -2.933833 2.339653 0.803109 -2.990505 2.384848 0.838074 -3.056502 2.437479 0.85 -3.127326 2.493959 0.838074 -3.198149 2.550439 0.803109 -3.264146 2.60307 0.747487 -3.320819 2.648265 0.675 -3.364306 2.682945 0.590587 -3.391643 2.704745 0.5 -3.400967 2.712181 0.409413 -3.391643 2.704745 0.325 -3.364306 2.682945 0.252513 -3.320819 2.648265 0.196891 -3.264146 2.60307 0.161926 -3.198149 2.550439 0.15 -3.127326 2.493959 0.161926 -3.056502 2.437479 0.196891 -2.990505 2.384848 0.252513 -2.933833 2.339653 0.325 -2.890346 2.304974 0.409413 -2.863009 2.283173 0.409413 -2.863009 -2.283173 0.325 -2.890346 -2.304974 0.252513 -2.933833 -2.339653 0.196891 -2.990505 -2.384848 0.161926 -3.056502 -2.437479 0.15 -3.127326 -2.493959 0.161926 -3.198149 -2.550439 0.196891 -3.264146 -2.60307 0.252513 -3.320819 -2.648265 0.325 -3.364306 -2.682945 0.409413 -3.391643 -2.704745 0.5 -3.400967 -2.712181 0.590587 -3.391643 -2.704745 0.675 -3.364306 -2.682945 0.747487 -3.320819 -2.648265 0.803109 -3.264146 -2.60307 0.838074 -3.198149 -2.550439 0.85 -3.127326 -2.493959 0.838074 -3.056502 -2.437479 0.803109 -2.990505 -2.384848 0.747487 -2.933833 -2.339653 0.675 -2.890346 -2.304974 0.590587 -2.863009 -2.283173 0.590587 -3.171321 -1.830963 0.675 -3.201602 -1.848446 0.747487 -3.249771 -1.876256 0.803109 -3.312547 -1.9125 0.838074 -3.385651 -1.954707 0.85 -3.464102 -2 0.838074 -3.542552 -2.045293 0.803109 -3.615656 -2.0875 0.747487 -3.678432 -2.123744 0.675 -3.726602 -2.151554 0.590587 -3.756882 -2.169037 0.5 -3.767211 -2.175 0.409413 -3.756882 -2.169037 0.325 -3.726602 -2.151554 0.252513 -3.678432 -2.123744 0.196891 -3.615656 -2.0875 0.161926 -3.542552 -2.045293 0.15 -3.464102 -2 0.161926 -3.385651 -1.954707 0.196891 -3.312547 -1.9125 0.252513 -3.249771 -1.876256 0.325 -3.201602 -1.848446 0.409413 -3.171321 -1.830963 0.590587 -3.408791 -1.337852 0.675 -3.441339 -1.350626 0.747487 -3.493115 -1.370947 0.803109 -3.560592 -1.397429 0.838074 -3.63917 -1.428269 0.85 -3.723495 -1.461364 0.838074 -3.80782 -1.494459 0.803109 -3.886398 -1.525299 0.747487 -3.953874 -1.551781 0.675 -4.005651 -1.572102 0.590587 -4.038199 -1.584876 0.5 -4.049301 -1.589233 0.409413 -4.038199 -1.584876 0.325 -4.005651 -1.572102 0.252513 -3.953874 -1.551781 0.196891 -3.886398 -1.525299 0.161926 -3.80782 -1.494459 0.15 -3.723495 -1.461364 0.161926 -3.63917 -1.428269 0.196891 -3.560592 -1.397429 0.252513 -3.493115 -1.370947 0.325 -3.441339 -1.350626 0.409413 -3.408791 -1.337852 0.409413 0.545782 -3.621025 0.325 0.550993 -3.6556 0.252513 0.559283 -3.7106 0.196891 0.570087 -3.782278 0.161926 0.582668 -3.865748 0.15 0.596169 -3.955323 0.161926 0.60967 -4.044898 0.196891 0.622251 -4.128369 0.252513 0.633055 -4.200046 0.325 0.641345 -4.255047 0.409413 0.646556 -4.289621 0.5 0.648334 -4.301414 0.590587 0.646556 -4.289621 0.675 0.641345 -4.255047 0.747487 0.633055 -4.200046 0.803109 0.622251 -4.128369 0.838074 0.60967 -4.044898 0.85 0.596169 -3.955323 0.838074 0.582668 -3.865748 0.803109 0.570087 -3.782278 0.747487 0.559283 -3.7106 0.675 0.550993 -3.6556 0.590587 0.545782 -3.621025 0.590587 0 -3.661926 0.675 0 -3.696891 0.747487 0 -3.752513 0.803109 0 -3.825 0.838074 0 -3.909413 0.85 0 -4 0.838074 0 -4.090587 0.803109 0 -4.175 0.747487 0 -4.247487 0.675 0 -4.303109 0.590587 0 -4.338074 0.5 0 -4.35 0.409413 0 -4.338074 0.325 0 -4.303109 0.252513 0 -4.247487 0.196891 0 -4.175 0.161926 0 -4.090587 0.15 0 -4 0.161926 0 -3.909413 0.196891 0 -3.825 0.252513 0 -3.752513 0.325 0 -3.696891 0.409413 0 -3.661926 0.590587 -0.545782 -3.621025 0.675 -0.550993 -3.6556 0.747487 -0.559283 -3.7106 0.803109 -0.570087 -3.782278 0.838074 -0.582668 -3.865748 0.85 -0.596169 -3.955323 0.838074 -0.60967 -4.044898 0.803109 -0.622251 -4.128369 0.747487 -0.633055 -4.200046 0.675 -0.641345 -4.255047 0.590587 -0.646556 -4.289621 0.5 -0.648334 -4.301414 0.409413 -0.646556 -4.289621 0.325 -0.641345 -4.255047 0.252513 -0.633055 -4.200046 0.196891 -0.622251 -4.128369 0.161926 -0.60967 -4.044898 0.15 -0.596169 -3.955323 0.161926 -0.582668 -3.865748 0.196891 -0.570087 -3.782278 0.252513 -0.559283 -3.7106 0.325 -0.550993 -3.6556 0.409413 -0.545782 -3.621025 0.409413 3.408791 -1.337852 0.325 3.441339 -1.350626 0.252513 3.493115 -1.370947 0.196891 3.560592 -1.397429 0.161926 3.63917 -1.428269 0.15 3.723495 -1.461364 0.161926 3.80782 -1.494459 0.196891 3.886398 -1.525299 0.252513 3.953874 -1.551781 0.325 4.005651 -1.572102 0.409413 4.038199 -1.584876 0.5 4.049301 -1.589233 0.590587 4.038199 -1.584876 0.675 4.005651 -1.572102 0.747487 3.953874 -1.551781 0.803109 3.886398 -1.525299 0.838074 3.80782 -1.494459 0.85 3.723495 -1.461364 0.838074 3.63917 -1.428269 0.803109 3.560592 -1.397429 0.747487 3.493115 -1.370947 0.675 3.441339 -1.350626 0.590587 3.408791 -1.337852 0.590587 3.171321 -1.830963 0.675 3.201602 -1.848446 0.747487 3.249771 -1.876256 0.803109 3.312547 -1.9125 0.838074 3.385651 -1.954707 0.85 3.464102 -2 0.838074 3.542552 -2.045293 0.803109 3.615656 -2.0875 0.747487 3.678432 -2.123744 0.675 3.726602 -2.151554 0.590587 3.756882 -2.169037 0.5 3.767211 -2.175 0.409413 3.756882 -2.169037 0.325 3.726602 -2.151554 0.252513 3.678432 -2.123744 0.196891 3.615656 -2.0875 0.161926 3.542552 -2.045293 0.15 3.464102 -2 0.161926 3.385651 -1.954707 0.196891 3.312547 -1.9125 0.252513 3.249771 -1.876256 0.325 3.201602 -1.848446 0.409413 3.171321 -1.830963 0.590587 2.863009 -2.283173 0.675 2.890346 -2.304974 0.747487 2.933833 -2.339653 0.803109 2.990505 -2.384848 0.838074 3.056502 -2.437479 0.85 3.127326 -2.493959 0.838074 3.198149 -2.550439 0.803109 3.264146 -2.60307 0.747487 3.320819 -2.648265 0.675 3.364306 -2.682945 0.590587 3.391643 -2.704745 0.5 3.400967 -2.712181 0.409413 3.391643 -2.704745 0.325 3.364306 -2.682945 0.252513 3.320819 -2.648265 0.196891 3.264146 -2.60307 0.161926 3.198149 -2.550439 0.15 3.127326 -2.493959 0.161926 3.056502 -2.437479 0.196891 2.990505 -2.384848 0.252513 2.933833 -2.339653 0.325 2.890346 -2.304974 0.409413 2.863009 -2.283173 0.409413 2.863009 2.283173 0.325 2.890346 2.304974 0.252513 2.933833 2.339653 0.196891 2.990505 2.384848 0.161926 3.056502 2.437479 0.15 3.127326 2.493959 0.161926 3.198149 2.550439 0.196891 3.264146 2.60307 0.252513 3.320819 2.648265 0.325 3.364306 2.682945 0.409413 3.391643 2.704745 0.5 3.400967 2.712181 0.590587 3.391643 2.704745 0.675 3.364306 2.682945 0.747487 3.320819 2.648265 0.803109 3.264146 2.60307 0.838074 3.198149 2.550439 0.85 3.127326 2.493959 0.838074 3.056502 2.437479 0.803109 2.990505 2.384848 0.747487 2.933833 2.339653 0.675 2.890346 2.304974 0.590587 2.863009 2.283173 0.590587 3.171321 1.830963 0.675 3.201602 1.848446 0.747487 3.249771 1.876256 0.803109 3.312547 1.9125 0.838074 3.385651 1.954707 0.85 3.464102 2 0.838074 3.542552 2.045293 0.803109 3.615656 2.0875 0.747487 3.678432 2.123744 0.675 3.726602 2.151554 0.590587 3.756882 2.169037 0.5 3.767211 2.175 0.409413 3.756882 2.169037 0.325 3.726602 2.151554 0.252513 3.678432 2.123744 0.196891 3.615656 2.0875 0.161926 3.542552 2.045293 0.15 3.464102 2 0.161926 3.385651 1.954707 0.196891 3.312547 1.9125 0.252513 3.249771 1.876256 0.325 3.201602 1.848446 0.409413 3.171321 1.830963 0.590587 3.408791 1.337852 0.675 3.441339 1.350626 0.747487 3.493115 1.370947 0.803109 3.560592 1.397429 0.838074 3.63917 1.428269 0.85 3.723495 1.461364 0.838074 3.80782 1.494459 0.803109 3.886398 1.525299 0.747487 3.953874 1.551781 0.675 4.005651 1.572102 0.590587 4.038199 1.584876 0.5 4.049301 1.589233 0.409413 4.038199 1.584876 0.325 4.005651 1.572102 0.252513 3.953874 1.551781 0.196891 3.886398 1.525299 0.161926 3.80782 1.494459 0.15 3.723495 1.461364 0.161926 3.63917 1.428269 0.196891 3.560592 1.397429 0.252513 3.493115 1.370947 0.325 3.441339 1.350626 0.409413 3.408791 1.337852 0.590587 1.079372 3.499237 0.675 1.089678 3.532649 0.747487 1.106073 3.585799 0.803109 1.127439 3.655066 0.838074 1.15232 3.735729 0.85 1.179021 3.822291 0.838074 1.205722 3.908853 0.803109 1.230603 3.989516 0.747487 1.251969 4.058783 0.675 1.268364 4.111934 0.590587 1.27867 4.145346 0.5 1.282185 4.156742 0.409413 1.27867 4.145346 0.325 1.268364 4.111934 0.252513 1.251969 4.058783 0.196891 1.230603 3.989516 0.161926 1.205722 3.908853 0.15 1.179021 3.822291 0.161926 1.15232 3.735729 0.196891 1.127439 3.655066 0.252513 1.106073 3.585799 0.325 1.089678 3.532649 0.409413 1.079372 3.499237 0.590587 1.58885 3.299281 0.675 1.604021 3.330784 0.747487 1.628154 3.380897 0.803109 1.659605 3.446206 0.838074 1.696231 3.52226 0.85 1.735535 3.603875 0.838074 1.774839 3.685491 0.803109 1.811465 3.761545 0.747487 1.842916 3.826854 0.675 1.867049 3.876967 0.590587 1.88222 3.90847 0.5 1.887394 3.919215 0.409413 1.88222 3.90847 0.325 1.867049 3.876967 0.252513 1.842916 3.826854 0.196891 1.811465 3.761545 0.161926 1.774839 3.685491 0.15 1.735535 3.603875 0.161926 1.696231 3.52226 0.196891 1.659605 3.446206 0.252513 1.628154 3.380897 0.325 1.604021 3.330784 0.409413 1.58885 3.299281 0.590587 2.062836 3.025625 0.675 2.082533 3.054515 0.747487 2.113866 3.100471 0.803109 2.154699 3.160363 0.838074 2.202251 3.230109 0.85 2.25328 3.304955 0.838074 2.30431 3.379801 0.803109 2.351861 3.449547 0.747487 2.392695 3.509439 0.675 2.424028 3.555395 0.590587 2.443724 3.584285 0.5 2.450442 3.594139 0.409413 2.443724 3.584285 0.325 2.424028 3.555395 0.252513 2.392695 3.509439 0.196891 2.351861 3.449547 0.161926 2.30431 3.379801 0.15 2.25328 3.304955 0.161926 2.202251 3.230109 0.196891 2.154699 3.160363 0.252513 2.113866 3.100471 0.325 2.082533 3.054515 0.409413 2.062836 3.025625 0.590587 2.490742 2.684382 0.675 2.514525 2.710013 0.747487 2.552357 2.750786 0.803109 2.601661 2.803923 0.838074 2.659076 2.865803 0.85 2.720691 2.932207 0.838074 2.782306 2.998612 0.803109 2.839721 3.060492 0.747487 2.889025 3.113629 0.675 2.926857 3.154402 0.590587 2.95064 3.180033 0.5 2.958751 3.188776 0.409413 2.95064 3.180033 0.325 2.926857 3.154402 0.252513 2.889025 3.113629 0.196891 2.839721 3.060492 0.161926 2.782306 2.998612 0.15 2.720691 2.932207 0.161926 2.659076 2.865803 0.196891 2.601661 2.803923 0.252513 2.552357 2.750786 0.325 2.514525 2.710013 0.409413 2.490742 2.684382 0.590587 3.570114 0.814855 0.675 3.604202 0.822636 0.747487 3.658429 0.835013 0.803109 3.729099 0.851143 0.838074 3.811396 0.869926 0.85 3.899712 0.890084 0.838074 3.988027 0.910241 0.803109 4.070324 0.929025 0.747487 4.140994 0.945155 0.675 4.195221 0.957532 0.590587 4.229309 0.965312 0.5 4.240936 0.967966 0.409413 4.229309 0.965312 0.325 4.195221 0.957532 0.252513 4.140994 0.945155 0.196891 4.070324 0.929025 0.161926 3.988027 0.910241 0.15 3.899712 0.890084 0.161926 3.811396 0.869926 0.196891 3.729099 0.851143 0.252513 3.658429 0.835013 0.325 3.604202 0.822636 0.409413 3.570114 0.814855 0.590587 3.651686 0.273656 0.675 3.686554 0.276269 0.747487 3.74202 0.280426 0.803109 3.814305 0.285843 0.838074 3.898482 0.292151 0.85 3.988815 0.29892 0.838074 4.079149 0.30569 0.803109 4.163326 0.311998 0.747487 4.235611 0.317415 0.675 4.291077 0.321572 0.590587 4.325944 0.324185 0.5 4.337837 0.325076 0.409413 4.325944 0.324185 0.325 4.291077 0.321572 0.252513 4.235611 0.317415 0.196891 4.163326 0.311998 0.161926 4.079149 0.30569 0.15 3.988815 0.29892 0.161926 3.898482 0.292151 0.196891 3.814305 0.285843 0.252513 3.74202 0.280426 0.325 3.686554 0.276269 0.409413 3.651686 0.273656 0.590587 3.651686 -0.273656 0.675 3.686554 -0.276269 0.747487 3.74202 -0.280426 0.803109 3.814305 -0.285843 0.838074 3.898482 -0.292151 0.85 3.988815 -0.29892 0.838074 4.079149 -0.30569 0.803109 4.163326 -0.311998 0.747487 4.235611 -0.317415 0.675 4.291077 -0.321572 0.590587 4.325944 -0.324185 0.5 4.337837 -0.325076 0.409413 4.325944 -0.324185 0.325 4.291077 -0.321572 0.252513 4.235611 -0.317415 0.196891 4.163326 -0.311998 0.161926 4.079149 -0.30569 0.15 3.988815 -0.29892 0.161926 3.898482 -0.292151 0.196891 3.814305 -0.285843 0.252513 3.74202 -0.280426 0.325 3.686554 -0.276269 0.409413 3.651686 -0.273656 0.590587 3.570114 -0.814855 0.675 3.604202 -0.822636 0.747487 3.658429 -0.835013 0.803109 3.729099 -0.851143 0.838074 3.811396 -0.869926 0.85 3.899712 -0.890084 0.838074 3.988027 -0.910241 0.803109 4.070324 -0.929025 0.747487 4.140994 -0.945155 0.675 4.195221 -0.957532 0.590587 4.229309 -0.965312 0.5 4.240936 -0.967966 0.409413 4.229309 -0.965312 0.325 4.195221 -0.957532 0.252513 4.140994 -0.945155 0.196891 4.070324 -0.929025 0.161926 3.988027 -0.910241 0.15 3.899712 -0.890084 0.161926 3.811396 -0.869926 0.196891 3.729099 -0.851143 0.252513 3.658429 -0.835013 0.325 3.604202 -0.822636 0.409413 3.570114 -0.814855 0.590587 2.490742 -2.684382 0.675 2.514525 -2.710013 0.747487 2.552357 -2.750786 0.803109 2.601661 -2.803923 0.838074 2.659076 -2.865803 0.85 2.720691 -2.932207 0.838074 2.782306 -2.998612 0.803109 2.839721 -3.060492 0.747487 2.889025 -3.113629 0.675 2.926857 -3.154402 0.590587 2.95064 -3.180033 0.5 2.958751 -3.188776 0.409413 2.95064 -3.180033 0.325 2.926857 -3.154402 0.252513 2.889025 -3.113629 0.196891 2.839721 -3.060492 0.161926 2.782306 -2.998612 0.15 2.720691 -2.932207 0.161926 2.659076 -2.865803 0.196891 2.601661 -2.803923 0.252513 2.552357 -2.750786 0.325 2.514525 -2.710013 0.409413 2.490742 -2.684382 0.590587 2.062836 -3.025625 0.675 2.082533 -3.054515 0.747487 2.113866 -3.100471 0.803109 2.154699 -3.160363 0.838074 2.202251 -3.230109 0.85 2.25328 -3.304955 0.838074 2.30431 -3.379801 0.803109 2.351861 -3.449547 0.747487 2.392695 -3.509439 0.675 2.424028 -3.555395 0.590587 2.443724 -3.584285 0.5 2.450442 -3.594139 0.409413 2.443724 -3.584285 0.325 2.424028 -3.555395 0.252513 2.392695 -3.509439 0.196891 2.351861 -3.449547 0.161926 2.30431 -3.379801 0.15 2.25328 -3.304955 0.161926 2.202251 -3.230109 0.196891 2.154699 -3.160363 0.252513 2.113866 -3.100471 0.325 2.082533 -3.054515 0.409413 2.062836 -3.025625 0.590587 1.58885 -3.299281 0.675 1.604021 -3.330784 0.747487 1.628154 -3.380897 0.803109 1.659605 -3.446206 0.838074 1.696231 -3.52226 0.85 1.735535 -3.603875 0.838074 1.774839 -3.685491 0.803109 1.811465 -3.761545 0.747487 1.842916 -3.826854 0.675 1.867049 -3.876967 0.590587 1.88222 -3.90847 0.5 1.887394 -3.919215 0.409413 1.88222 -3.90847 0.325 1.867049 -3.876967 0.252513 1.842916 -3.826854 0.196891 1.811465 -3.761545 0.161926 1.774839 -3.685491 0.15 1.735535 -3.603875 0.161926 1.696231 -3.52226 0.196891 1.659605 -3.446206 0.252513 1.628154 -3.380897 0.325 1.604021 -3.330784 0.409413 1.58885 -3.299281 0.590587 1.079372 -3.499237 0.675 1.089678 -3.532649 0.747487 1.106073 -3.585799 0.803109 1.127439 -3.655066 0.838074 1.15232 -3.735729 0.85 1.179021 -3.822291 0.838074 1.205722 -3.908853 0.803109 1.230603 -3.989516 0.747487 1.251969 -4.058783 0.675 1.268364 -4.111934 0.590587 1.27867 -4.145346 0.5 1.282185 -4.156742 0.409413 1.27867 -4.145346 0.325 1.268364 -4.111934 0.252513 1.251969 -4.058783 0.196891 1.230603 -3.989516 0.161926 1.205722 -3.908853 0.15 1.179021 -3.822291 0.161926 1.15232 -3.735729 0.196891 1.127439 -3.655066 0.252513 1.106073 -3.585799 0.325 1.089678 -3.532649 0.409413 1.079372 -3.499237 0.590587 -1.079372 -3.499237 0.675 -1.089678 -3.532649 0.747487 -1.106073 -3.585799 0.803109 -1.127439 -3.655066 0.838074 -1.15232 -3.735729 0.85 -1.179021 -3.822291 0.838074 -1.205722 -3.908853 0.803109 -1.230603 -3.989516 0.747487 -1.251969 -4.058783 0.675 -1.268364 -4.111934 0.590587 -1.27867 -4.145346 0.5 -1.282185 -4.156742 0.409413 -1.27867 -4.145346 0.325 -1.268364 -4.111934 0.252513 -1.251969 -4.058783 0.196891 -1.230603 -3.989516 0.161926 -1.205722 -3.908853 0.15 -1.179021 -3.822291 0.161926 -1.15232 -3.735729 0.196891 -1.127439 -3.655066 0.252513 -1.106073 -3.585799 0.325 -1.089678 -3.532649 0.409413 -1.079372 -3.499237 0.590587 -1.58885 -3.299281 0.675 -1.604021 -3.330784 0.747487 -1.628154 -3.380897 0.803109 -1.659605 -3.446206 0.838074 -1.696231 -3.52226 0.85 -1.735535 -3.603875 0.838074 -1.774839 -3.685491 0.803109 -1.811465 -3.761545 0.747487 -1.842916 -3.826854 0.675 -1.867049 -3.876967 0.590587 -1.88222 -3.90847 0.5 -1.887394 -3.919215 0.409413 -1.88222 -3.90847 0.325 -1.867049 -3.876967 0.252513 -1.842916 -3.826854 0.196891 -1.811465 -3.761545 0.161926 -1.774839 -3.685491 0.15 -1.735535 -3.603875 0.161926 -1.696231 -3.52226 0.196891 -1.659605 -3.446206 0.252513 -1.628154 -3.380897 0.325 -1.604021 -3.330784 0.409413 -1.58885 -3.299281 0.590587 -2.062836 -3.025625 0.675 -2.082533 -3.054515 0.747487 -2.113866 -3.100471 0.803109 -2.154699 -3.160363 0.838074 -2.202251 -3.230109 0.85 -2.25328 -3.304955 0.838074 -2.30431 -3.379801 0.803109 -2.351861 -3.449547 0.747487 -2.392695 -3.509439 0.675 -2.424028 -3.555395 0.590587 -2.443724 -3.584285 0.5 -2.450442 -3.594139 0.409413 -2.443724 -3.584285 0.325 -2.424028 -3.555395 0.252513 -2.392695 -3.509439 0.196891 -2.351861 -3.449547 0.161926 -2.30431 -3.379801 0.15 -2.25328 -3.304955 0.161926 -2.202251 -3.230109 0.196891 -2.154699 -3.160363 0.252513 -2.113866 -3.100471 0.325 -2.082533 -3.054515 0.409413 -2.062836 -3.025625 0.590587 -2.490742 -2.684382 0.675 -2.514525 -2.710013 0.747487 -2.552357 -2.750786 0.803109 -2.601661 -2.803923 0.838074 -2.659076 -2.865803 0.85 -2.720691 -2.932207 0.838074 -2.782306 -2.998612 0.803109 -2.839721 -3.060492 0.747487 -2.889025 -3.113629 0.675 -2.926857 -3.154402 0.590587 -2.95064 -3.180033 0.5 -2.958751 -3.188776 0.409413 -2.95064 -3.180033 0.325 -2.926857 -3.154402 0.252513 -2.889025 -3.113629 0.196891 -2.839721 -3.060492 0.161926 -2.782306 -2.998612 0.15 -2.720691 -2.932207 0.161926 -2.659076 -2.865803 0.196891 -2.601661 -2.803923 0.252513 -2.552357 -2.750786 0.325 -2.514525 -2.710013 0.409413 -2.490742 -2.684382 0.590587 -3.570114 -0.814855 0.675 -3.604202 -0.822636 0.747487 -3.658429 -0.835013 0.803109 -3.729099 -0.851143 0.838074 -3.811396 -0.869926 0.85 -3.899712 -0.890084 0.838074 -3.988027 -0.910241 0.803109 -4.070324 -0.929025 0.747487 -4.140994 -0.945155 0.675 -4.195221 -0.957532 0.590587 -4.229309 -0.965312 0.5 -4.240936 -0.967966 0.409413 -4.229309 -0.965312 0.325 -4.195221 -0.957532 0.252513 -4.140994 -0.945155 0.196891 -4.070324 -0.929025 0.161926 -3.988027 -0.910241 0.15 -3.899712 -0.890084 0.161926 -3.811396 -0.869926 0.196891 -3.729099 -0.851143 0.252513 -3.658429 -0.835013 0.325 -3.604202 -0.822636 0.409413 -3.570114 -0.814855 0.590587 -3.651686 -0.273656 0.675 -3.686554 -0.276269 0.747487 -3.74202 -0.280426 0.803109 -3.814305 -0.285843 0.838074 -3.898482 -0.292151 0.85 -3.988815 -0.29892 0.838074 -4.079149 -0.30569 0.803109 -4.163326 -0.311998 0.747487 -4.235611 -0.317415 0.675 -4.291077 -0.321572 0.590587 -4.325944 -0.324185 0.5 -4.337837 -0.325076 0.409413 -4.325944 -0.324185 0.325 -4.291077 -0.321572 0.252513 -4.235611 -0.317415 0.196891 -4.163326 -0.311998 0.161926 -4.079149 -0.30569 0.15 -3.988815 -0.29892 0.161926 -3.898482 -0.292151 0.196891 -3.814305 -0.285843 0.252513 -3.74202 -0.280426 0.325 -3.686554 -0.276269 0.409413 -3.651686 -0.273656 0.590587 -3.651686 0.273656 0.675 -3.686554 0.276269 0.747487 -3.74202 0.280426 0.803109 -3.814305 0.285843 0.838074 -3.898482 0.292151 0.85 -3.988815 0.29892 0.838074 -4.079149 0.30569 0.803109 -4.163326 0.311998 0.747487 -4.235611 0.317415 0.675 -4.291077 0.321572 0.590587 -4.325944 0.324185 0.5 -4.337837 0.325076 0.409413 -4.325944 0.324185 0.325 -4.291077 0.321572 0.252513 -4.235611 0.317415 0.196891 -4.163326 0.311998 0.161926 -4.079149 0.30569 0.15 -3.988815 0.29892 0.161926 -3.898482 0.292151 0.196891 -3.814305 0.285843 0.252513 -3.74202 0.280426 0.325 -3.686554 0.276269 0.409413 -3.651686 0.273656 0.590587 -3.570114 0.814855 0.675 -3.604202 0.822636 0.747487 -3.658429 0.835013 0.803109 -3.729099 0.851143 0.838074 -3.811396 0.869926 0.85 -3.899712 0.890084 0.838074 -3.988027 0.910241 0.803109 -4.070324 0.929025 0.747487 -4.140994 0.945155 0.675 -4.195221 0.957532 0.590587 -4.229309 0.965312 0.5 -4.240936 0.967966 0.409413 -4.229309 0.965312 0.325 -4.195221 0.957532 0.252513 -4.140994 0.945155 0.196891 -4.070324 0.929025 0.161926 -3.988027 0.910241 0.15 -3.899712 0.890084 0.161926 -3.811396 0.869926 0.196891 -3.729099 0.851143 0.252513 -3.658429 0.835013 0.325 -3.604202 0.822636 0.409413 -3.570114 0.814855 0.590587 -2.490742 2.684382 0.675 -2.514525 2.710013 0.747487 -2.552357 2.750786 0.803109 -2.601661 2.803923 0.838074 -2.659076 2.865803 0.85 -2.720691 2.932207 0.838074 -2.782306 2.998612 0.803109 -2.839721 3.060492 0.747487 -2.889025 3.113629 0.675 -2.926857 3.154402 0.590587 -2.95064 3.180033 0.5 -2.958751 3.188776 0.409413 -2.95064 3.180033 0.325 -2.926857 3.154402 0.252513 -2.889025 3.113629 0.196891 -2.839721 3.060492 0.161926 -2.782306 2.998612 0.15 -2.720691 2.932207 0.161926 -2.659076 2.865803 0.196891 -2.601661 2.803923 0.252513 -2.552357 2.750786 0.325 -2.514525 2.710013 0.409413 -2.490742 2.684382 0.590587 -2.062836 3.025625 0.675 -2.082533 3.054515 0.747487 -2.113866 3.100471 0.803109 -2.154699 3.160363 0.838074 -2.202251 3.230109 0.85 -2.25328 3.304955 0.838074 -2.30431 3.379801 0.803109 -2.351861 3.449547 0.747487 -2.392695 3.509439 0.675 -2.424028 3.555395 0.590587 -2.443724 3.584285 0.5 -2.450442 3.594139 0.409413 -2.443724 3.584285 0.325 -2.424028 3.555395 0.252513 -2.392695 3.509439 0.196891 -2.351861 3.449547 0.161926 -2.30431 3.379801 0.15 -2.25328 3.304955 0.161926 -2.202251 3.230109 0.196891 -2.154699 3.160363 0.252513 -2.113866 3.100471 0.325 -2.082533 3.054515 0.409413 -2.062836 3.025625 0.590587 -1.58885 3.299281 0.675 -1.604021 3.330784 0.747487 -1.628154 3.380897 0.803109 -1.659605 3.446206 0.838074 -1.696231 3.52226 0.85 -1.735535 3.603875 0.838074 -1.774839 3.685491 0.803109 -1.811465 3.761545 0.747487 -1.842916 3.826854 0.675 -1.867049 3.876967 0.590587 -1.88222 3.90847 0.5 -1.887394 3.919215 0.409413 -1.88222 3.90847 0.325 -1.867049 3.876967 0.252513 -1.842916 3.826854 0.196891 -1.811465 3.761545 0.161926 -1.774839 3.685491 0.15 -1.735535 3.603875 0.161926 -1.696231 3.52226 0.196891 -1.659605 3.446206 0.252513 -1.628154 3.380897 0.325 -1.604021 3.330784 0.409413 -1.58885 3.299281 0.590587 -1.079372 3.499237 0.675 -1.089678 3.532649 0.747487 -1.106073 3.585799 0.803109 -1.127439 3.655066 0.838074 -1.15232 3.735729 0.85 -1.179021 3.822291 0.838074 -1.205722 3.908853 0.803109 -1.230603 3.989516 0.747487 -1.251969 4.058783 0.675 -1.268364 4.111934 0.590587 -1.27867 4.145346 0.5 -1.282185 4.156742 0.409413 -1.27867 4.145346 0.325 -1.268364 4.111934 0.252513 -1.251969 4.058783 0.196891 -1.230603 3.989516 0.161926 -1.205722 3.908853 0.15 -1.179021 3.822291 0.161926 -1.15232 3.735729 0.196891 -1.127439 3.655066 0.252513 -1.106073 3.585799 0.325 -1.089678 3.532649 0.409413 -1.079372 3.499237 0 -1.188077 -0.388554 0 -3.981084 -0.388554 -0.00999999 -3.981084 -0.388554 -0.00999999 -1.188077 -0.388554 0 -3.981084 0.388554 0 -1.188077 0.388554 -0.00999999 -1.188077 0.388554 -0.00999999 -3.981084 0.388554 -0.00999999 -1.243068 0.131456 -0.00999999 -1.243068 -0.131456 0 -3.997897 -0.1297 0 -3.997897 0.1297 0 -1.05438 -0.671404 0 -0.854633 -0.912196 0 -0.60135 -1.095846 0 -0.310397 -1.210848 0 0 -1.25 0 0.310397 -1.210848 0 0.60135 -1.095846 0 0.854633 -0.912196 0 1.05438 -0.671404 0 1.188077 -0.388554 0 3.981084 -0.388554 0 3.880896 -0.968837 0 3.696598 -1.528123 0 3.432185 -2.05429 0 3.093386 -2.535935 0 2.687544 -2.962618 0 2.223455 -3.325093 0 1.711178 -3.615504 0 1.161815 -3.827556 0 0.587271 -3.956654 0 0 -4 0 -0.587271 -3.956654 0 -1.161815 -3.827556 0 -1.711178 -3.615504 0 -2.223455 -3.325093 0 -2.687544 -2.962618 0 -3.093386 -2.535935 0 -3.432185 -2.05429 0 -3.696598 -1.528123 0 -3.880896 -0.968837 0 -3.880896 0.968837 0 -3.696598 1.528123 0 -3.432185 2.05429 0 -3.093386 2.535935 0 -2.687544 2.962618 0 -2.223455 3.325093 0 -1.711178 3.615504 0 -1.161815 3.827556 0 -0.587271 3.956654 0 0 4 0 0.587271 3.956654 0 1.161815 3.827556 0 1.711178 3.615504 0 2.223455 3.325093 0 2.687544 2.962618 0 3.093386 2.535935 0 3.432185 2.05429 0 3.696598 1.528123 0 3.880896 0.968837 0 3.981084 0.388554 0 1.188077 0.388554 0 1.05438 0.671404 0 0.854633 0.912196 0 0.60135 1.095846 0 0.310397 1.210848 0 0 1.25 0 -0.310397 1.210848 0 -0.60135 1.095846 0 -0.854633 0.912196 0 -1.05438 0.671404 -0.00999999 3.981084 -0.388554 -0.00999999 3.981084 0.388554 -0.00999999 1.188077 0.388554 -0.00999999 1.188077 -0.388554 -0.00999999 1.243068 -0.131456 -0.00999999 1.243068 0.131456 0 3.997897 0.1297 0 3.997897 -0.1297 0 0.3 0 0 0.289778 0.07764595 0 0.259808 0.15 0 0.212132 0.212132 0 0.15 0.259808 0 0.07764595 0.289778 0 0 0.3 0 -0.07764595 0.289778 0 -0.15 0.259808 0 -0.212132 0.212132 0 -0.259808 0.15 0 -0.289778 0.07764595 0 -0.3 0 0 -0.289778 -0.07764595 0 -0.259808 -0.15 0 -0.212132 -0.212132 0 -0.15 -0.259808 0 -0.07764595 -0.289778 0 0 -0.3 0 0.07764595 -0.289778 0 0.15 -0.259808 0 0.212132 -0.212132 0 0.259808 -0.15 0 0.289778 -0.07764595 -0.5 0.3 0 -0.5 0.289778 -0.07764595 -0.5 0.259808 -0.15 -0.5 0.212132 -0.212132 -0.5 0.15 -0.259808 -0.5 0.07764595 -0.289778 -0.5 0 -0.3 -0.5 -0.07764595 -0.289778 -0.5 -0.15 -0.259808 -0.5 -0.212132 -0.212132 -0.5 -0.259808 -0.15 -0.5 -0.289778 -0.07764595 -0.5 -0.3 0 -0.5 -0.289778 0.07764595 -0.5 -0.259808 0.15 -0.5 -0.212132 0.212132 -0.5 -0.15 0.259808 -0.5 -0.07764595 0.289778 -0.5 0 0.3 -0.5 0.07764595 0.289778 -0.5 0.15 0.259808 -0.5 0.212132 0.212132 -0.5 0.259808 0.15 -0.5 0.289778 0.07764595 -0.5 1.25 0 -0.5 1.207407 0.323524 -0.5 1.082532 0.625 -0.5 0.883883 0.883883 -0.5 0.625 1.082532 -0.5 0.323524 1.207407 -0.5 0 1.25 -0.5 -0.323524 1.207407 -0.5 -0.625 1.082532 -0.5 -0.883883 0.883883 -0.5 -1.082532 0.625 -0.5 -1.207407 0.323524 -0.5 -1.25 0 -0.5 -1.207407 -0.323524 -0.5 -1.082532 -0.625 -0.5 -0.883883 -0.883883 -0.5 -0.625 -1.082532 -0.5 -0.323524 -1.207407 -0.5 0 -1.25 -0.5 0.323524 -1.207407 -0.5 0.625 -1.082532 -0.5 0.883883 -0.883883 -0.5 1.082532 -0.625 -0.5 1.207407 -0.323524 0.15 4 0 0.15 3.955323 0.596169 0.15 3.822291 1.179021 0.15 3.603875 1.735535 0.15 3.304955 2.25328 0.15 2.932207 2.720691 0.15 2.493959 3.127326 0.15 2 3.464102 0.15 1.461364 3.723495 0.15 0.890084 3.899712 0.15 0.29892 3.988815 0.15 -0.29892 3.988815 0.15 -0.890084 3.899712 0.15 -1.461364 3.723495 0.15 -2 3.464102 0.15 -2.493959 3.127326 0.15 -2.932207 2.720691 0.15 -3.304955 2.25328 0.15 -3.603875 1.735535 0.15 -3.822291 1.179021 0.15 -3.955323 0.596169 0.15 -4 0 0.15 -3.955323 -0.596169 0.15 -3.822291 -1.179021 0.15 -3.603875 -1.735535 0.15 -3.304955 -2.25328 0.15 -2.932207 -2.720691 0.15 -2.493959 -3.127326 0.15 -2 -3.464102 0.15 -1.461364 -3.723495 0.15 -0.890084 -3.899712 0.15 -0.29892 -3.988815 0.15 0.29892 -3.988815 0.15 0.890084 -3.899712 0.15 1.461364 -3.723495 0.15 2 -3.464102 0.15 2.493959 -3.127326 0.15 2.932207 -2.720691 0.15 3.304955 -2.25328 0.15 3.603875 -1.735535 0.15 3.822291 -1.179021 0.15 3.955323 -0.596169 0.85 4 0 0.85 3.955323 -0.596169 0.85 3.822291 -1.179021 0.85 3.603875 -1.735535 0.85 3.304955 -2.25328 0.85 2.932207 -2.720691 0.85 2.493959 -3.127326 0.85 2 -3.464102 0.85 1.461364 -3.723495 0.85 0.890084 -3.899712 0.85 0.29892 -3.988815 0.85 -0.29892 -3.988815 0.85 -0.890084 -3.899712 0.85 -1.461364 -3.723495 0.85 -2 -3.464102 0.85 -2.493959 -3.127326 0.85 -2.932207 -2.720691 0.85 -3.304955 -2.25328 0.85 -3.603875 -1.735535 0.85 -3.822291 -1.179021 0.85 -3.955323 -0.596169 0.85 -4 0 0.85 -3.955323 0.596169 0.85 -3.822291 1.179021 0.85 -3.603875 1.735535 0.85 -3.304955 2.25328 0.85 -2.932207 2.720691 0.85 -2.493959 3.127326 0.85 -2 3.464102 0.85 -1.461364 3.723495 0.85 -0.890084 3.899712 0.85 -0.29892 3.988815 0.85 0.29892 3.988815 0.85 0.890084 3.899712 0.85 1.461364 3.723495 0.85 2 3.464102 0.85 2.493959 3.127326 0.85 2.932207 2.720691 0.85 3.304955 2.25328 0.85 3.603875 1.735535 0.85 3.822291 1.179021 0.85 3.955323 0.596169 0.5 0 3.65 0.5 0.519449 3.612848 0.5 1.028324 3.502149 0.5 1.516265 3.320157 0.5 1.973339 3.070575 0.5 2.390242 2.758486 0.5 2.758486 2.390242 0.5 3.070575 1.973339 0.5 3.320157 1.516265 0.5 3.502149 1.028324 0.5 3.612848 0.519449 0.5 3.65 0 0.5 3.612848 -0.519449 0.5 3.502149 -1.028324 0.5 3.320157 -1.516265 0.5 3.070575 -1.973339 0.5 2.758486 -2.390242 0.5 2.390242 -2.758486 0.5 1.973339 -3.070575 0.5 1.516265 -3.320157 0.5 1.028324 -3.502149 0.5 0.519449 -3.612848 0.5 0 -3.65 0.5 -0.519449 -3.612848 0.5 -1.028324 -3.502149 0.5 -1.516265 -3.320157 0.5 -1.973339 -3.070575 0.5 -2.390242 -2.758486 0.5 -2.758486 -2.390242 0.5 -3.070575 -1.973339 0.5 -3.320157 -1.516265 0.5 -3.502149 -1.028324 0.5 -3.612848 -0.519449 0.5 -3.65 0 0.5 -3.612848 0.519449 0.5 -3.502149 1.028324 0.5 -3.320157 1.516265 0.5 -3.070575 1.973339 0.5 -2.758486 2.390242 0.5 -2.390242 2.758486 0.5 -1.973339 3.070575 0.5 -1.516265 3.320157 0.5 -1.028324 3.502149 0.5 -0.519449 3.612848 0.161926 0 3.909413 0.196891 0 3.825 0.252513 0 3.752513 0.325 0 3.696891 0.409413 0 3.661926 0.838074 0 3.909413 0.803109 0 3.825 0.747487 0 3.752513 0.675 0 3.696891 0.590587 0 3.661926 0.161926 3.869621 0.556368 0.196891 3.786067 0.544354 0.252513 3.714317 0.534038 0.325 3.659262 0.526122 0.409413 3.624653 0.521146 0.409413 3.661926 0 0.325 3.696891 0 0.252513 3.752513 0 0.196891 3.825 0 0.161926 3.909413 0 0.161926 3.751055 1.101409 0.196891 3.670061 1.077627 0.252513 3.600509 1.057205 0.325 3.547141 1.041535 0.409413 3.513592 1.031684 0.161926 3.556127 1.624029 0.196891 3.479342 1.588962 0.252513 3.413406 1.55885 0.325 3.36281 1.535744 0.409413 3.331005 1.521219 0.161926 3.288808 2.113588 0.196891 3.217795 2.067951 0.252513 3.156815 2.028761 0.325 3.110023 1.99869 0.409413 3.080608 1.979787 0.161926 2.954537 2.560121 0.196891 2.890742 2.504842 0.252513 2.83596 2.457373 0.325 2.793924 2.420949 0.409413 2.767499 2.398052 0.161926 2.560121 2.954537 0.196891 2.504842 2.890742 0.252513 2.457373 2.83596 0.325 2.420949 2.793924 0.409413 2.398052 2.767499 0.161926 2.113588 3.288808 0.196891 2.067951 3.217795 0.252513 2.028761 3.156815 0.325 1.99869 3.110023 0.409413 1.979787 3.080608 0.161926 1.624029 3.556127 0.196891 1.588962 3.479342 0.252513 1.55885 3.413406 0.325 1.535744 3.36281 0.409413 1.521219 3.331005 0.161926 1.101409 3.751055 0.196891 1.077627 3.670061 0.252513 1.057205 3.600509 0.325 1.041535 3.547141 0.409413 1.031684 3.513592 0.161926 0.556368 3.869621 0.196891 0.544354 3.786067 0.252513 0.534038 3.714317 0.325 0.526122 3.659262 0.409413 0.521146 3.624653 0.161926 -0.556368 3.869621 0.196891 -0.544354 3.786067 0.252513 -0.534038 3.714317 0.325 -0.526122 3.659262 0.409413 -0.521146 3.624653 0.161926 -1.101409 3.751055 0.196891 -1.077627 3.670061 0.252513 -1.057205 3.600509 0.325 -1.041535 3.547141 0.409413 -1.031684 3.513592 0.161926 -1.624029 3.556127 0.196891 -1.588962 3.479342 0.252513 -1.55885 3.413406 0.325 -1.535744 3.36281 0.409413 -1.521219 3.331005 0.161926 -2.113588 3.288808 0.196891 -2.067951 3.217795 0.252513 -2.028761 3.156815 0.325 -1.99869 3.110023 0.409413 -1.979787 3.080608 0.161926 -2.560121 2.954537 0.196891 -2.504842 2.890742 0.252513 -2.457373 2.83596 0.325 -2.420949 2.793924 0.409413 -2.398052 2.767499 0.161926 -2.954537 2.560121 0.196891 -2.890742 2.504842 0.252513 -2.83596 2.457373 0.325 -2.793924 2.420949 0.409413 -2.767499 2.398052 0.161926 -3.288808 2.113588 0.196891 -3.217795 2.067951 0.252513 -3.156815 2.028761 0.325 -3.110023 1.99869 0.409413 -3.080608 1.979787 0.161926 -3.556127 1.624029 0.196891 -3.479342 1.588962 0.252513 -3.413406 1.55885 0.325 -3.36281 1.535744 0.409413 -3.331005 1.521219 0.161926 -3.751055 1.101409 0.196891 -3.670061 1.077627 0.252513 -3.600509 1.057205 0.325 -3.547141 1.041535 0.409413 -3.513592 1.031684 0.161926 -3.869621 0.556368 0.196891 -3.786067 0.544354 0.252513 -3.714317 0.534038 0.325 -3.659262 0.526122 0.409413 -3.624653 0.521146 0.161926 -3.869621 -0.556368 0.196891 -3.786067 -0.544354 0.252513 -3.714317 -0.534038 0.325 -3.659262 -0.526122 0.409413 -3.624653 -0.521146 0.409413 -3.661926 0 0.325 -3.696891 0 0.252513 -3.752513 0 0.196891 -3.825 0 0.161926 -3.909413 0 0.161926 -3.751055 -1.101409 0.196891 -3.670061 -1.077627 0.252513 -3.600509 -1.057205 0.325 -3.547141 -1.041535 0.409413 -3.513592 -1.031684 0.161926 -3.556127 -1.624029 0.196891 -3.479342 -1.588962 0.252513 -3.413406 -1.55885 0.325 -3.36281 -1.535744 0.409413 -3.331005 -1.521219 0.161926 -3.288808 -2.113588 0.196891 -3.217795 -2.067951 0.252513 -3.156815 -2.028761 0.325 -3.110023 -1.99869 0.409413 -3.080608 -1.979787 0.161926 -2.954537 -2.560121 0.196891 -2.890742 -2.504842 0.252513 -2.83596 -2.457373 0.325 -2.793924 -2.420949 0.409413 -2.767499 -2.398052 0.161926 -2.560121 -2.954537 0.196891 -2.504842 -2.890742 0.252513 -2.457373 -2.83596 0.325 -2.420949 -2.793924 0.409413 -2.398052 -2.767499 0.161926 -2.113588 -3.288808 0.196891 -2.067951 -3.217795 0.252513 -2.028761 -3.156815 0.325 -1.99869 -3.110023 0.409413 -1.979787 -3.080608 0.161926 -1.624029 -3.556127 0.196891 -1.588962 -3.479342 0.252513 -1.55885 -3.413406 0.325 -1.535744 -3.36281 0.409413 -1.521219 -3.331005 0.161926 -1.101409 -3.751055 0.196891 -1.077627 -3.670061 0.252513 -1.057205 -3.600509 0.325 -1.041535 -3.547141 0.409413 -1.031684 -3.513592 0.161926 -0.556368 -3.869621 0.196891 -0.544354 -3.786067 0.252513 -0.534038 -3.714317 0.325 -0.526122 -3.659262 0.409413 -0.521146 -3.624653 0.161926 0 -3.909413 0.196891 0 -3.825 0.252513 0 -3.752513 0.325 0 -3.696891 0.409413 0 -3.661926 0.161926 0.556368 -3.869621 0.196891 0.544354 -3.786067 0.252513 0.534038 -3.714317 0.325 0.526122 -3.659262 0.409413 0.521146 -3.624653 0.161926 1.101409 -3.751055 0.196891 1.077627 -3.670061 0.252513 1.057205 -3.600509 0.325 1.041535 -3.547141 0.409413 1.031684 -3.513592 0.161926 1.624029 -3.556127 0.196891 1.588962 -3.479342 0.252513 1.55885 -3.413406 0.325 1.535744 -3.36281 0.409413 1.521219 -3.331005 0.161926 2.113588 -3.288808 0.196891 2.067951 -3.217795 0.252513 2.028761 -3.156815 0.325 1.99869 -3.110023 0.409413 1.979787 -3.080608 0.161926 2.560121 -2.954537 0.196891 2.504842 -2.890742 0.252513 2.457373 -2.83596 0.325 2.420949 -2.793924 0.409413 2.398052 -2.767499 0.161926 2.954537 -2.560121 0.196891 2.890742 -2.504842 0.252513 2.83596 -2.457373 0.325 2.793924 -2.420949 0.409413 2.767499 -2.398052 0.161926 3.288808 -2.113588 0.196891 3.217795 -2.067951 0.252513 3.156815 -2.028761 0.325 3.110023 -1.99869 0.409413 3.080608 -1.979787 0.161926 3.556127 -1.624029 0.196891 3.479342 -1.588962 0.252513 3.413406 -1.55885 0.325 3.36281 -1.535744 0.409413 3.331005 -1.521219 0.161926 3.751055 -1.101409 0.196891 3.670061 -1.077627 0.252513 3.600509 -1.057205 0.325 3.547141 -1.041535 0.409413 3.513592 -1.031684 0.161926 3.869621 -0.556368 0.196891 3.786067 -0.544354 0.252513 3.714317 -0.534038 0.325 3.659262 -0.526122 0.409413 3.624653 -0.521146 0.838074 3.869621 -0.556368 0.803109 3.786067 -0.544354 0.747487 3.714317 -0.534038 0.675 3.659262 -0.526122 0.590587 3.624653 -0.521146 0.590587 3.661926 0 0.675 3.696891 0 0.747487 3.752513 0 0.803109 3.825 0 0.838074 3.909413 0 0.838074 3.751055 -1.101409 0.803109 3.670061 -1.077627 0.747487 3.600509 -1.057205 0.675 3.547141 -1.041535 0.590587 3.513592 -1.031684 0.838074 3.556127 -1.624029 0.803109 3.479342 -1.588962 0.747487 3.413406 -1.55885 0.675 3.36281 -1.535744 0.590587 3.331005 -1.521219 0.838074 3.288808 -2.113588 0.803109 3.217795 -2.067951 0.747487 3.156815 -2.028761 0.675 3.110023 -1.99869 0.590587 3.080608 -1.979787 0.838074 2.954537 -2.560121 0.803109 2.890742 -2.504842 0.747487 2.83596 -2.457373 0.675 2.793924 -2.420949 0.590587 2.767499 -2.398052 0.838074 2.560121 -2.954537 0.803109 2.504842 -2.890742 0.747487 2.457373 -2.83596 0.675 2.420949 -2.793924 0.590587 2.398052 -2.767499 0.838074 2.113588 -3.288808 0.803109 2.067951 -3.217795 0.747487 2.028761 -3.156815 0.675 1.99869 -3.110023 0.590587 1.979787 -3.080608 0.838074 1.624029 -3.556127 0.803109 1.588962 -3.479342 0.747487 1.55885 -3.413406 0.675 1.535744 -3.36281 0.590587 1.521219 -3.331005 0.838074 1.101409 -3.751055 0.803109 1.077627 -3.670061 0.747487 1.057205 -3.600509 0.675 1.041535 -3.547141 0.590587 1.031684 -3.513592 0.838074 0.556368 -3.869621 0.803109 0.544354 -3.786067 0.747487 0.534038 -3.714317 0.675 0.526122 -3.659262 0.590587 0.521146 -3.624653 0.838074 0 -3.909413 0.803109 0 -3.825 0.747487 0 -3.752513 0.675 0 -3.696891 0.590587 0 -3.661926 0.838074 -0.556368 -3.869621 0.803109 -0.544354 -3.786067 0.747487 -0.534038 -3.714317 0.675 -0.526122 -3.659262 0.590587 -0.521146 -3.624653 0.838074 -1.101409 -3.751055 0.803109 -1.077627 -3.670061 0.747487 -1.057205 -3.600509 0.675 -1.041535 -3.547141 0.590587 -1.031684 -3.513592 0.838074 -1.624029 -3.556127 0.803109 -1.588962 -3.479342 0.747487 -1.55885 -3.413406 0.675 -1.535744 -3.36281 0.590587 -1.521219 -3.331005 0.838074 -2.113588 -3.288808 0.803109 -2.067951 -3.217795 0.747487 -2.028761 -3.156815 0.675 -1.99869 -3.110023 0.590587 -1.979787 -3.080608 0.838074 -2.560121 -2.954537 0.803109 -2.504842 -2.890742 0.747487 -2.457373 -2.83596 0.675 -2.420949 -2.793924 0.590587 -2.398052 -2.767499 0.838074 -2.954537 -2.560121 0.803109 -2.890742 -2.504842 0.747487 -2.83596 -2.457373 0.675 -2.793924 -2.420949 0.590587 -2.767499 -2.398052 0.838074 -3.288808 -2.113588 0.803109 -3.217795 -2.067951 0.747487 -3.156815 -2.028761 0.675 -3.110023 -1.99869 0.590587 -3.080608 -1.979787 0.838074 -3.556127 -1.624029 0.803109 -3.479342 -1.588962 0.747487 -3.413406 -1.55885 0.675 -3.36281 -1.535744 0.590587 -3.331005 -1.521219 0.838074 -3.751055 -1.101409 0.803109 -3.670061 -1.077627 0.747487 -3.600509 -1.057205 0.675 -3.547141 -1.041535 0.590587 -3.513592 -1.031684 0.838074 -3.869621 -0.556368 0.803109 -3.786067 -0.544354 0.747487 -3.714317 -0.534038 0.675 -3.659262 -0.526122 0.590587 -3.624653 -0.521146 0.838074 -3.869621 0.556368 0.803109 -3.786067 0.544354 0.747487 -3.714317 0.534038 0.675 -3.659262 0.526122 0.590587 -3.624653 0.521146 0.590587 -3.661926 0 0.675 -3.696891 0 0.747487 -3.752513 0 0.803109 -3.825 0 0.838074 -3.909413 0 0.838074 -3.751055 1.101409 0.803109 -3.670061 1.077627 0.747487 -3.600509 1.057205 0.675 -3.547141 1.041535 0.590587 -3.513592 1.031684 0.838074 -3.556127 1.624029 0.803109 -3.479342 1.588962 0.747487 -3.413406 1.55885 0.675 -3.36281 1.535744 0.590587 -3.331005 1.521219 0.838074 -3.288808 2.113588 0.803109 -3.217795 2.067951 0.747487 -3.156815 2.028761 0.675 -3.110023 1.99869 0.590587 -3.080608 1.979787 0.838074 -2.954537 2.560121 0.803109 -2.890742 2.504842 0.747487 -2.83596 2.457373 0.675 -2.793924 2.420949 0.590587 -2.767499 2.398052 0.838074 -2.560121 2.954537 0.803109 -2.504842 2.890742 0.747487 -2.457373 2.83596 0.675 -2.420949 2.793924 0.590587 -2.398052 2.767499 0.838074 -2.113588 3.288808 0.803109 -2.067951 3.217795 0.747487 -2.028761 3.156815 0.675 -1.99869 3.110023 0.590587 -1.979787 3.080608 0.838074 -1.624029 3.556127 0.803109 -1.588962 3.479342 0.747487 -1.55885 3.413406 0.675 -1.535744 3.36281 0.590587 -1.521219 3.331005 0.838074 -1.101409 3.751055 0.803109 -1.077627 3.670061 0.747487 -1.057205 3.600509 0.675 -1.041535 3.547141 0.590587 -1.031684 3.513592 0.838074 -0.556368 3.869621 0.803109 -0.544354 3.786067 0.747487 -0.534038 3.714317 0.675 -0.526122 3.659262 0.590587 -0.521146 3.624653 0.838074 0.556368 3.869621 0.803109 0.544354 3.786067 0.747487 0.534038 3.714317 0.675 0.526122 3.659262 0.590587 0.521146 3.624653 0.838074 1.101409 3.751055 0.803109 1.077627 3.670061 0.747487 1.057205 3.600509 0.675 1.041535 3.547141 0.590587 1.031684 3.513592 0.838074 1.624029 3.556127 0.803109 1.588962 3.479342 0.747487 1.55885 3.413406 0.675 1.535744 3.36281 0.590587 1.521219 3.331005 0.838074 2.113588 3.288808 0.803109 2.067951 3.217795 0.747487 2.028761 3.156815 0.675 1.99869 3.110023 0.590587 1.979787 3.080608 0.838074 2.560121 2.954537 0.803109 2.504842 2.890742 0.747487 2.457373 2.83596 0.675 2.420949 2.793924 0.590587 2.398052 2.767499 0.838074 2.954537 2.560121 0.803109 2.890742 2.504842 0.747487 2.83596 2.457373 0.675 2.793924 2.420949 0.590587 2.767499 2.398052 0.838074 3.288808 2.113588 0.803109 3.217795 2.067951 0.747487 3.156815 2.028761 0.675 3.110023 1.99869 0.590587 3.080608 1.979787 0.838074 3.556127 1.624029 0.803109 3.479342 1.588962 0.747487 3.413406 1.55885 0.675 3.36281 1.535744 0.590587 3.331005 1.521219 0.838074 3.751055 1.101409 0.803109 3.670061 1.077627 0.747487 3.600509 1.057205 0.675 3.547141 1.041535 0.590587 3.513592 1.031684 0.838074 3.869621 0.556368 0.803109 3.786067 0.544354 0.747487 3.714317 0.534038 0.675 3.659262 0.526122 0.590587 3.624653 0.521146 1 4 0 1 3.955323 -0.596169 1 3.822291 -1.179021 1 3.603875 -1.735535 1 3.304955 -2.25328 1 2.932207 -2.720691 1 2.493959 -3.127326 1 2 -3.464102 1 1.461364 -3.723495 1 0.890084 -3.899712 1 0.29892 -3.988815 1 -0.29892 -3.988815 1 -0.890084 -3.899712 1 -1.461364 -3.723495 1 -2 -3.464102 1 -2.493959 -3.127326 1 -2.932207 -2.720691 1 -3.304955 -2.25328 1 -3.603875 -1.735535 1 -3.822291 -1.179021 1 -3.955323 -0.596169 1 -4 0 1 -3.955323 0.596169 1 -3.822291 1.179021 1 -3.603875 1.735535 1 -3.304955 2.25328 1 -2.932207 2.720691 1 -2.493959 3.127326 1 -2 3.464102 1 -1.461364 3.723495 1 -0.890084 3.899712 1 -0.29892 3.988815 1 0.29892 3.988815 1 0.890084 3.899712 1 1.461364 3.723495 1 2 3.464102 1 2.493959 3.127326 1 2.932207 2.720691 1 3.304955 2.25328 1 3.603875 1.735535 1 3.822291 1.179021 1 3.955323 0.596169</float_array>
          <technique_common>
            <accessor source="#whee_003-mesh-positions-array" count="1770" stride="3">
              <param name="X" type="float"/>
              <param name="Y" type="float"/>
              <param name="Z" type="float"/>
            </accessor>
          </technique_common>
        </source>
        <source id="whee_003-mesh-normals">
          <float_array id="whee_003-mesh-normals-array" count="5676">0 0 -1 -0.2588547 0 -0.9659163 1.07036e-6 -0.1490419 -0.9888309 -0.2588993 -0.14396 -0.955116 0 -0.2947552 -0.9555729 -0.2589048 -0.2847046 -0.9229906 -1.57097e-6 -0.433884 -0.9009689 -0.2588562 -0.4190947 -0.8702604 5.5544e-7 -0.5633199 -0.8262389 -0.2588061 -0.5441271 -0.7980886 6.36493e-7 -0.6801728 -0.7330519 -0.2588139 -0.6569963 -0.7080758 -4.64854e-7 -0.7818312 -0.6234902 -0.2589009 -0.7551738 -0.6022316 3.90954e-7 -0.8660253 -0.5000003 -0.2589014 -0.8364967 -0.4829528 5.69744e-7 -0.9308738 -0.365341 -0.2588549 -0.899146 -0.3528893 -5.93583e-7 -0.9749281 -0.2225205 -0.2588071 -0.9417112 -0.2149395 -3.12286e-7 -0.9972039 -0.07473015 -0.2588068 -0.9632281 -0.07218444 1.90709e-7 -0.9972038 0.07473015 -0.2588073 -0.9632282 0.07218301 5.29218e-7 -0.9749281 0.2225204 -0.2588073 -0.9417114 0.2149383 -6.07886e-7 -0.9308738 0.365341 -0.2588089 -0.8991579 0.3528925 -3.74267e-7 -0.8660254 0.5000001 -0.2589012 -0.8364975 0.4829516 4.29096e-7 -0.7818312 0.6234903 -0.2589014 -0.7551744 0.6022308 -6.77019e-7 -0.6801728 0.7330519 -0.2588134 -0.6569979 0.7080745 -6.07885e-7 -0.5633201 0.8262388 -0.2588074 -0.5441274 0.7980878 1.53521e-6 -0.4338839 0.9009688 -0.2588545 -0.4190963 0.8702601 0 -0.2947552 0.9555729 -0.258811 -0.2847134 0.9230142 -1.11088e-6 -0.1490418 0.9888309 -0.2588528 -0.1439629 0.9551283 0 0 1 -0.2588547 -6.1995e-7 0.9659163 1.07036e-6 0.1490419 0.9888309 -0.2588993 0.14396 0.955116 0 0.2947552 0.9555729 -0.2589048 0.2847046 0.9229906 -1.57097e-6 0.433884 0.9009689 -0.2588562 0.4190947 0.8702604 5.5544e-7 0.5633199 0.8262389 -0.2588061 0.5441271 0.7980886 6.36493e-7 0.6801728 0.7330519 -0.2588139 0.6569963 0.7080758 -4.64854e-7 0.7818312 0.6234902 -0.2589009 0.7551738 0.6022316 3.90954e-7 0.8660253 0.5000003 -0.2589014 0.8364967 0.4829528 5.69744e-7 0.9308738 0.365341 -0.2588549 0.899146 0.3528893 -5.93583e-7 0.9749281 0.2225205 -0.2588071 0.9417112 0.2149395 -3.12286e-7 0.9972039 0.07473015 -0.2588068 0.9632281 0.07218444 1.90709e-7 0.9972038 -0.07473015 -0.2588073 0.9632282 -0.07218301 5.29218e-7 0.9749281 -0.2225204 -0.2588073 0.9417114 -0.2149383 -6.07886e-7 0.9308738 -0.365341 -0.2588089 0.8991579 -0.3528925 -3.74267e-7 0.8660254 -0.5000001 -0.2589012 0.8364975 -0.4829516 4.29096e-7 0.7818312 -0.6234903 -0.2589014 0.7551744 -0.6022308 -6.77019e-7 0.6801728 -0.7330519 -0.2588134 0.6569979 -0.7080745 -6.07885e-7 0.5633201 -0.8262388 -0.2588074 0.5441274 -0.7980878 1.53521e-6 0.4338839 -0.9009688 -0.2588545 0.4190963 -0.8702601 0 0.2947552 -0.9555729 -0.258811 0.2847134 -0.9230142 -1.11088e-6 0.1490418 -0.9888309 -0.2588528 0.1439629 -0.9551283 0.2588084 0 -0.9659287 0.2588994 0.1439601 -0.955116 0.2588585 0.2847083 -0.9230024 0.2589027 0.4190894 -0.8702491 0.2588061 0.5441271 -0.7980886 0.258814 0.6569963 -0.7080758 0.2589009 0.7551738 -0.6022316 0.2588549 0.8365075 -0.4829589 0.2588086 0.8991576 -0.3528936 0.2588534 0.941699 -0.2149369 0.2588067 0.9632282 -0.07218432 0.2588071 0.9632282 0.07218295 0.2588073 0.9417114 0.2149382 0.2588089 0.8991579 0.3528925 0.2588087 0.8365189 0.482964 0.2589477 0.7551648 0.6022229 0.2588134 0.6569979 0.7080745 0.2588537 0.5441203 0.7980776 0.2588546 0.4190964 0.8702601 0.2588111 0.2847136 0.9230142 0.2588992 0.1439611 0.9551159 0.2588084 6.283e-7 0.9659287 0.2588994 -0.1439601 0.955116 0.2588585 -0.2847083 0.9230024 0.2589027 -0.4190894 0.8702491 0.2588061 -0.5441271 0.7980886 0.258814 -0.6569963 0.7080758 0.2589009 -0.7551738 0.6022316 0.2588549 -0.8365075 0.4829589 0.2588086 -0.8991576 0.3528936 0.2588534 -0.941699 0.2149369 0.2588067 -0.9632282 0.07218432 0.2588071 -0.9632282 -0.07218295 0.2588073 -0.9417114 -0.2149382 0.2588089 -0.8991579 -0.3528925 0.2588087 -0.8365189 -0.482964 0.2589477 -0.7551648 -0.6022229 0.2588134 -0.6569979 -0.7080745 0.2588537 -0.5441203 -0.7980776 0.2588546 -0.4190964 -0.8702601 0.2588111 -0.2847136 -0.9230142 0.2588992 -0.1439611 -0.9551159 -0.8660219 3.96206e-7 -0.5000061 -0.9659205 0 -0.2588392 -0.8660221 -0.07452189 -0.4944211 -0.9659325 -0.03857082 -0.2559037 -0.8660233 -0.1473786 -0.4777901 -0.965933 -0.07627975 -0.2472951 -0.8660228 -0.2169437 -0.4504885 -0.9659329 -0.1122856 -0.2331646 -0.8660477 -0.2816383 -0.4130876 -0.9659333 -0.1457817 -0.2138234 -0.8660227 -0.3400891 -0.3665302 -0.965933 -0.176023 -0.1897084 -0.8660222 -0.3909199 -0.3117485 -0.9659332 -0.2023312 -0.1613546 -0.866048 -0.4329788 -0.2499808 -0.9659333 -0.2241193 -0.1293962 -0.8660475 -0.4654011 -0.1826574 -0.9659331 -0.2409024 -0.09454774 -0.8660229 -0.4874684 -0.1112609 -0.9659331 -0.2523035 -0.05758708 -0.8660237 -0.4986051 -0.03736579 -0.9659329 -0.2580692 -0.01934009 -0.8660234 -0.4986054 0.03736549 -0.9659329 -0.2580693 0.0193392 -0.8660229 -0.4874683 0.1112608 -0.9659332 -0.2523034 0.05758607 -0.8660232 -0.4654405 0.1826716 -0.9659332 -0.2409026 0.09454679 -0.8660476 -0.4329796 0.2499805 -0.9659333 -0.22412 0.1293953 -0.866022 -0.3909204 0.3117487 -0.9659332 -0.2023319 0.1613537 -0.8660228 -0.3400897 0.3665292 -0.9659331 -0.1760234 0.1897077 -0.8660469 -0.2816392 0.4130885 -0.9659332 -0.1457831 0.2138235 -0.8660238 -0.2169433 0.4504867 -0.965933 -0.1122864 0.2331638 -0.8660225 -0.1473802 0.477791 -0.9659329 -0.07628095 0.2472954 -0.8660234 -0.07452195 0.4944189 -0.9659329 -0.03857171 0.2559026 -0.8660219 -1.62137e-7 0.5000061 -0.9659332 -6.42483e-7 0.2587918 -0.8660221 0.07452189 0.4944211 -0.9659325 0.03857082 0.2559037 -0.8660233 0.1473786 0.4777901 -0.965933 0.07627975 0.2472951 -0.8660228 0.2169437 0.4504885 -0.9659329 0.1122856 0.2331646 -0.8660477 0.2816383 0.4130876 -0.9659333 0.1457817 0.2138234 -0.8660227 0.3400891 0.3665302 -0.965933 0.176023 0.1897084 -0.8660222 0.3909199 0.3117485 -0.9659332 0.2023312 0.1613546 -0.866048 0.4329788 0.2499808 -0.9659333 0.2241193 0.1293962 -0.8660475 0.4654011 0.1826574 -0.9659331 0.2409024 0.09454774 -0.8660229 0.4874684 0.1112609 -0.9659331 0.2523035 0.05758708 -0.8660237 0.4986051 0.03736579 -0.9659329 0.2580692 0.01934009 -0.8660234 0.4986054 -0.03736549 -0.9659329 0.2580693 -0.0193392 -0.8660229 0.4874683 -0.1112608 -0.9659332 0.2523034 -0.05758607 -0.8660232 0.4654405 -0.1826716 -0.9659332 0.2409026 -0.09454679 -0.8660476 0.4329796 -0.2499805 -0.9659333 0.22412 -0.1293953 -0.866022 0.3909204 -0.3117487 -0.9659332 0.2023319 -0.1613537 -0.8660228 0.3400897 -0.3665292 -0.9659331 0.1760234 -0.1897077 -0.8660469 0.2816392 -0.4130885 -0.9659332 0.1457831 -0.2138235 -0.8660238 0.2169433 -0.4504867 -0.965933 0.1122864 -0.2331638 -0.8660225 0.1473802 -0.477791 -0.9659329 0.07628095 -0.2472954 -0.8660234 0.07452195 -0.4944189 -0.9659329 0.03857171 -0.2559026 -0.7071161 0 -0.7070975 -0.7071177 0.1053876 -0.6991981 -0.7071144 0.2084201 -0.675685 -0.707117 0.3067986 -0.6370717 -0.7071157 0.3983232 -0.5842311 -0.7071146 0.48095 -0.5183398 -0.7071152 0.5528307 -0.4408701 -0.7071141 0.6123667 -0.3535488 -0.7071152 0.6582196 -0.2583314 -0.7071165 0.6893687 -0.1573439 -0.7071174 0.705119 -0.05284094 -0.7071178 0.7051187 0.05284065 -0.7071164 0.6893686 0.1573448 -0.707115 0.6582197 0.2583318 -0.7071142 0.6123664 0.3535493 -0.7071144 0.5528327 0.4408688 -0.7071155 0.4809491 0.5183395 -0.7071157 0.3983222 0.5842319 -0.7071496 0.3067833 0.6370429 -0.7071164 0.20842 0.6756831 -0.7071157 0.1053875 0.6992001 -0.7071161 0 0.7070975 -0.7071177 -0.1053876 0.6991981 -0.7071144 -0.2084201 0.675685 -0.707117 -0.3067986 0.6370717 -0.7071157 -0.3983232 0.5842311 -0.7071146 -0.48095 0.5183398 -0.7071152 -0.5528307 0.4408701 -0.7071141 -0.6123667 0.3535488 -0.7071152 -0.6582196 0.2583314 -0.7071165 -0.6893687 0.1573439 -0.7071174 -0.705119 0.05284094 -0.7071178 -0.7051187 -0.05284065 -0.7071164 -0.6893686 -0.1573448 -0.707115 -0.6582197 -0.2583318 -0.7071142 -0.6123664 -0.3535493 -0.7071144 -0.5528327 -0.4408688 -0.7071155 -0.4809491 -0.5183395 -0.7071157 -0.3983222 -0.5842319 -0.7071496 -0.3067833 -0.6370429 -0.7071164 -0.20842 -0.6756831 -0.7071157 -0.1053875 -0.6992001 -0.8660079 -1.12503e-6 0.5000304 -0.7070596 0 0.707154 -0.8660327 0.07451963 0.4944029 -0.7070925 0.10539 0.6992233 -0.8660333 0.1473739 0.4777732 -0.7070623 0.2084352 0.675735 -0.8660093 0.2169543 0.4505094 -0.7070927 0.3068076 0.6370943 -0.8660092 0.2816761 0.4131424 -0.7070928 0.3983342 0.5842514 -0.8660336 0.3400763 0.3665159 -0.7070901 0.4809656 0.5183587 -0.866034 0.3909044 0.3117351 -0.7070962 0.5528458 0.4408814 -0.8660089 0.4330375 0.2500143 -0.7070938 0.6123831 0.353561 -0.8660074 0.4654659 0.1826823 -0.707093 0.6582399 0.2583408 -0.8660338 0.4874499 0.1112568 -0.7070936 0.6893907 0.1573503 -0.8660091 0.4986302 0.03736686 -0.7070595 0.7051768 0.0528469 -0.8660092 0.4986299 -0.0373677 -0.7070952 0.7051412 -0.05284196 -0.866034 0.4874497 -0.1112565 -0.7070937 0.6893911 -0.1573482 -0.8660324 0.4654254 -0.1826668 -0.7070927 0.6582406 -0.2583397 -0.8660094 0.4330366 -0.2500142 -0.7070945 0.6123836 -0.3535587 -0.8660331 0.3909051 -0.3117371 -0.7070945 0.5528488 -0.4408807 -0.8660091 0.3401054 -0.3665469 -0.7070927 0.4809651 -0.5183557 -0.8660091 0.2816763 -0.4131427 -0.7070918 0.3983368 -0.5842509 -0.8660089 0.2169539 -0.4505106 -0.7070924 0.3068091 -0.6370939 -0.8660348 0.1473733 -0.4777708 -0.7070974 0.2084271 -0.6757007 -0.8660315 0.07451909 -0.4944052 -0.707093 0.1053918 -0.6992225 -0.866033 -6.05418e-7 -0.499987 -0.7070953 9.55137e-7 -0.7071183 -0.8660327 -0.07451963 -0.4944029 -0.7070925 -0.10539 -0.6992233 -0.8660333 -0.1473739 -0.4777732 -0.7070623 -0.2084352 -0.675735 -0.8660093 -0.2169543 -0.4505094 -0.7070927 -0.3068076 -0.6370943 -0.8660092 -0.2816761 -0.4131424 -0.7070928 -0.3983342 -0.5842514 -0.8660336 -0.3400763 -0.3665159 -0.7070901 -0.4809656 -0.5183587 -0.866034 -0.3909044 -0.3117351 -0.7070962 -0.5528458 -0.4408814 -0.8660089 -0.4330375 -0.2500143 -0.7070938 -0.6123831 -0.353561 -0.8660074 -0.4654659 -0.1826823 -0.707093 -0.6582399 -0.2583408 -0.8660338 -0.4874499 -0.1112568 -0.7070936 -0.6893907 -0.1573503 -0.8660091 -0.4986302 -0.03736686 -0.7070595 -0.7051768 -0.0528469 -0.8660092 -0.4986299 0.0373677 -0.7070952 -0.7051412 0.05284196 -0.866034 -0.4874497 0.1112565 -0.7070937 -0.6893911 0.1573482 -0.8660324 -0.4654254 0.1826668 -0.7070927 -0.6582406 0.2583397 -0.8660094 -0.4330366 0.2500142 -0.7070945 -0.6123836 0.3535587 -0.8660331 -0.3909051 0.3117371 -0.7070945 -0.5528488 0.4408807 -0.8660091 -0.3401054 0.3665469 -0.7070927 -0.4809651 0.5183557 -0.8660091 -0.2816763 0.4131427 -0.7070918 -0.3983368 0.5842509 -0.8660089 -0.2169539 0.4505106 -0.7070924 -0.3068091 0.6370939 -0.8660348 -0.1473733 0.4777708 -0.7070974 -0.2084271 0.6757007 -0.8660315 -0.07451909 0.4944052 -0.707093 -0.1053918 0.6992225 -0.9659249 -2.04687e-7 0.2588229 -0.9659122 -0.03858155 0.2559791 -0.9659249 -0.07628816 0.2473246 -0.9659247 -0.1123 0.2331911 -0.9659121 -0.1458276 0.2138879 -0.9659251 -0.176042 0.1897314 -0.9659249 -0.2023565 0.1613724 -0.9659249 -0.2241475 0.1294106 -0.9659249 -0.2409315 0.09455752 -0.9659248 -0.2523337 0.05759477 -0.9659118 -0.2581474 0.01934456 -0.9659119 -0.2581474 -0.01934641 -0.9659247 -0.2523336 -0.05759447 -0.9659249 -0.2409309 -0.09455931 -0.9659249 -0.2241467 -0.1294124 -0.965925 -0.2023562 -0.161372 -0.965925 -0.1760432 -0.1897304 -0.965912 -0.1458283 -0.2138879 -0.965925 -0.1122998 -0.2331902 -0.9659244 -0.07628905 -0.2473258 -0.9659126 -0.03858143 -0.2559773 -0.9659249 -1.47218e-6 -0.2588228 -0.9659122 0.03858155 -0.2559791 -0.9659249 0.07628816 -0.2473246 -0.9659247 0.1123 -0.2331911 -0.9659121 0.1458276 -0.2138879 -0.9659251 0.176042 -0.1897314 -0.9659249 0.2023565 -0.1613724 -0.9659249 0.2241475 -0.1294106 -0.9659249 0.2409315 -0.09455752 -0.9659248 0.2523337 -0.05759477 -0.9659118 0.2581474 -0.01934456 -0.9659119 0.2581474 0.01934641 -0.9659247 0.2523336 0.05759447 -0.9659249 0.2409309 0.09455931 -0.9659249 0.2241467 0.1294124 -0.965925 0.2023562 0.161372 -0.965925 0.1760432 0.1897304 -0.965912 0.1458283 0.2138879 -0.965925 0.1122998 0.2331902 -0.9659244 0.07628905 0.2473258 -0.9659126 0.03858143 0.2559773 0 0 1 0.2588038 0 0.9659299 2.07573e-7 0.1490422 0.9888309 0.2588037 0.1439642 0.9551414 1.49645e-7 0.2947546 0.9555731 0.2587561 0.2847169 0.9230285 1.58576e-6 0.4338839 0.9009689 0.2587581 0.419107 0.8702837 0 0.5633201 0.8262389 0.2587602 0.5441343 0.7980984 -1.60989e-6 0.6801723 0.7330524 0.2588552 0.6569894 0.7080671 1.16337e-6 0.7818314 0.6234901 0.258756 0.7552044 0.6022557 -1.08131e-6 0.8660258 0.4999992 0.2588065 0.836519 0.482965 8.52014e-7 0.9308739 0.3653407 0.2588075 0.899158 0.3528932 -3.66872e-7 0.9749278 0.2225215 0.2587533 0.9417253 0.2149424 -2.82396e-7 0.9972038 0.07473069 0.2587571 0.9632415 0.07218462 2.09987e-7 0.9972038 -0.07473069 0.2588553 0.9632152 -0.07218337 2.43777e-7 0.9749279 -0.2225216 0.2588027 0.9417123 -0.2149403 -8.9546e-7 0.9308739 -0.3653407 0.2588074 0.899158 -0.3528934 1.02097e-6 0.8660258 -0.4999996 0.2587577 0.8365303 -0.4829718 -1.21164e-6 0.7818313 -0.6234901 0.2587543 0.7552044 -0.6022564 1.55921e-6 0.6801724 -0.7330522 0.2588071 0.6569983 -0.7080764 0 0.5633202 -0.8262387 0.2587597 0.5441339 -0.798099 -1.6292e-6 0.4338838 -0.9009689 0.2587576 0.419107 -0.8702837 -1.8585e-7 0.2947546 -0.955573 0.2588074 0.2847129 -0.9230154 -2.51018e-7 0.1490421 -0.9888309 0.2587549 0.1439665 -0.9551543 0 0 -1 0.2587547 -6.72399e-7 -0.9659432 2.07573e-7 -0.1490422 -0.9888309 0.2588037 -0.1439642 -0.9551414 1.49645e-7 -0.2947546 -0.9555731 0.2587561 -0.2847169 -0.9230285 1.58576e-6 -0.4338839 -0.9009689 0.2587581 -0.419107 -0.8702837 0 -0.5633201 -0.8262389 0.2587602 -0.5441343 -0.7980984 -1.60989e-6 -0.6801723 -0.7330524 0.2588552 -0.6569894 -0.7080671 1.16337e-6 -0.7818314 -0.6234901 0.258756 -0.7552044 -0.6022557 -1.08131e-6 -0.8660258 -0.4999992 0.2588065 -0.836519 -0.482965 8.52014e-7 -0.9308739 -0.3653407 0.2588075 -0.899158 -0.3528932 -3.66872e-7 -0.9749278 -0.2225215 0.2587533 -0.9417253 -0.2149424 -2.82396e-7 -0.9972038 -0.07473069 0.2587571 -0.9632415 -0.07218462 2.09987e-7 -0.9972038 0.07473069 0.2588553 -0.9632152 0.07218337 2.43777e-7 -0.9749279 0.2225216 0.2588027 -0.9417123 0.2149403 -8.9546e-7 -0.9308739 0.3653407 0.2588074 -0.899158 0.3528934 1.02097e-6 -0.8660258 0.4999996 0.2587577 -0.8365303 0.4829718 -1.21164e-6 -0.7818313 0.6234901 0.2587543 -0.7552044 0.6022564 1.55921e-6 -0.6801724 0.7330522 0.2588071 -0.6569983 0.7080764 0 -0.5633202 0.8262387 0.2587597 -0.5441339 0.798099 -1.6292e-6 -0.4338838 0.9009689 0.2587576 -0.419107 0.8702837 -1.8585e-7 -0.2947546 0.955573 0.2588074 -0.2847129 0.9230154 -2.51018e-7 -0.1490421 0.9888309 0.2587549 -0.1439665 0.9551543 -0.2588038 -2.09126e-7 0.96593 -0.2587546 -0.1439667 0.9551543 -0.2587562 -0.284717 0.9230285 -0.258758 -0.4191071 0.8702837 -0.2587602 -0.5441343 0.7980984 -0.258757 -0.6570075 0.7080862 -0.2587559 -0.7552043 0.6022558 -0.2587573 -0.8365306 0.4829714 -0.2587584 -0.8991703 0.3528978 -0.2587534 -0.9417253 0.2149425 -0.2587571 -0.9632415 0.07218545 -0.2588552 -0.9632152 -0.07218307 -0.2587536 -0.9417251 -0.2149432 -0.2587583 -0.8991705 -0.3528978 -0.2587577 -0.8365306 -0.4829712 -0.2587543 -0.7552046 -0.6022561 -0.2588562 -0.6569891 -0.708067 -0.2587597 -0.5441341 -0.7980987 -0.2587575 -0.4191066 -0.870284 -0.2587581 -0.2847168 -0.923028 -0.2587549 -0.1439666 -0.9551543 -0.2587547 6.59132e-7 -0.9659432 -0.2587546 0.1439667 -0.9551543 -0.2587562 0.284717 -0.9230285 -0.258758 0.4191071 -0.8702837 -0.2587602 0.5441343 -0.7980984 -0.258757 0.6570075 -0.7080862 -0.2587559 0.7552043 -0.6022558 -0.2587573 0.8365306 -0.4829714 -0.2587584 0.8991703 -0.3528978 -0.2587534 0.9417253 -0.2149425 -0.2587571 0.9632415 -0.07218545 -0.2588552 0.9632152 0.07218307 -0.2587536 0.9417251 0.2149432 -0.2587583 0.8991705 0.3528978 -0.2587577 0.8365306 0.4829712 -0.2587543 0.7552046 0.6022561 -0.2588562 0.6569891 0.708067 -0.2587597 0.5441341 0.7980987 -0.2587575 0.4191066 0.870284 -0.2587581 0.2847168 0.923028 -0.2587549 0.1439666 0.9551543 0.8660078 6.41599e-7 0.5000306 0.9659248 1.62283e-7 0.258823 0.8660314 0.07451951 0.4944052 0.9659121 0.03858387 0.255979 0.8660096 0.1473866 0.4778124 0.9659248 0.07629042 0.2473241 0.8660087 0.2169553 0.4505102 0.9659247 0.1123 0.2331914 0.866009 0.2816766 0.4131425 0.965912 0.145828 0.2138882 0.8660091 0.3401056 0.3665468 0.9659121 0.1760776 0.1897644 0.8660079 0.3909394 0.3117638 0.9659249 0.2023563 0.1613726 0.8660095 0.4330371 0.2500132 0.9659248 0.2241477 0.1294108 0.8660072 0.4654662 0.1826825 0.9659247 0.240932 0.09455764 0.866034 0.4874498 0.1112561 0.9659247 0.252334 0.05759257 0.866009 0.4986303 0.03736734 0.9659249 0.258099 0.01934325 0.8660343 0.4985866 -0.037364 0.9659119 0.2581472 -0.01934641 0.8660088 0.487492 -0.111267 0.9659248 0.2523337 -0.05759453 0.8660074 0.4654657 -0.1826828 0.965925 0.2409319 -0.09455615 0.8660086 0.4330378 -0.2500146 0.9659246 0.2241475 -0.1294125 0.8660341 0.390904 -0.3117355 0.9659249 0.202355 -0.1613739 0.8660336 0.3400761 -0.3665164 0.965925 0.1760435 -0.1897306 0.8660092 0.2816758 -0.4131428 0.9659119 0.1458267 -0.2138897 0.8660093 0.2169538 -0.4505097 0.9659249 0.1122981 -0.2331913 0.8660333 0.1473737 -0.4777735 0.9659243 0.07629233 -0.2473251 0.8660327 0.07451933 -0.4944032 0.9659125 0.03858137 -0.2559775 0.8660078 1.93366e-7 -0.5000306 0.9659247 1.51529e-6 -0.258823 0.8660314 -0.07451951 -0.4944052 0.9659121 -0.03858387 -0.255979 0.8660096 -0.1473866 -0.4778124 0.9659248 -0.07629042 -0.2473241 0.8660087 -0.2169553 -0.4505102 0.9659247 -0.1123 -0.2331914 0.866009 -0.2816766 -0.4131425 0.965912 -0.145828 -0.2138882 0.8660091 -0.3401056 -0.3665468 0.9659121 -0.1760776 -0.1897644 0.8660079 -0.3909394 -0.3117638 0.9659249 -0.2023563 -0.1613726 0.8660095 -0.4330371 -0.2500132 0.9659248 -0.2241477 -0.1294108 0.8660072 -0.4654662 -0.1826825 0.9659247 -0.240932 -0.09455764 0.866034 -0.4874498 -0.1112561 0.9659247 -0.252334 -0.05759257 0.866009 -0.4986303 -0.03736734 0.9659249 -0.258099 -0.01934325 0.8660343 -0.4985866 0.037364 0.9659119 -0.2581472 0.01934641 0.8660088 -0.487492 0.111267 0.9659248 -0.2523337 0.05759453 0.8660074 -0.4654657 0.1826828 0.965925 -0.2409319 0.09455615 0.8660086 -0.4330378 0.2500146 0.9659246 -0.2241475 0.1294125 0.8660341 -0.390904 0.3117355 0.9659249 -0.202355 0.1613739 0.8660336 -0.3400761 0.3665164 0.965925 -0.1760435 0.1897306 0.8660092 -0.2816758 0.4131428 0.9659119 -0.1458267 0.2138897 0.8660093 -0.2169538 0.4505097 0.9659249 -0.1122981 0.2331913 0.8660333 -0.1473737 0.4777735 0.9659243 -0.07629233 0.2473251 0.8660327 -0.07451933 0.4944032 0.9659125 -0.03858137 0.2559775 0.7070955 0 0.7071182 0.7070925 -0.1053901 0.6992233 0.707098 -0.2084247 0.6757008 0.7070928 -0.3068073 0.6370943 0.7070928 -0.3983344 0.5842513 0.7070903 -0.4809654 0.5183587 0.7070964 -0.5528456 0.4408816 0.707094 -0.612383 0.3535608 0.707093 -0.6582397 0.2583408 0.7070937 -0.6893906 0.1573503 0.7070952 -0.7051411 0.05284422 0.7070951 -0.7051413 -0.05284196 0.7070938 -0.6893911 -0.1573482 0.7070927 -0.6582407 -0.2583397 0.7070946 -0.6123834 -0.3535588 0.7070945 -0.5528489 -0.4408805 0.7070927 -0.480965 -0.5183557 0.707092 -0.3983365 -0.5842509 0.7070924 -0.3068091 -0.6370939 0.7070974 -0.2084273 -0.6757006 0.7070931 -0.1053918 -0.6992225 0.7070954 -1.02315e-6 -0.7071182 0.7070925 0.1053901 -0.6992233 0.707098 0.2084247 -0.6757008 0.7070928 0.3068073 -0.6370943 0.7070928 0.3983344 -0.5842513 0.7070903 0.4809654 -0.5183587 0.7070964 0.5528456 -0.4408816 0.707094 0.612383 -0.3535608 0.707093 0.6582397 -0.2583408 0.7070937 0.6893906 -0.1573503 0.7070952 0.7051411 -0.05284422 0.7070951 0.7051413 0.05284196 0.7070938 0.6893911 0.1573482 0.7070927 0.6582407 0.2583397 0.7070946 0.6123834 0.3535588 0.7070945 0.5528489 0.4408805 0.7070927 0.480965 0.5183557 0.707092 0.3983365 0.5842509 0.7070924 0.3068091 0.6370939 0.7070974 0.2084273 0.6757006 0.7070931 0.1053918 0.6992225 0.8660218 -8.1552e-7 -0.5000063 0.7071161 0 -0.7070975 0.8660233 -0.07452136 -0.4944192 0.7071171 -0.1053869 -0.6991989 0.8660468 -0.1473673 -0.477751 0.7071144 -0.2084217 -0.6756846 0.8660238 -0.2169427 -0.4504871 0.7071171 -0.3067969 -0.6370724 0.8660468 -0.2816395 -0.4130885 0.7071158 -0.3983216 -0.5842322 0.8660226 -0.340089 -0.3665302 0.7071144 -0.4809488 -0.5183411 0.8660219 -0.3909203 -0.3117491 0.7071153 -0.5528316 -0.4408687 0.8660475 -0.4329794 -0.2499811 0.7071141 -0.6123667 -0.3535489 0.8660228 -0.4654409 -0.1826731 0.7071152 -0.6582192 -0.2583323 0.866023 -0.4874681 -0.1112614 0.7071162 -0.689369 -0.1573438 0.8660231 -0.4986059 -0.03736507 0.707118 -0.7051185 -0.05284088 0.8660477 -0.4985633 0.03736215 0.7071171 -0.7051193 0.05284142 0.8660229 -0.4874683 0.1112612 0.7071171 -0.6893679 0.1573448 0.866023 -0.4654406 0.1826724 0.7071148 -0.6582195 0.2583327 0.8660478 -0.4329793 0.2499804 0.7071485 -0.6123362 0.353533 0.866022 -0.3909208 0.311748 0.7071144 -0.5528327 0.4408688 0.8660225 -0.3400897 0.3665298 0.7071155 -0.480949 0.5183394 0.8660477 -0.2816384 0.4130874 0.7071158 -0.398322 0.584232 0.8660228 -0.2169443 0.4504884 0.7071153 -0.3067981 0.6370737 0.8660231 -0.147379 0.4777901 0.7071164 -0.2084199 0.6756831 0.866022 -0.07452225 0.4944213 0.7071158 -0.1053866 0.6992002 0.8660461 -4.94911e-7 0.499964 0.7071161 6.55857e-7 0.7070974 0.8660233 0.07452136 0.4944192 0.7071171 0.1053869 0.6991989 0.8660468 0.1473673 0.477751 0.7071144 0.2084217 0.6756846 0.8660238 0.2169427 0.4504871 0.7071171 0.3067969 0.6370724 0.8660468 0.2816395 0.4130885 0.7071158 0.3983216 0.5842322 0.8660226 0.340089 0.3665302 0.7071144 0.4809488 0.5183411 0.8660219 0.3909203 0.3117491 0.7071153 0.5528316 0.4408687 0.8660475 0.4329794 0.2499811 0.7071141 0.6123667 0.3535489 0.8660228 0.4654409 0.1826731 0.7071152 0.6582192 0.2583323 0.866023 0.4874681 0.1112614 0.7071162 0.689369 0.1573438 0.8660231 0.4986059 0.03736507 0.707118 0.7051185 0.05284088 0.8660477 0.4985633 -0.03736215 0.7071171 0.7051193 -0.05284142 0.8660229 0.4874683 -0.1112612 0.7071171 0.6893679 -0.1573448 0.866023 0.4654406 -0.1826724 0.7071148 0.6582195 -0.2583327 0.8660478 0.4329793 -0.2499804 0.7071485 0.6123362 -0.353533 0.866022 0.3909208 -0.311748 0.7071144 0.5528327 -0.4408688 0.8660225 0.3400897 -0.3665298 0.7071155 0.480949 -0.5183394 0.8660477 0.2816384 -0.4130874 0.7071158 0.398322 -0.584232 0.8660228 0.2169443 -0.4504884 0.7071153 0.3067981 -0.6370737 0.8660231 0.147379 -0.4777901 0.7071164 0.2084199 -0.6756831 0.866022 0.07452225 -0.4944213 0.7071158 0.1053866 -0.6992002 0.9659331 0 -0.258792 0.9659324 0.03857082 -0.2559039 0.965933 0.07627975 -0.2472952 0.9659202 0.1123064 -0.2332074 0.9659333 0.1457819 -0.2138236 0.965933 0.1760231 -0.1897086 0.9659331 0.2023315 -0.1613547 0.9659333 0.2241196 -0.1293962 0.9659331 0.2409026 -0.09454786 0.9659329 0.2523042 -0.05758708 0.965933 0.2580687 -0.01934027 0.9659329 0.2580694 0.01933932 0.9659333 0.2523033 0.05758607 0.965933 0.2409033 0.09454685 0.9659332 0.22412 0.1293953 0.965933 0.2023325 0.1613538 0.9659331 0.1760239 0.1897078 0.9659332 0.1457833 0.2138236 0.9659329 0.1122865 0.2331641 0.9659329 0.07628107 0.2472956 0.9659328 0.03857165 0.2559028 0.9659204 6.0364e-7 0.2588394 0.9659324 -0.03857082 0.2559039 0.965933 -0.07627975 0.2472952 0.9659202 -0.1123064 0.2332074 0.9659333 -0.1457819 0.2138236 0.965933 -0.1760231 0.1897086 0.9659331 -0.2023315 0.1613547 0.9659333 -0.2241196 0.1293962 0.9659331 -0.2409026 0.09454786 0.9659329 -0.2523042 0.05758708 0.965933 -0.2580687 0.01934027 0.9659329 -0.2580694 -0.01933932 0.9659333 -0.2523033 -0.05758607 0.965933 -0.2409033 -0.09454685 0.9659332 -0.22412 -0.1293953 0.965933 -0.2023325 -0.1613538 0.9659331 -0.1760239 -0.1897078 0.9659332 -0.1457833 -0.2138236 0.9659329 -0.1122865 -0.2331641 0.9659329 -0.07628107 -0.2472956 0.9659328 -0.03857165 -0.2559028 0.5000005 0 -0.8660252 0.5000409 0.1290696 -0.8563295 0.5 0.2552644 -0.8275508 0.500042 0.3757432 -0.7802405 0.500043 0.4878345 -0.7155241 0.5000013 0.5890457 -0.6348416 0.5000427 0.6770656 -0.539944 0.4999986 0.7500001 -0.4330141 0.5000379 0.80614 -0.3163866 0.4999993 0.8443124 -0.1927102 0.500044 0.8635784 -0.06471729 0.5000443 0.8635784 0.06471472 0.4999981 0.8443136 0.1927083 0.5000392 0.8061398 0.3163853 0.4999989 0.7500011 0.4330123 0.5000017 0.6770857 0.5399569 0.4999573 0.5890642 0.6348592 0.5000042 0.4878488 0.7155413 0.5000001 0.3757556 0.7802615 0.4999976 0.2552666 0.8275514 0.4999988 0.129075 0.8563532 0.5000005 1.02682e-6 0.8660252 0.5000409 -0.1290696 0.8563295 0.5 -0.2552644 0.8275508 0.500042 -0.3757432 0.7802405 0.500043 -0.4878345 0.7155241 0.5000013 -0.5890457 0.6348416 0.5000427 -0.6770656 0.539944 0.4999986 -0.7500001 0.4330141 0.5000379 -0.80614 0.3163866 0.4999993 -0.8443124 0.1927102 0.500044 -0.8635784 0.06471729 0.5000443 -0.8635784 -0.06471472 0.4999981 -0.8443136 -0.1927083 0.5000392 -0.8061398 -0.3163853 0.4999989 -0.7500011 -0.4330123 0.5000017 -0.6770857 -0.5399569 0.4999573 -0.5890642 -0.6348592 0.5000042 -0.4878488 -0.7155413 0.5000001 -0.3757556 -0.7802615 0.4999976 -0.2552666 -0.8275514 0.4999988 -0.129075 -0.8563532 1 -6.08386e-7 -1.89724e-5 1 2.91935e-6 -1.9426e-5 1 5.96954e-6 -1.88327e-5 1 8.90857e-6 -1.89315e-5 1 1.13535e-5 -1.65389e-5 1 1.37347e-5 -1.48085e-5 1 1.48769e-5 -1.20904e-5 1 1.63182e-5 -9.57027e-6 1 1.87424e-5 -7.26082e-6 1 1.86288e-5 -4.33961e-6 1 1.92528e-5 -1.50423e-6 1 2.03126e-5 1.50208e-6 1 1.8334e-5 4.05603e-6 1 1.82884e-5 7.21053e-6 1 1.63708e-5 9.41125e-6 1 1.5514e-5 1.19018e-5 1 1.36541e-5 1.45379e-5 1 1.15617e-5 1.68304e-5 1 8.99471e-6 1.84481e-5 1 5.94789e-6 1.88532e-5 1 2.88093e-6 1.92816e-5 1 0 1.8972e-5 1 -2.91935e-6 1.9426e-5 1 -5.96954e-6 1.88327e-5 1 -8.90857e-6 1.89315e-5 1 -1.13535e-5 1.65389e-5 1 -1.37347e-5 1.48085e-5 1 -1.48769e-5 1.20904e-5 1 -1.63182e-5 9.57027e-6 1 -1.87424e-5 7.26082e-6 1 -1.86288e-5 4.33961e-6 1 -1.92528e-5 1.50423e-6 1 -2.03126e-5 -1.50208e-6 1 -1.8334e-5 -4.05603e-6 1 -1.82884e-5 -7.21053e-6 1 -1.63708e-5 -9.41125e-6 1 -1.5514e-5 -1.19018e-5 1 -1.36541e-5 -1.45379e-5 1 -1.15617e-5 -1.68304e-5 1 -8.99471e-6 -1.84481e-5 1 -5.94789e-6 -1.88532e-5 1 -2.88093e-6 -1.92816e-5 0.4999729 3.33355e-7 0.8660411 0.4999701 -0.1290763 0.8563699 0.4999771 -0.2552681 0.8275635 0.4999726 -0.3757608 0.7802765 0.4999706 -0.4878587 0.715558 0.5000132 -0.5890411 0.6348367 0.5000185 -0.6770763 0.5399528 0.4999693 -0.7500153 0.4330217 0.4999718 -0.8061753 0.3164012 0.5000137 -0.8443045 0.1927085 0.4999704 -0.8636208 0.06472098 0.49997 -0.8636212 -0.06471878 0.4999697 -0.8443295 -0.1927121 0.4999714 -0.806176 -0.3163998 0.4999697 -0.7500159 -0.4330205 0.4999737 -0.6770985 -0.5399667 0.5000154 -0.5890414 -0.6348345 0.4999704 -0.4878602 -0.7155572 0.4999713 -0.3757628 -0.7802764 0.4999745 -0.255271 -0.8275641 0.4999713 -0.1290776 -0.856369 0.5000169 -1.17657e-6 -0.8660157 0.4999701 0.1290763 -0.8563699 0.4999771 0.2552681 -0.8275635 0.4999726 0.3757608 -0.7802765 0.4999706 0.4878587 -0.715558 0.5000132 0.5890411 -0.6348367 0.5000185 0.6770763 -0.5399528 0.4999693 0.7500153 -0.4330217 0.4999718 0.8061753 -0.3164012 0.5000137 0.8443045 -0.1927085 0.4999704 0.8636208 -0.06472098 0.49997 0.8636212 0.06471878 0.4999697 0.8443295 0.1927121 0.4999714 0.806176 0.3163998 0.4999697 0.7500159 0.4330205 0.4999737 0.6770985 0.5399667 0.5000154 0.5890414 0.6348345 0.4999704 0.4878602 0.7155572 0.4999713 0.3757628 0.7802764 0.4999745 0.255271 0.8275641 0.4999713 0.1290776 0.856369 -0.499973 -2.07278e-7 0.8660411 -0.4999713 -0.1290766 0.856369 -0.4999744 -0.2552695 0.8275645 -0.5000153 -0.3757498 0.7802544 -0.4999703 -0.4878588 0.7155583 -0.5000156 -0.5890405 0.6348352 -0.4999735 -0.6770976 0.5399679 -0.5000135 -0.7499929 0.4330094 -0.4999714 -0.8061758 0.3164006 -0.5000137 -0.8443045 0.1927079 -0.49997 -0.8636211 0.06471961 -0.49997 -0.8636211 -0.0647189 -0.5000137 -0.8443046 -0.1927071 -0.4999718 -0.8061752 -0.3164014 -0.4999689 -0.7500153 -0.433022 -0.4999746 -0.6770977 -0.5399669 -0.5000131 -0.5890407 -0.6348371 -0.4999708 -0.4878596 -0.7155573 -0.4999725 -0.3757604 -0.7802766 -0.4999771 -0.2552695 -0.827563 -0.500014 -0.1290722 -0.8563448 -0.5000169 2.2038e-7 -0.8660157 -0.4999713 0.1290766 -0.856369 -0.4999744 0.2552695 -0.8275645 -0.5000153 0.3757498 -0.7802544 -0.4999703 0.4878588 -0.7155583 -0.5000156 0.5890405 -0.6348352 -0.4999735 0.6770976 -0.5399679 -0.5000135 0.7499929 -0.4330094 -0.4999714 0.8061758 -0.3164006 -0.5000137 0.8443045 -0.1927079 -0.49997 0.8636211 -0.06471961 -0.49997 0.8636211 0.0647189 -0.5000137 0.8443046 0.1927071 -0.4999718 0.8061752 0.3164014 -0.4999689 0.7500153 0.433022 -0.4999746 0.6770977 0.5399669 -0.5000131 0.5890407 0.6348371 -0.4999708 0.4878596 0.7155573 -0.4999725 0.3757604 0.7802766 -0.4999771 0.2552695 0.827563 -0.500014 0.1290722 0.8563448 -1 -8.32573e-7 -1.89706e-5 -1 1.16207e-6 -1.9548e-5 -1 3.0766e-6 -1.97345e-5 -1 8.30592e-6 -1.86191e-5 -1 1.12645e-5 -1.72595e-5 -1 1.32273e-5 -1.49745e-5 -1 1.45027e-5 -1.24102e-5 -1 1.64322e-5 -1.00081e-5 -1 -2.77481e-5 1.02797e-5 -1 1.76859e-5 -5.75543e-6 -1 2.02488e-5 -2.16306e-6 -1 2.04388e-5 9.68772e-7 -1 1.87558e-5 2.52845e-6 -1 1.85772e-5 6.70572e-6 -1 1.68789e-5 9.08282e-6 -1 1.53686e-5 1.16037e-5 -1 1.41233e-5 1.43938e-5 -1 1.18661e-5 1.64013e-5 -1 9.52262e-6 1.85756e-5 -1 7.48127e-6 1.85631e-5 -1 3.35969e-6 1.93364e-5 -1 5.52959e-7 1.8972e-5 -1 -1.16207e-6 1.9548e-5 -1 -3.0766e-6 1.97345e-5 -1 -8.30592e-6 1.86191e-5 -1 -1.12645e-5 1.72595e-5 -1 -1.32273e-5 1.49745e-5 -1 -1.45027e-5 1.24102e-5 -1 -1.64322e-5 1.00081e-5 -1 2.77481e-5 -1.02797e-5 -1 -1.76859e-5 5.75543e-6 -1 -2.02488e-5 2.16306e-6 -1 -2.04388e-5 -9.68772e-7 -1 -1.87558e-5 -2.52845e-6 -1 -1.85772e-5 -6.70572e-6 -1 -1.68789e-5 -9.08282e-6 -1 -1.53686e-5 -1.16037e-5 -1 -1.41233e-5 -1.43938e-5 -1 -1.18661e-5 -1.64013e-5 -1 -9.52262e-6 -1.85756e-5 -1 -7.48127e-6 -1.85631e-5 -1 -3.35969e-6 -1.93364e-5 -0.5000422 0 -0.866001 -0.5000412 0.1290704 -0.8563291 -0.5000393 0.255258 -0.8275288 -0.5000417 0.3757434 -0.7802405 -0.5000042 0.4878482 -0.7155418 -0.4999993 0.5890471 -0.6348419 -0.5000014 0.6770855 -0.5399574 -0.4999986 0.7500004 -0.4330136 -0.4999971 0.8061618 -0.3163958 -0.4999984 0.8443132 -0.1927095 -0.500044 0.8635786 -0.06471621 -0.5000027 0.8636023 0.0647189 -0.4999987 0.844313 0.1927097 -0.500038 0.80614 0.3163866 -0.5000403 0.7499797 0.4330012 -0.5000008 0.6770856 0.5399577 -0.5000011 0.5890461 0.6348415 -0.5000429 0.4878357 0.7155232 -0.5000418 0.3757434 0.7802404 -0.4999999 0.2552653 0.8275505 -0.4999991 0.1290735 0.8563533 -0.5000422 3.99081e-7 0.8660011 -0.5000412 -0.1290704 0.8563291 -0.5000393 -0.255258 0.8275288 -0.5000417 -0.3757434 0.7802405 -0.5000042 -0.4878482 0.7155418 -0.4999993 -0.5890471 0.6348419 -0.5000014 -0.6770855 0.5399574 -0.4999986 -0.7500004 0.4330136 -0.4999971 -0.8061618 0.3163958 -0.4999984 -0.8443132 0.1927095 -0.500044 -0.8635786 0.06471621 -0.5000027 -0.8636023 -0.0647189 -0.4999987 -0.844313 -0.1927097 -0.500038 -0.80614 -0.3163866 -0.5000403 -0.7499797 -0.4330012 -0.5000008 -0.6770856 -0.5399577 -0.5000011 -0.5890461 -0.6348415 -0.5000429 -0.4878357 -0.7155232 -0.5000418 -0.3757434 -0.7802404 -0.4999999 -0.2552653 -0.8275505 -0.4999991 -0.1290735 -0.8563533 0 0 -1 0 0 1 0 -1 0 -1 0 0 -1 0 0 -1 0 0 -1 0 0 0 1 0 -1 0 0 -1 0 0 -1 0 0 0 -0.9659264 -0.2588168 0 -0.9659262 -0.2588177 0 -1 4.92765e-7 0 -1 -4.92765e-7 0 -0.9659262 0.2588177 0 -0.9659264 0.2588168 0 -0.8660241 0.5000023 0 -0.8660247 0.5000015 0 -0.7071065 0.7071072 0 -0.7071072 0.7071065 0 -0.5000015 0.8660247 0 -0.5000023 0.8660241 0 -0.2588168 0.9659264 0 -0.2588177 0.9659262 0 4.92765e-7 1 0 -4.92765e-7 1 0 0.2588177 0.9659262 0 0.2588168 0.9659264 0 0.5000023 0.8660241 0 0.5000015 0.8660247 0 0.7071072 0.7071065 0 0.7071065 0.7071072 0 0.8660247 0.5000015 0 0.8660241 0.5000023 0 0.9659264 0.2588168 0 0.9659262 0.2588177 0 1 -4.92765e-7 0 1 4.92765e-7 0 0.9659262 -0.2588177 0 0.9659264 -0.2588168 0 0.8660241 -0.5000023 0 0.8660247 -0.5000015 0 0.7071065 -0.7071072 0 0.7071072 -0.7071065 0 0.5000015 -0.8660247 0 0.5000023 -0.8660241 0 0.2588168 -0.9659264 0 0.2588177 -0.9659262 0 -4.92765e-7 -1 0 4.92765e-7 -1 0 -0.2588177 -0.9659262 0 -0.2588168 -0.9659264 0 -0.5000023 -0.8660241 0 -0.5000015 -0.8660247 0 -0.7071072 -0.7071065 0 -0.7071065 -0.7071072 0 -0.8660247 -0.5000015 0 -0.8660241 -0.5000023 7.49854e-6 -0.9504551 0.310862 1.40267e-5 -0.8660255 0.5 -2.5786e-7 -0.9504651 0.3108313 1.3913e-5 -0.9659261 0.2588179 4.24143e-5 -0.9944539 0.1051744 -2.62046e-5 -1 6.07823e-7 4.23766e-5 -0.9944539 -0.1051746 1.39326e-5 -0.9659262 -0.2588181 -2.52738e-7 -0.9504652 -0.3108313 1.40211e-5 -0.8660256 -0.4999999 7.48646e-6 -0.9504551 -0.310862 1.56779e-5 -0.8435021 -0.537126 -1.43666e-5 -0.7071062 -0.7071074 3.41963e-5 -0.6837 -0.7297632 -3.70569e-5 -0.4999973 -0.866027 -4.91552e-6 -0.481082 -0.8766757 1.5195e-5 -0.258822 -0.9659251 2.83945e-5 -0.2482852 -0.9686871 1.13067e-5 0 -1 2.83977e-5 0.2482853 -0.9686871 -3.42103e-5 0.2588121 -0.9659277 -4.98071e-6 0.4810819 -0.8766757 -3.70517e-5 0.4999971 -0.8660271 3.41306e-5 0.6836999 -0.7297633 -1.43624e-5 0.7071062 -0.7071075 1.57692e-5 0.8435023 -0.5371257 1.40267e-5 0.8660255 -0.5 7.49854e-6 0.9504551 -0.310862 -2.5786e-7 0.9504651 -0.3108313 1.3913e-5 0.9659261 -0.2588179 4.24143e-5 0.9944539 -0.1051744 -2.62046e-5 1 -6.07823e-7 4.23766e-5 0.9944539 0.1051746 1.39326e-5 0.9659262 0.2588181 -2.52738e-7 0.9504652 0.3108313 1.40211e-5 0.8660256 0.4999999 7.48646e-6 0.9504551 0.310862 1.56779e-5 0.8435021 0.537126 -1.43666e-5 0.7071062 0.7071074 3.41963e-5 0.6837 0.7297632 -3.70569e-5 0.4999973 0.866027 -4.91552e-6 0.481082 0.8766757 1.5195e-5 0.258822 0.9659251 2.83945e-5 0.2482852 0.9686871 1.13067e-5 0 1 2.83977e-5 -0.2482853 0.9686871 -3.42103e-5 -0.2588121 0.9659277 -4.98071e-6 -0.4810819 0.8766757 -3.70517e-5 -0.4999971 0.8660271 3.41306e-5 -0.6836999 0.7297633 -1.43624e-5 -0.7071062 0.7071075 1.57692e-5 -0.8435023 0.5371257 -1 -2.02013e-7 0 -1 0 0 -1 -1.61359e-7 0 -1 1.61359e-7 0 -1 0 0 -1 1.92256e-7 0 -1 0 0 -1 2.02013e-7 0 -1 0 0 -1 0 0 -1 -1.92256e-7 0 -1 0 0 1 3.1516e-5 -2.33948e-6 0.965925 0.2561877 0.03683501 1 2.09212e-5 -8.28505e-6 0.9659305 0.2588015 -3.90888e-7 0.9659253 0.256187 -0.03683459 0.8660365 0.4999808 4.75557e-7 0.8660377 0.4948896 -0.07115507 0.7071068 0.7071069 1.38098e-7 0.7071403 0.6998761 -0.1006283 0.5000314 0.8660072 1.24128e-7 0.5000283 0.8571943 -0.1232469 0.2588827 0.9659088 0 0.2587452 0.9561136 -0.1374691 0 1 0 0 0.9898215 -0.1423152 -0.2588827 0.9659088 0 -0.2587912 0.9561014 -0.1374674 -0.5000315 0.8660072 1.67114e-7 -0.5000286 0.8571944 -0.1232454 -0.7071068 0.7071067 -3.37197e-7 -0.7071066 0.6999097 -0.1006314 -0.8660364 0.4999812 0 -0.8660376 0.4948899 -0.07115483 -0.9659305 0.2588019 -4.76954e-7 -0.9659249 0.2561882 -0.03683531 -1 2.09063e-5 8.28505e-6 -1 3.20822e-5 2.34507e-6 0.9659319 0.2483152 0.07290619 1 3.97712e-5 8.74326e-6 0.965932 0.2354131 0.1074997 1 4.296e-5 9.39518e-6 0.9659244 0.2177354 0.1399339 1 1.37091e-5 1.43796e-6 0.9659295 0.1955984 0.1694745 1 3.52338e-5 3.43323e-5 0.9659368 0.1694947 0.1955447 1 2.40058e-5 2.75597e-5 0.9659343 0.1399526 0.2176793 1 3.80352e-6 6.37025e-6 0.9659391 0.1076573 0.2353117 1 1.61417e-5 2.40132e-5 0.9659165 0.07313287 0.2483081 1 9.20333e-6 5.42402e-6 0.9659211 0.03685379 0.2561997 1 1.24797e-5 4.45619e-5 0.9658976 0 0.2589244 1 3.09944e-6 4.5687e-5 0.9658948 -0.03696417 0.2562828 1 5.98282e-6 8.79914e-6 0.9659267 -0.07289862 0.2483373 1 -1.49384e-6 2.98023e-5 0.9659391 -0.1076568 0.2353121 1 0 8.58307e-6 0.9659343 -0.1399521 0.2176796 1 -2.04667e-5 3.01823e-5 0.9659368 -0.1694947 0.1955447 1 -3.20971e-5 3.7469e-5 0.9659296 -0.1955984 0.1694738 1 -4.4331e-6 1.45957e-5 0.9659354 -0.2177129 0.1398929 1 -3.56957e-5 2.38158e-5 0.9659323 -0.2354125 0.1074985 1 -3.84152e-5 1.30292e-5 0.9659205 -0.2483529 0.07292944 1 -2.88486e-5 1.3927e-5 0.9659252 -0.2561872 0.03683394 1 -2.09212e-5 8.28505e-6 0.9659305 -0.2588015 3.90806e-7 0.965925 -0.2561879 -0.03683435 0.8660378 -0.4948897 -0.07115459 0.8660387 -0.4797248 -0.1408594 0.7071068 -0.6784641 -0.1992148 0.7071068 -0.643207 -0.2937428 0.500031 -0.787748 -0.3597529 0.5000718 -0.7285121 -0.4681865 0.2588841 -0.8125739 -0.5222095 0.2588838 -0.729985 -0.6325355 4.00206e-7 -0.7557498 -0.6548605 1.48997e-6 -0.6548604 -0.75575 -0.25888 -0.6325363 -0.7299856 -0.258887 -0.5222091 -0.8125733 -0.5000315 -0.4681991 -0.7285315 -0.5000317 -0.3597528 -0.7877476 -0.7071076 -0.2937429 -0.6432061 -0.7071054 -0.1992154 -0.6784654 -0.8660385 -0.1408597 -0.479725 -0.8660383 -0.07115358 -0.4948889 -0.9659212 -0.03685313 -0.2561994 -0.9658121 2.87535e-7 -0.2592434 -1 3.11434e-6 -4.5687e-5 -1 1.2435e-5 -4.41223e-5 -0.9659211 0.03685384 -0.2561998 -1 9.39332e-6 -5.40167e-6 -0.9659227 0.07299274 -0.2483257 -1 1.61044e-5 -2.4505e-5 -0.9659458 0.1077291 -0.2352514 -1 4.16487e-6 -6.3777e-6 -0.9659343 0.1399523 -0.2176793 -1 2.41324e-5 -2.75895e-5 -0.9659368 0.1694945 -0.1955449 -1 3.55318e-5 -3.43174e-5 -0.9659295 0.1955987 -0.1694746 -1 1.37538e-5 -1.43796e-6 -0.9659245 0.217735 -0.1399342 -1 4.30569e-5 -9.34303e-6 -0.965932 0.2354131 -0.1074997 -1 3.96892e-5 -8.73581e-6 -0.9659201 0.248354 -0.07293021 1 -3.15458e-5 2.33948e-6 0.9659319 -0.2483152 -0.07290619 0.8660361 -0.4547993 -0.2076999 0.7071054 -0.5948573 -0.3822915 0.5000296 -0.6544855 -0.5671149 0.2588841 -0.6325355 -0.7299848 -2.1551e-6 -0.5406407 -0.8412536 -0.2588787 -0.4012535 -0.8786225 -0.5000274 -0.2439835 -0.83093 -0.7071087 -0.100632 -0.6999075 -0.8660363 2.00554e-7 -0.4999811 1 -3.97563e-5 -8.73953e-6 0.9659318 -0.2354137 -0.1074992 0.8660369 -0.4206107 -0.2703087 0.7071048 -0.5343975 -0.4630573 0.4999902 -0.5671299 -0.6545025 0.2588387 -0.522216 -0.8125841 1.35409e-6 -0.4154152 -0.909632 -0.2588368 -0.2721316 -0.9267945 -0.5000312 -0.1232456 -0.8571928 -0.7071065 -1.70301e-7 -0.7071072 -0.8660375 0.07115375 -0.4948901 1 -4.29302e-5 -9.38773e-6 0.9659244 -0.2177354 -0.1399339 0.8660364 -0.377861 -0.3274171 0.7071388 -0.4630352 -0.5343717 0.5000315 -0.4681992 -0.7285314 0.2588786 -0.4012535 -0.8786226 9.60733e-7 -0.2817323 -0.9594932 -0.258746 -0.137469 -0.9561134 -0.5000314 0 -0.8660073 -0.7071066 0.100632 -0.6999096 -0.8660381 0.1408599 -0.4797255 1 -1.36867e-5 -1.42306e-6 0.9659294 -0.1955984 -0.1694745 0.8660364 -0.327418 -0.3778603 0.7071072 -0.3822911 -0.5948556 0.5000295 -0.3597529 -0.7877489 0.2588389 -0.2721316 -0.9267938 0 -0.1423152 -0.9898215 -0.2588829 0 -0.9659088 -0.5000275 0.1232456 -0.8571949 -0.7071068 0.1992149 -0.6784641 -0.8660364 0.2076998 -0.4547986 1 -3.52338e-5 -3.43248e-5 0.9659281 -0.169491 -0.1955911 0.8660376 -0.2703085 -0.4206093 0.7071398 -0.2937293 -0.6431769 0.5000306 -0.243983 -0.8309283 0.2587912 -0.1374672 -0.9561014 0 0 -1 -0.2587461 0.1374687 -0.9561134 -0.5000303 0.2439829 -0.8309285 -0.70714 0.2937293 -0.6431766 -0.8660375 0.2703081 -0.4206098 1 -2.40058e-5 -2.7582e-5 0.9659343 -0.1399525 -0.2176792 0.8660363 -0.2077004 -0.4547987 0.7071064 -0.1992155 -0.6784643 0.5000278 -0.1232457 -0.8571947 0.2588829 0 -0.9659088 1.33502e-7 0.1423152 -0.9898215 -0.2588385 0.2721314 -0.9267941 -0.5000301 0.3597531 -0.7877485 -0.7071067 0.382291 -0.5948562 -0.8660362 0.3274177 -0.3778609 1 -3.80352e-6 -6.37025e-6 0.965929 -0.1075494 -0.2354027 0.8660381 -0.1408605 -0.4797254 0.7071405 -0.1006277 -0.699876 0.5000314 -1.59445e-7 -0.8660074 0.2587471 0.1374688 -0.9561131 -8.67759e-7 0.2817322 -0.9594931 -0.258879 0.4012532 -0.8786226 -0.5000308 0.4681993 -0.728532 -0.7071047 0.4630572 -0.5343979 -0.8660366 0.3778604 -0.3274177 1 -1.61752e-5 -2.40579e-5 0.9659226 -0.07299274 -0.2483257 0.8660375 -0.07115435 -0.49489 0.7071064 -4.22791e-7 -0.7071073 0.5000308 0.1232455 -0.857193 0.2588362 0.2721316 -0.9267946 -1.32548e-6 0.4154151 -0.909632 -0.258839 0.522216 -0.8125841 -0.4999893 0.5671303 -0.6545028 -0.7071049 0.5343976 -0.4630572 -0.866037 0.4206104 -0.2703092 1 -9.21078e-6 -5.42402e-6 0.9659211 -0.03685379 -0.2561997 0.8660364 1.4453e-7 -0.4999809 0.7071413 0.1006267 -0.6998752 0.4999858 0.2439905 -0.830953 0.258879 0.4012534 -0.8786225 2.14556e-6 0.5406407 -0.8412536 -0.2588837 0.6325356 -0.7299849 -0.4999879 0.6545036 -0.5671308 -0.7071058 0.5948569 -0.3822913 -0.8660361 0.4547991 -0.2077004 1 -1.24797e-5 -4.45619e-5 0.9658976 0 -0.2589244 0.8660381 0.07115405 -0.4948891 0.7071058 0.1992154 -0.678465 0.5000321 0.3597524 -0.7877475 0.2588411 0.5222157 -0.8125837 -1.49474e-6 0.6548603 -0.7557501 -0.2588374 0.7299942 -0.6325438 -0.5000306 0.7285319 -0.4681995 -0.7071071 0.6432064 -0.2937432 -0.8660385 0.479725 -0.1408601 1 -3.09944e-6 -4.5687e-5 0.9658948 0.03696417 -0.2562828 0.8660387 0.1408595 -0.4797248 0.7071074 0.2937426 -0.6432064 0.5000312 0.468199 -0.7285318 0.2588801 0.6325362 -0.7299857 -6.67507e-7 0.7557498 -0.6548605 -0.2588839 0.8125741 -0.5222094 -0.5000312 0.787748 -0.3597526 -0.7071068 0.6784641 -0.1992149 1 -5.97909e-6 -8.79914e-6 0.9659268 0.07289862 -0.2483373 0.8660362 0.2076998 -0.4547989 0.7071068 0.3822908 -0.5948562 0.4999868 0.567131 -0.6545041 0.258837 0.7299944 -0.6325438 9.24974e-7 0.8412537 -0.5406407 -0.2588793 0.8786224 -0.4012535 -0.4999883 0.8309516 -0.2439903 1 1.54972e-6 -2.98917e-5 0.9659358 0.1076208 -0.2353423 0.8660379 0.2703079 -0.4206094 0.7071043 0.4630576 -0.5343979 0.5000293 0.6544855 -0.567115 0.258886 0.8125736 -0.5222091 2.12172e-7 0.909632 -0.4154152 -0.2588387 0.926794 -0.2721315 1 0 -8.60542e-6 0.9659343 0.1399521 -0.2176796 0.8660365 0.327417 -0.3778609 0.7071052 0.5343973 -0.4630571 0.5000314 0.7285316 -0.4681991 0.2588791 0.8786225 -0.4012534 0 0.9594931 -0.2817325 1 2.04369e-5 -3.01749e-5 0.9659281 0.1694911 -0.1955907 0.8660367 0.37786 -0.3274177 0.7071061 0.5948565 -0.3822916 0.5000312 0.7877479 -0.359753 0.258839 0.9267939 -0.2721316 1 3.2112e-5 -3.7469e-5 0.9659295 0.1955986 -0.1694738 0.8660368 0.4206104 -0.2703093 0.7071064 0.6432071 -0.2937433 0.5000295 0.8309289 -0.2439832 1 4.44055e-6 -1.45957e-5 0.9659353 0.217713 -0.139893 0.8660361 0.4547989 -0.2077006 0.7071399 0.6784322 -0.1992061 1 3.56957e-5 -2.38158e-5 0.9659323 0.2354125 -0.1074985 0.8660387 0.4797244 -0.1408601 1 3.84152e-5 -1.30255e-5 0.9659205 0.2483529 -0.07292944 1 2.88785e-5 -1.39289e-5 -1 5.87106e-6 -8.81404e-6 -0.9659165 -0.07313233 -0.2483083 -0.8660362 -0.2076996 -0.454799 -0.7071068 -0.3822909 -0.594856 -0.499987 -0.5671309 -0.6545041 -0.2588831 -0.7299851 -0.6325356 -9.08287e-7 -0.8412538 -0.5406404 0.2588793 -0.8786224 -0.4012534 0.5000294 -0.830929 -0.2439833 0.7071399 -0.6998767 -0.1006273 0.8660365 -0.4999808 -6.12432e-7 -1 -1.37091e-6 -2.98843e-5 -0.9659357 -0.1076206 -0.2353426 -0.8660143 -0.27033 -0.4206439 -0.7071043 -0.4630578 -0.5343978 -0.5000293 -0.6544853 -0.5671153 -0.258886 -0.8125735 -0.5222092 -1.69261e-7 -0.909632 -0.4154151 0.2588847 -0.9267822 -0.2721279 0.5000284 -0.8571945 -0.1232455 0.7071067 -0.7071068 -4.11295e-7 0.8660377 -0.4948898 0.07115375 -1 0 -8.62777e-6 -0.9659342 -0.1399521 -0.2176799 -0.8660365 -0.3274173 -0.3778609 -0.7071053 -0.5343971 -0.4630571 -0.5000312 -0.7285315 -0.4681994 -0.2588793 -0.8786224 -0.4012535 0 -0.959493 -0.2817326 0.2587451 -0.9561136 -0.1374689 0.5000314 -0.8660073 1.55524e-7 0.7071404 -0.6998763 0.1006273 0.8660386 -0.4797246 0.1408596 -1 -2.06158e-5 -3.01823e-5 -0.9659367 -0.1694949 -0.1955448 -0.8660366 -0.3778601 -0.3274178 -0.7071061 -0.5948566 -0.3822914 -0.5000727 -0.7877262 -0.3597428 -0.2588389 -0.9267939 -0.2721315 0 -0.9898215 -0.1423151 0.2588827 -0.9659088 0 0.5000283 -0.8571944 0.1232457 0.7071398 -0.6784324 0.1992055 0.8660361 -0.4547992 0.2077 -1 -3.23355e-5 -3.74615e-5 -0.9659295 -0.1955986 -0.169474 -0.866037 -0.4206101 -0.2703093 -0.7071064 -0.6432072 -0.2937433 -0.4999884 -0.8309516 -0.2439903 -0.2588374 -0.9560892 -0.1374654 0 -1 0 0.2587453 -0.9561136 0.1374688 0.4999883 -0.8309518 0.2439898 0.7071064 -0.6432074 0.2937428 0.8660369 -0.4206106 0.2703087 -1 -4.4927e-6 -1.45957e-5 -0.9659353 -0.2177132 -0.1398928 -0.8660358 -0.4547994 -0.2077007 -0.70714 -0.6784319 -0.1992061 -0.5000281 -0.8571944 -0.1232459 -0.2588827 -0.9659088 -1.86712e-7 0 -0.9898215 0.1423152 0.2588391 -0.9267939 0.2721314 0.5000312 -0.7877479 0.3597528 0.7071061 -0.5948568 0.382291 0.8660368 -0.3778604 0.3274171 -1 -3.618e-5 -2.38307e-5 -0.9659322 -0.2354126 -0.1074987 -0.8660385 -0.4797248 -0.1408602 -0.7071067 -0.6999095 -0.1006326 -0.5000315 -0.8660073 0 -0.2587451 -0.9561136 0.1374688 0 -0.9594931 0.2817325 0.2588792 -0.8786225 0.4012533 0.5000728 -0.7285116 0.4681861 0.7071383 -0.5343721 0.4630355 0.8660367 -0.3274175 0.3778605 -1 -3.83034e-5 -1.30255e-5 -0.965932 -0.2483146 -0.0729053 -0.8660377 -0.4948897 -0.07115447 -0.7071068 -0.7071068 -2.28552e-7 -0.4999874 -0.8572178 0.123249 -0.2587924 -0.9268058 0.2721351 2.1694e-7 -0.909632 0.4154152 0.2588863 -0.8125734 0.5222092 0.5000289 -0.6544858 0.5671151 0.707138 -0.4630355 0.5343726 0.8660141 -0.2703307 0.4206438 -1 -2.92063e-5 -1.3927e-5 -0.9659252 -0.2561873 -0.03683406 -0.8660364 -0.4999812 0 -0.7071066 -0.6999096 0.1006323 -0.4999883 -0.8309518 0.2439896 -0.2589255 -0.8786112 0.4012482 9.2259e-7 -0.8412536 0.5406407 0.2588368 -0.7299944 0.6325438 0.4999871 -0.5671311 0.6545038 0.7071068 -0.3822912 0.5948559 0.866036 -0.2077005 0.4547991 -1 -2.09063e-5 -8.28505e-6 -0.9659305 -0.2588019 -3.72907e-7 -0.8660378 -0.4948897 0.07115405 -0.7071402 -0.6784319 0.1992056 -0.5000314 -0.7877479 0.3597525 -0.258884 -0.812574 0.5222094 -9.58349e-7 -0.7557498 0.6548605 0.2588801 -0.6325364 0.7299856 0.4999908 -0.4682118 0.7285513 0.7071071 -0.2937433 0.6432064 0.8660385 -0.1408601 0.4797248 -0.965925 -0.256188 0.03683543 -1 -3.20822e-5 -2.34507e-6 -0.9659201 -0.2483538 0.07293063 -1 -3.97786e-5 8.74326e-6 -0.9659319 -0.2354136 0.1074997 -1 -3.89218e-5 1.98632e-5 -0.965935 -0.2177137 0.1398936 -1 -1.37538e-5 1.43796e-6 -0.9659293 -0.1955987 0.1694747 -1 -3.55318e-5 3.43174e-5 -0.9659367 -0.169495 0.195545 -1 -2.41101e-5 2.75671e-5 -0.9659343 -0.1399523 0.2176795 -1 -3.8594e-6 6.3777e-6 -0.965929 -0.1075494 0.2354026 -1 -1.61678e-5 2.40132e-5 -0.9659267 -0.07289934 0.2483373 -1 -9.32999e-6 5.42402e-6 -0.9659475 -0.0367428 0.2561163 -1 -1.24574e-5 4.45619e-5 -0.9658121 -2.89437e-7 0.2592434 -1 -3.12179e-6 4.5687e-5 -0.9658948 0.03696411 0.2562829 -1 -5.85243e-6 8.81404e-6 -0.9659226 0.07299226 0.2483258 -1 1.38208e-6 2.98023e-5 -0.9659391 0.1076567 0.2353122 -1 0 8.56817e-6 -0.9659275 0.1399325 0.2177222 -1 2.05711e-5 3.01823e-5 -0.9659367 0.1694949 0.1955449 -1 3.23355e-5 3.74615e-5 -0.9659295 0.1955984 0.169474 -1 4.4927e-6 1.45957e-5 -0.9659353 0.2177132 0.1398928 -1 3.64706e-5 2.38419e-5 -0.9659321 0.235413 0.1074987 -1 3.83854e-5 1.30255e-5 -0.965932 0.2483146 0.0729053 -1 2.92212e-5 1.39289e-5 -0.9659251 0.2561874 0.03683406 0 0 1 -0.2588368 0 0.9659212 2.26476e-7 0.1423152 0.9898215 -0.2587927 0.1374673 0.956101 1.0704e-6 0.2817322 0.9594931 -0.2588365 0.2721318 0.9267945 1.17529e-6 0.4154152 0.909632 -0.2588788 0.4012539 0.8786222 -1.81657e-6 0.5406407 0.8412537 -0.2588871 0.5222092 0.812573 1.89047e-6 0.6548603 0.75575 -0.2588802 0.6325362 0.7299857 8.62991e-7 0.7557498 0.6548604 -0.2588829 0.7299852 0.6325355 -9.13055e-7 0.8412539 0.5406405 -0.2588861 0.8125735 0.5222092 -2.07404e-7 0.909632 0.4154151 -0.2588794 0.8786225 0.4012532 0 0.959493 0.2817325 -0.258885 0.9267821 0.2721281 0 0.9898215 0.1423151 -0.2587452 0.9561137 0.1374689 0.2588368 0 0.9659212 -1.57341e-7 -0.1423152 0.9898215 0.2587926 -0.137467 0.956101 -8.4392e-7 -0.2817322 0.9594931 0.2588365 -0.2721317 0.9267946 -1.12999e-6 -0.4154151 0.909632 0.2588788 -0.401254 0.8786222 1.86425e-6 -0.5406408 0.8412536 0.2588871 -0.5222091 0.8125732 -1.84756e-6 -0.6548603 0.7557501 0.2587459 0.1374687 0.9561135 0.2588385 0.2721315 0.9267941 0.50003 0.2439832 0.8309285 0.5000299 0.3597531 0.7877486 0.7071063 0.2937434 0.6432073 0.7071066 0.3822907 0.5948563 0.8660377 0.2703083 0.4206094 0.8660363 0.3274177 0.3778609 -0.2587459 -0.1374687 0.9561135 -0.2588845 -0.2721279 0.9267823 -0.4999889 -0.2439898 0.8309514 -0.5000294 -0.3597532 0.7877489 -0.7071063 -0.2937432 0.6432073 -0.7071072 -0.3822906 0.5948558 -0.8660141 -0.2703306 0.4206438 -0.8660365 -0.3274174 0.3778606 0.2589251 0.4012481 0.8786113 0.4999894 0.4682122 0.7285521 0.7071046 0.4630572 0.534398 0.8660365 0.3778606 0.3274175 0.2588849 0.5222094 0.8125737 0.5000307 0.5671145 0.654485 0.7071049 0.5343976 0.4630573 0.8660371 0.4206103 0.2703092 0.2588838 0.6325355 0.729985 0.4999879 0.6545036 0.5671308 0.7071058 0.5948567 0.3822919 0.8660361 0.4547991 0.2077004 0.2588834 0.7299849 0.6325358 0.5000717 0.728512 0.4681866 0.7071071 0.6432065 0.2937432 0.8660386 0.4797245 0.14086 0.2588839 0.812574 0.5222095 0.5000724 0.7877264 0.3597427 0.7071403 0.6784318 0.1992055 0.8660377 0.4948897 0.07115375 0.2588793 0.8786224 0.4012534 0.5000294 0.830929 0.2439833 0.7071399 0.6998767 0.1006273 0.2588847 0.9267822 0.2721279 0.5000284 0.8571945 0.1232455 0.2587451 0.9561136 0.1374689 -0.2588835 -0.7299849 0.6325358 -0.5000305 -0.728532 0.4681993 -0.7071072 -0.6432064 0.2937431 -0.8660385 -0.4797251 0.1408596 -0.2588837 -0.6325356 0.729985 -0.4999879 -0.6545034 0.5671309 -0.7071058 -0.594857 0.3822912 -0.8660361 -0.4547993 0.2077 -0.2588389 -0.522216 0.8125841 -0.4999893 -0.56713 0.6545031 -0.7071049 -0.5343976 0.4630572 -0.866037 -0.4206101 0.2703096 -0.2588781 -0.4012535 0.8786227 -0.5000314 -0.4681992 0.7285315 -0.7071052 -0.4630569 0.5343975 -0.8660365 -0.3778607 0.3274173 0.8660364 -6.25092e-7 0.4999809 0.8660378 0.07115495 0.4948896 0.8660383 0.140861 0.4797248 0.8660365 0.2077001 0.4547985 0.7071065 0 0.7071072 0.7071406 0.1006282 0.6998759 0.7071066 0.199216 0.678464 0.8660382 -0.07115405 0.4948889 0.5000726 -2.36527e-7 0.8659836 0.5000277 0.1232468 0.8571946 0.7071083 -0.1006315 0.699908 0.7071055 -0.1992154 0.6784653 0.5000308 -0.1232455 0.8571929 0.5000272 -0.2439837 0.8309301 0.5000318 -0.3597525 0.7877477 -0.8660363 6.80913e-7 0.4999811 -0.8660376 -0.07115501 0.4948897 -0.8660383 -0.1408611 0.4797248 -0.8660363 -0.2077001 0.4547988 -0.7071065 0 0.7071072 -0.7071406 -0.1006283 0.6998758 -0.7071066 -0.1992159 0.678464 -0.8660382 0.07115399 0.494889 -0.8660384 0.1408597 0.479725 -0.8660361 0.2076997 0.4547992 -0.8660379 0.2703078 0.4206092 -0.8660365 0.3274171 0.3778609 -0.8660366 0.3778601 0.3274177 -0.866037 0.4206103 0.2703093 -0.8660358 0.4547994 0.2077006 -0.8660386 0.4797246 0.1408602 -0.8660376 0.49489 0.07115453 -0.5000314 2.50759e-7 0.8660073 -0.500069 -0.1232435 0.8571711 -0.7071083 0.1006316 0.699908 -0.7071055 0.1992149 0.6784654 -0.7071074 0.2937424 0.6432065 -0.7071074 0.3822906 0.5948556 -0.7071383 0.4630355 0.5343722 -0.7071052 0.5343971 0.4630572 -0.707106 0.5948566 0.3822914 -0.7071063 0.6432073 0.2937433 -0.7071401 0.6784319 0.1992061 -0.7071066 0.6999095 0.1006326 -0.5000309 0.1232455 0.857193 -0.4999859 0.2439902 0.8309531 -0.5000731 0.3597422 0.7877261 -0.4999905 0.468212 0.7285515 -0.4999876 0.5671308 0.6545038 -0.5000292 0.6544853 0.5671154 -0.5000313 0.7285317 0.468199 -0.5000315 0.7877478 0.3597526 -0.4999884 0.8309516 0.2439903 -0.5000281 0.8571944 0.1232459 0 0.9888309 0.1490418 0 0.9888305 0.1490446 0 1 -1.36514e-6 0 1 1.36514e-6 0 0.9888305 -0.1490445 0 0.988831 -0.1490416 0 0.9555723 -0.294757 0 0.9555732 -0.294754 0 0.9009683 -0.433885 0 0.9009697 -0.4338821 0 0.8262381 -0.5633211 0 0.8262398 -0.5633185 0 0.733051 -0.6801737 0 0.733053 -0.6801717 0 0.623489 -0.7818321 0 0.6234913 -0.7818304 0 0.4999987 -0.8660262 0 0.5000013 -0.8660247 0 0.3653399 -0.9308742 0 0.3653426 -0.9308732 0 0.2225193 -0.9749283 0 0.2225221 -0.9749277 0 0.07472807 -0.997204 0 0.07473099 -0.9972038 0 -0.07473099 -0.9972038 0 -0.07472807 -0.997204 0 -0.2225223 -0.9749277 0 -0.2225195 -0.9749283 0 -0.3653426 -0.9308732 0 -0.3653398 -0.9308743 0 -0.4999988 -0.8660262 0 -0.6234913 -0.7818304 0 -0.623489 -0.7818322 0 -0.7330529 -0.6801717 0 -0.7330509 -0.6801738 0 -0.82624 -0.5633184 0 -0.8262382 -0.563321 0 -0.9009696 -0.4338825 0 -0.9009682 -0.4338853 0 -0.9555733 -0.2947537 0 -0.9555723 -0.2947567 0 -0.9888309 -0.1490418 0 -0.9888305 -0.1490446 0 -1 1.36514e-6 0 -1 -1.36514e-6 0 -0.9888305 0.1490445 0 -0.988831 0.1490416 0 -0.9555723 0.294757 0 -0.9555732 0.294754 0 -0.9009683 0.433885 0 -0.9009697 0.4338821 0 -0.8262381 0.5633211 0 -0.8262398 0.5633185 0 -0.733051 0.6801737 0 -0.733053 0.6801717 0 -0.623489 0.7818321 0 -0.6234913 0.7818304 0 -0.4999987 0.8660262 0 -0.5000013 0.8660247 0 -0.3653399 0.9308742 0 -0.3653426 0.9308732 0 -0.2225193 0.9749283 0 -0.2225221 0.9749277 0 -0.07472807 0.997204 0 -0.07473099 0.9972038 0 0.07473099 0.9972038 0 0.07472807 0.997204 0 0.2225223 0.9749277 0 0.2225195 0.9749283 0 0.3653426 0.9308732 0 0.3653398 0.9308743 0 0.4999988 0.8660262 0 0.6234913 0.7818304 0 0.623489 0.7818322 0 0.7330529 0.6801717 0 0.7330509 0.6801738 0 0.82624 0.5633184 0 0.8262382 0.563321 0 0.9009696 0.4338825 0 0.9009682 0.4338853 0 0.9555733 0.2947537 0 0.9555723 0.2947567 1 0 0 1 0 0 1 0 0 1 0 0 1 -1.62395e-7 0 1 0 0 1 0 0 1 0 0 1 0 0 1 0 0 1 0 0 1 0 0 1 0 0 1 0 0 1 0 0 1 0 0 1 1.61887e-7 0 1 0 0 1 1.54967e-7 0 1 0 0 1 0 0 1 2.01066e-7 0 1 0 0 -8.68924e-6 0.9994744 -0.03241848 -1.1377e-5 1 9.12758e-7 1.92523e-5 0.9952712 -0.097135 -3.45018e-5 0.9888293 -0.1490527 -3.41795e-6 0.9702237 -0.2422108 -1.78237e-5 0.9555712 -0.2947606 1.7155e-5 0.9241506 -0.3820284 1.40872e-5 0.9009708 -0.4338798 2.60267e-5 0.8580488 -0.5135682 1.24909e-5 0.8262405 -0.5633174 1.41058e-5 0.7733488 -0.6339808 -2.4531e-5 0.7330479 -0.680177 2.74275e-5 0.671889 -0.740652 4.13694e-6 0.6234896 -0.7818318 1.98036e-5 0.5558667 -0.8312715 6.49318e-6 0.4999994 -0.8660258 -1.18557e-5 0.4277957 -0.9038756 -1.52867e-5 0.365338 -0.930875 3.12626e-5 0.2904562 -0.9568883 -1.50893e-5 0.2225182 -0.9749286 -2.37301e-6 0.1468174 -0.9891636 9.57027e-6 0.0747295 -0.997204 -1.22674e-5 -1.17799e-6 -1 9.57213e-6 -0.07472938 -0.9972039 -2.44379e-6 -0.1468196 -0.9891633 -1.51005e-5 -0.2225184 -0.9749285 3.12962e-5 -0.2904559 -0.9568885 -1.52625e-5 -0.3653378 -0.930875 -1.20606e-5 -0.4277958 -0.9038754 5.59725e-6 -0.4999991 -0.866026 1.94628e-5 -0.5558674 -0.8312711 4.13507e-6 -0.6234896 -0.7818317 2.75429e-5 -0.6718888 -0.740652 -2.40691e-5 -0.733048 -0.680177 1.43498e-5 -0.7733484 -0.6339812 1.24276e-5 -0.8262408 -0.5633171 2.61031e-5 -0.8580486 -0.5135685 1.41766e-5 -0.9009706 -0.43388 1.64546e-5 -0.9241516 -0.382026 -1.78143e-5 -0.9555712 -0.2947603 -3.28943e-6 -0.9702237 -0.2422111 -3.45726e-5 -0.9888293 -0.1490526 1.92672e-5 -0.9952712 -0.09713512 -1.1377e-5 -1 -9.12758e-7 -8.81031e-6 -0.9994744 -0.03241872 -8.68924e-6 -0.9994744 0.03241848 1.92523e-5 -0.9952712 0.097135 -3.45018e-5 -0.9888293 0.1490527 -3.41795e-6 -0.9702237 0.2422108 -1.78237e-5 -0.9555712 0.2947606 1.7155e-5 -0.9241506 0.3820284 1.40872e-5 -0.9009708 0.4338798 2.60267e-5 -0.8580488 0.5135682 1.24909e-5 -0.8262405 0.5633174 1.41058e-5 -0.7733488 0.6339808 -2.4531e-5 -0.7330479 0.680177 2.74275e-5 -0.671889 0.740652 4.13694e-6 -0.6234896 0.7818318 1.98036e-5 -0.5558667 0.8312715 6.49318e-6 -0.4999994 0.8660258 -1.18557e-5 -0.4277957 0.9038756 -1.52867e-5 -0.365338 0.930875 3.12626e-5 -0.2904562 0.9568883 -1.50893e-5 -0.2225182 0.9749286 -2.37301e-6 -0.1468174 0.9891636 9.57027e-6 -0.0747295 0.997204 -1.22674e-5 1.17799e-6 1 9.57213e-6 0.07472938 0.9972039 -2.44379e-6 0.1468196 0.9891633 -1.51005e-5 0.2225184 0.9749285 3.12962e-5 0.2904559 0.9568885 -1.52625e-5 0.3653378 0.930875 -1.20606e-5 0.4277958 0.9038754 5.59725e-6 0.4999991 0.866026 1.94628e-5 0.5558674 0.8312711 4.13507e-6 0.6234896 0.7818317 2.75429e-5 0.6718888 0.740652 -2.40691e-5 0.733048 0.680177 1.43498e-5 0.7733484 0.6339812 1.24276e-5 0.8262408 0.5633171 2.61031e-5 0.8580486 0.5135685 1.41766e-5 0.9009706 0.43388 1.64546e-5 0.9241516 0.382026 -1.78143e-5 0.9555712 0.2947603 -3.28943e-6 0.9702237 0.2422111 -3.45726e-5 0.9888293 0.1490526 1.92672e-5 0.9952712 0.09713512 -8.81031e-6 0.9994744 0.03241872</float_array>
          <technique_common>
            <accessor source="#whee_003-mesh-normals-array" count="1892" stride="3">
              <param name="X" type="float"/>
              <param name="Y" type="float"/>
              <param name="Z" type="float"/>
            </accessor>
          </technique_common>
        </source>
        <source id="whee_003-mesh-map-0">
          <float_array id="whee_003-mesh-map-0-array" count="21216">1.099557 13.66593 1.007928 13.66593 1.099557 13.01517 1.099557 13.01517 1.007928 13.66593 1.007928 13.01517 1.099557 13.01517 1.007928 13.01517 1.099557 12.36441 1.099557 12.36441 1.007928 13.01517 1.007928 12.36441 1.099557 12.36441 1.007928 12.36441 1.099557 11.71365 1.099557 11.71365 1.007928 12.36441 1.007928 11.71365 1.099557 11.71365 1.007928 11.71365 1.099557 11.06289 1.099557 11.06289 1.007928 11.71365 1.007928 11.06289 1.099557 11.06289 1.007928 11.06289 1.099557 10.41214 1.099557 10.41214 1.007928 11.06289 1.007928 10.41214 1.099557 10.41214 1.007928 10.41214 1.099557 9.761378 1.099557 9.761378 1.007928 10.41214 1.007928 9.761378 1.099557 9.761378 1.007928 9.761378 1.099557 9.110619 1.099557 9.110619 1.007928 9.761378 1.007928 9.110619 1.099557 9.110619 1.007928 9.110619 1.099557 8.45986 1.099557 8.45986 1.007928 9.110619 1.007928 8.45986 1.099557 8.45986 1.007928 8.45986 1.099557 7.809102 1.099557 7.809102 1.007928 8.45986 1.007928 7.809102 1.099557 7.809102 1.007928 7.809102 1.099557 7.158343 1.099557 7.158343 1.007928 7.809102 1.007928 7.158343 1.099557 7.158343 1.007928 7.158343 1.099557 6.507585 1.099557 6.507585 1.007928 7.158343 1.007928 6.507585 1.099557 6.507585 1.007928 6.507585 1.099557 5.856826 1.099557 5.856826 1.007928 6.507585 1.007928 5.856826 1.099557 5.856826 1.007928 5.856826 1.099557 5.206068 1.099557 5.206068 1.007928 5.856826 1.007928 5.206068 1.099557 5.206068 1.007928 5.206068 1.099557 4.555309 1.099557 4.555309 1.007928 5.206068 1.007928 4.555309 1.099557 4.555309 1.007928 4.555309 1.099557 3.904551 1.099557 3.904551 1.007928 4.555309 1.007928 3.904551 1.099557 3.904551 1.007928 3.904551 1.099557 3.253792 1.099557 3.253792 1.007928 3.904551 1.007928 3.253792 1.099557 3.253792 1.007928 3.253792 1.099557 2.603034 1.099557 2.603034 1.007928 3.253792 1.007928 2.603034 1.099557 2.603034 1.007928 2.603034 1.099557 1.952275 1.099557 1.952275 1.007928 2.603034 1.007928 1.952275 1.099557 1.952275 1.007928 1.952275 1.099557 1.301517 1.099557 1.301517 1.007928 1.952275 1.007928 1.301517 1.099557 1.301517 1.007928 1.301517 1.099557 0.650758 1.099557 0.650758 1.007928 1.301517 1.007928 0.650758 1.099557 0.650758 1.007928 0.650758 1.099557 0 1.099557 0 1.007928 0.650758 1.007928 0 1.099557 0 1.007928 0 1.099557 -0.650758 1.099557 -0.650758 1.007928 0 1.007928 -0.650758 1.099557 -0.650758 1.007928 -0.650758 1.099557 -1.301517 1.099557 -1.301517 1.007928 -0.650758 1.007928 -1.301517 1.099557 -1.301517 1.007928 -1.301517 1.099557 -1.952275 1.099557 -1.952275 1.007928 -1.301517 1.007928 -1.952275 1.099557 -1.952275 1.007928 -1.952275 1.099557 -2.603034 1.099557 -2.603034 1.007928 -1.952275 1.007928 -2.603034 1.099557 -2.603034 1.007928 -2.603034 1.099557 -3.253792 1.099557 -3.253792 1.007928 -2.603034 1.007928 -3.253792 1.099557 -3.253792 1.007928 -3.253792 1.099557 -3.904551 1.099557 -3.904551 1.007928 -3.253792 1.007928 -3.904551 1.099557 -3.904551 1.007928 -3.904551 1.099557 -4.555309 1.099557 -4.555309 1.007928 -3.904551 1.007928 -4.555309 1.099557 -4.555309 1.007928 -4.555309 1.099557 -5.206068 1.099557 -5.206068 1.007928 -4.555309 1.007928 -5.206068 1.099557 -5.206068 1.007928 -5.206068 1.099557 -5.856826 1.099557 -5.856826 1.007928 -5.206068 1.007928 -5.856826 1.099557 -5.856826 1.007928 -5.856826 1.099557 -6.507585 1.099557 -6.507585 1.007928 -5.856826 1.007928 -6.507585 1.099557 -6.507585 1.007928 -6.507585 1.099557 -7.158343 1.099557 -7.158343 1.007928 -6.507585 1.007928 -7.158343 1.099557 -7.158343 1.007928 -7.158343 1.099557 -7.809102 1.099557 -7.809102 1.007928 -7.158343 1.007928 -7.809102 1.099557 -7.809102 1.007928 -7.809102 1.099557 -8.45986 1.099557 -8.45986 1.007928 -7.809102 1.007928 -8.45986 1.099557 -8.45986 1.007928 -8.45986 1.099557 -9.110619 1.099557 -9.110619 1.007928 -8.45986 1.007928 -9.110619 1.099557 -9.110619 1.007928 -9.110619 1.099557 -9.761378 1.099557 -9.761378 1.007928 -9.110619 1.007928 -9.761378 1.099557 -9.761378 1.007928 -9.761378 1.099557 -10.41214 1.099557 -10.41214 1.007928 -9.761378 1.007928 -10.41214 1.099557 -10.41214 1.007928 -10.41214 1.099557 -11.06289 1.099557 -11.06289 1.007928 -10.41214 1.007928 -11.06289 1.099557 -11.06289 1.007928 -11.06289 1.099557 -11.71365 1.099557 -11.71365 1.007928 -11.06289 1.007928 -11.71365 1.099557 -11.71365 1.007928 -11.71365 1.099557 -12.36441 1.099557 -12.36441 1.007928 -11.71365 1.007928 -12.36441 1.099557 -12.36441 1.007928 -12.36441 1.099557 -13.01517 1.099557 -13.01517 1.007928 -12.36441 1.007928 -13.01517 1.099557 -13.01517 1.007928 -13.01517 1.099557 -13.66593 1.099557 -13.66593 1.007928 -13.01517 1.007928 -13.66593 -1.099557 -13.66593 -1.007928 -13.66593 -1.099557 -13.01517 -1.099557 -13.01517 -1.007928 -13.66593 -1.007928 -13.01517 -1.099557 -13.01517 -1.007928 -13.01517 -1.099557 -12.36441 -1.099557 -12.36441 -1.007928 -13.01517 -1.007928 -12.36441 -1.099557 -12.36441 -1.007928 -12.36441 -1.099557 -11.71365 -1.099557 -11.71365 -1.007928 -12.36441 -1.007928 -11.71365 -1.099557 -11.71365 -1.007928 -11.71365 -1.099557 -11.06289 -1.099557 -11.06289 -1.007928 -11.71365 -1.007928 -11.06289 -1.099557 -11.06289 -1.007928 -11.06289 -1.099557 -10.41214 -1.099557 -10.41214 -1.007928 -11.06289 -1.007928 -10.41214 -1.099557 -10.41214 -1.007928 -10.41214 -1.099557 -9.761378 -1.099557 -9.761378 -1.007928 -10.41214 -1.007928 -9.761378 -1.099557 -9.761378 -1.007928 -9.761378 -1.099557 -9.110619 -1.099557 -9.110619 -1.007928 -9.761378 -1.007928 -9.110619 -1.099557 -9.110619 -1.007928 -9.110619 -1.099557 -8.45986 -1.099557 -8.45986 -1.007928 -9.110619 -1.007928 -8.45986 -1.099557 -8.45986 -1.007928 -8.45986 -1.099557 -7.809102 -1.099557 -7.809102 -1.007928 -8.45986 -1.007928 -7.809102 -1.099557 -7.809102 -1.007928 -7.809102 -1.099557 -7.158343 -1.099557 -7.158343 -1.007928 -7.809102 -1.007928 -7.158343 -1.099557 -7.158343 -1.007928 -7.158343 -1.099557 -6.507585 -1.099557 -6.507585 -1.007928 -7.158343 -1.007928 -6.507585 -1.099557 -6.507585 -1.007928 -6.507585 -1.099557 -5.856826 -1.099557 -5.856826 -1.007928 -6.507585 -1.007928 -5.856826 -1.099557 -5.856826 -1.007928 -5.856826 -1.099557 -5.206068 -1.099557 -5.206068 -1.007928 -5.856826 -1.007928 -5.206068 -1.099557 -5.206068 -1.007928 -5.206068 -1.099557 -4.555309 -1.099557 -4.555309 -1.007928 -5.206068 -1.007928 -4.555309 -1.099557 -4.555309 -1.007928 -4.555309 -1.099557 -3.904551 -1.099557 -3.904551 -1.007928 -4.555309 -1.007928 -3.904551 -1.099557 -3.904551 -1.007928 -3.904551 -1.099557 -3.253792 -1.099557 -3.253792 -1.007928 -3.904551 -1.007928 -3.253792 -1.099557 -3.253792 -1.007928 -3.253792 -1.099557 -2.603034 -1.099557 -2.603034 -1.007928 -3.253792 -1.007928 -2.603034 -1.099557 -2.603034 -1.007928 -2.603034 -1.099557 -1.952275 -1.099557 -1.952275 -1.007928 -2.603034 -1.007928 -1.952275 -1.099557 -1.952275 -1.007928 -1.952275 -1.099557 -1.301517 -1.099557 -1.301517 -1.007928 -1.952275 -1.007928 -1.301517 -1.099557 -1.301517 -1.007928 -1.301517 -1.099557 -0.650758 -1.099557 -0.650758 -1.007928 -1.301517 -1.007928 -0.650758 -1.099557 -0.650758 -1.007928 -0.650758 -1.099557 0 -1.099557 0 -1.007928 -0.650758 -1.007928 0 -1.099557 0 -1.007928 0 -1.099557 0.650758 -1.099557 0.650758 -1.007928 0 -1.007928 0.650758 -1.099557 0.650758 -1.007928 0.650758 -1.099557 1.301517 -1.099557 1.301517 -1.007928 0.650758 -1.007928 1.301517 -1.099557 1.301517 -1.007928 1.301517 -1.099557 1.952275 -1.099557 1.952275 -1.007928 1.301517 -1.007928 1.952275 -1.099557 1.952275 -1.007928 1.952275 -1.099557 2.603034 -1.099557 2.603034 -1.007928 1.952275 -1.007928 2.603034 -1.099557 2.603034 -1.007928 2.603034 -1.099557 3.253792 -1.099557 3.253792 -1.007928 2.603034 -1.007928 3.253792 -1.099557 3.253792 -1.007928 3.253792 -1.099557 3.904551 -1.099557 3.904551 -1.007928 3.253792 -1.007928 3.904551 -1.099557 3.904551 -1.007928 3.904551 -1.099557 4.555309 -1.099557 4.555309 -1.007928 3.904551 -1.007928 4.555309 -1.099557 4.555309 -1.007928 4.555309 -1.099557 5.206068 -1.099557 5.206068 -1.007928 4.555309 -1.007928 5.206068 -1.099557 5.206068 -1.007928 5.206068 -1.099557 5.856826 -1.099557 5.856826 -1.007928 5.206068 -1.007928 5.856826 -1.099557 5.856826 -1.007928 5.856826 -1.099557 6.507585 -1.099557 6.507585 -1.007928 5.856826 -1.007928 6.507585 -1.099557 6.507585 -1.007928 6.507585 -1.099557 7.158343 -1.099557 7.158343 -1.007928 6.507585 -1.007928 7.158343 -1.099557 7.158343 -1.007928 7.158343 -1.099557 7.809102 -1.099557 7.809102 -1.007928 7.158343 -1.007928 7.809102 -1.099557 7.809102 -1.007928 7.809102 -1.099557 8.45986 -1.099557 8.45986 -1.007928 7.809102 -1.007928 8.45986 -1.099557 8.45986 -1.007928 8.45986 -1.099557 9.110619 -1.099557 9.110619 -1.007928 8.45986 -1.007928 9.110619 -1.099557 9.110619 -1.007928 9.110619 -1.099557 9.761378 -1.099557 9.761378 -1.007928 9.110619 -1.007928 9.761378 -1.099557 9.761378 -1.007928 9.761378 -1.099557 10.41214 -1.099557 10.41214 -1.007928 9.761378 -1.007928 10.41214 -1.099557 10.41214 -1.007928 10.41214 -1.099557 11.06289 -1.099557 11.06289 -1.007928 10.41214 -1.007928 11.06289 -1.099557 11.06289 -1.007928 11.06289 -1.099557 11.71365 -1.099557 11.71365 -1.007928 11.06289 -1.007928 11.71365 -1.099557 11.71365 -1.007928 11.71365 -1.099557 12.36441 -1.099557 12.36441 -1.007928 11.71365 -1.007928 12.36441 -1.099557 12.36441 -1.007928 12.36441 -1.099557 13.01517 -1.099557 13.01517 -1.007928 12.36441 -1.007928 13.01517 -1.099557 13.01517 -1.007928 13.01517 -1.099557 13.66593 -1.099557 13.66593 -1.007928 13.01517 -1.007928 13.66593 0.733038 13.66593 0.641408 13.66593 0.733038 13.01517 0.733038 13.01517 0.641408 13.66593 0.641408 13.01517 0.733038 13.01517 0.641408 13.01517 0.733038 12.36441 0.733038 12.36441 0.641408 13.01517 0.641408 12.36441 0.733038 12.36441 0.641408 12.36441 0.733038 11.71365 0.733038 11.71365 0.641408 12.36441 0.641408 11.71365 0.733038 11.71365 0.641408 11.71365 0.733038 11.06289 0.733038 11.06289 0.641408 11.71365 0.641408 11.06289 0.733038 11.06289 0.641408 11.06289 0.733038 10.41214 0.733038 10.41214 0.641408 11.06289 0.641408 10.41214 0.733038 10.41214 0.641408 10.41214 0.733038 9.761378 0.733038 9.761378 0.641408 10.41214 0.641408 9.761378 0.733038 9.761378 0.641408 9.761378 0.733038 9.110619 0.733038 9.110619 0.641408 9.761378 0.641408 9.110619 0.733038 9.110619 0.641408 9.110619 0.733038 8.45986 0.733038 8.45986 0.641408 9.110619 0.641408 8.45986 0.733038 8.45986 0.641408 8.45986 0.733038 7.809102 0.733038 7.809102 0.641408 8.45986 0.641408 7.809102 0.733038 7.809102 0.641408 7.809102 0.733038 7.158343 0.733038 7.158343 0.641408 7.809102 0.641408 7.158343 0.733038 7.158343 0.641408 7.158343 0.733038 6.507585 0.733038 6.507585 0.641408 7.158343 0.641408 6.507585 0.733038 6.507585 0.641408 6.507585 0.733038 5.856826 0.733038 5.856826 0.641408 6.507585 0.641408 5.856826 0.733038 5.856826 0.641408 5.856826 0.733038 5.206068 0.733038 5.206068 0.641408 5.856826 0.641408 5.206068 0.733038 5.206068 0.641408 5.206068 0.733038 4.555309 0.733038 4.555309 0.641408 5.206068 0.641408 4.555309 0.733038 4.555309 0.641408 4.555309 0.733038 3.904551 0.733038 3.904551 0.641408 4.555309 0.641408 3.904551 0.733038 3.904551 0.641408 3.904551 0.733038 3.253792 0.733038 3.253792 0.641408 3.904551 0.641408 3.253792 0.733038 3.253792 0.641408 3.253792 0.733038 2.603034 0.733038 2.603034 0.641408 3.253792 0.641408 2.603034 0.733038 2.603034 0.641408 2.603034 0.733038 1.952275 0.733038 1.952275 0.641408 2.603034 0.641408 1.952275 0.733038 1.952275 0.641408 1.952275 0.733038 1.301517 0.733038 1.301517 0.641408 1.952275 0.641408 1.301517 0.733038 1.301517 0.641408 1.301517 0.733038 0.650758 0.733038 0.650758 0.641408 1.301517 0.641408 0.650758 0.733038 0.650758 0.641408 0.650758 0.733038 0 0.733038 0 0.641408 0.650758 0.641408 0 0.733038 0 0.641408 0 0.733038 -0.650758 0.733038 -0.650758 0.641408 0 0.641408 -0.650758 0.733038 -0.650758 0.641408 -0.650758 0.733038 -1.301517 0.733038 -1.301517 0.641408 -0.650758 0.641408 -1.301517 0.733038 -1.301517 0.641408 -1.301517 0.733038 -1.952275 0.733038 -1.952275 0.641408 -1.301517 0.641408 -1.952275 0.733038 -1.952275 0.641408 -1.952275 0.733038 -2.603034 0.733038 -2.603034 0.641408 -1.952275 0.641408 -2.603034 0.733038 -2.603034 0.641408 -2.603034 0.733038 -3.253792 0.733038 -3.253792 0.641408 -2.603034 0.641408 -3.253792 0.733038 -3.253792 0.641408 -3.253792 0.733038 -3.904551 0.733038 -3.904551 0.641408 -3.253792 0.641408 -3.904551 0.733038 -3.904551 0.641408 -3.904551 0.733038 -4.555309 0.733038 -4.555309 0.641408 -3.904551 0.641408 -4.555309 0.733038 -4.555309 0.641408 -4.555309 0.733038 -5.206068 0.733038 -5.206068 0.641408 -4.555309 0.641408 -5.206068 0.733038 -5.206068 0.641408 -5.206068 0.733038 -5.856826 0.733038 -5.856826 0.641408 -5.206068 0.641408 -5.856826 0.733038 -5.856826 0.641408 -5.856826 0.733038 -6.507585 0.733038 -6.507585 0.641408 -5.856826 0.641408 -6.507585 0.733038 -6.507585 0.641408 -6.507585 0.733038 -7.158343 0.733038 -7.158343 0.641408 -6.507585 0.641408 -7.158343 0.733038 -7.158343 0.641408 -7.158343 0.733038 -7.809102 0.733038 -7.809102 0.641408 -7.158343 0.641408 -7.809102 0.733038 -7.809102 0.641408 -7.809102 0.733038 -8.45986 0.733038 -8.45986 0.641408 -7.809102 0.641408 -8.45986 0.733038 -8.45986 0.641408 -8.45986 0.733038 -9.110619 0.733038 -9.110619 0.641408 -8.45986 0.641408 -9.110619 0.733038 -9.110619 0.641408 -9.110619 0.733038 -9.761378 0.733038 -9.761378 0.641408 -9.110619 0.641408 -9.761378 0.733038 -9.761378 0.641408 -9.761378 0.733038 -10.41214 0.733038 -10.41214 0.641408 -9.761378 0.641408 -10.41214 0.733038 -10.41214 0.641408 -10.41214 0.733038 -11.06289 0.733038 -11.06289 0.641408 -10.41214 0.641408 -11.06289 0.733038 -11.06289 0.641408 -11.06289 0.733038 -11.71365 0.733038 -11.71365 0.641408 -11.06289 0.641408 -11.71365 0.733038 -11.71365 0.641408 -11.71365 0.733038 -12.36441 0.733038 -12.36441 0.641408 -11.71365 0.641408 -12.36441 0.733038 -12.36441 0.641408 -12.36441 0.733038 -13.01517 0.733038 -13.01517 0.641408 -12.36441 0.641408 -13.01517 0.733038 -13.01517 0.641408 -13.01517 0.733038 -13.66593 0.733038 -13.66593 0.641408 -13.01517 0.641408 -13.66593 0.733038 -13.66593 0.824668 -13.66593 0.733038 -13.01517 0.733038 -13.01517 0.824668 -13.66593 0.824668 -13.01517 0.733038 -13.01517 0.824668 -13.01517 0.733038 -12.36441 0.733038 -12.36441 0.824668 -13.01517 0.824668 -12.36441 0.733038 -12.36441 0.824668 -12.36441 0.733038 -11.71365 0.733038 -11.71365 0.824668 -12.36441 0.824668 -11.71365 0.733038 -11.71365 0.824668 -11.71365 0.733038 -11.06289 0.733038 -11.06289 0.824668 -11.71365 0.824668 -11.06289 0.733038 -11.06289 0.824668 -11.06289 0.733038 -10.41214 0.733038 -10.41214 0.824668 -11.06289 0.824668 -10.41214 0.733038 -10.41214 0.824668 -10.41214 0.733038 -9.761378 0.733038 -9.761378 0.824668 -10.41214 0.824668 -9.761378 0.733038 -9.761378 0.824668 -9.761378 0.733038 -9.110619 0.733038 -9.110619 0.824668 -9.761378 0.824668 -9.110619 0.733038 -9.110619 0.824668 -9.110619 0.733038 -8.45986 0.733038 -8.45986 0.824668 -9.110619 0.824668 -8.45986 0.733038 -8.45986 0.824668 -8.45986 0.733038 -7.809102 0.733038 -7.809102 0.824668 -8.45986 0.824668 -7.809102 0.733038 -7.809102 0.824668 -7.809102 0.733038 -7.158343 0.733038 -7.158343 0.824668 -7.809102 0.824668 -7.158343 0.733038 -7.158343 0.824668 -7.158343 0.733038 -6.507585 0.733038 -6.507585 0.824668 -7.158343 0.824668 -6.507585 0.733038 -6.507585 0.824668 -6.507585 0.733038 -5.856826 0.733038 -5.856826 0.824668 -6.507585 0.824668 -5.856826 0.733038 -5.856826 0.824668 -5.856826 0.733038 -5.206068 0.733038 -5.206068 0.824668 -5.856826 0.824668 -5.206068 0.733038 -5.206068 0.824668 -5.206068 0.733038 -4.555309 0.733038 -4.555309 0.824668 -5.206068 0.824668 -4.555309 0.733038 -4.555309 0.824668 -4.555309 0.733038 -3.904551 0.733038 -3.904551 0.824668 -4.555309 0.824668 -3.904551 0.733038 -3.904551 0.824668 -3.904551 0.733038 -3.253792 0.733038 -3.253792 0.824668 -3.904551 0.824668 -3.253792 0.733038 -3.253792 0.824668 -3.253792 0.733038 -2.603034 0.733038 -2.603034 0.824668 -3.253792 0.824668 -2.603034 0.733038 -2.603034 0.824668 -2.603034 0.733038 -1.952275 0.733038 -1.952275 0.824668 -2.603034 0.824668 -1.952275 0.733038 -1.952275 0.824668 -1.952275 0.733038 -1.301517 0.733038 -1.301517 0.824668 -1.952275 0.824668 -1.301517 0.733038 -1.301517 0.824668 -1.301517 0.733038 -0.650758 0.733038 -0.650758 0.824668 -1.301517 0.824668 -0.650758 0.733038 -0.650758 0.824668 -0.650758 0.733038 0 0.733038 0 0.824668 -0.650758 0.824668 0 0.733038 0 0.824668 0 0.733038 0.650758 0.733038 0.650758 0.824668 0 0.824668 0.650758 0.733038 0.650758 0.824668 0.650758 0.733038 1.301517 0.733038 1.301517 0.824668 0.650758 0.824668 1.301517 0.733038 1.301517 0.824668 1.301517 0.733038 1.952275 0.733038 1.952275 0.824668 1.301517 0.824668 1.952275 0.733038 1.952275 0.824668 1.952275 0.733038 2.603034 0.733038 2.603034 0.824668 1.952275 0.824668 2.603034 0.733038 2.603034 0.824668 2.603034 0.733038 3.253792 0.733038 3.253792 0.824668 2.603034 0.824668 3.253792 0.733038 3.253792 0.824668 3.253792 0.733038 3.904551 0.733038 3.904551 0.824668 3.253792 0.824668 3.904551 0.733038 3.904551 0.824668 3.904551 0.733038 4.555309 0.733038 4.555309 0.824668 3.904551 0.824668 4.555309 0.733038 4.555309 0.824668 4.555309 0.733038 5.206068 0.733038 5.206068 0.824668 4.555309 0.824668 5.206068 0.733038 5.206068 0.824668 5.206068 0.733038 5.856826 0.733038 5.856826 0.824668 5.206068 0.824668 5.856826 0.733038 5.856826 0.824668 5.856826 0.733038 6.507585 0.733038 6.507585 0.824668 5.856826 0.824668 6.507585 0.733038 6.507585 0.824668 6.507585 0.733038 7.158343 0.733038 7.158343 0.824668 6.507585 0.824668 7.158343 0.733038 7.158343 0.824668 7.158343 0.733038 7.809102 0.733038 7.809102 0.824668 7.158343 0.824668 7.809102 0.733038 7.809102 0.824668 7.809102 0.733038 8.45986 0.733038 8.45986 0.824668 7.809102 0.824668 8.45986 0.733038 8.45986 0.824668 8.45986 0.733038 9.110619 0.733038 9.110619 0.824668 8.45986 0.824668 9.110619 0.733038 9.110619 0.824668 9.110619 0.733038 9.761378 0.733038 9.761378 0.824668 9.110619 0.824668 9.761378 0.733038 9.761378 0.824668 9.761378 0.733038 10.41214 0.733038 10.41214 0.824668 9.761378 0.824668 10.41214 0.733038 10.41214 0.824668 10.41214 0.733038 11.06289 0.733038 11.06289 0.824668 10.41214 0.824668 11.06289 0.733038 11.06289 0.824668 11.06289 0.733038 11.71365 0.733038 11.71365 0.824668 11.06289 0.824668 11.71365 0.733038 11.71365 0.824668 11.71365 0.733038 12.36441 0.733038 12.36441 0.824668 11.71365 0.824668 12.36441 0.733038 12.36441 0.824668 12.36441 0.733038 13.01517 0.733038 13.01517 0.824668 12.36441 0.824668 13.01517 0.733038 13.01517 0.824668 13.01517 0.733038 13.66593 0.733038 13.66593 0.824668 13.01517 0.824668 13.66593 0.366519 13.66593 0.274889 13.66593 0.366519 13.01517 0.366519 13.01517 0.274889 13.66593 0.274889 13.01517 0.366519 13.01517 0.274889 13.01517 0.366519 12.36441 0.366519 12.36441 0.274889 13.01517 0.274889 12.36441 0.366519 12.36441 0.274889 12.36441 0.366519 11.71365 0.366519 11.71365 0.274889 12.36441 0.274889 11.71365 0.366519 11.71365 0.274889 11.71365 0.366519 11.06289 0.366519 11.06289 0.274889 11.71365 0.274889 11.06289 0.366519 11.06289 0.274889 11.06289 0.366519 10.41214 0.366519 10.41214 0.274889 11.06289 0.274889 10.41214 0.366519 10.41214 0.274889 10.41214 0.366519 9.761378 0.366519 9.761378 0.274889 10.41214 0.274889 9.761378 0.366519 9.761378 0.274889 9.761378 0.366519 9.110619 0.366519 9.110619 0.274889 9.761378 0.274889 9.110619 0.366519 9.110619 0.274889 9.110619 0.366519 8.45986 0.366519 8.45986 0.274889 9.110619 0.274889 8.45986 0.366519 8.45986 0.274889 8.45986 0.366519 7.809102 0.366519 7.809102 0.274889 8.45986 0.274889 7.809102 0.366519 7.809102 0.274889 7.809102 0.366519 7.158343 0.366519 7.158343 0.274889 7.809102 0.274889 7.158343 0.366519 7.158343 0.274889 7.158343 0.366519 6.507585 0.366519 6.507585 0.274889 7.158343 0.274889 6.507585 0.366519 6.507585 0.274889 6.507585 0.366519 5.856826 0.366519 5.856826 0.274889 6.507585 0.274889 5.856826 0.366519 5.856826 0.274889 5.856826 0.366519 5.206068 0.366519 5.206068 0.274889 5.856826 0.274889 5.206068 0.366519 5.206068 0.274889 5.206068 0.366519 4.555309 0.366519 4.555309 0.274889 5.206068 0.274889 4.555309 0.366519 4.555309 0.274889 4.555309 0.366519 3.904551 0.366519 3.904551 0.274889 4.555309 0.274889 3.904551 0.366519 3.904551 0.274889 3.904551 0.366519 3.253792 0.366519 3.253792 0.274889 3.904551 0.274889 3.253792 0.366519 3.253792 0.274889 3.253792 0.366519 2.603034 0.366519 2.603034 0.274889 3.253792 0.274889 2.603034 0.366519 2.603034 0.274889 2.603034 0.366519 1.952275 0.366519 1.952275 0.274889 2.603034 0.274889 1.952275 0.366519 1.952275 0.274889 1.952275 0.366519 1.301517 0.366519 1.301517 0.274889 1.952275 0.274889 1.301517 0.366519 1.301517 0.274889 1.301517 0.366519 0.650758 0.366519 0.650758 0.274889 1.301517 0.274889 0.650758 0.366519 0.650758 0.274889 0.650758 0.366519 0 0.366519 0 0.274889 0.650758 0.274889 0 0.366519 0 0.274889 0 0.366519 -0.650758 0.366519 -0.650758 0.274889 0 0.274889 -0.650758 0.366519 -0.650758 0.274889 -0.650758 0.366519 -1.301517 0.366519 -1.301517 0.274889 -0.650758 0.274889 -1.301517 0.366519 -1.301517 0.274889 -1.301517 0.366519 -1.952275 0.366519 -1.952275 0.274889 -1.301517 0.274889 -1.952275 0.366519 -1.952275 0.274889 -1.952275 0.366519 -2.603034 0.366519 -2.603034 0.274889 -1.952275 0.274889 -2.603034 0.366519 -2.603034 0.274889 -2.603034 0.366519 -3.253792 0.366519 -3.253792 0.274889 -2.603034 0.274889 -3.253792 0.366519 -3.253792 0.274889 -3.253792 0.366519 -3.904551 0.366519 -3.904551 0.274889 -3.253792 0.274889 -3.904551 0.366519 -3.904551 0.274889 -3.904551 0.366519 -4.555309 0.366519 -4.555309 0.274889 -3.904551 0.274889 -4.555309 0.366519 -4.555309 0.274889 -4.555309 0.366519 -5.206068 0.366519 -5.206068 0.274889 -4.555309 0.274889 -5.206068 0.366519 -5.206068 0.274889 -5.206068 0.366519 -5.856826 0.366519 -5.856826 0.274889 -5.206068 0.274889 -5.856826 0.366519 -5.856826 0.274889 -5.856826 0.366519 -6.507585 0.366519 -6.507585 0.274889 -5.856826 0.274889 -6.507585 0.366519 -6.507585 0.274889 -6.507585 0.366519 -7.158343 0.366519 -7.158343 0.274889 -6.507585 0.274889 -7.158343 0.366519 -7.158343 0.274889 -7.158343 0.366519 -7.809102 0.366519 -7.809102 0.274889 -7.158343 0.274889 -7.809102 0.366519 -7.809102 0.274889 -7.809102 0.366519 -8.45986 0.366519 -8.45986 0.274889 -7.809102 0.274889 -8.45986 0.366519 -8.45986 0.274889 -8.45986 0.366519 -9.110619 0.366519 -9.110619 0.274889 -8.45986 0.274889 -9.110619 0.366519 -9.110619 0.274889 -9.110619 0.366519 -9.761378 0.366519 -9.761378 0.274889 -9.110619 0.274889 -9.761378 0.366519 -9.761378 0.274889 -9.761378 0.366519 -10.41214 0.366519 -10.41214 0.274889 -9.761378 0.274889 -10.41214 0.366519 -10.41214 0.274889 -10.41214 0.366519 -11.06289 0.366519 -11.06289 0.274889 -10.41214 0.274889 -11.06289 0.366519 -11.06289 0.274889 -11.06289 0.366519 -11.71365 0.366519 -11.71365 0.274889 -11.06289 0.274889 -11.71365 0.366519 -11.71365 0.274889 -11.71365 0.366519 -12.36441 0.366519 -12.36441 0.274889 -11.71365 0.274889 -12.36441 0.366519 -12.36441 0.274889 -12.36441 0.366519 -13.01517 0.366519 -13.01517 0.274889 -12.36441 0.274889 -13.01517 0.366519 -13.01517 0.274889 -13.01517 0.366519 -13.66593 0.366519 -13.66593 0.274889 -13.01517 0.274889 -13.66593 0.366519 -13.66593 0.458149 -13.66593 0.366519 -13.01517 0.366519 -13.01517 0.458149 -13.66593 0.458149 -13.01517 0.366519 -13.01517 0.458149 -13.01517 0.366519 -12.36441 0.366519 -12.36441 0.458149 -13.01517 0.458149 -12.36441 0.366519 -12.36441 0.458149 -12.36441 0.366519 -11.71365 0.366519 -11.71365 0.458149 -12.36441 0.458149 -11.71365 0.366519 -11.71365 0.458149 -11.71365 0.366519 -11.06289 0.366519 -11.06289 0.458149 -11.71365 0.458149 -11.06289 0.366519 -11.06289 0.458149 -11.06289 0.366519 -10.41214 0.366519 -10.41214 0.458149 -11.06289 0.458149 -10.41214 0.366519 -10.41214 0.458149 -10.41214 0.366519 -9.761378 0.366519 -9.761378 0.458149 -10.41214 0.458149 -9.761378 0.366519 -9.761378 0.458149 -9.761378 0.366519 -9.110619 0.366519 -9.110619 0.458149 -9.761378 0.458149 -9.110619 0.366519 -9.110619 0.458149 -9.110619 0.366519 -8.45986 0.366519 -8.45986 0.458149 -9.110619 0.458149 -8.45986 0.366519 -8.45986 0.458149 -8.45986 0.366519 -7.809102 0.366519 -7.809102 0.458149 -8.45986 0.458149 -7.809102 0.366519 -7.809102 0.458149 -7.809102 0.366519 -7.158343 0.366519 -7.158343 0.458149 -7.809102 0.458149 -7.158343 0.366519 -7.158343 0.458149 -7.158343 0.366519 -6.507585 0.366519 -6.507585 0.458149 -7.158343 0.458149 -6.507585 0.366519 -6.507585 0.458149 -6.507585 0.366519 -5.856826 0.366519 -5.856826 0.458149 -6.507585 0.458149 -5.856826 0.366519 -5.856826 0.458149 -5.856826 0.366519 -5.206068 0.366519 -5.206068 0.458149 -5.856826 0.458149 -5.206068 0.366519 -5.206068 0.458149 -5.206068 0.366519 -4.555309 0.366519 -4.555309 0.458149 -5.206068 0.458149 -4.555309 0.366519 -4.555309 0.458149 -4.555309 0.366519 -3.904551 0.366519 -3.904551 0.458149 -4.555309 0.458149 -3.904551 0.366519 -3.904551 0.458149 -3.904551 0.366519 -3.253792 0.366519 -3.253792 0.458149 -3.904551 0.458149 -3.253792 0.366519 -3.253792 0.458149 -3.253792 0.366519 -2.603034 0.366519 -2.603034 0.458149 -3.253792 0.458149 -2.603034 0.366519 -2.603034 0.458149 -2.603034 0.366519 -1.952275 0.366519 -1.952275 0.458149 -2.603034 0.458149 -1.952275 0.366519 -1.952275 0.458149 -1.952275 0.366519 -1.301517 0.366519 -1.301517 0.458149 -1.952275 0.458149 -1.301517 0.366519 -1.301517 0.458149 -1.301517 0.366519 -0.650758 0.366519 -0.650758 0.458149 -1.301517 0.458149 -0.650758 0.366519 -0.650758 0.458149 -0.650758 0.366519 0 0.366519 0 0.458149 -0.650758 0.458149 0 0.366519 0 0.458149 0 0.366519 0.650758 0.366519 0.650758 0.458149 0 0.458149 0.650758 0.366519 0.650758 0.458149 0.650758 0.366519 1.301517 0.366519 1.301517 0.458149 0.650758 0.458149 1.301517 0.366519 1.301517 0.458149 1.301517 0.366519 1.952275 0.366519 1.952275 0.458149 1.301517 0.458149 1.952275 0.366519 1.952275 0.458149 1.952275 0.366519 2.603034 0.366519 2.603034 0.458149 1.952275 0.458149 2.603034 0.366519 2.603034 0.458149 2.603034 0.366519 3.253792 0.366519 3.253792 0.458149 2.603034 0.458149 3.253792 0.366519 3.253792 0.458149 3.253792 0.366519 3.904551 0.366519 3.904551 0.458149 3.253792 0.458149 3.904551 0.366519 3.904551 0.458149 3.904551 0.366519 4.555309 0.366519 4.555309 0.458149 3.904551 0.458149 4.555309 0.366519 4.555309 0.458149 4.555309 0.366519 5.206068 0.366519 5.206068 0.458149 4.555309 0.458149 5.206068 0.366519 5.206068 0.458149 5.206068 0.366519 5.856826 0.366519 5.856826 0.458149 5.206068 0.458149 5.856826 0.366519 5.856826 0.458149 5.856826 0.366519 6.507585 0.366519 6.507585 0.458149 5.856826 0.458149 6.507585 0.366519 6.507585 0.458149 6.507585 0.366519 7.158343 0.366519 7.158343 0.458149 6.507585 0.458149 7.158343 0.366519 7.158343 0.458149 7.158343 0.366519 7.809102 0.366519 7.809102 0.458149 7.158343 0.458149 7.809102 0.366519 7.809102 0.458149 7.809102 0.366519 8.45986 0.366519 8.45986 0.458149 7.809102 0.458149 8.45986 0.366519 8.45986 0.458149 8.45986 0.366519 9.110619 0.366519 9.110619 0.458149 8.45986 0.458149 9.110619 0.366519 9.110619 0.458149 9.110619 0.366519 9.761378 0.366519 9.761378 0.458149 9.110619 0.458149 9.761378 0.366519 9.761378 0.458149 9.761378 0.366519 10.41214 0.366519 10.41214 0.458149 9.761378 0.458149 10.41214 0.366519 10.41214 0.458149 10.41214 0.366519 11.06289 0.366519 11.06289 0.458149 10.41214 0.458149 11.06289 0.366519 11.06289 0.458149 11.06289 0.366519 11.71365 0.366519 11.71365 0.458149 11.06289 0.458149 11.71365 0.366519 11.71365 0.458149 11.71365 0.366519 12.36441 0.366519 12.36441 0.458149 11.71365 0.458149 12.36441 0.366519 12.36441 0.458149 12.36441 0.366519 13.01517 0.366519 13.01517 0.458149 12.36441 0.458149 13.01517 0.366519 13.01517 0.458149 13.01517 0.366519 13.66593 0.366519 13.66593 0.458149 13.01517 0.458149 13.66593 0 13.66593 -0.09162998 13.66593 0 13.01517 0 13.01517 -0.09162998 13.66593 -0.09162998 13.01517 0 13.01517 -0.09162998 13.01517 0 12.36441 0 12.36441 -0.09162998 13.01517 -0.09162998 12.36441 0 12.36441 -0.09162998 12.36441 0 11.71365 0 11.71365 -0.09162998 12.36441 -0.09162998 11.71365 0 11.71365 -0.09162998 11.71365 0 11.06289 0 11.06289 -0.09162998 11.71365 -0.09162998 11.06289 0 11.06289 -0.09162998 11.06289 0 10.41214 0 10.41214 -0.09162998 11.06289 -0.09162998 10.41214 0 10.41214 -0.09162998 10.41214 0 9.761378 0 9.761378 -0.09162998 10.41214 -0.09162998 9.761378 0 9.761378 -0.09162998 9.761378 0 9.110619 0 9.110619 -0.09162998 9.761378 -0.09162998 9.110619 0 9.110619 -0.09162998 9.110619 0 8.45986 0 8.45986 -0.09162998 9.110619 -0.09162998 8.45986 0 8.45986 -0.09162998 8.45986 0 7.809102 0 7.809102 -0.09162998 8.45986 -0.09162998 7.809102 0 7.809102 -0.09162998 7.809102 0 7.158343 0 7.158343 -0.09162998 7.809102 -0.09162998 7.158343 0 7.158343 -0.09162998 7.158343 0 6.507585 0 6.507585 -0.09162998 7.158343 -0.09162998 6.507585 0 6.507585 -0.09162998 6.507585 0 5.856826 0 5.856826 -0.09162998 6.507585 -0.09162998 5.856826 0 5.856826 -0.09162998 5.856826 0 5.206068 0 5.206068 -0.09162998 5.856826 -0.09162998 5.206068 0 5.206068 -0.09162998 5.206068 0 4.555309 0 4.555309 -0.09162998 5.206068 -0.09162998 4.555309 0 4.555309 -0.09162998 4.555309 0 3.904551 0 3.904551 -0.09162998 4.555309 -0.09162998 3.904551 0 3.904551 -0.09162998 3.904551 0 3.253792 0 3.253792 -0.09162998 3.904551 -0.09162998 3.253792 0 3.253792 -0.09162998 3.253792 0 2.603034 0 2.603034 -0.09162998 3.253792 -0.09162998 2.603034 0 2.603034 -0.09162998 2.603034 0 1.952275 0 1.952275 -0.09162998 2.603034 -0.09162998 1.952275 0 1.952275 -0.09162998 1.952275 0 1.301517 0 1.301517 -0.09162998 1.952275 -0.09162998 1.301517 0 1.301517 -0.09162998 1.301517 0 0.650758 0 0.650758 -0.09162998 1.301517 -0.09162998 0.650758 0 0.650758 -0.09162998 0.650758 0 0 0 0 -0.09162998 0.650758 -0.09162998 0 0 0 -0.09162998 0 0 -0.650758 0 -0.650758 -0.09162998 0 -0.09162998 -0.650758 0 -0.650758 -0.09162998 -0.650758 0 -1.301517 0 -1.301517 -0.09162998 -0.650758 -0.09162998 -1.301517 0 -1.301517 -0.09162998 -1.301517 0 -1.952275 0 -1.952275 -0.09162998 -1.301517 -0.09162998 -1.952275 0 -1.952275 -0.09162998 -1.952275 0 -2.603034 0 -2.603034 -0.09162998 -1.952275 -0.09162998 -2.603034 0 -2.603034 -0.09162998 -2.603034 0 -3.253792 0 -3.253792 -0.09162998 -2.603034 -0.09162998 -3.253792 0 -3.253792 -0.09162998 -3.253792 0 -3.904551 0 -3.904551 -0.09162998 -3.253792 -0.09162998 -3.904551 0 -3.904551 -0.09162998 -3.904551 0 -4.555309 0 -4.555309 -0.09162998 -3.904551 -0.09162998 -4.555309 0 -4.555309 -0.09162998 -4.555309 0 -5.206068 0 -5.206068 -0.09162998 -4.555309 -0.09162998 -5.206068 0 -5.206068 -0.09162998 -5.206068 0 -5.856826 0 -5.856826 -0.09162998 -5.206068 -0.09162998 -5.856826 0 -5.856826 -0.09162998 -5.856826 0 -6.507585 0 -6.507585 -0.09162998 -5.856826 -0.09162998 -6.507585 0 -6.507585 -0.09162998 -6.507585 0 -7.158343 0 -7.158343 -0.09162998 -6.507585 -0.09162998 -7.158343 0 -7.158343 -0.09162998 -7.158343 0 -7.809102 0 -7.809102 -0.09162998 -7.158343 -0.09162998 -7.809102 0 -7.809102 -0.09162998 -7.809102 0 -8.45986 0 -8.45986 -0.09162998 -7.809102 -0.09162998 -8.45986 0 -8.45986 -0.09162998 -8.45986 0 -9.110619 0 -9.110619 -0.09162998 -8.45986 -0.09162998 -9.110619 0 -9.110619 -0.09162998 -9.110619 0 -9.761378 0 -9.761378 -0.09162998 -9.110619 -0.09162998 -9.761378 0 -9.761378 -0.09162998 -9.761378 0 -10.41214 0 -10.41214 -0.09162998 -9.761378 -0.09162998 -10.41214 0 -10.41214 -0.09162998 -10.41214 0 -11.06289 0 -11.06289 -0.09162998 -10.41214 -0.09162998 -11.06289 0 -11.06289 -0.09162998 -11.06289 0 -11.71365 0 -11.71365 -0.09162998 -11.06289 -0.09162998 -11.71365 0 -11.71365 -0.09162998 -11.71365 0 -12.36441 0 -12.36441 -0.09162998 -11.71365 -0.09162998 -12.36441 0 -12.36441 -0.09162998 -12.36441 0 -13.01517 0 -13.01517 -0.09162998 -12.36441 -0.09162998 -13.01517 0 -13.01517 -0.09162998 -13.01517 0 -13.66593 0 -13.66593 -0.09162998 -13.01517 -0.09162998 -13.66593 0 -13.66593 0.09162998 -13.66593 0 -13.01517 0 -13.01517 0.09162998 -13.66593 0.09162998 -13.01517 0 -13.01517 0.09162998 -13.01517 0 -12.36441 0 -12.36441 0.09162998 -13.01517 0.09162998 -12.36441 0 -12.36441 0.09162998 -12.36441 0 -11.71365 0 -11.71365 0.09162998 -12.36441 0.09162998 -11.71365 0 -11.71365 0.09162998 -11.71365 0 -11.06289 0 -11.06289 0.09162998 -11.71365 0.09162998 -11.06289 0 -11.06289 0.09162998 -11.06289 0 -10.41214 0 -10.41214 0.09162998 -11.06289 0.09162998 -10.41214 0 -10.41214 0.09162998 -10.41214 0 -9.761378 0 -9.761378 0.09162998 -10.41214 0.09162998 -9.761378 0 -9.761378 0.09162998 -9.761378 0 -9.110619 0 -9.110619 0.09162998 -9.761378 0.09162998 -9.110619 0 -9.110619 0.09162998 -9.110619 0 -8.45986 0 -8.45986 0.09162998 -9.110619 0.09162998 -8.45986 0 -8.45986 0.09162998 -8.45986 0 -7.809102 0 -7.809102 0.09162998 -8.45986 0.09162998 -7.809102 0 -7.809102 0.09162998 -7.809102 0 -7.158343 0 -7.158343 0.09162998 -7.809102 0.09162998 -7.158343 0 -7.158343 0.09162998 -7.158343 0 -6.507585 0 -6.507585 0.09162998 -7.158343 0.09162998 -6.507585 0 -6.507585 0.09162998 -6.507585 0 -5.856826 0 -5.856826 0.09162998 -6.507585 0.09162998 -5.856826 0 -5.856826 0.09162998 -5.856826 0 -5.206068 0 -5.206068 0.09162998 -5.856826 0.09162998 -5.206068 0 -5.206068 0.09162998 -5.206068 0 -4.555309 0 -4.555309 0.09162998 -5.206068 0.09162998 -4.555309 0 -4.555309 0.09162998 -4.555309 0 -3.904551 0 -3.904551 0.09162998 -4.555309 0.09162998 -3.904551 0 -3.904551 0.09162998 -3.904551 0 -3.253792 0 -3.253792 0.09162998 -3.904551 0.09162998 -3.253792 0 -3.253792 0.09162998 -3.253792 0 -2.603034 0 -2.603034 0.09162998 -3.253792 0.09162998 -2.603034 0 -2.603034 0.09162998 -2.603034 0 -1.952275 0 -1.952275 0.09162998 -2.603034 0.09162998 -1.952275 0 -1.952275 0.09162998 -1.952275 0 -1.301517 0 -1.301517 0.09162998 -1.952275 0.09162998 -1.301517 0 -1.301517 0.09162998 -1.301517 0 -0.650758 0 -0.650758 0.09162998 -1.301517 0.09162998 -0.650758 0 -0.650758 0.09162998 -0.650758 0 0 0 0 0.09162998 -0.650758 0.09162998 0 0 0 0.09162998 0 0 0.650758 0 0.650758 0.09162998 0 0.09162998 0.650758 0 0.650758 0.09162998 0.650758 0 1.301517 0 1.301517 0.09162998 0.650758 0.09162998 1.301517 0 1.301517 0.09162998 1.301517 0 1.952275 0 1.952275 0.09162998 1.301517 0.09162998 1.952275 0 1.952275 0.09162998 1.952275 0 2.603034 0 2.603034 0.09162998 1.952275 0.09162998 2.603034 0 2.603034 0.09162998 2.603034 0 3.253792 0 3.253792 0.09162998 2.603034 0.09162998 3.253792 0 3.253792 0.09162998 3.253792 0 3.904551 0 3.904551 0.09162998 3.253792 0.09162998 3.904551 0 3.904551 0.09162998 3.904551 0 4.555309 0 4.555309 0.09162998 3.904551 0.09162998 4.555309 0 4.555309 0.09162998 4.555309 0 5.206068 0 5.206068 0.09162998 4.555309 0.09162998 5.206068 0 5.206068 0.09162998 5.206068 0 5.856826 0 5.856826 0.09162998 5.206068 0.09162998 5.856826 0 5.856826 0.09162998 5.856826 0 6.507585 0 6.507585 0.09162998 5.856826 0.09162998 6.507585 0 6.507585 0.09162998 6.507585 0 7.158343 0 7.158343 0.09162998 6.507585 0.09162998 7.158343 0 7.158343 0.09162998 7.158343 0 7.809102 0 7.809102 0.09162998 7.158343 0.09162998 7.809102 0 7.809102 0.09162998 7.809102 0 8.45986 0 8.45986 0.09162998 7.809102 0.09162998 8.45986 0 8.45986 0.09162998 8.45986 0 9.110619 0 9.110619 0.09162998 8.45986 0.09162998 9.110619 0 9.110619 0.09162998 9.110619 0 9.761378 0 9.761378 0.09162998 9.110619 0.09162998 9.761378 0 9.761378 0.09162998 9.761378 0 10.41214 0 10.41214 0.09162998 9.761378 0.09162998 10.41214 0 10.41214 0.09162998 10.41214 0 11.06289 0 11.06289 0.09162998 10.41214 0.09162998 11.06289 0 11.06289 0.09162998 11.06289 0 11.71365 0 11.71365 0.09162998 11.06289 0.09162998 11.71365 0 11.71365 0.09162998 11.71365 0 12.36441 0 12.36441 0.09162998 11.71365 0.09162998 12.36441 0 12.36441 0.09162998 12.36441 0 13.01517 0 13.01517 0.09162998 12.36441 0.09162998 13.01517 0 13.01517 0.09162998 13.01517 0 13.66593 0 13.66593 0.09162998 13.01517 0.09162998 13.66593 -0.366519 13.66593 -0.458149 13.66593 -0.366519 13.01517 -0.366519 13.01517 -0.458149 13.66593 -0.458149 13.01517 -0.366519 13.01517 -0.458149 13.01517 -0.366519 12.36441 -0.366519 12.36441 -0.458149 13.01517 -0.458149 12.36441 -0.366519 12.36441 -0.458149 12.36441 -0.366519 11.71365 -0.366519 11.71365 -0.458149 12.36441 -0.458149 11.71365 -0.366519 11.71365 -0.458149 11.71365 -0.366519 11.06289 -0.366519 11.06289 -0.458149 11.71365 -0.458149 11.06289 -0.366519 11.06289 -0.458149 11.06289 -0.366519 10.41214 -0.366519 10.41214 -0.458149 11.06289 -0.458149 10.41214 -0.366519 10.41214 -0.458149 10.41214 -0.366519 9.761378 -0.366519 9.761378 -0.458149 10.41214 -0.458149 9.761378 -0.366519 9.761378 -0.458149 9.761378 -0.366519 9.110619 -0.366519 9.110619 -0.458149 9.761378 -0.458149 9.110619 -0.366519 9.110619 -0.458149 9.110619 -0.366519 8.45986 -0.366519 8.45986 -0.458149 9.110619 -0.458149 8.45986 -0.366519 8.45986 -0.458149 8.45986 -0.366519 7.809102 -0.366519 7.809102 -0.458149 8.45986 -0.458149 7.809102 -0.366519 7.809102 -0.458149 7.809102 -0.366519 7.158343 -0.366519 7.158343 -0.458149 7.809102 -0.458149 7.158343 -0.366519 7.158343 -0.458149 7.158343 -0.366519 6.507585 -0.366519 6.507585 -0.458149 7.158343 -0.458149 6.507585 -0.366519 6.507585 -0.458149 6.507585 -0.366519 5.856826 -0.366519 5.856826 -0.458149 6.507585 -0.458149 5.856826 -0.366519 5.856826 -0.458149 5.856826 -0.366519 5.206068 -0.366519 5.206068 -0.458149 5.856826 -0.458149 5.206068 -0.366519 5.206068 -0.458149 5.206068 -0.366519 4.555309 -0.366519 4.555309 -0.458149 5.206068 -0.458149 4.555309 -0.366519 4.555309 -0.458149 4.555309 -0.366519 3.904551 -0.366519 3.904551 -0.458149 4.555309 -0.458149 3.904551 -0.366519 3.904551 -0.458149 3.904551 -0.366519 3.253792 -0.366519 3.253792 -0.458149 3.904551 -0.458149 3.253792 -0.366519 3.253792 -0.458149 3.253792 -0.366519 2.603034 -0.366519 2.603034 -0.458149 3.253792 -0.458149 2.603034 -0.366519 2.603034 -0.458149 2.603034 -0.366519 1.952275 -0.366519 1.952275 -0.458149 2.603034 -0.458149 1.952275 -0.366519 1.952275 -0.458149 1.952275 -0.366519 1.301517 -0.366519 1.301517 -0.458149 1.952275 -0.458149 1.301517 -0.366519 1.301517 -0.458149 1.301517 -0.366519 0.650758 -0.366519 0.650758 -0.458149 1.301517 -0.458149 0.650758 -0.366519 0.650758 -0.458149 0.650758 -0.366519 0 -0.366519 0 -0.458149 0.650758 -0.458149 0 -0.366519 0 -0.458149 0 -0.366519 -0.650758 -0.366519 -0.650758 -0.458149 0 -0.458149 -0.650758 -0.366519 -0.650758 -0.458149 -0.650758 -0.366519 -1.301517 -0.366519 -1.301517 -0.458149 -0.650758 -0.458149 -1.301517 -0.366519 -1.301517 -0.458149 -1.301517 -0.366519 -1.952275 -0.366519 -1.952275 -0.458149 -1.301517 -0.458149 -1.952275 -0.366519 -1.952275 -0.458149 -1.952275 -0.366519 -2.603034 -0.366519 -2.603034 -0.458149 -1.952275 -0.458149 -2.603034 -0.366519 -2.603034 -0.458149 -2.603034 -0.366519 -3.253792 -0.366519 -3.253792 -0.458149 -2.603034 -0.458149 -3.253792 -0.366519 -3.253792 -0.458149 -3.253792 -0.366519 -3.904551 -0.366519 -3.904551 -0.458149 -3.253792 -0.458149 -3.904551 -0.366519 -3.904551 -0.458149 -3.904551 -0.366519 -4.555309 -0.366519 -4.555309 -0.458149 -3.904551 -0.458149 -4.555309 -0.366519 -4.555309 -0.458149 -4.555309 -0.366519 -5.206068 -0.366519 -5.206068 -0.458149 -4.555309 -0.458149 -5.206068 -0.366519 -5.206068 -0.458149 -5.206068 -0.366519 -5.856826 -0.366519 -5.856826 -0.458149 -5.206068 -0.458149 -5.856826 -0.366519 -5.856826 -0.458149 -5.856826 -0.366519 -6.507585 -0.366519 -6.507585 -0.458149 -5.856826 -0.458149 -6.507585 -0.366519 -6.507585 -0.458149 -6.507585 -0.366519 -7.158343 -0.366519 -7.158343 -0.458149 -6.507585 -0.458149 -7.158343 -0.366519 -7.158343 -0.458149 -7.158343 -0.366519 -7.809102 -0.366519 -7.809102 -0.458149 -7.158343 -0.458149 -7.809102 -0.366519 -7.809102 -0.458149 -7.809102 -0.366519 -8.45986 -0.366519 -8.45986 -0.458149 -7.809102 -0.458149 -8.45986 -0.366519 -8.45986 -0.458149 -8.45986 -0.366519 -9.110619 -0.366519 -9.110619 -0.458149 -8.45986 -0.458149 -9.110619 -0.366519 -9.110619 -0.458149 -9.110619 -0.366519 -9.761378 -0.366519 -9.761378 -0.458149 -9.110619 -0.458149 -9.761378 -0.366519 -9.761378 -0.458149 -9.761378 -0.366519 -10.41214 -0.366519 -10.41214 -0.458149 -9.761378 -0.458149 -10.41214 -0.366519 -10.41214 -0.458149 -10.41214 -0.366519 -11.06289 -0.366519 -11.06289 -0.458149 -10.41214 -0.458149 -11.06289 -0.366519 -11.06289 -0.458149 -11.06289 -0.366519 -11.71365 -0.366519 -11.71365 -0.458149 -11.06289 -0.458149 -11.71365 -0.366519 -11.71365 -0.458149 -11.71365 -0.366519 -12.36441 -0.366519 -12.36441 -0.458149 -11.71365 -0.458149 -12.36441 -0.366519 -12.36441 -0.458149 -12.36441 -0.366519 -13.01517 -0.366519 -13.01517 -0.458149 -12.36441 -0.458149 -13.01517 -0.366519 -13.01517 -0.458149 -13.01517 -0.366519 -13.66593 -0.366519 -13.66593 -0.458149 -13.01517 -0.458149 -13.66593 -0.366519 -13.66593 -0.274889 -13.66593 -0.366519 -13.01517 -0.366519 -13.01517 -0.274889 -13.66593 -0.274889 -13.01517 -0.366519 -13.01517 -0.274889 -13.01517 -0.366519 -12.36441 -0.366519 -12.36441 -0.274889 -13.01517 -0.274889 -12.36441 -0.366519 -12.36441 -0.274889 -12.36441 -0.366519 -11.71365 -0.366519 -11.71365 -0.274889 -12.36441 -0.274889 -11.71365 -0.366519 -11.71365 -0.274889 -11.71365 -0.366519 -11.06289 -0.366519 -11.06289 -0.274889 -11.71365 -0.274889 -11.06289 -0.366519 -11.06289 -0.274889 -11.06289 -0.366519 -10.41214 -0.366519 -10.41214 -0.274889 -11.06289 -0.274889 -10.41214 -0.366519 -10.41214 -0.274889 -10.41214 -0.366519 -9.761378 -0.366519 -9.761378 -0.274889 -10.41214 -0.274889 -9.761378 -0.366519 -9.761378 -0.274889 -9.761378 -0.366519 -9.110619 -0.366519 -9.110619 -0.274889 -9.761378 -0.274889 -9.110619 -0.366519 -9.110619 -0.274889 -9.110619 -0.366519 -8.45986 -0.366519 -8.45986 -0.274889 -9.110619 -0.274889 -8.45986 -0.366519 -8.45986 -0.274889 -8.45986 -0.366519 -7.809102 -0.366519 -7.809102 -0.274889 -8.45986 -0.274889 -7.809102 -0.366519 -7.809102 -0.274889 -7.809102 -0.366519 -7.158343 -0.366519 -7.158343 -0.274889 -7.809102 -0.274889 -7.158343 -0.366519 -7.158343 -0.274889 -7.158343 -0.366519 -6.507585 -0.366519 -6.507585 -0.274889 -7.158343 -0.274889 -6.507585 -0.366519 -6.507585 -0.274889 -6.507585 -0.366519 -5.856826 -0.366519 -5.856826 -0.274889 -6.507585 -0.274889 -5.856826 -0.366519 -5.856826 -0.274889 -5.856826 -0.366519 -5.206068 -0.366519 -5.206068 -0.274889 -5.856826 -0.274889 -5.206068 -0.366519 -5.206068 -0.274889 -5.206068 -0.366519 -4.555309 -0.366519 -4.555309 -0.274889 -5.206068 -0.274889 -4.555309 -0.366519 -4.555309 -0.274889 -4.555309 -0.366519 -3.904551 -0.366519 -3.904551 -0.274889 -4.555309 -0.274889 -3.904551 -0.366519 -3.904551 -0.274889 -3.904551 -0.366519 -3.253792 -0.366519 -3.253792 -0.274889 -3.904551 -0.274889 -3.253792 -0.366519 -3.253792 -0.274889 -3.253792 -0.366519 -2.603034 -0.366519 -2.603034 -0.274889 -3.253792 -0.274889 -2.603034 -0.366519 -2.603034 -0.274889 -2.603034 -0.366519 -1.952275 -0.366519 -1.952275 -0.274889 -2.603034 -0.274889 -1.952275 -0.366519 -1.952275 -0.274889 -1.952275 -0.366519 -1.301517 -0.366519 -1.301517 -0.274889 -1.952275 -0.274889 -1.301517 -0.366519 -1.301517 -0.274889 -1.301517 -0.366519 -0.650758 -0.366519 -0.650758 -0.274889 -1.301517 -0.274889 -0.650758 -0.366519 -0.650758 -0.274889 -0.650758 -0.366519 0 -0.366519 0 -0.274889 -0.650758 -0.274889 0 -0.366519 0 -0.274889 0 -0.366519 0.650758 -0.366519 0.650758 -0.274889 0 -0.274889 0.650758 -0.366519 0.650758 -0.274889 0.650758 -0.366519 1.301517 -0.366519 1.301517 -0.274889 0.650758 -0.274889 1.301517 -0.366519 1.301517 -0.274889 1.301517 -0.366519 1.952275 -0.366519 1.952275 -0.274889 1.301517 -0.274889 1.952275 -0.366519 1.952275 -0.274889 1.952275 -0.366519 2.603034 -0.366519 2.603034 -0.274889 1.952275 -0.274889 2.603034 -0.366519 2.603034 -0.274889 2.603034 -0.366519 3.253792 -0.366519 3.253792 -0.274889 2.603034 -0.274889 3.253792 -0.366519 3.253792 -0.274889 3.253792 -0.366519 3.904551 -0.366519 3.904551 -0.274889 3.253792 -0.274889 3.904551 -0.366519 3.904551 -0.274889 3.904551 -0.366519 4.555309 -0.366519 4.555309 -0.274889 3.904551 -0.274889 4.555309 -0.366519 4.555309 -0.274889 4.555309 -0.366519 5.206068 -0.366519 5.206068 -0.274889 4.555309 -0.274889 5.206068 -0.366519 5.206068 -0.274889 5.206068 -0.366519 5.856826 -0.366519 5.856826 -0.274889 5.206068 -0.274889 5.856826 -0.366519 5.856826 -0.274889 5.856826 -0.366519 6.507585 -0.366519 6.507585 -0.274889 5.856826 -0.274889 6.507585 -0.366519 6.507585 -0.274889 6.507585 -0.366519 7.158343 -0.366519 7.158343 -0.274889 6.507585 -0.274889 7.158343 -0.366519 7.158343 -0.274889 7.158343 -0.366519 7.809102 -0.366519 7.809102 -0.274889 7.158343 -0.274889 7.809102 -0.366519 7.809102 -0.274889 7.809102 -0.366519 8.45986 -0.366519 8.45986 -0.274889 7.809102 -0.274889 8.45986 -0.366519 8.45986 -0.274889 8.45986 -0.366519 9.110619 -0.366519 9.110619 -0.274889 8.45986 -0.274889 9.110619 -0.366519 9.110619 -0.274889 9.110619 -0.366519 9.761378 -0.366519 9.761378 -0.274889 9.110619 -0.274889 9.761378 -0.366519 9.761378 -0.274889 9.761378 -0.366519 10.41214 -0.366519 10.41214 -0.274889 9.761378 -0.274889 10.41214 -0.366519 10.41214 -0.274889 10.41214 -0.366519 11.06289 -0.366519 11.06289 -0.274889 10.41214 -0.274889 11.06289 -0.366519 11.06289 -0.274889 11.06289 -0.366519 11.71365 -0.366519 11.71365 -0.274889 11.06289 -0.274889 11.71365 -0.366519 11.71365 -0.274889 11.71365 -0.366519 12.36441 -0.366519 12.36441 -0.274889 11.71365 -0.274889 12.36441 -0.366519 12.36441 -0.274889 12.36441 -0.366519 13.01517 -0.366519 13.01517 -0.274889 12.36441 -0.274889 13.01517 -0.366519 13.01517 -0.274889 13.01517 -0.366519 13.66593 -0.366519 13.66593 -0.274889 13.01517 -0.274889 13.66593 -0.733038 13.66593 -0.824668 13.66593 -0.733038 13.01517 -0.733038 13.01517 -0.824668 13.66593 -0.824668 13.01517 -0.733038 13.01517 -0.824668 13.01517 -0.733038 12.36441 -0.733038 12.36441 -0.824668 13.01517 -0.824668 12.36441 -0.733038 12.36441 -0.824668 12.36441 -0.733038 11.71365 -0.733038 11.71365 -0.824668 12.36441 -0.824668 11.71365 -0.733038 11.71365 -0.824668 11.71365 -0.733038 11.06289 -0.733038 11.06289 -0.824668 11.71365 -0.824668 11.06289 -0.733038 11.06289 -0.824668 11.06289 -0.733038 10.41214 -0.733038 10.41214 -0.824668 11.06289 -0.824668 10.41214 -0.733038 10.41214 -0.824668 10.41214 -0.733038 9.761378 -0.733038 9.761378 -0.824668 10.41214 -0.824668 9.761378 -0.733038 9.761378 -0.824668 9.761378 -0.733038 9.110619 -0.733038 9.110619 -0.824668 9.761378 -0.824668 9.110619 -0.733038 9.110619 -0.824668 9.110619 -0.733038 8.45986 -0.733038 8.45986 -0.824668 9.110619 -0.824668 8.45986 -0.733038 8.45986 -0.824668 8.45986 -0.733038 7.809102 -0.733038 7.809102 -0.824668 8.45986 -0.824668 7.809102 -0.733038 7.809102 -0.824668 7.809102 -0.733038 7.158343 -0.733038 7.158343 -0.824668 7.809102 -0.824668 7.158343 -0.733038 7.158343 -0.824668 7.158343 -0.733038 6.507585 -0.733038 6.507585 -0.824668 7.158343 -0.824668 6.507585 -0.733038 6.507585 -0.824668 6.507585 -0.733038 5.856826 -0.733038 5.856826 -0.824668 6.507585 -0.824668 5.856826 -0.733038 5.856826 -0.824668 5.856826 -0.733038 5.206068 -0.733038 5.206068 -0.824668 5.856826 -0.824668 5.206068 -0.733038 5.206068 -0.824668 5.206068 -0.733038 4.555309 -0.733038 4.555309 -0.824668 5.206068 -0.824668 4.555309 -0.733038 4.555309 -0.824668 4.555309 -0.733038 3.904551 -0.733038 3.904551 -0.824668 4.555309 -0.824668 3.904551 -0.733038 3.904551 -0.824668 3.904551 -0.733038 3.253792 -0.733038 3.253792 -0.824668 3.904551 -0.824668 3.253792 -0.733038 3.253792 -0.824668 3.253792 -0.733038 2.603034 -0.733038 2.603034 -0.824668 3.253792 -0.824668 2.603034 -0.733038 2.603034 -0.824668 2.603034 -0.733038 1.952275 -0.733038 1.952275 -0.824668 2.603034 -0.824668 1.952275 -0.733038 1.952275 -0.824668 1.952275 -0.733038 1.301517 -0.733038 1.301517 -0.824668 1.952275 -0.824668 1.301517 -0.733038 1.301517 -0.824668 1.301517 -0.733038 0.650758 -0.733038 0.650758 -0.824668 1.301517 -0.824668 0.650758 -0.733038 0.650758 -0.824668 0.650758 -0.733038 0 -0.733038 0 -0.824668 0.650758 -0.824668 0 -0.733038 0 -0.824668 0 -0.733038 -0.650758 -0.733038 -0.650758 -0.824668 0 -0.824668 -0.650758 -0.733038 -0.650758 -0.824668 -0.650758 -0.733038 -1.301517 -0.733038 -1.301517 -0.824668 -0.650758 -0.824668 -1.301517 -0.733038 -1.301517 -0.824668 -1.301517 -0.733038 -1.952275 -0.733038 -1.952275 -0.824668 -1.301517 -0.824668 -1.952275 -0.733038 -1.952275 -0.824668 -1.952275 -0.733038 -2.603034 -0.733038 -2.603034 -0.824668 -1.952275 -0.824668 -2.603034 -0.733038 -2.603034 -0.824668 -2.603034 -0.733038 -3.253792 -0.733038 -3.253792 -0.824668 -2.603034 -0.824668 -3.253792 -0.733038 -3.253792 -0.824668 -3.253792 -0.733038 -3.904551 -0.733038 -3.904551 -0.824668 -3.253792 -0.824668 -3.904551 -0.733038 -3.904551 -0.824668 -3.904551 -0.733038 -4.555309 -0.733038 -4.555309 -0.824668 -3.904551 -0.824668 -4.555309 -0.733038 -4.555309 -0.824668 -4.555309 -0.733038 -5.206068 -0.733038 -5.206068 -0.824668 -4.555309 -0.824668 -5.206068 -0.733038 -5.206068 -0.824668 -5.206068 -0.733038 -5.856826 -0.733038 -5.856826 -0.824668 -5.206068 -0.824668 -5.856826 -0.733038 -5.856826 -0.824668 -5.856826 -0.733038 -6.507585 -0.733038 -6.507585 -0.824668 -5.856826 -0.824668 -6.507585 -0.733038 -6.507585 -0.824668 -6.507585 -0.733038 -7.158343 -0.733038 -7.158343 -0.824668 -6.507585 -0.824668 -7.158343 -0.733038 -7.158343 -0.824668 -7.158343 -0.733038 -7.809102 -0.733038 -7.809102 -0.824668 -7.158343 -0.824668 -7.809102 -0.733038 -7.809102 -0.824668 -7.809102 -0.733038 -8.45986 -0.733038 -8.45986 -0.824668 -7.809102 -0.824668 -8.45986 -0.733038 -8.45986 -0.824668 -8.45986 -0.733038 -9.110619 -0.733038 -9.110619 -0.824668 -8.45986 -0.824668 -9.110619 -0.733038 -9.110619 -0.824668 -9.110619 -0.733038 -9.761378 -0.733038 -9.761378 -0.824668 -9.110619 -0.824668 -9.761378 -0.733038 -9.761378 -0.824668 -9.761378 -0.733038 -10.41214 -0.733038 -10.41214 -0.824668 -9.761378 -0.824668 -10.41214 -0.733038 -10.41214 -0.824668 -10.41214 -0.733038 -11.06289 -0.733038 -11.06289 -0.824668 -10.41214 -0.824668 -11.06289 -0.733038 -11.06289 -0.824668 -11.06289 -0.733038 -11.71365 -0.733038 -11.71365 -0.824668 -11.06289 -0.824668 -11.71365 -0.733038 -11.71365 -0.824668 -11.71365 -0.733038 -12.36441 -0.733038 -12.36441 -0.824668 -11.71365 -0.824668 -12.36441 -0.733038 -12.36441 -0.824668 -12.36441 -0.733038 -13.01517 -0.733038 -13.01517 -0.824668 -12.36441 -0.824668 -13.01517 -0.733038 -13.01517 -0.824668 -13.01517 -0.733038 -13.66593 -0.733038 -13.66593 -0.824668 -13.01517 -0.824668 -13.66593 -0.733038 -13.66593 -0.641408 -13.66593 -0.733038 -13.01517 -0.733038 -13.01517 -0.641408 -13.66593 -0.641408 -13.01517 -0.733038 -13.01517 -0.641408 -13.01517 -0.733038 -12.36441 -0.733038 -12.36441 -0.641408 -13.01517 -0.641408 -12.36441 -0.733038 -12.36441 -0.641408 -12.36441 -0.733038 -11.71365 -0.733038 -11.71365 -0.641408 -12.36441 -0.641408 -11.71365 -0.733038 -11.71365 -0.641408 -11.71365 -0.733038 -11.06289 -0.733038 -11.06289 -0.641408 -11.71365 -0.641408 -11.06289 -0.733038 -11.06289 -0.641408 -11.06289 -0.733038 -10.41214 -0.733038 -10.41214 -0.641408 -11.06289 -0.641408 -10.41214 -0.733038 -10.41214 -0.641408 -10.41214 -0.733038 -9.761378 -0.733038 -9.761378 -0.641408 -10.41214 -0.641408 -9.761378 -0.733038 -9.761378 -0.641408 -9.761378 -0.733038 -9.110619 -0.733038 -9.110619 -0.641408 -9.761378 -0.641408 -9.110619 -0.733038 -9.110619 -0.641408 -9.110619 -0.733038 -8.45986 -0.733038 -8.45986 -0.641408 -9.110619 -0.641408 -8.45986 -0.733038 -8.45986 -0.641408 -8.45986 -0.733038 -7.809102 -0.733038 -7.809102 -0.641408 -8.45986 -0.641408 -7.809102 -0.733038 -7.809102 -0.641408 -7.809102 -0.733038 -7.158343 -0.733038 -7.158343 -0.641408 -7.809102 -0.641408 -7.158343 -0.733038 -7.158343 -0.641408 -7.158343 -0.733038 -6.507585 -0.733038 -6.507585 -0.641408 -7.158343 -0.641408 -6.507585 -0.733038 -6.507585 -0.641408 -6.507585 -0.733038 -5.856826 -0.733038 -5.856826 -0.641408 -6.507585 -0.641408 -5.856826 -0.733038 -5.856826 -0.641408 -5.856826 -0.733038 -5.206068 -0.733038 -5.206068 -0.641408 -5.856826 -0.641408 -5.206068 -0.733038 -5.206068 -0.641408 -5.206068 -0.733038 -4.555309 -0.733038 -4.555309 -0.641408 -5.206068 -0.641408 -4.555309 -0.733038 -4.555309 -0.641408 -4.555309 -0.733038 -3.904551 -0.733038 -3.904551 -0.641408 -4.555309 -0.641408 -3.904551 -0.733038 -3.904551 -0.641408 -3.904551 -0.733038 -3.253792 -0.733038 -3.253792 -0.641408 -3.904551 -0.641408 -3.253792 -0.733038 -3.253792 -0.641408 -3.253792 -0.733038 -2.603034 -0.733038 -2.603034 -0.641408 -3.253792 -0.641408 -2.603034 -0.733038 -2.603034 -0.641408 -2.603034 -0.733038 -1.952275 -0.733038 -1.952275 -0.641408 -2.603034 -0.641408 -1.952275 -0.733038 -1.952275 -0.641408 -1.952275 -0.733038 -1.301517 -0.733038 -1.301517 -0.641408 -1.952275 -0.641408 -1.301517 -0.733038 -1.301517 -0.641408 -1.301517 -0.733038 -0.650758 -0.733038 -0.650758 -0.641408 -1.301517 -0.641408 -0.650758 -0.733038 -0.650758 -0.641408 -0.650758 -0.733038 0 -0.733038 0 -0.641408 -0.650758 -0.641408 0 -0.733038 0 -0.641408 0 -0.733038 0.650758 -0.733038 0.650758 -0.641408 0 -0.641408 0.650758 -0.733038 0.650758 -0.641408 0.650758 -0.733038 1.301517 -0.733038 1.301517 -0.641408 0.650758 -0.641408 1.301517 -0.733038 1.301517 -0.641408 1.301517 -0.733038 1.952275 -0.733038 1.952275 -0.641408 1.301517 -0.641408 1.952275 -0.733038 1.952275 -0.641408 1.952275 -0.733038 2.603034 -0.733038 2.603034 -0.641408 1.952275 -0.641408 2.603034 -0.733038 2.603034 -0.641408 2.603034 -0.733038 3.253792 -0.733038 3.253792 -0.641408 2.603034 -0.641408 3.253792 -0.733038 3.253792 -0.641408 3.253792 -0.733038 3.904551 -0.733038 3.904551 -0.641408 3.253792 -0.641408 3.904551 -0.733038 3.904551 -0.641408 3.904551 -0.733038 4.555309 -0.733038 4.555309 -0.641408 3.904551 -0.641408 4.555309 -0.733038 4.555309 -0.641408 4.555309 -0.733038 5.206068 -0.733038 5.206068 -0.641408 4.555309 -0.641408 5.206068 -0.733038 5.206068 -0.641408 5.206068 -0.733038 5.856826 -0.733038 5.856826 -0.641408 5.206068 -0.641408 5.856826 -0.733038 5.856826 -0.641408 5.856826 -0.733038 6.507585 -0.733038 6.507585 -0.641408 5.856826 -0.641408 6.507585 -0.733038 6.507585 -0.641408 6.507585 -0.733038 7.158343 -0.733038 7.158343 -0.641408 6.507585 -0.641408 7.158343 -0.733038 7.158343 -0.641408 7.158343 -0.733038 7.809102 -0.733038 7.809102 -0.641408 7.158343 -0.641408 7.809102 -0.733038 7.809102 -0.641408 7.809102 -0.733038 8.45986 -0.733038 8.45986 -0.641408 7.809102 -0.641408 8.45986 -0.733038 8.45986 -0.641408 8.45986 -0.733038 9.110619 -0.733038 9.110619 -0.641408 8.45986 -0.641408 9.110619 -0.733038 9.110619 -0.641408 9.110619 -0.733038 9.761378 -0.733038 9.761378 -0.641408 9.110619 -0.641408 9.761378 -0.733038 9.761378 -0.641408 9.761378 -0.733038 10.41214 -0.733038 10.41214 -0.641408 9.761378 -0.641408 10.41214 -0.733038 10.41214 -0.641408 10.41214 -0.733038 11.06289 -0.733038 11.06289 -0.641408 10.41214 -0.641408 11.06289 -0.733038 11.06289 -0.641408 11.06289 -0.733038 11.71365 -0.733038 11.71365 -0.641408 11.06289 -0.641408 11.71365 -0.733038 11.71365 -0.641408 11.71365 -0.733038 12.36441 -0.733038 12.36441 -0.641408 11.71365 -0.641408 12.36441 -0.733038 12.36441 -0.641408 12.36441 -0.733038 13.01517 -0.733038 13.01517 -0.641408 12.36441 -0.641408 13.01517 -0.733038 13.01517 -0.641408 13.01517 -0.733038 13.66593 -0.733038 13.66593 -0.641408 13.01517 -0.641408 13.66593 -1.007928 -13.66593 -0.916298 -13.66593 -1.007928 -13.01517 -1.007928 -13.01517 -0.916298 -13.66593 -0.916298 -13.01517 -1.007928 -13.01517 -0.916298 -13.01517 -1.007928 -12.36441 -1.007928 -12.36441 -0.916298 -13.01517 -0.916298 -12.36441 -1.007928 -12.36441 -0.916298 -12.36441 -1.007928 -11.71365 -1.007928 -11.71365 -0.916298 -12.36441 -0.916298 -11.71365 -1.007928 -11.71365 -0.916298 -11.71365 -1.007928 -11.06289 -1.007928 -11.06289 -0.916298 -11.71365 -0.916298 -11.06289 -1.007928 -11.06289 -0.916298 -11.06289 -1.007928 -10.41214 -1.007928 -10.41214 -0.916298 -11.06289 -0.916298 -10.41214 -1.007928 -10.41214 -0.916298 -10.41214 -1.007928 -9.761378 -1.007928 -9.761378 -0.916298 -10.41214 -0.916298 -9.761378 -1.007928 -9.761378 -0.916298 -9.761378 -1.007928 -9.110619 -1.007928 -9.110619 -0.916298 -9.761378 -0.916298 -9.110619 -1.007928 -9.110619 -0.916298 -9.110619 -1.007928 -8.45986 -1.007928 -8.45986 -0.916298 -9.110619 -0.916298 -8.45986 -1.007928 -8.45986 -0.916298 -8.45986 -1.007928 -7.809102 -1.007928 -7.809102 -0.916298 -8.45986 -0.916298 -7.809102 -1.007928 -7.809102 -0.916298 -7.809102 -1.007928 -7.158343 -1.007928 -7.158343 -0.916298 -7.809102 -0.916298 -7.158343 -1.007928 -7.158343 -0.916298 -7.158343 -1.007928 -6.507585 -1.007928 -6.507585 -0.916298 -7.158343 -0.916298 -6.507585 -1.007928 -6.507585 -0.916298 -6.507585 -1.007928 -5.856826 -1.007928 -5.856826 -0.916298 -6.507585 -0.916298 -5.856826 -1.007928 -5.856826 -0.916298 -5.856826 -1.007928 -5.206068 -1.007928 -5.206068 -0.916298 -5.856826 -0.916298 -5.206068 -1.007928 -5.206068 -0.916298 -5.206068 -1.007928 -4.555309 -1.007928 -4.555309 -0.916298 -5.206068 -0.916298 -4.555309 -1.007928 -4.555309 -0.916298 -4.555309 -1.007928 -3.904551 -1.007928 -3.904551 -0.916298 -4.555309 -0.916298 -3.904551 -1.007928 -3.904551 -0.916298 -3.904551 -1.007928 -3.253792 -1.007928 -3.253792 -0.916298 -3.904551 -0.916298 -3.253792 -1.007928 -3.253792 -0.916298 -3.253792 -1.007928 -2.603034 -1.007928 -2.603034 -0.916298 -3.253792 -0.916298 -2.603034 -1.007928 -2.603034 -0.916298 -2.603034 -1.007928 -1.952275 -1.007928 -1.952275 -0.916298 -2.603034 -0.916298 -1.952275 -1.007928 -1.952275 -0.916298 -1.952275 -1.007928 -1.301517 -1.007928 -1.301517 -0.916298 -1.952275 -0.916298 -1.301517 -1.007928 -1.301517 -0.916298 -1.301517 -1.007928 -0.650758 -1.007928 -0.650758 -0.916298 -1.301517 -0.916298 -0.650758 -1.007928 -0.650758 -0.916298 -0.650758 -1.007928 0 -1.007928 0 -0.916298 -0.650758 -0.916298 0 -1.007928 0 -0.916298 0 -1.007928 0.650758 -1.007928 0.650758 -0.916298 0 -0.916298 0.650758 -1.007928 0.650758 -0.916298 0.650758 -1.007928 1.301517 -1.007928 1.301517 -0.916298 0.650758 -0.916298 1.301517 -1.007928 1.301517 -0.916298 1.301517 -1.007928 1.952275 -1.007928 1.952275 -0.916298 1.301517 -0.916298 1.952275 -1.007928 1.952275 -0.916298 1.952275 -1.007928 2.603034 -1.007928 2.603034 -0.916298 1.952275 -0.916298 2.603034 -1.007928 2.603034 -0.916298 2.603034 -1.007928 3.253792 -1.007928 3.253792 -0.916298 2.603034 -0.916298 3.253792 -1.007928 3.253792 -0.916298 3.253792 -1.007928 3.904551 -1.007928 3.904551 -0.916298 3.253792 -0.916298 3.904551 -1.007928 3.904551 -0.916298 3.904551 -1.007928 4.555309 -1.007928 4.555309 -0.916298 3.904551 -0.916298 4.555309 -1.007928 4.555309 -0.916298 4.555309 -1.007928 5.206068 -1.007928 5.206068 -0.916298 4.555309 -0.916298 5.206068 -1.007928 5.206068 -0.916298 5.206068 -1.007928 5.856826 -1.007928 5.856826 -0.916298 5.206068 -0.916298 5.856826 -1.007928 5.856826 -0.916298 5.856826 -1.007928 6.507585 -1.007928 6.507585 -0.916298 5.856826 -0.916298 6.507585 -1.007928 6.507585 -0.916298 6.507585 -1.007928 7.158343 -1.007928 7.158343 -0.916298 6.507585 -0.916298 7.158343 -1.007928 7.158343 -0.916298 7.158343 -1.007928 7.809102 -1.007928 7.809102 -0.916298 7.158343 -0.916298 7.809102 -1.007928 7.809102 -0.916298 7.809102 -1.007928 8.45986 -1.007928 8.45986 -0.916298 7.809102 -0.916298 8.45986 -1.007928 8.45986 -0.916298 8.45986 -1.007928 9.110619 -1.007928 9.110619 -0.916298 8.45986 -0.916298 9.110619 -1.007928 9.110619 -0.916298 9.110619 -1.007928 9.761378 -1.007928 9.761378 -0.916298 9.110619 -0.916298 9.761378 -1.007928 9.761378 -0.916298 9.761378 -1.007928 10.41214 -1.007928 10.41214 -0.916298 9.761378 -0.916298 10.41214 -1.007928 10.41214 -0.916298 10.41214 -1.007928 11.06289 -1.007928 11.06289 -0.916298 10.41214 -0.916298 11.06289 -1.007928 11.06289 -0.916298 11.06289 -1.007928 11.71365 -1.007928 11.71365 -0.916298 11.06289 -0.916298 11.71365 -1.007928 11.71365 -0.916298 11.71365 -1.007928 12.36441 -1.007928 12.36441 -0.916298 11.71365 -0.916298 12.36441 -1.007928 12.36441 -0.916298 12.36441 -1.007928 13.01517 -1.007928 13.01517 -0.916298 12.36441 -0.916298 13.01517 -1.007928 13.01517 -0.916298 13.01517 -1.007928 13.66593 -1.007928 13.66593 -0.916298 13.01517 -0.916298 13.66593 -0.916298 -13.66593 -0.824668 -13.66593 -0.916298 -13.01517 -0.916298 -13.01517 -0.824668 -13.66593 -0.824668 -13.01517 -0.916298 -13.01517 -0.824668 -13.01517 -0.916298 -12.36441 -0.916298 -12.36441 -0.824668 -13.01517 -0.824668 -12.36441 -0.916298 -12.36441 -0.824668 -12.36441 -0.916298 -11.71365 -0.916298 -11.71365 -0.824668 -12.36441 -0.824668 -11.71365 -0.916298 -11.71365 -0.824668 -11.71365 -0.916298 -11.06289 -0.916298 -11.06289 -0.824668 -11.71365 -0.824668 -11.06289 -0.916298 -11.06289 -0.824668 -11.06289 -0.916298 -10.41214 -0.916298 -10.41214 -0.824668 -11.06289 -0.824668 -10.41214 -0.916298 -10.41214 -0.824668 -10.41214 -0.916298 -9.761378 -0.916298 -9.761378 -0.824668 -10.41214 -0.824668 -9.761378 -0.916298 -9.761378 -0.824668 -9.761378 -0.916298 -9.110619 -0.916298 -9.110619 -0.824668 -9.761378 -0.824668 -9.110619 -0.916298 -9.110619 -0.824668 -9.110619 -0.916298 -8.45986 -0.916298 -8.45986 -0.824668 -9.110619 -0.824668 -8.45986 -0.916298 -8.45986 -0.824668 -8.45986 -0.916298 -7.809102 -0.916298 -7.809102 -0.824668 -8.45986 -0.824668 -7.809102 -0.916298 -7.809102 -0.824668 -7.809102 -0.916298 -7.158343 -0.916298 -7.158343 -0.824668 -7.809102 -0.824668 -7.158343 -0.916298 -7.158343 -0.824668 -7.158343 -0.916298 -6.507585 -0.916298 -6.507585 -0.824668 -7.158343 -0.824668 -6.507585 -0.916298 -6.507585 -0.824668 -6.507585 -0.916298 -5.856826 -0.916298 -5.856826 -0.824668 -6.507585 -0.824668 -5.856826 -0.916298 -5.856826 -0.824668 -5.856826 -0.916298 -5.206068 -0.916298 -5.206068 -0.824668 -5.856826 -0.824668 -5.206068 -0.916298 -5.206068 -0.824668 -5.206068 -0.916298 -4.555309 -0.916298 -4.555309 -0.824668 -5.206068 -0.824668 -4.555309 -0.916298 -4.555309 -0.824668 -4.555309 -0.916298 -3.904551 -0.916298 -3.904551 -0.824668 -4.555309 -0.824668 -3.904551 -0.916298 -3.904551 -0.824668 -3.904551 -0.916298 -3.253792 -0.916298 -3.253792 -0.824668 -3.904551 -0.824668 -3.253792 -0.916298 -3.253792 -0.824668 -3.253792 -0.916298 -2.603034 -0.916298 -2.603034 -0.824668 -3.253792 -0.824668 -2.603034 -0.916298 -2.603034 -0.824668 -2.603034 -0.916298 -1.952275 -0.916298 -1.952275 -0.824668 -2.603034 -0.824668 -1.952275 -0.916298 -1.952275 -0.824668 -1.952275 -0.916298 -1.301517 -0.916298 -1.301517 -0.824668 -1.952275 -0.824668 -1.301517 -0.916298 -1.301517 -0.824668 -1.301517 -0.916298 -0.650758 -0.916298 -0.650758 -0.824668 -1.301517 -0.824668 -0.650758 -0.916298 -0.650758 -0.824668 -0.650758 -0.916298 0 -0.916298 0 -0.824668 -0.650758 -0.824668 0 -0.916298 0 -0.824668 0 -0.916298 0.650758 -0.916298 0.650758 -0.824668 0 -0.824668 0.650758 -0.916298 0.650758 -0.824668 0.650758 -0.916298 1.301517 -0.916298 1.301517 -0.824668 0.650758 -0.824668 1.301517 -0.916298 1.301517 -0.824668 1.301517 -0.916298 1.952275 -0.916298 1.952275 -0.824668 1.301517 -0.824668 1.952275 -0.916298 1.952275 -0.824668 1.952275 -0.916298 2.603034 -0.916298 2.603034 -0.824668 1.952275 -0.824668 2.603034 -0.916298 2.603034 -0.824668 2.603034 -0.916298 3.253792 -0.916298 3.253792 -0.824668 2.603034 -0.824668 3.253792 -0.916298 3.253792 -0.824668 3.253792 -0.916298 3.904551 -0.916298 3.904551 -0.824668 3.253792 -0.824668 3.904551 -0.916298 3.904551 -0.824668 3.904551 -0.916298 4.555309 -0.916298 4.555309 -0.824668 3.904551 -0.824668 4.555309 -0.916298 4.555309 -0.824668 4.555309 -0.916298 5.206068 -0.916298 5.206068 -0.824668 4.555309 -0.824668 5.206068 -0.916298 5.206068 -0.824668 5.206068 -0.916298 5.856826 -0.916298 5.856826 -0.824668 5.206068 -0.824668 5.856826 -0.916298 5.856826 -0.824668 5.856826 -0.916298 6.507585 -0.916298 6.507585 -0.824668 5.856826 -0.824668 6.507585 -0.916298 6.507585 -0.824668 6.507585 -0.916298 7.158343 -0.916298 7.158343 -0.824668 6.507585 -0.824668 7.158343 -0.916298 7.158343 -0.824668 7.158343 -0.916298 7.809102 -0.916298 7.809102 -0.824668 7.158343 -0.824668 7.809102 -0.916298 7.809102 -0.824668 7.809102 -0.916298 8.45986 -0.916298 8.45986 -0.824668 7.809102 -0.824668 8.45986 -0.916298 8.45986 -0.824668 8.45986 -0.916298 9.110619 -0.916298 9.110619 -0.824668 8.45986 -0.824668 9.110619 -0.916298 9.110619 -0.824668 9.110619 -0.916298 9.761378 -0.916298 9.761378 -0.824668 9.110619 -0.824668 9.761378 -0.916298 9.761378 -0.824668 9.761378 -0.916298 10.41214 -0.916298 10.41214 -0.824668 9.761378 -0.824668 10.41214 -0.916298 10.41214 -0.824668 10.41214 -0.916298 11.06289 -0.916298 11.06289 -0.824668 10.41214 -0.824668 11.06289 -0.916298 11.06289 -0.824668 11.06289 -0.916298 11.71365 -0.916298 11.71365 -0.824668 11.06289 -0.824668 11.71365 -0.916298 11.71365 -0.824668 11.71365 -0.916298 12.36441 -0.916298 12.36441 -0.824668 11.71365 -0.824668 12.36441 -0.916298 12.36441 -0.824668 12.36441 -0.916298 13.01517 -0.916298 13.01517 -0.824668 12.36441 -0.824668 13.01517 -0.916298 13.01517 -0.824668 13.01517 -0.916298 13.66593 -0.916298 13.66593 -0.824668 13.01517 -0.824668 13.66593 -0.641408 -13.66593 -0.549779 -13.66593 -0.641408 -13.01517 -0.641408 -13.01517 -0.549779 -13.66593 -0.549779 -13.01517 -0.641408 -13.01517 -0.549779 -13.01517 -0.641408 -12.36441 -0.641408 -12.36441 -0.549779 -13.01517 -0.549779 -12.36441 -0.641408 -12.36441 -0.549779 -12.36441 -0.641408 -11.71365 -0.641408 -11.71365 -0.549779 -12.36441 -0.549779 -11.71365 -0.641408 -11.71365 -0.549779 -11.71365 -0.641408 -11.06289 -0.641408 -11.06289 -0.549779 -11.71365 -0.549779 -11.06289 -0.641408 -11.06289 -0.549779 -11.06289 -0.641408 -10.41214 -0.641408 -10.41214 -0.549779 -11.06289 -0.549779 -10.41214 -0.641408 -10.41214 -0.549779 -10.41214 -0.641408 -9.761378 -0.641408 -9.761378 -0.549779 -10.41214 -0.549779 -9.761378 -0.641408 -9.761378 -0.549779 -9.761378 -0.641408 -9.110619 -0.641408 -9.110619 -0.549779 -9.761378 -0.549779 -9.110619 -0.641408 -9.110619 -0.549779 -9.110619 -0.641408 -8.45986 -0.641408 -8.45986 -0.549779 -9.110619 -0.549779 -8.45986 -0.641408 -8.45986 -0.549779 -8.45986 -0.641408 -7.809102 -0.641408 -7.809102 -0.549779 -8.45986 -0.549779 -7.809102 -0.641408 -7.809102 -0.549779 -7.809102 -0.641408 -7.158343 -0.641408 -7.158343 -0.549779 -7.809102 -0.549779 -7.158343 -0.641408 -7.158343 -0.549779 -7.158343 -0.641408 -6.507585 -0.641408 -6.507585 -0.549779 -7.158343 -0.549779 -6.507585 -0.641408 -6.507585 -0.549779 -6.507585 -0.641408 -5.856826 -0.641408 -5.856826 -0.549779 -6.507585 -0.549779 -5.856826 -0.641408 -5.856826 -0.549779 -5.856826 -0.641408 -5.206068 -0.641408 -5.206068 -0.549779 -5.856826 -0.549779 -5.206068 -0.641408 -5.206068 -0.549779 -5.206068 -0.641408 -4.555309 -0.641408 -4.555309 -0.549779 -5.206068 -0.549779 -4.555309 -0.641408 -4.555309 -0.549779 -4.555309 -0.641408 -3.904551 -0.641408 -3.904551 -0.549779 -4.555309 -0.549779 -3.904551 -0.641408 -3.904551 -0.549779 -3.904551 -0.641408 -3.253792 -0.641408 -3.253792 -0.549779 -3.904551 -0.549779 -3.253792 -0.641408 -3.253792 -0.549779 -3.253792 -0.641408 -2.603034 -0.641408 -2.603034 -0.549779 -3.253792 -0.549779 -2.603034 -0.641408 -2.603034 -0.549779 -2.603034 -0.641408 -1.952275 -0.641408 -1.952275 -0.549779 -2.603034 -0.549779 -1.952275 -0.641408 -1.952275 -0.549779 -1.952275 -0.641408 -1.301517 -0.641408 -1.301517 -0.549779 -1.952275 -0.549779 -1.301517 -0.641408 -1.301517 -0.549779 -1.301517 -0.641408 -0.650758 -0.641408 -0.650758 -0.549779 -1.301517 -0.549779 -0.650758 -0.641408 -0.650758 -0.549779 -0.650758 -0.641408 0 -0.641408 0 -0.549779 -0.650758 -0.549779 0 -0.641408 0 -0.549779 0 -0.641408 0.650758 -0.641408 0.650758 -0.549779 0 -0.549779 0.650758 -0.641408 0.650758 -0.549779 0.650758 -0.641408 1.301517 -0.641408 1.301517 -0.549779 0.650758 -0.549779 1.301517 -0.641408 1.301517 -0.549779 1.301517 -0.641408 1.952275 -0.641408 1.952275 -0.549779 1.301517 -0.549779 1.952275 -0.641408 1.952275 -0.549779 1.952275 -0.641408 2.603034 -0.641408 2.603034 -0.549779 1.952275 -0.549779 2.603034 -0.641408 2.603034 -0.549779 2.603034 -0.641408 3.253792 -0.641408 3.253792 -0.549779 2.603034 -0.549779 3.253792 -0.641408 3.253792 -0.549779 3.253792 -0.641408 3.904551 -0.641408 3.904551 -0.549779 3.253792 -0.549779 3.904551 -0.641408 3.904551 -0.549779 3.904551 -0.641408 4.555309 -0.641408 4.555309 -0.549779 3.904551 -0.549779 4.555309 -0.641408 4.555309 -0.549779 4.555309 -0.641408 5.206068 -0.641408 5.206068 -0.549779 4.555309 -0.549779 5.206068 -0.641408 5.206068 -0.549779 5.206068 -0.641408 5.856826 -0.641408 5.856826 -0.549779 5.206068 -0.549779 5.856826 -0.641408 5.856826 -0.549779 5.856826 -0.641408 6.507585 -0.641408 6.507585 -0.549779 5.856826 -0.549779 6.507585 -0.641408 6.507585 -0.549779 6.507585 -0.641408 7.158343 -0.641408 7.158343 -0.549779 6.507585 -0.549779 7.158343 -0.641408 7.158343 -0.549779 7.158343 -0.641408 7.809102 -0.641408 7.809102 -0.549779 7.158343 -0.549779 7.809102 -0.641408 7.809102 -0.549779 7.809102 -0.641408 8.45986 -0.641408 8.45986 -0.549779 7.809102 -0.549779 8.45986 -0.641408 8.45986 -0.549779 8.45986 -0.641408 9.110619 -0.641408 9.110619 -0.549779 8.45986 -0.549779 9.110619 -0.641408 9.110619 -0.549779 9.110619 -0.641408 9.761378 -0.641408 9.761378 -0.549779 9.110619 -0.549779 9.761378 -0.641408 9.761378 -0.549779 9.761378 -0.641408 10.41214 -0.641408 10.41214 -0.549779 9.761378 -0.549779 10.41214 -0.641408 10.41214 -0.549779 10.41214 -0.641408 11.06289 -0.641408 11.06289 -0.549779 10.41214 -0.549779 11.06289 -0.641408 11.06289 -0.549779 11.06289 -0.641408 11.71365 -0.641408 11.71365 -0.549779 11.06289 -0.549779 11.71365 -0.641408 11.71365 -0.549779 11.71365 -0.641408 12.36441 -0.641408 12.36441 -0.549779 11.71365 -0.549779 12.36441 -0.641408 12.36441 -0.549779 12.36441 -0.641408 13.01517 -0.641408 13.01517 -0.549779 12.36441 -0.549779 13.01517 -0.641408 13.01517 -0.549779 13.01517 -0.641408 13.66593 -0.641408 13.66593 -0.549779 13.01517 -0.549779 13.66593 -0.549779 -13.66593 -0.458149 -13.66593 -0.549779 -13.01517 -0.549779 -13.01517 -0.458149 -13.66593 -0.458149 -13.01517 -0.549779 -13.01517 -0.458149 -13.01517 -0.549779 -12.36441 -0.549779 -12.36441 -0.458149 -13.01517 -0.458149 -12.36441 -0.549779 -12.36441 -0.458149 -12.36441 -0.549779 -11.71365 -0.549779 -11.71365 -0.458149 -12.36441 -0.458149 -11.71365 -0.549779 -11.71365 -0.458149 -11.71365 -0.549779 -11.06289 -0.549779 -11.06289 -0.458149 -11.71365 -0.458149 -11.06289 -0.549779 -11.06289 -0.458149 -11.06289 -0.549779 -10.41214 -0.549779 -10.41214 -0.458149 -11.06289 -0.458149 -10.41214 -0.549779 -10.41214 -0.458149 -10.41214 -0.549779 -9.761378 -0.549779 -9.761378 -0.458149 -10.41214 -0.458149 -9.761378 -0.549779 -9.761378 -0.458149 -9.761378 -0.549779 -9.110619 -0.549779 -9.110619 -0.458149 -9.761378 -0.458149 -9.110619 -0.549779 -9.110619 -0.458149 -9.110619 -0.549779 -8.45986 -0.549779 -8.45986 -0.458149 -9.110619 -0.458149 -8.45986 -0.549779 -8.45986 -0.458149 -8.45986 -0.549779 -7.809102 -0.549779 -7.809102 -0.458149 -8.45986 -0.458149 -7.809102 -0.549779 -7.809102 -0.458149 -7.809102 -0.549779 -7.158343 -0.549779 -7.158343 -0.458149 -7.809102 -0.458149 -7.158343 -0.549779 -7.158343 -0.458149 -7.158343 -0.549779 -6.507585 -0.549779 -6.507585 -0.458149 -7.158343 -0.458149 -6.507585 -0.549779 -6.507585 -0.458149 -6.507585 -0.549779 -5.856826 -0.549779 -5.856826 -0.458149 -6.507585 -0.458149 -5.856826 -0.549779 -5.856826 -0.458149 -5.856826 -0.549779 -5.206068 -0.549779 -5.206068 -0.458149 -5.856826 -0.458149 -5.206068 -0.549779 -5.206068 -0.458149 -5.206068 -0.549779 -4.555309 -0.549779 -4.555309 -0.458149 -5.206068 -0.458149 -4.555309 -0.549779 -4.555309 -0.458149 -4.555309 -0.549779 -3.904551 -0.549779 -3.904551 -0.458149 -4.555309 -0.458149 -3.904551 -0.549779 -3.904551 -0.458149 -3.904551 -0.549779 -3.253792 -0.549779 -3.253792 -0.458149 -3.904551 -0.458149 -3.253792 -0.549779 -3.253792 -0.458149 -3.253792 -0.549779 -2.603034 -0.549779 -2.603034 -0.458149 -3.253792 -0.458149 -2.603034 -0.549779 -2.603034 -0.458149 -2.603034 -0.549779 -1.952275 -0.549779 -1.952275 -0.458149 -2.603034 -0.458149 -1.952275 -0.549779 -1.952275 -0.458149 -1.952275 -0.549779 -1.301517 -0.549779 -1.301517 -0.458149 -1.952275 -0.458149 -1.301517 -0.549779 -1.301517 -0.458149 -1.301517 -0.549779 -0.650758 -0.549779 -0.650758 -0.458149 -1.301517 -0.458149 -0.650758 -0.549779 -0.650758 -0.458149 -0.650758 -0.549779 0 -0.549779 0 -0.458149 -0.650758 -0.458149 0 -0.549779 0 -0.458149 0 -0.549779 0.650758 -0.549779 0.650758 -0.458149 0 -0.458149 0.650758 -0.549779 0.650758 -0.458149 0.650758 -0.549779 1.301517 -0.549779 1.301517 -0.458149 0.650758 -0.458149 1.301517 -0.549779 1.301517 -0.458149 1.301517 -0.549779 1.952275 -0.549779 1.952275 -0.458149 1.301517 -0.458149 1.952275 -0.549779 1.952275 -0.458149 1.952275 -0.549779 2.603034 -0.549779 2.603034 -0.458149 1.952275 -0.458149 2.603034 -0.549779 2.603034 -0.458149 2.603034 -0.549779 3.253792 -0.549779 3.253792 -0.458149 2.603034 -0.458149 3.253792 -0.549779 3.253792 -0.458149 3.253792 -0.549779 3.904551 -0.549779 3.904551 -0.458149 3.253792 -0.458149 3.904551 -0.549779 3.904551 -0.458149 3.904551 -0.549779 4.555309 -0.549779 4.555309 -0.458149 3.904551 -0.458149 4.555309 -0.549779 4.555309 -0.458149 4.555309 -0.549779 5.206068 -0.549779 5.206068 -0.458149 4.555309 -0.458149 5.206068 -0.549779 5.206068 -0.458149 5.206068 -0.549779 5.856826 -0.549779 5.856826 -0.458149 5.206068 -0.458149 5.856826 -0.549779 5.856826 -0.458149 5.856826 -0.549779 6.507585 -0.549779 6.507585 -0.458149 5.856826 -0.458149 6.507585 -0.549779 6.507585 -0.458149 6.507585 -0.549779 7.158343 -0.549779 7.158343 -0.458149 6.507585 -0.458149 7.158343 -0.549779 7.158343 -0.458149 7.158343 -0.549779 7.809102 -0.549779 7.809102 -0.458149 7.158343 -0.458149 7.809102 -0.549779 7.809102 -0.458149 7.809102 -0.549779 8.45986 -0.549779 8.45986 -0.458149 7.809102 -0.458149 8.45986 -0.549779 8.45986 -0.458149 8.45986 -0.549779 9.110619 -0.549779 9.110619 -0.458149 8.45986 -0.458149 9.110619 -0.549779 9.110619 -0.458149 9.110619 -0.549779 9.761378 -0.549779 9.761378 -0.458149 9.110619 -0.458149 9.761378 -0.549779 9.761378 -0.458149 9.761378 -0.549779 10.41214 -0.549779 10.41214 -0.458149 9.761378 -0.458149 10.41214 -0.549779 10.41214 -0.458149 10.41214 -0.549779 11.06289 -0.549779 11.06289 -0.458149 10.41214 -0.458149 11.06289 -0.549779 11.06289 -0.458149 11.06289 -0.549779 11.71365 -0.549779 11.71365 -0.458149 11.06289 -0.458149 11.71365 -0.549779 11.71365 -0.458149 11.71365 -0.549779 12.36441 -0.549779 12.36441 -0.458149 11.71365 -0.458149 12.36441 -0.549779 12.36441 -0.458149 12.36441 -0.549779 13.01517 -0.549779 13.01517 -0.458149 12.36441 -0.458149 13.01517 -0.549779 13.01517 -0.458149 13.01517 -0.549779 13.66593 -0.549779 13.66593 -0.458149 13.01517 -0.458149 13.66593 -0.274889 -13.66593 -0.18326 -13.66593 -0.274889 -13.01517 -0.274889 -13.01517 -0.18326 -13.66593 -0.18326 -13.01517 -0.274889 -13.01517 -0.18326 -13.01517 -0.274889 -12.36441 -0.274889 -12.36441 -0.18326 -13.01517 -0.18326 -12.36441 -0.274889 -12.36441 -0.18326 -12.36441 -0.274889 -11.71365 -0.274889 -11.71365 -0.18326 -12.36441 -0.18326 -11.71365 -0.274889 -11.71365 -0.18326 -11.71365 -0.274889 -11.06289 -0.274889 -11.06289 -0.18326 -11.71365 -0.18326 -11.06289 -0.274889 -11.06289 -0.18326 -11.06289 -0.274889 -10.41214 -0.274889 -10.41214 -0.18326 -11.06289 -0.18326 -10.41214 -0.274889 -10.41214 -0.18326 -10.41214 -0.274889 -9.761378 -0.274889 -9.761378 -0.18326 -10.41214 -0.18326 -9.761378 -0.274889 -9.761378 -0.18326 -9.761378 -0.274889 -9.110619 -0.274889 -9.110619 -0.18326 -9.761378 -0.18326 -9.110619 -0.274889 -9.110619 -0.18326 -9.110619 -0.274889 -8.45986 -0.274889 -8.45986 -0.18326 -9.110619 -0.18326 -8.45986 -0.274889 -8.45986 -0.18326 -8.45986 -0.274889 -7.809102 -0.274889 -7.809102 -0.18326 -8.45986 -0.18326 -7.809102 -0.274889 -7.809102 -0.18326 -7.809102 -0.274889 -7.158343 -0.274889 -7.158343 -0.18326 -7.809102 -0.18326 -7.158343 -0.274889 -7.158343 -0.18326 -7.158343 -0.274889 -6.507585 -0.274889 -6.507585 -0.18326 -7.158343 -0.18326 -6.507585 -0.274889 -6.507585 -0.18326 -6.507585 -0.274889 -5.856826 -0.274889 -5.856826 -0.18326 -6.507585 -0.18326 -5.856826 -0.274889 -5.856826 -0.18326 -5.856826 -0.274889 -5.206068 -0.274889 -5.206068 -0.18326 -5.856826 -0.18326 -5.206068 -0.274889 -5.206068 -0.18326 -5.206068 -0.274889 -4.555309 -0.274889 -4.555309 -0.18326 -5.206068 -0.18326 -4.555309 -0.274889 -4.555309 -0.18326 -4.555309 -0.274889 -3.904551 -0.274889 -3.904551 -0.18326 -4.555309 -0.18326 -3.904551 -0.274889 -3.904551 -0.18326 -3.904551 -0.274889 -3.253792 -0.274889 -3.253792 -0.18326 -3.904551 -0.18326 -3.253792 -0.274889 -3.253792 -0.18326 -3.253792 -0.274889 -2.603034 -0.274889 -2.603034 -0.18326 -3.253792 -0.18326 -2.603034 -0.274889 -2.603034 -0.18326 -2.603034 -0.274889 -1.952275 -0.274889 -1.952275 -0.18326 -2.603034 -0.18326 -1.952275 -0.274889 -1.952275 -0.18326 -1.952275 -0.274889 -1.301517 -0.274889 -1.301517 -0.18326 -1.952275 -0.18326 -1.301517 -0.274889 -1.301517 -0.18326 -1.301517 -0.274889 -0.650758 -0.274889 -0.650758 -0.18326 -1.301517 -0.18326 -0.650758 -0.274889 -0.650758 -0.18326 -0.650758 -0.274889 0 -0.274889 0 -0.18326 -0.650758 -0.18326 0 -0.274889 0 -0.18326 0 -0.274889 0.650758 -0.274889 0.650758 -0.18326 0 -0.18326 0.650758 -0.274889 0.650758 -0.18326 0.650758 -0.274889 1.301517 -0.274889 1.301517 -0.18326 0.650758 -0.18326 1.301517 -0.274889 1.301517 -0.18326 1.301517 -0.274889 1.952275 -0.274889 1.952275 -0.18326 1.301517 -0.18326 1.952275 -0.274889 1.952275 -0.18326 1.952275 -0.274889 2.603034 -0.274889 2.603034 -0.18326 1.952275 -0.18326 2.603034 -0.274889 2.603034 -0.18326 2.603034 -0.274889 3.253792 -0.274889 3.253792 -0.18326 2.603034 -0.18326 3.253792 -0.274889 3.253792 -0.18326 3.253792 -0.274889 3.904551 -0.274889 3.904551 -0.18326 3.253792 -0.18326 3.904551 -0.274889 3.904551 -0.18326 3.904551 -0.274889 4.555309 -0.274889 4.555309 -0.18326 3.904551 -0.18326 4.555309 -0.274889 4.555309 -0.18326 4.555309 -0.274889 5.206068 -0.274889 5.206068 -0.18326 4.555309 -0.18326 5.206068 -0.274889 5.206068 -0.18326 5.206068 -0.274889 5.856826 -0.274889 5.856826 -0.18326 5.206068 -0.18326 5.856826 -0.274889 5.856826 -0.18326 5.856826 -0.274889 6.507585 -0.274889 6.507585 -0.18326 5.856826 -0.18326 6.507585 -0.274889 6.507585 -0.18326 6.507585 -0.274889 7.158343 -0.274889 7.158343 -0.18326 6.507585 -0.18326 7.158343 -0.274889 7.158343 -0.18326 7.158343 -0.274889 7.809102 -0.274889 7.809102 -0.18326 7.158343 -0.18326 7.809102 -0.274889 7.809102 -0.18326 7.809102 -0.274889 8.45986 -0.274889 8.45986 -0.18326 7.809102 -0.18326 8.45986 -0.274889 8.45986 -0.18326 8.45986 -0.274889 9.110619 -0.274889 9.110619 -0.18326 8.45986 -0.18326 9.110619 -0.274889 9.110619 -0.18326 9.110619 -0.274889 9.761378 -0.274889 9.761378 -0.18326 9.110619 -0.18326 9.761378 -0.274889 9.761378 -0.18326 9.761378 -0.274889 10.41214 -0.274889 10.41214 -0.18326 9.761378 -0.18326 10.41214 -0.274889 10.41214 -0.18326 10.41214 -0.274889 11.06289 -0.274889 11.06289 -0.18326 10.41214 -0.18326 11.06289 -0.274889 11.06289 -0.18326 11.06289 -0.274889 11.71365 -0.274889 11.71365 -0.18326 11.06289 -0.18326 11.71365 -0.274889 11.71365 -0.18326 11.71365 -0.274889 12.36441 -0.274889 12.36441 -0.18326 11.71365 -0.18326 12.36441 -0.274889 12.36441 -0.18326 12.36441 -0.274889 13.01517 -0.274889 13.01517 -0.18326 12.36441 -0.18326 13.01517 -0.274889 13.01517 -0.18326 13.01517 -0.274889 13.66593 -0.274889 13.66593 -0.18326 13.01517 -0.18326 13.66593 -0.18326 -13.66593 -0.09162998 -13.66593 -0.18326 -13.01517 -0.18326 -13.01517 -0.09162998 -13.66593 -0.09162998 -13.01517 -0.18326 -13.01517 -0.09162998 -13.01517 -0.18326 -12.36441 -0.18326 -12.36441 -0.09162998 -13.01517 -0.09162998 -12.36441 -0.18326 -12.36441 -0.09162998 -12.36441 -0.18326 -11.71365 -0.18326 -11.71365 -0.09162998 -12.36441 -0.09162998 -11.71365 -0.18326 -11.71365 -0.09162998 -11.71365 -0.18326 -11.06289 -0.18326 -11.06289 -0.09162998 -11.71365 -0.09162998 -11.06289 -0.18326 -11.06289 -0.09162998 -11.06289 -0.18326 -10.41214 -0.18326 -10.41214 -0.09162998 -11.06289 -0.09162998 -10.41214 -0.18326 -10.41214 -0.09162998 -10.41214 -0.18326 -9.761378 -0.18326 -9.761378 -0.09162998 -10.41214 -0.09162998 -9.761378 -0.18326 -9.761378 -0.09162998 -9.761378 -0.18326 -9.110619 -0.18326 -9.110619 -0.09162998 -9.761378 -0.09162998 -9.110619 -0.18326 -9.110619 -0.09162998 -9.110619 -0.18326 -8.45986 -0.18326 -8.45986 -0.09162998 -9.110619 -0.09162998 -8.45986 -0.18326 -8.45986 -0.09162998 -8.45986 -0.18326 -7.809102 -0.18326 -7.809102 -0.09162998 -8.45986 -0.09162998 -7.809102 -0.18326 -7.809102 -0.09162998 -7.809102 -0.18326 -7.158343 -0.18326 -7.158343 -0.09162998 -7.809102 -0.09162998 -7.158343 -0.18326 -7.158343 -0.09162998 -7.158343 -0.18326 -6.507585 -0.18326 -6.507585 -0.09162998 -7.158343 -0.09162998 -6.507585 -0.18326 -6.507585 -0.09162998 -6.507585 -0.18326 -5.856826 -0.18326 -5.856826 -0.09162998 -6.507585 -0.09162998 -5.856826 -0.18326 -5.856826 -0.09162998 -5.856826 -0.18326 -5.206068 -0.18326 -5.206068 -0.09162998 -5.856826 -0.09162998 -5.206068 -0.18326 -5.206068 -0.09162998 -5.206068 -0.18326 -4.555309 -0.18326 -4.555309 -0.09162998 -5.206068 -0.09162998 -4.555309 -0.18326 -4.555309 -0.09162998 -4.555309 -0.18326 -3.904551 -0.18326 -3.904551 -0.09162998 -4.555309 -0.09162998 -3.904551 -0.18326 -3.904551 -0.09162998 -3.904551 -0.18326 -3.253792 -0.18326 -3.253792 -0.09162998 -3.904551 -0.09162998 -3.253792 -0.18326 -3.253792 -0.09162998 -3.253792 -0.18326 -2.603034 -0.18326 -2.603034 -0.09162998 -3.253792 -0.09162998 -2.603034 -0.18326 -2.603034 -0.09162998 -2.603034 -0.18326 -1.952275 -0.18326 -1.952275 -0.09162998 -2.603034 -0.09162998 -1.952275 -0.18326 -1.952275 -0.09162998 -1.952275 -0.18326 -1.301517 -0.18326 -1.301517 -0.09162998 -1.952275 -0.09162998 -1.301517 -0.18326 -1.301517 -0.09162998 -1.301517 -0.18326 -0.650758 -0.18326 -0.650758 -0.09162998 -1.301517 -0.09162998 -0.650758 -0.18326 -0.650758 -0.09162998 -0.650758 -0.18326 0 -0.18326 0 -0.09162998 -0.650758 -0.09162998 0 -0.18326 0 -0.09162998 0 -0.18326 0.650758 -0.18326 0.650758 -0.09162998 0 -0.09162998 0.650758 -0.18326 0.650758 -0.09162998 0.650758 -0.18326 1.301517 -0.18326 1.301517 -0.09162998 0.650758 -0.09162998 1.301517 -0.18326 1.301517 -0.09162998 1.301517 -0.18326 1.952275 -0.18326 1.952275 -0.09162998 1.301517 -0.09162998 1.952275 -0.18326 1.952275 -0.09162998 1.952275 -0.18326 2.603034 -0.18326 2.603034 -0.09162998 1.952275 -0.09162998 2.603034 -0.18326 2.603034 -0.09162998 2.603034 -0.18326 3.253792 -0.18326 3.253792 -0.09162998 2.603034 -0.09162998 3.253792 -0.18326 3.253792 -0.09162998 3.253792 -0.18326 3.904551 -0.18326 3.904551 -0.09162998 3.253792 -0.09162998 3.904551 -0.18326 3.904551 -0.09162998 3.904551 -0.18326 4.555309 -0.18326 4.555309 -0.09162998 3.904551 -0.09162998 4.555309 -0.18326 4.555309 -0.09162998 4.555309 -0.18326 5.206068 -0.18326 5.206068 -0.09162998 4.555309 -0.09162998 5.206068 -0.18326 5.206068 -0.09162998 5.206068 -0.18326 5.856826 -0.18326 5.856826 -0.09162998 5.206068 -0.09162998 5.856826 -0.18326 5.856826 -0.09162998 5.856826 -0.18326 6.507585 -0.18326 6.507585 -0.09162998 5.856826 -0.09162998 6.507585 -0.18326 6.507585 -0.09162998 6.507585 -0.18326 7.158343 -0.18326 7.158343 -0.09162998 6.507585 -0.09162998 7.158343 -0.18326 7.158343 -0.09162998 7.158343 -0.18326 7.809102 -0.18326 7.809102 -0.09162998 7.158343 -0.09162998 7.809102 -0.18326 7.809102 -0.09162998 7.809102 -0.18326 8.45986 -0.18326 8.45986 -0.09162998 7.809102 -0.09162998 8.45986 -0.18326 8.45986 -0.09162998 8.45986 -0.18326 9.110619 -0.18326 9.110619 -0.09162998 8.45986 -0.09162998 9.110619 -0.18326 9.110619 -0.09162998 9.110619 -0.18326 9.761378 -0.18326 9.761378 -0.09162998 9.110619 -0.09162998 9.761378 -0.18326 9.761378 -0.09162998 9.761378 -0.18326 10.41214 -0.18326 10.41214 -0.09162998 9.761378 -0.09162998 10.41214 -0.18326 10.41214 -0.09162998 10.41214 -0.18326 11.06289 -0.18326 11.06289 -0.09162998 10.41214 -0.09162998 11.06289 -0.18326 11.06289 -0.09162998 11.06289 -0.18326 11.71365 -0.18326 11.71365 -0.09162998 11.06289 -0.09162998 11.71365 -0.18326 11.71365 -0.09162998 11.71365 -0.18326 12.36441 -0.18326 12.36441 -0.09162998 11.71365 -0.09162998 12.36441 -0.18326 12.36441 -0.09162998 12.36441 -0.18326 13.01517 -0.18326 13.01517 -0.09162998 12.36441 -0.09162998 13.01517 -0.18326 13.01517 -0.09162998 13.01517 -0.18326 13.66593 -0.18326 13.66593 -0.09162998 13.01517 -0.09162998 13.66593 0.09162998 -13.66593 0.18326 -13.66593 0.09162998 -13.01517 0.09162998 -13.01517 0.18326 -13.66593 0.18326 -13.01517 0.09162998 -13.01517 0.18326 -13.01517 0.09162998 -12.36441 0.09162998 -12.36441 0.18326 -13.01517 0.18326 -12.36441 0.09162998 -12.36441 0.18326 -12.36441 0.09162998 -11.71365 0.09162998 -11.71365 0.18326 -12.36441 0.18326 -11.71365 0.09162998 -11.71365 0.18326 -11.71365 0.09162998 -11.06289 0.09162998 -11.06289 0.18326 -11.71365 0.18326 -11.06289 0.09162998 -11.06289 0.18326 -11.06289 0.09162998 -10.41214 0.09162998 -10.41214 0.18326 -11.06289 0.18326 -10.41214 0.09162998 -10.41214 0.18326 -10.41214 0.09162998 -9.761378 0.09162998 -9.761378 0.18326 -10.41214 0.18326 -9.761378 0.09162998 -9.761378 0.18326 -9.761378 0.09162998 -9.110619 0.09162998 -9.110619 0.18326 -9.761378 0.18326 -9.110619 0.09162998 -9.110619 0.18326 -9.110619 0.09162998 -8.45986 0.09162998 -8.45986 0.18326 -9.110619 0.18326 -8.45986 0.09162998 -8.45986 0.18326 -8.45986 0.09162998 -7.809102 0.09162998 -7.809102 0.18326 -8.45986 0.18326 -7.809102 0.09162998 -7.809102 0.18326 -7.809102 0.09162998 -7.158343 0.09162998 -7.158343 0.18326 -7.809102 0.18326 -7.158343 0.09162998 -7.158343 0.18326 -7.158343 0.09162998 -6.507585 0.09162998 -6.507585 0.18326 -7.158343 0.18326 -6.507585 0.09162998 -6.507585 0.18326 -6.507585 0.09162998 -5.856826 0.09162998 -5.856826 0.18326 -6.507585 0.18326 -5.856826 0.09162998 -5.856826 0.18326 -5.856826 0.09162998 -5.206068 0.09162998 -5.206068 0.18326 -5.856826 0.18326 -5.206068 0.09162998 -5.206068 0.18326 -5.206068 0.09162998 -4.555309 0.09162998 -4.555309 0.18326 -5.206068 0.18326 -4.555309 0.09162998 -4.555309 0.18326 -4.555309 0.09162998 -3.904551 0.09162998 -3.904551 0.18326 -4.555309 0.18326 -3.904551 0.09162998 -3.904551 0.18326 -3.904551 0.09162998 -3.253792 0.09162998 -3.253792 0.18326 -3.904551 0.18326 -3.253792 0.09162998 -3.253792 0.18326 -3.253792 0.09162998 -2.603034 0.09162998 -2.603034 0.18326 -3.253792 0.18326 -2.603034 0.09162998 -2.603034 0.18326 -2.603034 0.09162998 -1.952275 0.09162998 -1.952275 0.18326 -2.603034 0.18326 -1.952275 0.09162998 -1.952275 0.18326 -1.952275 0.09162998 -1.301517 0.09162998 -1.301517 0.18326 -1.952275 0.18326 -1.301517 0.09162998 -1.301517 0.18326 -1.301517 0.09162998 -0.650758 0.09162998 -0.650758 0.18326 -1.301517 0.18326 -0.650758 0.09162998 -0.650758 0.18326 -0.650758 0.09162998 0 0.09162998 0 0.18326 -0.650758 0.18326 0 0.09162998 0 0.18326 0 0.09162998 0.650758 0.09162998 0.650758 0.18326 0 0.18326 0.650758 0.09162998 0.650758 0.18326 0.650758 0.09162998 1.301517 0.09162998 1.301517 0.18326 0.650758 0.18326 1.301517 0.09162998 1.301517 0.18326 1.301517 0.09162998 1.952275 0.09162998 1.952275 0.18326 1.301517 0.18326 1.952275 0.09162998 1.952275 0.18326 1.952275 0.09162998 2.603034 0.09162998 2.603034 0.18326 1.952275 0.18326 2.603034 0.09162998 2.603034 0.18326 2.603034 0.09162998 3.253792 0.09162998 3.253792 0.18326 2.603034 0.18326 3.253792 0.09162998 3.253792 0.18326 3.253792 0.09162998 3.904551 0.09162998 3.904551 0.18326 3.253792 0.18326 3.904551 0.09162998 3.904551 0.18326 3.904551 0.09162998 4.555309 0.09162998 4.555309 0.18326 3.904551 0.18326 4.555309 0.09162998 4.555309 0.18326 4.555309 0.09162998 5.206068 0.09162998 5.206068 0.18326 4.555309 0.18326 5.206068 0.09162998 5.206068 0.18326 5.206068 0.09162998 5.856826 0.09162998 5.856826 0.18326 5.206068 0.18326 5.856826 0.09162998 5.856826 0.18326 5.856826 0.09162998 6.507585 0.09162998 6.507585 0.18326 5.856826 0.18326 6.507585 0.09162998 6.507585 0.18326 6.507585 0.09162998 7.158343 0.09162998 7.158343 0.18326 6.507585 0.18326 7.158343 0.09162998 7.158343 0.18326 7.158343 0.09162998 7.809102 0.09162998 7.809102 0.18326 7.158343 0.18326 7.809102 0.09162998 7.809102 0.18326 7.809102 0.09162998 8.45986 0.09162998 8.45986 0.18326 7.809102 0.18326 8.45986 0.09162998 8.45986 0.18326 8.45986 0.09162998 9.110619 0.09162998 9.110619 0.18326 8.45986 0.18326 9.110619 0.09162998 9.110619 0.18326 9.110619 0.09162998 9.761378 0.09162998 9.761378 0.18326 9.110619 0.18326 9.761378 0.09162998 9.761378 0.18326 9.761378 0.09162998 10.41214 0.09162998 10.41214 0.18326 9.761378 0.18326 10.41214 0.09162998 10.41214 0.18326 10.41214 0.09162998 11.06289 0.09162998 11.06289 0.18326 10.41214 0.18326 11.06289 0.09162998 11.06289 0.18326 11.06289 0.09162998 11.71365 0.09162998 11.71365 0.18326 11.06289 0.18326 11.71365 0.09162998 11.71365 0.18326 11.71365 0.09162998 12.36441 0.09162998 12.36441 0.18326 11.71365 0.18326 12.36441 0.09162998 12.36441 0.18326 12.36441 0.09162998 13.01517 0.09162998 13.01517 0.18326 12.36441 0.18326 13.01517 0.09162998 13.01517 0.18326 13.01517 0.09162998 13.66593 0.09162998 13.66593 0.18326 13.01517 0.18326 13.66593 0.18326 -13.66593 0.274889 -13.66593 0.18326 -13.01517 0.18326 -13.01517 0.274889 -13.66593 0.274889 -13.01517 0.18326 -13.01517 0.274889 -13.01517 0.18326 -12.36441 0.18326 -12.36441 0.274889 -13.01517 0.274889 -12.36441 0.18326 -12.36441 0.274889 -12.36441 0.18326 -11.71365 0.18326 -11.71365 0.274889 -12.36441 0.274889 -11.71365 0.18326 -11.71365 0.274889 -11.71365 0.18326 -11.06289 0.18326 -11.06289 0.274889 -11.71365 0.274889 -11.06289 0.18326 -11.06289 0.274889 -11.06289 0.18326 -10.41214 0.18326 -10.41214 0.274889 -11.06289 0.274889 -10.41214 0.18326 -10.41214 0.274889 -10.41214 0.18326 -9.761378 0.18326 -9.761378 0.274889 -10.41214 0.274889 -9.761378 0.18326 -9.761378 0.274889 -9.761378 0.18326 -9.110619 0.18326 -9.110619 0.274889 -9.761378 0.274889 -9.110619 0.18326 -9.110619 0.274889 -9.110619 0.18326 -8.45986 0.18326 -8.45986 0.274889 -9.110619 0.274889 -8.45986 0.18326 -8.45986 0.274889 -8.45986 0.18326 -7.809102 0.18326 -7.809102 0.274889 -8.45986 0.274889 -7.809102 0.18326 -7.809102 0.274889 -7.809102 0.18326 -7.158343 0.18326 -7.158343 0.274889 -7.809102 0.274889 -7.158343 0.18326 -7.158343 0.274889 -7.158343 0.18326 -6.507585 0.18326 -6.507585 0.274889 -7.158343 0.274889 -6.507585 0.18326 -6.507585 0.274889 -6.507585 0.18326 -5.856826 0.18326 -5.856826 0.274889 -6.507585 0.274889 -5.856826 0.18326 -5.856826 0.274889 -5.856826 0.18326 -5.206068 0.18326 -5.206068 0.274889 -5.856826 0.274889 -5.206068 0.18326 -5.206068 0.274889 -5.206068 0.18326 -4.555309 0.18326 -4.555309 0.274889 -5.206068 0.274889 -4.555309 0.18326 -4.555309 0.274889 -4.555309 0.18326 -3.904551 0.18326 -3.904551 0.274889 -4.555309 0.274889 -3.904551 0.18326 -3.904551 0.274889 -3.904551 0.18326 -3.253792 0.18326 -3.253792 0.274889 -3.904551 0.274889 -3.253792 0.18326 -3.253792 0.274889 -3.253792 0.18326 -2.603034 0.18326 -2.603034 0.274889 -3.253792 0.274889 -2.603034 0.18326 -2.603034 0.274889 -2.603034 0.18326 -1.952275 0.18326 -1.952275 0.274889 -2.603034 0.274889 -1.952275 0.18326 -1.952275 0.274889 -1.952275 0.18326 -1.301517 0.18326 -1.301517 0.274889 -1.952275 0.274889 -1.301517 0.18326 -1.301517 0.274889 -1.301517 0.18326 -0.650758 0.18326 -0.650758 0.274889 -1.301517 0.274889 -0.650758 0.18326 -0.650758 0.274889 -0.650758 0.18326 0 0.18326 0 0.274889 -0.650758 0.274889 0 0.18326 0 0.274889 0 0.18326 0.650758 0.18326 0.650758 0.274889 0 0.274889 0.650758 0.18326 0.650758 0.274889 0.650758 0.18326 1.301517 0.18326 1.301517 0.274889 0.650758 0.274889 1.301517 0.18326 1.301517 0.274889 1.301517 0.18326 1.952275 0.18326 1.952275 0.274889 1.301517 0.274889 1.952275 0.18326 1.952275 0.274889 1.952275 0.18326 2.603034 0.18326 2.603034 0.274889 1.952275 0.274889 2.603034 0.18326 2.603034 0.274889 2.603034 0.18326 3.253792 0.18326 3.253792 0.274889 2.603034 0.274889 3.253792 0.18326 3.253792 0.274889 3.253792 0.18326 3.904551 0.18326 3.904551 0.274889 3.253792 0.274889 3.904551 0.18326 3.904551 0.274889 3.904551 0.18326 4.555309 0.18326 4.555309 0.274889 3.904551 0.274889 4.555309 0.18326 4.555309 0.274889 4.555309 0.18326 5.206068 0.18326 5.206068 0.274889 4.555309 0.274889 5.206068 0.18326 5.206068 0.274889 5.206068 0.18326 5.856826 0.18326 5.856826 0.274889 5.206068 0.274889 5.856826 0.18326 5.856826 0.274889 5.856826 0.18326 6.507585 0.18326 6.507585 0.274889 5.856826 0.274889 6.507585 0.18326 6.507585 0.274889 6.507585 0.18326 7.158343 0.18326 7.158343 0.274889 6.507585 0.274889 7.158343 0.18326 7.158343 0.274889 7.158343 0.18326 7.809102 0.18326 7.809102 0.274889 7.158343 0.274889 7.809102 0.18326 7.809102 0.274889 7.809102 0.18326 8.45986 0.18326 8.45986 0.274889 7.809102 0.274889 8.45986 0.18326 8.45986 0.274889 8.45986 0.18326 9.110619 0.18326 9.110619 0.274889 8.45986 0.274889 9.110619 0.18326 9.110619 0.274889 9.110619 0.18326 9.761378 0.18326 9.761378 0.274889 9.110619 0.274889 9.761378 0.18326 9.761378 0.274889 9.761378 0.18326 10.41214 0.18326 10.41214 0.274889 9.761378 0.274889 10.41214 0.18326 10.41214 0.274889 10.41214 0.18326 11.06289 0.18326 11.06289 0.274889 10.41214 0.274889 11.06289 0.18326 11.06289 0.274889 11.06289 0.18326 11.71365 0.18326 11.71365 0.274889 11.06289 0.274889 11.71365 0.18326 11.71365 0.274889 11.71365 0.18326 12.36441 0.18326 12.36441 0.274889 11.71365 0.274889 12.36441 0.18326 12.36441 0.274889 12.36441 0.18326 13.01517 0.18326 13.01517 0.274889 12.36441 0.274889 13.01517 0.18326 13.01517 0.274889 13.01517 0.18326 13.66593 0.18326 13.66593 0.274889 13.01517 0.274889 13.66593 0.458149 -13.66593 0.549779 -13.66593 0.458149 -13.01517 0.458149 -13.01517 0.549779 -13.66593 0.549779 -13.01517 0.458149 -13.01517 0.549779 -13.01517 0.458149 -12.36441 0.458149 -12.36441 0.549779 -13.01517 0.549779 -12.36441 0.458149 -12.36441 0.549779 -12.36441 0.458149 -11.71365 0.458149 -11.71365 0.549779 -12.36441 0.549779 -11.71365 0.458149 -11.71365 0.549779 -11.71365 0.458149 -11.06289 0.458149 -11.06289 0.549779 -11.71365 0.549779 -11.06289 0.458149 -11.06289 0.549779 -11.06289 0.458149 -10.41214 0.458149 -10.41214 0.549779 -11.06289 0.549779 -10.41214 0.458149 -10.41214 0.549779 -10.41214 0.458149 -9.761378 0.458149 -9.761378 0.549779 -10.41214 0.549779 -9.761378 0.458149 -9.761378 0.549779 -9.761378 0.458149 -9.110619 0.458149 -9.110619 0.549779 -9.761378 0.549779 -9.110619 0.458149 -9.110619 0.549779 -9.110619 0.458149 -8.45986 0.458149 -8.45986 0.549779 -9.110619 0.549779 -8.45986 0.458149 -8.45986 0.549779 -8.45986 0.458149 -7.809102 0.458149 -7.809102 0.549779 -8.45986 0.549779 -7.809102 0.458149 -7.809102 0.549779 -7.809102 0.458149 -7.158343 0.458149 -7.158343 0.549779 -7.809102 0.549779 -7.158343 0.458149 -7.158343 0.549779 -7.158343 0.458149 -6.507585 0.458149 -6.507585 0.549779 -7.158343 0.549779 -6.507585 0.458149 -6.507585 0.549779 -6.507585 0.458149 -5.856826 0.458149 -5.856826 0.549779 -6.507585 0.549779 -5.856826 0.458149 -5.856826 0.549779 -5.856826 0.458149 -5.206068 0.458149 -5.206068 0.549779 -5.856826 0.549779 -5.206068 0.458149 -5.206068 0.549779 -5.206068 0.458149 -4.555309 0.458149 -4.555309 0.549779 -5.206068 0.549779 -4.555309 0.458149 -4.555309 0.549779 -4.555309 0.458149 -3.904551 0.458149 -3.904551 0.549779 -4.555309 0.549779 -3.904551 0.458149 -3.904551 0.549779 -3.904551 0.458149 -3.253792 0.458149 -3.253792 0.549779 -3.904551 0.549779 -3.253792 0.458149 -3.253792 0.549779 -3.253792 0.458149 -2.603034 0.458149 -2.603034 0.549779 -3.253792 0.549779 -2.603034 0.458149 -2.603034 0.549779 -2.603034 0.458149 -1.952275 0.458149 -1.952275 0.549779 -2.603034 0.549779 -1.952275 0.458149 -1.952275 0.549779 -1.952275 0.458149 -1.301517 0.458149 -1.301517 0.549779 -1.952275 0.549779 -1.301517 0.458149 -1.301517 0.549779 -1.301517 0.458149 -0.650758 0.458149 -0.650758 0.549779 -1.301517 0.549779 -0.650758 0.458149 -0.650758 0.549779 -0.650758 0.458149 0 0.458149 0 0.549779 -0.650758 0.549779 0 0.458149 0 0.549779 0 0.458149 0.650758 0.458149 0.650758 0.549779 0 0.549779 0.650758 0.458149 0.650758 0.549779 0.650758 0.458149 1.301517 0.458149 1.301517 0.549779 0.650758 0.549779 1.301517 0.458149 1.301517 0.549779 1.301517 0.458149 1.952275 0.458149 1.952275 0.549779 1.301517 0.549779 1.952275 0.458149 1.952275 0.549779 1.952275 0.458149 2.603034 0.458149 2.603034 0.549779 1.952275 0.549779 2.603034 0.458149 2.603034 0.549779 2.603034 0.458149 3.253792 0.458149 3.253792 0.549779 2.603034 0.549779 3.253792 0.458149 3.253792 0.549779 3.253792 0.458149 3.904551 0.458149 3.904551 0.549779 3.253792 0.549779 3.904551 0.458149 3.904551 0.549779 3.904551 0.458149 4.555309 0.458149 4.555309 0.549779 3.904551 0.549779 4.555309 0.458149 4.555309 0.549779 4.555309 0.458149 5.206068 0.458149 5.206068 0.549779 4.555309 0.549779 5.206068 0.458149 5.206068 0.549779 5.206068 0.458149 5.856826 0.458149 5.856826 0.549779 5.206068 0.549779 5.856826 0.458149 5.856826 0.549779 5.856826 0.458149 6.507585 0.458149 6.507585 0.549779 5.856826 0.549779 6.507585 0.458149 6.507585 0.549779 6.507585 0.458149 7.158343 0.458149 7.158343 0.549779 6.507585 0.549779 7.158343 0.458149 7.158343 0.549779 7.158343 0.458149 7.809102 0.458149 7.809102 0.549779 7.158343 0.549779 7.809102 0.458149 7.809102 0.549779 7.809102 0.458149 8.45986 0.458149 8.45986 0.549779 7.809102 0.549779 8.45986 0.458149 8.45986 0.549779 8.45986 0.458149 9.110619 0.458149 9.110619 0.549779 8.45986 0.549779 9.110619 0.458149 9.110619 0.549779 9.110619 0.458149 9.761378 0.458149 9.761378 0.549779 9.110619 0.549779 9.761378 0.458149 9.761378 0.549779 9.761378 0.458149 10.41214 0.458149 10.41214 0.549779 9.761378 0.549779 10.41214 0.458149 10.41214 0.549779 10.41214 0.458149 11.06289 0.458149 11.06289 0.549779 10.41214 0.549779 11.06289 0.458149 11.06289 0.549779 11.06289 0.458149 11.71365 0.458149 11.71365 0.549779 11.06289 0.549779 11.71365 0.458149 11.71365 0.549779 11.71365 0.458149 12.36441 0.458149 12.36441 0.549779 11.71365 0.549779 12.36441 0.458149 12.36441 0.549779 12.36441 0.458149 13.01517 0.458149 13.01517 0.549779 12.36441 0.549779 13.01517 0.458149 13.01517 0.549779 13.01517 0.458149 13.66593 0.458149 13.66593 0.549779 13.01517 0.549779 13.66593 0.549779 -13.66593 0.641408 -13.66593 0.549779 -13.01517 0.549779 -13.01517 0.641408 -13.66593 0.641408 -13.01517 0.549779 -13.01517 0.641408 -13.01517 0.549779 -12.36441 0.549779 -12.36441 0.641408 -13.01517 0.641408 -12.36441 0.549779 -12.36441 0.641408 -12.36441 0.549779 -11.71365 0.549779 -11.71365 0.641408 -12.36441 0.641408 -11.71365 0.549779 -11.71365 0.641408 -11.71365 0.549779 -11.06289 0.549779 -11.06289 0.641408 -11.71365 0.641408 -11.06289 0.549779 -11.06289 0.641408 -11.06289 0.549779 -10.41214 0.549779 -10.41214 0.641408 -11.06289 0.641408 -10.41214 0.549779 -10.41214 0.641408 -10.41214 0.549779 -9.761378 0.549779 -9.761378 0.641408 -10.41214 0.641408 -9.761378 0.549779 -9.761378 0.641408 -9.761378 0.549779 -9.110619 0.549779 -9.110619 0.641408 -9.761378 0.641408 -9.110619 0.549779 -9.110619 0.641408 -9.110619 0.549779 -8.45986 0.549779 -8.45986 0.641408 -9.110619 0.641408 -8.45986 0.549779 -8.45986 0.641408 -8.45986 0.549779 -7.809102 0.549779 -7.809102 0.641408 -8.45986 0.641408 -7.809102 0.549779 -7.809102 0.641408 -7.809102 0.549779 -7.158343 0.549779 -7.158343 0.641408 -7.809102 0.641408 -7.158343 0.549779 -7.158343 0.641408 -7.158343 0.549779 -6.507585 0.549779 -6.507585 0.641408 -7.158343 0.641408 -6.507585 0.549779 -6.507585 0.641408 -6.507585 0.549779 -5.856826 0.549779 -5.856826 0.641408 -6.507585 0.641408 -5.856826 0.549779 -5.856826 0.641408 -5.856826 0.549779 -5.206068 0.549779 -5.206068 0.641408 -5.856826 0.641408 -5.206068 0.549779 -5.206068 0.641408 -5.206068 0.549779 -4.555309 0.549779 -4.555309 0.641408 -5.206068 0.641408 -4.555309 0.549779 -4.555309 0.641408 -4.555309 0.549779 -3.904551 0.549779 -3.904551 0.641408 -4.555309 0.641408 -3.904551 0.549779 -3.904551 0.641408 -3.904551 0.549779 -3.253792 0.549779 -3.253792 0.641408 -3.904551 0.641408 -3.253792 0.549779 -3.253792 0.641408 -3.253792 0.549779 -2.603034 0.549779 -2.603034 0.641408 -3.253792 0.641408 -2.603034 0.549779 -2.603034 0.641408 -2.603034 0.549779 -1.952275 0.549779 -1.952275 0.641408 -2.603034 0.641408 -1.952275 0.549779 -1.952275 0.641408 -1.952275 0.549779 -1.301517 0.549779 -1.301517 0.641408 -1.952275 0.641408 -1.301517 0.549779 -1.301517 0.641408 -1.301517 0.549779 -0.650758 0.549779 -0.650758 0.641408 -1.301517 0.641408 -0.650758 0.549779 -0.650758 0.641408 -0.650758 0.549779 0 0.549779 0 0.641408 -0.650758 0.641408 0 0.549779 0 0.641408 0 0.549779 0.650758 0.549779 0.650758 0.641408 0 0.641408 0.650758 0.549779 0.650758 0.641408 0.650758 0.549779 1.301517 0.549779 1.301517 0.641408 0.650758 0.641408 1.301517 0.549779 1.301517 0.641408 1.301517 0.549779 1.952275 0.549779 1.952275 0.641408 1.301517 0.641408 1.952275 0.549779 1.952275 0.641408 1.952275 0.549779 2.603034 0.549779 2.603034 0.641408 1.952275 0.641408 2.603034 0.549779 2.603034 0.641408 2.603034 0.549779 3.253792 0.549779 3.253792 0.641408 2.603034 0.641408 3.253792 0.549779 3.253792 0.641408 3.253792 0.549779 3.904551 0.549779 3.904551 0.641408 3.253792 0.641408 3.904551 0.549779 3.904551 0.641408 3.904551 0.549779 4.555309 0.549779 4.555309 0.641408 3.904551 0.641408 4.555309 0.549779 4.555309 0.641408 4.555309 0.549779 5.206068 0.549779 5.206068 0.641408 4.555309 0.641408 5.206068 0.549779 5.206068 0.641408 5.206068 0.549779 5.856826 0.549779 5.856826 0.641408 5.206068 0.641408 5.856826 0.549779 5.856826 0.641408 5.856826 0.549779 6.507585 0.549779 6.507585 0.641408 5.856826 0.641408 6.507585 0.549779 6.507585 0.641408 6.507585 0.549779 7.158343 0.549779 7.158343 0.641408 6.507585 0.641408 7.158343 0.549779 7.158343 0.641408 7.158343 0.549779 7.809102 0.549779 7.809102 0.641408 7.158343 0.641408 7.809102 0.549779 7.809102 0.641408 7.809102 0.549779 8.45986 0.549779 8.45986 0.641408 7.809102 0.641408 8.45986 0.549779 8.45986 0.641408 8.45986 0.549779 9.110619 0.549779 9.110619 0.641408 8.45986 0.641408 9.110619 0.549779 9.110619 0.641408 9.110619 0.549779 9.761378 0.549779 9.761378 0.641408 9.110619 0.641408 9.761378 0.549779 9.761378 0.641408 9.761378 0.549779 10.41214 0.549779 10.41214 0.641408 9.761378 0.641408 10.41214 0.549779 10.41214 0.641408 10.41214 0.549779 11.06289 0.549779 11.06289 0.641408 10.41214 0.641408 11.06289 0.549779 11.06289 0.641408 11.06289 0.549779 11.71365 0.549779 11.71365 0.641408 11.06289 0.641408 11.71365 0.549779 11.71365 0.641408 11.71365 0.549779 12.36441 0.549779 12.36441 0.641408 11.71365 0.641408 12.36441 0.549779 12.36441 0.641408 12.36441 0.549779 13.01517 0.549779 13.01517 0.641408 12.36441 0.641408 13.01517 0.549779 13.01517 0.641408 13.01517 0.549779 13.66593 0.549779 13.66593 0.641408 13.01517 0.641408 13.66593 0.824668 -13.66593 0.916298 -13.66593 0.824668 -13.01517 0.824668 -13.01517 0.916298 -13.66593 0.916298 -13.01517 0.824668 -13.01517 0.916298 -13.01517 0.824668 -12.36441 0.824668 -12.36441 0.916298 -13.01517 0.916298 -12.36441 0.824668 -12.36441 0.916298 -12.36441 0.824668 -11.71365 0.824668 -11.71365 0.916298 -12.36441 0.916298 -11.71365 0.824668 -11.71365 0.916298 -11.71365 0.824668 -11.06289 0.824668 -11.06289 0.916298 -11.71365 0.916298 -11.06289 0.824668 -11.06289 0.916298 -11.06289 0.824668 -10.41214 0.824668 -10.41214 0.916298 -11.06289 0.916298 -10.41214 0.824668 -10.41214 0.916298 -10.41214 0.824668 -9.761378 0.824668 -9.761378 0.916298 -10.41214 0.916298 -9.761378 0.824668 -9.761378 0.916298 -9.761378 0.824668 -9.110619 0.824668 -9.110619 0.916298 -9.761378 0.916298 -9.110619 0.824668 -9.110619 0.916298 -9.110619 0.824668 -8.45986 0.824668 -8.45986 0.916298 -9.110619 0.916298 -8.45986 0.824668 -8.45986 0.916298 -8.45986 0.824668 -7.809102 0.824668 -7.809102 0.916298 -8.45986 0.916298 -7.809102 0.824668 -7.809102 0.916298 -7.809102 0.824668 -7.158343 0.824668 -7.158343 0.916298 -7.809102 0.916298 -7.158343 0.824668 -7.158343 0.916298 -7.158343 0.824668 -6.507585 0.824668 -6.507585 0.916298 -7.158343 0.916298 -6.507585 0.824668 -6.507585 0.916298 -6.507585 0.824668 -5.856826 0.824668 -5.856826 0.916298 -6.507585 0.916298 -5.856826 0.824668 -5.856826 0.916298 -5.856826 0.824668 -5.206068 0.824668 -5.206068 0.916298 -5.856826 0.916298 -5.206068 0.824668 -5.206068 0.916298 -5.206068 0.824668 -4.555309 0.824668 -4.555309 0.916298 -5.206068 0.916298 -4.555309 0.824668 -4.555309 0.916298 -4.555309 0.824668 -3.904551 0.824668 -3.904551 0.916298 -4.555309 0.916298 -3.904551 0.824668 -3.904551 0.916298 -3.904551 0.824668 -3.253792 0.824668 -3.253792 0.916298 -3.904551 0.916298 -3.253792 0.824668 -3.253792 0.916298 -3.253792 0.824668 -2.603034 0.824668 -2.603034 0.916298 -3.253792 0.916298 -2.603034 0.824668 -2.603034 0.916298 -2.603034 0.824668 -1.952275 0.824668 -1.952275 0.916298 -2.603034 0.916298 -1.952275 0.824668 -1.952275 0.916298 -1.952275 0.824668 -1.301517 0.824668 -1.301517 0.916298 -1.952275 0.916298 -1.301517 0.824668 -1.301517 0.916298 -1.301517 0.824668 -0.650758 0.824668 -0.650758 0.916298 -1.301517 0.916298 -0.650758 0.824668 -0.650758 0.916298 -0.650758 0.824668 0 0.824668 0 0.916298 -0.650758 0.916298 0 0.824668 0 0.916298 0 0.824668 0.650758 0.824668 0.650758 0.916298 0 0.916298 0.650758 0.824668 0.650758 0.916298 0.650758 0.824668 1.301517 0.824668 1.301517 0.916298 0.650758 0.916298 1.301517 0.824668 1.301517 0.916298 1.301517 0.824668 1.952275 0.824668 1.952275 0.916298 1.301517 0.916298 1.952275 0.824668 1.952275 0.916298 1.952275 0.824668 2.603034 0.824668 2.603034 0.916298 1.952275 0.916298 2.603034 0.824668 2.603034 0.916298 2.603034 0.824668 3.253792 0.824668 3.253792 0.916298 2.603034 0.916298 3.253792 0.824668 3.253792 0.916298 3.253792 0.824668 3.904551 0.824668 3.904551 0.916298 3.253792 0.916298 3.904551 0.824668 3.904551 0.916298 3.904551 0.824668 4.555309 0.824668 4.555309 0.916298 3.904551 0.916298 4.555309 0.824668 4.555309 0.916298 4.555309 0.824668 5.206068 0.824668 5.206068 0.916298 4.555309 0.916298 5.206068 0.824668 5.206068 0.916298 5.206068 0.824668 5.856826 0.824668 5.856826 0.916298 5.206068 0.916298 5.856826 0.824668 5.856826 0.916298 5.856826 0.824668 6.507585 0.824668 6.507585 0.916298 5.856826 0.916298 6.507585 0.824668 6.507585 0.916298 6.507585 0.824668 7.158343 0.824668 7.158343 0.916298 6.507585 0.916298 7.158343 0.824668 7.158343 0.916298 7.158343 0.824668 7.809102 0.824668 7.809102 0.916298 7.158343 0.916298 7.809102 0.824668 7.809102 0.916298 7.809102 0.824668 8.45986 0.824668 8.45986 0.916298 7.809102 0.916298 8.45986 0.824668 8.45986 0.916298 8.45986 0.824668 9.110619 0.824668 9.110619 0.916298 8.45986 0.916298 9.110619 0.824668 9.110619 0.916298 9.110619 0.824668 9.761378 0.824668 9.761378 0.916298 9.110619 0.916298 9.761378 0.824668 9.761378 0.916298 9.761378 0.824668 10.41214 0.824668 10.41214 0.916298 9.761378 0.916298 10.41214 0.824668 10.41214 0.916298 10.41214 0.824668 11.06289 0.824668 11.06289 0.916298 10.41214 0.916298 11.06289 0.824668 11.06289 0.916298 11.06289 0.824668 11.71365 0.824668 11.71365 0.916298 11.06289 0.916298 11.71365 0.824668 11.71365 0.916298 11.71365 0.824668 12.36441 0.824668 12.36441 0.916298 11.71365 0.916298 12.36441 0.824668 12.36441 0.916298 12.36441 0.824668 13.01517 0.824668 13.01517 0.916298 12.36441 0.916298 13.01517 0.824668 13.01517 0.916298 13.01517 0.824668 13.66593 0.824668 13.66593 0.916298 13.01517 0.916298 13.66593 0.916298 -13.66593 1.007928 -13.66593 0.916298 -13.01517 0.916298 -13.01517 1.007928 -13.66593 1.007928 -13.01517 0.916298 -13.01517 1.007928 -13.01517 0.916298 -12.36441 0.916298 -12.36441 1.007928 -13.01517 1.007928 -12.36441 0.916298 -12.36441 1.007928 -12.36441 0.916298 -11.71365 0.916298 -11.71365 1.007928 -12.36441 1.007928 -11.71365 0.916298 -11.71365 1.007928 -11.71365 0.916298 -11.06289 0.916298 -11.06289 1.007928 -11.71365 1.007928 -11.06289 0.916298 -11.06289 1.007928 -11.06289 0.916298 -10.41214 0.916298 -10.41214 1.007928 -11.06289 1.007928 -10.41214 0.916298 -10.41214 1.007928 -10.41214 0.916298 -9.761378 0.916298 -9.761378 1.007928 -10.41214 1.007928 -9.761378 0.916298 -9.761378 1.007928 -9.761378 0.916298 -9.110619 0.916298 -9.110619 1.007928 -9.761378 1.007928 -9.110619 0.916298 -9.110619 1.007928 -9.110619 0.916298 -8.45986 0.916298 -8.45986 1.007928 -9.110619 1.007928 -8.45986 0.916298 -8.45986 1.007928 -8.45986 0.916298 -7.809102 0.916298 -7.809102 1.007928 -8.45986 1.007928 -7.809102 0.916298 -7.809102 1.007928 -7.809102 0.916298 -7.158343 0.916298 -7.158343 1.007928 -7.809102 1.007928 -7.158343 0.916298 -7.158343 1.007928 -7.158343 0.916298 -6.507585 0.916298 -6.507585 1.007928 -7.158343 1.007928 -6.507585 0.916298 -6.507585 1.007928 -6.507585 0.916298 -5.856826 0.916298 -5.856826 1.007928 -6.507585 1.007928 -5.856826 0.916298 -5.856826 1.007928 -5.856826 0.916298 -5.206068 0.916298 -5.206068 1.007928 -5.856826 1.007928 -5.206068 0.916298 -5.206068 1.007928 -5.206068 0.916298 -4.555309 0.916298 -4.555309 1.007928 -5.206068 1.007928 -4.555309 0.916298 -4.555309 1.007928 -4.555309 0.916298 -3.904551 0.916298 -3.904551 1.007928 -4.555309 1.007928 -3.904551 0.916298 -3.904551 1.007928 -3.904551 0.916298 -3.253792 0.916298 -3.253792 1.007928 -3.904551 1.007928 -3.253792 0.916298 -3.253792 1.007928 -3.253792 0.916298 -2.603034 0.916298 -2.603034 1.007928 -3.253792 1.007928 -2.603034 0.916298 -2.603034 1.007928 -2.603034 0.916298 -1.952275 0.916298 -1.952275 1.007928 -2.603034 1.007928 -1.952275 0.916298 -1.952275 1.007928 -1.952275 0.916298 -1.301517 0.916298 -1.301517 1.007928 -1.952275 1.007928 -1.301517 0.916298 -1.301517 1.007928 -1.301517 0.916298 -0.650758 0.916298 -0.650758 1.007928 -1.301517 1.007928 -0.650758 0.916298 -0.650758 1.007928 -0.650758 0.916298 0 0.916298 0 1.007928 -0.650758 1.007928 0 0.916298 0 1.007928 0 0.916298 0.650758 0.916298 0.650758 1.007928 0 1.007928 0.650758 0.916298 0.650758 1.007928 0.650758 0.916298 1.301517 0.916298 1.301517 1.007928 0.650758 1.007928 1.301517 0.916298 1.301517 1.007928 1.301517 0.916298 1.952275 0.916298 1.952275 1.007928 1.301517 1.007928 1.952275 0.916298 1.952275 1.007928 1.952275 0.916298 2.603034 0.916298 2.603034 1.007928 1.952275 1.007928 2.603034 0.916298 2.603034 1.007928 2.603034 0.916298 3.253792 0.916298 3.253792 1.007928 2.603034 1.007928 3.253792 0.916298 3.253792 1.007928 3.253792 0.916298 3.904551 0.916298 3.904551 1.007928 3.253792 1.007928 3.904551 0.916298 3.904551 1.007928 3.904551 0.916298 4.555309 0.916298 4.555309 1.007928 3.904551 1.007928 4.555309 0.916298 4.555309 1.007928 4.555309 0.916298 5.206068 0.916298 5.206068 1.007928 4.555309 1.007928 5.206068 0.916298 5.206068 1.007928 5.206068 0.916298 5.856826 0.916298 5.856826 1.007928 5.206068 1.007928 5.856826 0.916298 5.856826 1.007928 5.856826 0.916298 6.507585 0.916298 6.507585 1.007928 5.856826 1.007928 6.507585 0.916298 6.507585 1.007928 6.507585 0.916298 7.158343 0.916298 7.158343 1.007928 6.507585 1.007928 7.158343 0.916298 7.158343 1.007928 7.158343 0.916298 7.809102 0.916298 7.809102 1.007928 7.158343 1.007928 7.809102 0.916298 7.809102 1.007928 7.809102 0.916298 8.45986 0.916298 8.45986 1.007928 7.809102 1.007928 8.45986 0.916298 8.45986 1.007928 8.45986 0.916298 9.110619 0.916298 9.110619 1.007928 8.45986 1.007928 9.110619 0.916298 9.110619 1.007928 9.110619 0.916298 9.761378 0.916298 9.761378 1.007928 9.110619 1.007928 9.761378 0.916298 9.761378 1.007928 9.761378 0.916298 10.41214 0.916298 10.41214 1.007928 9.761378 1.007928 10.41214 0.916298 10.41214 1.007928 10.41214 0.916298 11.06289 0.916298 11.06289 1.007928 10.41214 1.007928 11.06289 0.916298 11.06289 1.007928 11.06289 0.916298 11.71365 0.916298 11.71365 1.007928 11.06289 1.007928 11.71365 0.916298 11.71365 1.007928 11.71365 0.916298 12.36441 0.916298 12.36441 1.007928 11.71365 1.007928 12.36441 0.916298 12.36441 1.007928 12.36441 0.916298 13.01517 0.916298 13.01517 1.007928 12.36441 1.007928 13.01517 0.916298 13.01517 1.007928 13.01517 0.916298 13.66593 0.916298 13.66593 1.007928 13.01517 1.007928 13.66593 0 0 2.793007 0 0 0.00999999 0 0.00999999 2.793007 0 2.793007 0.00999999 0 0 2.793007 0 0 0.00999999 0 0.00999999 2.793007 0 2.793007 0.00999999 0 0 0.777108 0 0 0.00999999 0 0.00999999 0.777108 0 0.777108 0.00999999 1.396503 0.388554 -1.341512 0.131456 1.396503 -0.388554 1.396503 -0.388554 -1.341512 0.131456 -1.341512 -0.131456 1.396503 -0.388554 -1.341512 -0.131456 -1.396503 -0.388554 1.396503 0.388554 -1.396503 0.388554 -1.341512 0.131456 0.388554 -7.981084 -0.388554 -7.981084 0.1297 -7.997897 0.1297 -7.997897 -0.388554 -7.981084 -0.1297 -7.997897 -0.388554 -7.981084 -0.388554 -5.188077 -0.968837 -7.880896 -0.968837 -7.880896 -0.388554 -5.188077 -0.671404 -5.05438 -0.968837 -7.880896 -0.671404 -5.05438 -0.912196 -4.854633 -0.968837 -7.880896 -0.912196 -4.854633 -1.528123 -7.696598 -1.528123 -7.696598 -0.912196 -4.854633 -1.095846 -4.60135 -1.528123 -7.696598 -1.095846 -4.60135 -2.05429 -7.432185 -2.05429 -7.432185 -1.095846 -4.60135 -1.210848 -4.310397 -2.05429 -7.432185 -1.210848 -4.310397 -2.535935 -7.093386 -2.535935 -7.093386 -1.210848 -4.310397 -1.25 -4 -2.535935 -7.093386 -1.25 -4 -2.962618 -6.687544 -2.962618 -6.687544 -1.25 -4 -3.325093 -6.223455 -3.325093 -6.223455 -1.25 -4 -3.325093 -1.776545 -3.325093 -6.223455 -3.325093 -1.776545 -3.615504 -5.711178 -3.615504 -5.711178 -3.325093 -1.776545 -3.615504 -2.288822 -3.615504 -5.711178 -3.615504 -2.288822 -3.827556 -5.161815 -3.827556 -5.161815 -3.615504 -2.288822 -3.827556 -2.838185 -3.827556 -5.161815 -3.827556 -2.838185 -3.956654 -4.587271 -3.956654 -4.587271 -3.827556 -2.838185 -3.956654 -3.412729 -3.956654 -4.587271 -3.956654 -3.412729 -4 -4 -1.210848 -3.689603 -2.535935 -0.906614 -1.25 -4 -1.25 -4 -2.535935 -0.906614 -2.962618 -1.312456 -1.25 -4 -2.962618 -1.312456 -3.325093 -1.776545 -2.535935 -0.906614 -1.210848 -3.689603 -2.05429 -0.567815 -2.05429 -0.567815 -1.210848 -3.689603 -1.095846 -3.39865 -2.05429 -0.567815 -1.095846 -3.39865 -1.528123 -0.303402 -1.528123 -0.303402 -1.095846 -3.39865 -0.912196 -3.145367 -1.528123 -0.303402 -0.912196 -3.145367 -0.968837 -0.119104 -0.968837 -0.119104 -0.912196 -3.145367 -0.671404 -2.94562 -0.968837 -0.119104 -0.671404 -2.94562 -0.388554 -2.811923 -0.388554 -2.811923 -0.388554 -0.01891595 -0.968837 -0.119104 0.388554 -7.981084 0.968837 -7.880896 0.388554 -5.188077 0.388554 -5.188077 0.968837 -7.880896 0.671404 -5.05438 0.671404 -5.05438 0.968837 -7.880896 0.912196 -4.854633 0.912196 -4.854633 0.968837 -7.880896 1.528123 -7.696598 0.912196 -4.854633 1.528123 -7.696598 1.095846 -4.60135 1.095846 -4.60135 1.528123 -7.696598 2.05429 -7.432185 1.095846 -4.60135 2.05429 -7.432185 1.210848 -4.310397 1.210848 -4.310397 2.05429 -7.432185 2.535935 -7.093386 1.210848 -4.310397 2.535935 -7.093386 1.25 -4 1.25 -4 2.535935 -7.093386 2.962618 -6.687544 1.25 -4 2.962618 -6.687544 3.325093 -6.223455 1.25 -4 3.325093 -6.223455 3.325093 -1.776545 3.325093 -1.776545 3.325093 -6.223455 3.615504 -5.711178 3.325093 -1.776545 3.615504 -5.711178 3.615504 -2.288822 3.615504 -2.288822 3.615504 -5.711178 3.827556 -5.161815 3.615504 -2.288822 3.827556 -5.161815 3.827556 -2.838185 3.827556 -2.838185 3.827556 -5.161815 3.956654 -4.587271 3.827556 -2.838185 3.956654 -4.587271 3.956654 -3.412729 3.956654 -3.412729 3.956654 -4.587271 4 -4 3.325093 -1.776545 2.962618 -1.312456 1.25 -4 1.25 -4 2.962618 -1.312456 2.535935 -0.906614 1.25 -4 2.535935 -0.906614 1.210848 -3.689603 1.210848 -3.689603 2.535935 -0.906614 2.05429 -0.567815 1.210848 -3.689603 2.05429 -0.567815 1.095846 -3.39865 1.095846 -3.39865 2.05429 -0.567815 1.528123 -0.303402 1.095846 -3.39865 1.528123 -0.303402 0.912196 -3.145367 0.912196 -3.145367 1.528123 -0.303402 0.968837 -0.119104 0.912196 -3.145367 0.968837 -0.119104 0.671404 -2.94562 0.671404 -2.94562 0.968837 -0.119104 0.388554 -2.811923 0.388554 -2.811923 0.968837 -0.119104 0.388554 -0.01891595 0 0 0.777108 0 0 0.00999999 0 0.00999999 0.777108 0 0.777108 0.00999999 0 0 2.793007 0 0 0.00999999 0 0.00999999 2.793007 0 2.793007 0.00999999 0 0 2.793007 0 0 0.00999999 0 0.00999999 2.793007 0 2.793007 0.00999999 1.396503 -0.388554 1.341512 -0.131456 -1.396503 -0.388554 -1.396503 -0.388554 1.341512 -0.131456 1.341512 0.131456 -1.396503 -0.388554 1.341512 0.131456 -1.396503 0.388554 -1.396503 0.388554 1.341512 0.131456 1.396503 0.388554 -0.388554 -0.01891595 0.388554 -0.01891595 -0.1297 -0.002102971 -0.1297 -0.002102971 0.388554 -0.01891595 0.1297 -0.002102971 0.5 -0.863938 0 -0.863938 0.5 -0.942478 0.5 -0.942478 0 -0.863938 0 -0.942478 0.5 0.942478 0 0.942478 0.5 0.863938 0.5 0.863938 0 0.942478 0 0.863938 0.5 0.863938 0 0.863938 0.5 0.785398 0.5 0.785398 0 0.863938 0 0.785398 0.5 0.785398 0 0.785398 0.5 0.706858 0.5 0.706858 0 0.785398 0 0.706858 0.5 0.706858 0 0.706858 0.5 0.628319 0.5 0.628319 0 0.706858 0 0.628319 0.5 0.628319 0 0.628319 0.5 0.549779 0.5 0.549779 0 0.628319 0 0.549779 0.5 0.549779 0 0.549779 0.5 0.471239 0.5 0.471239 0 0.549779 0 0.471239 0.5 0.471239 0 0.471239 0.5 0.392699 0.5 0.392699 0 0.471239 0 0.392699 0.5 0.392699 0 0.392699 0.5 0.314159 0.5 0.314159 0 0.392699 0 0.314159 0.5 0.314159 0 0.314159 0.5 0.235619 0.5 0.235619 0 0.314159 0 0.235619 0.5 0.235619 0 0.235619 0.5 0.1570799 0.5 0.1570799 0 0.235619 0 0.1570799 0.5 0.1570799 0 0.1570799 0.5 0.07853996 0.5 0.07853996 0 0.1570799 0 0.07853996 0.5 0.07853996 0 0.07853996 0.5 0 0.5 0 0 0.07853996 0 0 0.5 0 0 0 0.5 -0.07853996 0.5 -0.07853996 0 0 0 -0.07853996 0.5 -0.07853996 0 -0.07853996 0.5 -0.1570799 0.5 -0.1570799 0 -0.07853996 0 -0.1570799 0.5 -0.1570799 0 -0.1570799 0.5 -0.235619 0.5 -0.235619 0 -0.1570799 0 -0.235619 0.5 -0.235619 0 -0.235619 0.5 -0.314159 0.5 -0.314159 0 -0.235619 0 -0.314159 0.5 -0.314159 0 -0.314159 0.5 -0.392699 0.5 -0.392699 0 -0.314159 0 -0.392699 0.5 -0.392699 0 -0.392699 0.5 -0.471239 0.5 -0.471239 0 -0.392699 0 -0.471239 0.5 -0.471239 0 -0.471239 0.5 -0.549779 0.5 -0.549779 0 -0.471239 0 -0.549779 0.5 -0.549779 0 -0.549779 0.5 -0.628319 0.5 -0.628319 0 -0.549779 0 -0.628319 0.5 -0.628319 0 -0.628319 0.5 -0.706858 0.5 -0.706858 0 -0.628319 0 -0.706858 0.5 -0.706858 0 -0.706858 0.5 -0.785398 0.5 -0.785398 0 -0.706858 0 -0.785398 0.5 -0.785398 0 -0.785398 0.5 -0.863938 0.5 -0.863938 0 -0.785398 0 -0.863938 -0.289778 -0.07764595 0.289778 -0.07764595 -0.3 0 -0.3 0 0.289778 -0.07764595 0.3 0 -0.3 0 0.3 0 -0.289778 0.07764595 -0.289778 0.07764595 0.3 0 0.289778 0.07764595 -0.289778 0.07764595 0.289778 0.07764595 -0.259808 0.15 -0.259808 0.15 0.289778 0.07764595 0.259808 0.15 -0.259808 0.15 0.259808 0.15 -0.212132 0.212132 -0.212132 0.212132 0.259808 0.15 0.212132 0.212132 -0.212132 0.212132 0.212132 0.212132 -0.15 0.259808 -0.15 0.259808 0.212132 0.212132 0.15 0.259808 -0.15 0.259808 0.15 0.259808 -0.07764595 0.289778 -0.07764595 0.289778 0.15 0.259808 0.07764595 0.289778 -0.07764595 0.289778 0.07764595 0.289778 0 0.3 0.289778 -0.07764595 -0.289778 -0.07764595 0.259808 -0.15 0.259808 -0.15 -0.289778 -0.07764595 -0.259808 -0.15 0.259808 -0.15 -0.259808 -0.15 0.212132 -0.212132 0.212132 -0.212132 -0.259808 -0.15 -0.212132 -0.212132 0.212132 -0.212132 -0.212132 -0.212132 0.15 -0.259808 0.15 -0.259808 -0.212132 -0.212132 -0.15 -0.259808 0.15 -0.259808 -0.15 -0.259808 0.07764595 -0.289778 0.07764595 -0.289778 -0.15 -0.259808 -0.07764595 -0.289778 0.07764595 -0.289778 -0.07764595 -0.289778 0 -0.3 0 0.3951 -0.5 0.654498 -0.00999999 0.3951 -0.00999999 0.3951 -0.5 0.654498 -0.5 0.327249 -0.00999999 0.3951 -0.5 0.327249 -0.00999999 0.1317 -0.00999999 0.1317 -0.5 0.327249 -0.5 0 -0.00999999 0.1317 -0.5 0 -0.00999999 -0.1317 -0.00999999 -0.1317 -0.5 0 -0.5 -0.327249 -0.00999999 -0.1317 -0.5 -0.327249 -0.00999999 -0.3951 -0.00999999 -0.3951 -0.5 -0.327249 -0.5 -0.654498 -0.00999999 -0.3951 -0.5 -0.654498 0 -0.3951 0 -0.3951 -0.5 -0.654498 0 -0.708779 0 -0.708779 -0.5 -0.654498 -0.5 -0.981748 0 -0.708779 -0.5 -0.981748 0 -1.022458 0 -1.022458 -0.5 -0.981748 -0.5 -1.308997 0 -1.022458 -0.5 -1.308997 0 -1.336137 0 -1.336137 -0.5 -1.308997 -0.5 -1.636246 0 -1.336137 -0.5 -1.636246 0 -1.649816 0 -1.649816 -0.5 -1.636246 -0.5 -1.963495 0 -1.649816 -0.5 -1.963495 0 -1.963495 0 -1.963495 -0.5 -1.963495 0 -2.277175 0 -2.277175 -0.5 -1.963495 -0.5 -2.290745 0 -2.277175 -0.5 -2.290745 0 -2.590854 0 -2.590854 -0.5 -2.290745 -0.5 -2.617994 0 -2.590854 -0.5 -2.617994 0 -2.904533 0 -2.904533 -0.5 -2.617994 -0.5 -2.945243 0 -2.904533 -0.5 -2.945243 0 -3.218212 0 -3.218212 -0.5 -2.945243 -0.5 -3.272492 0 -3.218212 -0.5 -3.272492 0 -3.531891 0 -3.531891 -0.5 -3.272492 -0.00999999 -3.531891 -0.00999999 -3.531891 -0.5 -3.272492 -0.5 -3.599742 -0.00999999 -3.531891 -0.5 -3.599742 -0.00999999 -3.795291 -0.00999999 -3.795291 -0.5 -3.599742 -0.5 -3.926991 -0.00999999 -3.795291 -0.5 -3.926991 -0.00999999 -4.058691 -0.00999999 3.795291 -0.5 3.926991 -0.5 3.599742 -0.00999999 3.795291 -0.5 3.599742 -0.00999999 3.531891 -0.00999999 3.531891 -0.5 3.599742 -0.5 3.272492 -0.00999999 3.531891 -0.5 3.272492 0 3.531891 0 3.531891 -0.5 3.272492 0 3.218212 0 3.218212 -0.5 3.272492 -0.5 2.945243 0 3.218212 -0.5 2.945243 0 2.904533 0 2.904533 -0.5 2.945243 -0.5 2.617994 0 2.904533 -0.5 2.617994 0 2.590854 0 2.590854 -0.5 2.617994 -0.5 2.290745 0 2.590854 -0.5 2.290745 0 2.277175 0 2.277175 -0.5 2.290745 -0.5 1.963495 0 2.277175 -0.5 1.963495 0 1.963495 0 1.963495 -0.5 1.963495 0 1.649816 0 1.649816 -0.5 1.963495 -0.5 1.636246 0 1.649816 -0.5 1.636246 0 1.336137 0 1.336137 -0.5 1.636246 -0.5 1.308997 0 1.336137 -0.5 1.308997 0 1.022458 0 1.022458 -0.5 1.308997 -0.5 0.981748 0 1.022458 -0.5 0.981748 0 0.708779 0 0.708779 -0.5 0.981748 -0.5 0.654498 0 0.708779 -0.5 0.654498 0 0.3951 -0.289778 -0.07764595 -0.3 0 -1.25 0 -1.25 0 -0.3 0 -0.289778 0.07764595 -1.25 0 -0.289778 0.07764595 -1.207407 0.323524 -1.207407 0.323524 -0.289778 0.07764595 -0.259808 0.15 -1.207407 0.323524 -0.259808 0.15 -1.082532 0.625 -1.082532 0.625 -0.259808 0.15 -0.212132 0.212132 -1.082532 0.625 -0.212132 0.212132 -0.883883 0.883883 -0.883883 0.883883 -0.212132 0.212132 -0.15 0.259808 -0.883883 0.883883 -0.15 0.259808 -0.625 1.082532 -0.625 1.082532 -0.15 0.259808 -0.07764595 0.289778 -0.625 1.082532 -0.07764595 0.289778 -0.323524 1.207407 -0.323524 1.207407 -0.07764595 0.289778 0 0.3 -0.323524 1.207407 0 0.3 0 1.25 0 1.25 0 0.3 0.323524 1.207407 0.323524 1.207407 0 0.3 0.07764595 0.289778 0.323524 1.207407 0.07764595 0.289778 0.625 1.082532 0.625 1.082532 0.07764595 0.289778 0.15 0.259808 0.625 1.082532 0.15 0.259808 0.883883 0.883883 0.883883 0.883883 0.15 0.259808 0.212132 0.212132 0.883883 0.883883 0.212132 0.212132 1.082532 0.625 1.082532 0.625 0.212132 0.212132 0.259808 0.15 1.082532 0.625 0.259808 0.15 1.207407 0.323524 1.207407 0.323524 0.259808 0.15 0.289778 0.07764595 1.207407 0.323524 0.289778 0.07764595 1.25 0 1.25 0 0.289778 0.07764595 0.3 0 1.25 0 0.3 0 1.207407 -0.323524 1.207407 -0.323524 0.3 0 0.289778 -0.07764595 1.207407 -0.323524 0.289778 -0.07764595 0.259808 -0.15 1.207407 -0.323524 0.259808 -0.15 1.082532 -0.625 1.082532 -0.625 0.259808 -0.15 0.212132 -0.212132 1.082532 -0.625 0.212132 -0.212132 0.883883 -0.883883 0.883883 -0.883883 0.212132 -0.212132 0.15 -0.259808 0.883883 -0.883883 0.15 -0.259808 0.625 -1.082532 0.625 -1.082532 0.15 -0.259808 0.07764595 -0.289778 0.625 -1.082532 0.07764595 -0.289778 0.323524 -1.207407 0.323524 -1.207407 0.07764595 -0.289778 0 -0.3 0.323524 -1.207407 0 -0.3 0 -1.25 0 -1.25 0 -0.3 -0.323524 -1.207407 -0.323524 -1.207407 0 -0.3 -0.07764595 -0.289778 -0.323524 -1.207407 -0.07764595 -0.289778 -0.625 -1.082532 -0.625 -1.082532 -0.07764595 -0.289778 -0.15 -0.259808 -0.625 -1.082532 -0.15 -0.259808 -0.883883 -0.883883 -0.883883 -0.883883 -0.15 -0.259808 -0.212132 -0.212132 -0.883883 -0.883883 -0.212132 -0.212132 -1.082532 -0.625 -1.082532 -0.625 -0.212132 -0.212132 -0.259808 -0.15 -1.082532 -0.625 -0.259808 -0.15 -1.207407 -0.323524 -1.207407 -0.323524 -0.259808 -0.15 -0.289778 -0.07764595 -1.207407 -0.323524 -0.289778 -0.07764595 -1.25 0 -0.549779 6.881584 -0.641408 6.854384 -0.549779 6.283185 -0.549779 6.283185 -0.641408 6.854384 -0.641408 6.283185 -0.549779 6.283185 -0.641408 6.283185 -0.641408 5.711987 -0.641408 5.711987 -0.641408 6.283185 -0.733038 6.283185 -0.641408 5.711987 -0.733038 6.283185 -0.733038 5.711987 -0.733038 5.711987 -0.733038 6.283185 -0.824668 6.283185 -0.733038 5.711987 -0.824668 6.283185 -0.824668 5.711987 -0.824668 5.711987 -0.824668 6.283185 -0.916298 6.283185 -0.824668 5.711987 -0.916298 6.283185 -0.916298 5.711987 -0.916298 5.711987 -0.916298 6.283185 -1.007928 6.283185 -0.916298 5.711987 -1.007928 6.283185 -1.007928 5.711987 -1.007928 5.711987 -1.007928 6.283185 -1.099557 6.283185 -1.007928 5.711987 -1.099557 6.283185 -1.099557 5.711987 1.099557 5.711987 1.099557 6.283185 1.007928 6.283185 1.099557 5.711987 1.007928 6.283185 1.007928 5.711987 1.007928 5.711987 1.007928 6.283185 0.916298 6.283185 1.007928 5.711987 0.916298 6.283185 0.916298 5.711987 0.916298 5.711987 0.916298 6.283185 0.824668 6.283185 0.916298 5.711987 0.824668 6.283185 0.824668 5.711987 0.824668 5.711987 0.824668 6.283185 0.733038 6.283185 0.824668 5.711987 0.733038 6.283185 0.733038 5.711987 0.733038 5.711987 0.733038 6.283185 0.641408 6.283185 0.733038 5.711987 0.641408 6.283185 0.641408 5.711987 0.641408 5.711987 0.641408 6.283185 0.549779 6.283185 0.641408 5.711987 0.549779 6.283185 0.549779 5.684787 -0.641408 6.854384 -0.549779 6.881584 -0.641408 7.425583 -0.641408 7.425583 -0.549779 6.881584 -0.549779 7.479983 -0.641408 7.425583 -0.549779 7.479983 -0.641408 7.996781 -0.641408 7.996781 -0.549779 7.479983 -0.549779 8.078381 -0.641408 7.996781 -0.549779 8.078381 -0.641408 8.56798 -0.641408 8.56798 -0.549779 8.078381 -0.549779 8.67678 -0.641408 8.56798 -0.549779 8.67678 -0.641408 9.13918 -0.641408 9.13918 -0.549779 8.67678 -0.549779 9.275178 -0.641408 9.13918 -0.549779 9.275178 -0.641408 9.710377 -0.641408 9.710377 -0.549779 9.275178 -0.549779 9.873578 -0.641408 9.710377 -0.549779 9.873578 -0.641408 10.28158 -0.641408 10.28158 -0.549779 9.873578 -0.549779 10.47198 -0.641408 10.28158 -0.549779 10.47198 -0.641408 10.85277 -0.641408 10.85277 -0.549779 10.47198 -0.549779 11.07037 -0.641408 10.85277 -0.549779 11.07037 -0.641408 11.42397 -0.641408 11.42397 -0.549779 11.07037 -0.549779 11.66877 -0.641408 11.42397 -0.549779 11.66877 -0.641408 11.99517 -0.641408 11.99517 -0.549779 11.66877 -0.549779 12.26717 -0.641408 11.99517 -0.549779 12.26717 -0.641408 12.56637 -0.641408 -12.56637 -0.549779 -12.86557 -0.549779 -12.26717 -0.641408 -12.56637 -0.549779 -12.26717 -0.641408 -11.99517 -0.641408 -11.99517 -0.549779 -12.26717 -0.549779 -11.66877 -0.641408 -11.99517 -0.549779 -11.66877 -0.641408 -11.42397 -0.641408 -11.42397 -0.549779 -11.66877 -0.549779 -11.07037 -0.641408 -11.42397 -0.549779 -11.07037 -0.641408 -10.85277 -0.641408 -10.85277 -0.549779 -11.07037 -0.549779 -10.47198 -0.641408 -10.85277 -0.549779 -10.47198 -0.641408 -10.28158 -0.641408 -10.28158 -0.549779 -10.47198 -0.549779 -9.873578 -0.641408 -10.28158 -0.549779 -9.873578 -0.641408 -9.710377 -0.641408 -9.710377 -0.549779 -9.873578 -0.549779 -9.275178 -0.641408 -9.710377 -0.549779 -9.275178 -0.641408 -9.13918 -0.641408 -9.13918 -0.549779 -9.275178 -0.549779 -8.67678 -0.641408 -9.13918 -0.549779 -8.67678 -0.641408 -8.56798 -0.641408 -8.56798 -0.549779 -8.67678 -0.549779 -8.078381 -0.641408 -8.56798 -0.549779 -8.078381 -0.641408 -7.996781 -0.641408 -7.996781 -0.549779 -8.078381 -0.549779 -7.479983 -0.641408 -7.996781 -0.549779 -7.479983 -0.641408 -7.425583 -0.641408 -7.425583 -0.549779 -7.479983 -0.549779 -6.881584 -0.641408 -7.425583 -0.549779 -6.881584 -0.641408 -6.854384 -0.641408 -6.854384 -0.549779 -6.881584 -0.549779 -6.283185 -0.641408 -6.854384 -0.549779 -6.283185 -0.641408 -6.283185 -0.641408 -6.283185 -0.549779 -6.283185 -0.641408 -5.711987 -0.641408 -6.283185 -0.641408 -5.711987 -0.733038 -5.711987 -0.733038 -5.711987 -0.641408 -5.711987 -0.733038 -5.140788 -0.733038 -5.711987 -0.733038 -5.140788 -0.824668 -5.140788 -0.824668 -5.140788 -0.733038 -5.140788 -0.824668 -4.569589 -0.824668 -5.140788 -0.824668 -4.569589 -0.916298 -4.569589 -0.916298 -4.569589 -0.824668 -4.569589 -0.916298 -3.998391 -0.916298 -4.569589 -0.916298 -3.998391 -1.007928 -3.998391 -1.007928 -3.998391 -0.916298 -3.998391 -1.007928 -3.427192 -1.007928 -3.998391 -1.007928 -3.427192 -1.099557 -3.427192 -1.099557 -3.427192 -1.007928 -3.427192 -1.099557 -2.855993 1.099557 -3.427192 1.099557 -2.855993 1.007928 -2.855993 1.007928 -2.855993 1.099557 -2.855993 1.007928 -2.284795 1.007928 -2.855993 1.007928 -2.284795 0.916298 -2.284795 0.916298 -2.284795 1.007928 -2.284795 0.916298 -1.713596 0.916298 -2.284795 0.916298 -1.713596 0.824668 -1.713596 0.824668 -1.713596 0.916298 -1.713596 0.824668 -1.142397 0.824668 -1.713596 0.824668 -1.142397 0.733038 -1.142397 0.733038 -1.142397 0.824668 -1.142397 0.733038 -0.571199 0.733038 -1.142397 0.733038 -0.571199 0.641408 -0.571199 0.641408 -0.571199 0.733038 -0.571199 0.641408 0 0.641408 -0.571199 0.641408 0 0.549779 -0.299199 0.549779 -0.299199 0.641408 0 0.549779 0.299199 0.549779 0.299199 0.641408 0 0.641408 0.571199 0.549779 0.299199 0.641408 0.571199 0.549779 0.897598 0.549779 0.897598 0.641408 0.571199 0.641408 1.142397 0.549779 0.897598 0.641408 1.142397 0.549779 1.495997 0.549779 1.495997 0.641408 1.142397 0.641408 1.713596 0.549779 1.495997 0.641408 1.713596 0.549779 2.094395 0.549779 2.094395 0.641408 1.713596 0.641408 2.284795 0.549779 2.094395 0.641408 2.284795 0.549779 2.692794 0.549779 2.692794 0.641408 2.284795 0.641408 2.855993 0.549779 2.692794 0.641408 2.855993 0.549779 3.291192 0.549779 3.291192 0.641408 2.855993 0.641408 3.427192 0.549779 3.291192 0.641408 3.427192 0.549779 3.889591 0.549779 3.889591 0.641408 3.427192 0.641408 3.998391 0.549779 3.889591 0.641408 3.998391 0.549779 4.48799 0.549779 4.48799 0.641408 3.998391 0.641408 4.569589 0.549779 4.48799 0.641408 4.569589 0.549779 5.086388 0.549779 5.086388 0.641408 4.569589 0.641408 5.140788 0.549779 5.086388 0.641408 5.140788 0.549779 5.684787 0.549779 5.684787 0.641408 5.140788 0.641408 5.711987 -0.549779 -6.283185 -0.549779 -5.684787 -0.641408 -5.711987 -0.641408 -5.711987 -0.549779 -5.684787 -0.641408 -5.140788 -0.641408 -5.711987 -0.641408 -5.140788 -0.733038 -5.140788 -0.733038 -5.140788 -0.641408 -5.140788 -0.733038 -4.569589 -0.733038 -5.140788 -0.733038 -4.569589 -0.824668 -4.569589 -0.824668 -4.569589 -0.733038 -4.569589 -0.824668 -3.998391 -0.824668 -4.569589 -0.824668 -3.998391 -0.916298 -3.998391 -0.916298 -3.998391 -0.824668 -3.998391 -0.916298 -3.427192 -0.916298 -3.998391 -0.916298 -3.427192 -1.007928 -3.427192 -1.007928 -3.427192 -0.916298 -3.427192 -1.007928 -2.855993 -1.007928 -3.427192 -1.007928 -2.855993 -1.099557 -2.855993 -1.099557 -2.855993 -1.007928 -2.855993 -1.099557 -2.284795 1.099557 -2.855993 1.099557 -2.284795 1.007928 -2.284795 1.007928 -2.284795 1.099557 -2.284795 1.007928 -1.713596 1.007928 -2.284795 1.007928 -1.713596 0.916298 -1.713596 0.916298 -1.713596 1.007928 -1.713596 0.916298 -1.142397 0.916298 -1.713596 0.916298 -1.142397 0.824668 -1.142397 0.824668 -1.142397 0.916298 -1.142397 0.824668 -0.571199 0.824668 -1.142397 0.824668 -0.571199 0.733038 -0.571199 0.733038 -0.571199 0.824668 -0.571199 0.733038 0 0.733038 -0.571199 0.733038 0 0.641408 0 0.641408 0 0.733038 0 0.641408 0.571199 -0.549779 -5.684787 -0.549779 -5.086388 -0.641408 -5.140788 -0.641408 -5.140788 -0.549779 -5.086388 -0.641408 -4.569589 -0.641408 -5.140788 -0.641408 -4.569589 -0.733038 -4.569589 -0.733038 -4.569589 -0.641408 -4.569589 -0.733038 -3.998391 -0.733038 -4.569589 -0.733038 -3.998391 -0.824668 -3.998391 -0.824668 -3.998391 -0.733038 -3.998391 -0.824668 -3.427192 -0.824668 -3.998391 -0.824668 -3.427192 -0.916298 -3.427192 -0.916298 -3.427192 -0.824668 -3.427192 -0.916298 -2.855993 -0.916298 -3.427192 -0.916298 -2.855993 -1.007928 -2.855993 -1.007928 -2.855993 -0.916298 -2.855993 -1.007928 -2.284795 -1.007928 -2.855993 -1.007928 -2.284795 -1.099557 -2.284795 -1.099557 -2.284795 -1.007928 -2.284795 -1.099557 -1.713596 1.099557 -2.284795 1.099557 -1.713596 1.007928 -1.713596 1.007928 -1.713596 1.099557 -1.713596 1.007928 -1.142397 1.007928 -1.713596 1.007928 -1.142397 0.916298 -1.142397 0.916298 -1.142397 1.007928 -1.142397 0.916298 -0.571199 0.916298 -1.142397 0.916298 -0.571199 0.824668 -0.571199 0.824668 -0.571199 0.916298 -0.571199 0.824668 0 0.824668 -0.571199 0.824668 0 0.733038 0 0.733038 0 0.824668 0 0.733038 0.571199 0.733038 0 0.733038 0.571199 0.641408 0.571199 0.641408 0.571199 0.733038 0.571199 0.641408 1.142397 -0.549779 -5.086388 -0.549779 -4.48799 -0.641408 -4.569589 -0.641408 -4.569589 -0.549779 -4.48799 -0.641408 -3.998391 -0.641408 -4.569589 -0.641408 -3.998391 -0.733038 -3.998391 -0.733038 -3.998391 -0.641408 -3.998391 -0.733038 -3.427192 -0.733038 -3.998391 -0.733038 -3.427192 -0.824668 -3.427192 -0.824668 -3.427192 -0.733038 -3.427192 -0.824668 -2.855993 -0.824668 -3.427192 -0.824668 -2.855993 -0.916298 -2.855993 -0.916298 -2.855993 -0.824668 -2.855993 -0.916298 -2.284795 -0.916298 -2.855993 -0.916298 -2.284795 -1.007928 -2.284795 -1.007928 -2.284795 -0.916298 -2.284795 -1.007928 -1.713596 -1.007928 -2.284795 -1.007928 -1.713596 -1.099557 -1.713596 -1.099557 -1.713596 -1.007928 -1.713596 -1.099557 -1.142397 1.099557 -1.713596 1.099557 -1.142397 1.007928 -1.142397 1.007928 -1.142397 1.099557 -1.142397 1.007928 -0.571199 1.007928 -1.142397 1.007928 -0.571199 0.916298 -0.571199 0.916298 -0.571199 1.007928 -0.571199 0.916298 0 0.916298 -0.571199 0.916298 0 0.824668 0 0.824668 0 0.916298 0 0.824668 0.571199 0.824668 0 0.824668 0.571199 0.733038 0.571199 0.733038 0.571199 0.824668 0.571199 0.733038 1.142397 0.733038 0.571199 0.733038 1.142397 0.641408 1.142397 0.641408 1.142397 0.733038 1.142397 0.641408 1.713596 -0.549779 -4.48799 -0.549779 -3.889591 -0.641408 -3.998391 -0.641408 -3.998391 -0.549779 -3.889591 -0.641408 -3.427192 -0.641408 -3.998391 -0.641408 -3.427192 -0.733038 -3.427192 -0.733038 -3.427192 -0.641408 -3.427192 -0.733038 -2.855993 -0.733038 -3.427192 -0.733038 -2.855993 -0.824668 -2.855993 -0.824668 -2.855993 -0.733038 -2.855993 -0.824668 -2.284795 -0.824668 -2.855993 -0.824668 -2.284795 -0.916298 -2.284795 -0.916298 -2.284795 -0.824668 -2.284795 -0.916298 -1.713596 -0.916298 -2.284795 -0.916298 -1.713596 -1.007928 -1.713596 -1.007928 -1.713596 -0.916298 -1.713596 -1.007928 -1.142397 -1.007928 -1.713596 -1.007928 -1.142397 -1.099557 -1.142397 -1.099557 -1.142397 -1.007928 -1.142397 -1.099557 -0.571199 1.099557 -1.142397 1.099557 -0.571199 1.007928 -0.571199 1.007928 -0.571199 1.099557 -0.571199 1.007928 0 1.007928 -0.571199 1.007928 0 0.916298 0 0.916298 0 1.007928 0 0.916298 0.571199 0.916298 0 0.916298 0.571199 0.824668 0.571199 0.824668 0.571199 0.916298 0.571199 0.824668 1.142397 0.824668 0.571199 0.824668 1.142397 0.733038 1.142397 0.733038 1.142397 0.824668 1.142397 0.733038 1.713596 0.733038 1.142397 0.733038 1.713596 0.641408 1.713596 0.641408 1.713596 0.733038 1.713596 0.641408 2.284795 -0.549779 -3.889591 -0.549779 -3.291192 -0.641408 -3.427192 -0.641408 -3.427192 -0.549779 -3.291192 -0.641408 -2.855993 -0.641408 -3.427192 -0.641408 -2.855993 -0.733038 -2.855993 -0.733038 -2.855993 -0.641408 -2.855993 -0.733038 -2.284795 -0.733038 -2.855993 -0.733038 -2.284795 -0.824668 -2.284795 -0.824668 -2.284795 -0.733038 -2.284795 -0.824668 -1.713596 -0.824668 -2.284795 -0.824668 -1.713596 -0.916298 -1.713596 -0.916298 -1.713596 -0.824668 -1.713596 -0.916298 -1.142397 -0.916298 -1.713596 -0.916298 -1.142397 -1.007928 -1.142397 -1.007928 -1.142397 -0.916298 -1.142397 -1.007928 -0.571199 -1.007928 -1.142397 -1.007928 -0.571199 -1.099557 -0.571199 -1.099557 -0.571199 -1.007928 -0.571199 -1.099557 0 1.099557 -0.571199 1.099557 0 1.007928 0 1.007928 0 1.099557 0 1.007928 0.571199 1.007928 0 1.007928 0.571199 0.916298 0.571199 0.916298 0.571199 1.007928 0.571199 0.916298 1.142397 0.916298 0.571199 0.916298 1.142397 0.824668 1.142397 0.824668 1.142397 0.916298 1.142397 0.824668 1.713596 0.824668 1.142397 0.824668 1.713596 0.733038 1.713596 0.733038 1.713596 0.824668 1.713596 0.733038 2.284795 0.733038 1.713596 0.733038 2.284795 0.641408 2.284795 0.641408 2.284795 0.733038 2.284795 0.641408 2.855993 -0.549779 -3.291192 -0.549779 -2.692794 -0.641408 -2.855993 -0.641408 -2.855993 -0.549779 -2.692794 -0.641408 -2.284795 -0.641408 -2.855993 -0.641408 -2.284795 -0.733038 -2.284795 -0.733038 -2.284795 -0.641408 -2.284795 -0.733038 -1.713596 -0.733038 -2.284795 -0.733038 -1.713596 -0.824668 -1.713596 -0.824668 -1.713596 -0.733038 -1.713596 -0.824668 -1.142397 -0.824668 -1.713596 -0.824668 -1.142397 -0.916298 -1.142397 -0.916298 -1.142397 -0.824668 -1.142397 -0.916298 -0.571199 -0.916298 -1.142397 -0.916298 -0.571199 -1.007928 -0.571199 -1.007928 -0.571199 -0.916298 -0.571199 -1.007928 0 -1.007928 -0.571199 -1.007928 0 -1.099557 0 -1.099557 0 -1.007928 0 -1.099557 0.571199 1.099557 0 1.099557 0.571199 1.007928 0.571199 1.007928 0.571199 1.099557 0.571199 1.007928 1.142397 1.007928 0.571199 1.007928 1.142397 0.916298 1.142397 0.916298 1.142397 1.007928 1.142397 0.916298 1.713596 0.916298 1.142397 0.916298 1.713596 0.824668 1.713596 0.824668 1.713596 0.916298 1.713596 0.824668 2.284795 0.824668 1.713596 0.824668 2.284795 0.733038 2.284795 0.733038 2.284795 0.824668 2.284795 0.733038 2.855993 0.733038 2.284795 0.733038 2.855993 0.641408 2.855993 0.641408 2.855993 0.733038 2.855993 0.641408 3.427192 -0.549779 -2.692794 -0.549779 -2.094395 -0.641408 -2.284795 -0.641408 -2.284795 -0.549779 -2.094395 -0.641408 -1.713596 -0.641408 -2.284795 -0.641408 -1.713596 -0.733038 -1.713596 -0.733038 -1.713596 -0.641408 -1.713596 -0.733038 -1.142397 -0.733038 -1.713596 -0.733038 -1.142397 -0.824668 -1.142397 -0.824668 -1.142397 -0.733038 -1.142397 -0.824668 -0.571199 -0.824668 -1.142397 -0.824668 -0.571199 -0.916298 -0.571199 -0.916298 -0.571199 -0.824668 -0.571199 -0.916298 0 -0.916298 -0.571199 -0.916298 0 -1.007928 0 -1.007928 0 -0.916298 0 -1.007928 0.571199 -1.007928 0 -1.007928 0.571199 -1.099557 0.571199 -1.099557 0.571199 -1.007928 0.571199 -1.099557 1.142397 1.099557 0.571199 1.099557 1.142397 1.007928 1.142397 1.007928 1.142397 1.099557 1.142397 1.007928 1.713596 1.007928 1.142397 1.007928 1.713596 0.916298 1.713596 0.916298 1.713596 1.007928 1.713596 0.916298 2.284795 0.916298 1.713596 0.916298 2.284795 0.824668 2.284795 0.824668 2.284795 0.916298 2.284795 0.824668 2.855993 0.824668 2.284795 0.824668 2.855993 0.733038 2.855993 0.733038 2.855993 0.824668 2.855993 0.733038 3.427192 0.733038 2.855993 0.733038 3.427192 0.641408 3.427192 0.641408 3.427192 0.733038 3.427192 0.641408 3.998391 -0.549779 -2.094395 -0.549779 -1.495997 -0.641408 -1.713596 -0.641408 -1.713596 -0.549779 -1.495997 -0.641408 -1.142397 -0.641408 -1.713596 -0.641408 -1.142397 -0.733038 -1.142397 -0.733038 -1.142397 -0.641408 -1.142397 -0.733038 -0.571199 -0.733038 -1.142397 -0.733038 -0.571199 -0.824668 -0.571199 -0.824668 -0.571199 -0.733038 -0.571199 -0.824668 0 -0.824668 -0.571199 -0.824668 0 -0.916298 0 -0.916298 0 -0.824668 0 -0.916298 0.571199 -0.916298 0 -0.916298 0.571199 -1.007928 0.571199 -1.007928 0.571199 -0.916298 0.571199 -1.007928 1.142397 -1.007928 0.571199 -1.007928 1.142397 -1.099557 1.142397 -1.099557 1.142397 -1.007928 1.142397 -1.099557 1.713596 1.099557 1.142397 1.099557 1.713596 1.007928 1.713596 1.007928 1.713596 1.099557 1.713596 1.007928 2.284795 1.007928 1.713596 1.007928 2.284795 0.916298 2.284795 0.916298 2.284795 1.007928 2.284795 0.916298 2.855993 0.916298 2.284795 0.916298 2.855993 0.824668 2.855993 0.824668 2.855993 0.916298 2.855993 0.824668 3.427192 0.824668 2.855993 0.824668 3.427192 0.733038 3.427192 0.733038 3.427192 0.824668 3.427192 0.733038 3.998391 0.733038 3.427192 0.733038 3.998391 0.641408 3.998391 0.641408 3.998391 0.733038 3.998391 0.641408 4.569589 -0.549779 -1.495997 -0.549779 -0.897598 -0.641408 -1.142397 -0.641408 -1.142397 -0.549779 -0.897598 -0.641408 -0.571199 -0.641408 -1.142397 -0.641408 -0.571199 -0.733038 -0.571199 -0.733038 -0.571199 -0.641408 -0.571199 -0.733038 0 -0.733038 -0.571199 -0.733038 0 -0.824668 0 -0.824668 0 -0.733038 0 -0.824668 0.571199 -0.824668 0 -0.824668 0.571199 -0.916298 0.571199 -0.916298 0.571199 -0.824668 0.571199 -0.916298 1.142397 -0.916298 0.571199 -0.916298 1.142397 -1.007928 1.142397 -1.007928 1.142397 -0.916298 1.142397 -1.007928 1.713596 -1.007928 1.142397 -1.007928 1.713596 -1.099557 1.713596 -1.099557 1.713596 -1.007928 1.713596 -1.099557 2.284795 1.099557 1.713596 1.099557 2.284795 1.007928 2.284795 1.007928 2.284795 1.099557 2.284795 1.007928 2.855993 1.007928 2.284795 1.007928 2.855993 0.916298 2.855993 0.916298 2.855993 1.007928 2.855993 0.916298 3.427192 0.916298 2.855993 0.916298 3.427192 0.824668 3.427192 0.824668 3.427192 0.916298 3.427192 0.824668 3.998391 0.824668 3.427192 0.824668 3.998391 0.733038 3.998391 0.733038 3.998391 0.824668 3.998391 0.733038 4.569589 0.733038 3.998391 0.733038 4.569589 0.641408 4.569589 0.641408 4.569589 0.733038 4.569589 0.641408 5.140788 -0.549779 -0.897598 -0.549779 -0.299199 -0.641408 -0.571199 -0.641408 -0.571199 -0.549779 -0.299199 -0.641408 0 -0.641408 -0.571199 -0.641408 0 -0.733038 0 -0.733038 0 -0.641408 0 -0.733038 0.571199 -0.733038 0 -0.733038 0.571199 -0.824668 0.571199 -0.824668 0.571199 -0.733038 0.571199 -0.824668 1.142397 -0.824668 0.571199 -0.824668 1.142397 -0.916298 1.142397 -0.916298 1.142397 -0.824668 1.142397 -0.916298 1.713596 -0.916298 1.142397 -0.916298 1.713596 -1.007928 1.713596 -1.007928 1.713596 -0.916298 1.713596 -1.007928 2.284795 -1.007928 1.713596 -1.007928 2.284795 -1.099557 2.284795 -1.099557 2.284795 -1.007928 2.284795 -1.099557 2.855993 1.099557 2.284795 1.099557 2.855993 1.007928 2.855993 1.007928 2.855993 1.099557 2.855993 1.007928 3.427192 1.007928 2.855993 1.007928 3.427192 0.916298 3.427192 0.916298 3.427192 1.007928 3.427192 0.916298 3.998391 0.916298 3.427192 0.916298 3.998391 0.824668 3.998391 0.824668 3.998391 0.916298 3.998391 0.824668 4.569589 0.824668 3.998391 0.824668 4.569589 0.733038 4.569589 0.733038 4.569589 0.824668 4.569589 0.733038 5.140788 0.733038 4.569589 0.733038 5.140788 0.641408 5.140788 0.641408 5.140788 0.733038 5.140788 0.641408 5.711987 -0.549779 -0.299199 -0.549779 0.299199 -0.641408 0 -0.641408 0 -0.549779 0.299199 -0.641408 0.571199 -0.641408 0 -0.641408 0.571199 -0.733038 0.571199 -0.733038 0.571199 -0.641408 0.571199 -0.733038 1.142397 -0.733038 0.571199 -0.733038 1.142397 -0.824668 1.142397 -0.824668 1.142397 -0.733038 1.142397 -0.824668 1.713596 -0.824668 1.142397 -0.824668 1.713596 -0.916298 1.713596 -0.916298 1.713596 -0.824668 1.713596 -0.916298 2.284795 -0.916298 1.713596 -0.916298 2.284795 -1.007928 2.284795 -1.007928 2.284795 -0.916298 2.284795 -1.007928 2.855993 -1.007928 2.284795 -1.007928 2.855993 -1.099557 2.855993 -1.099557 2.855993 -1.007928 2.855993 -1.099557 3.427192 1.099557 2.855993 1.099557 3.427192 1.007928 3.427192 1.007928 3.427192 1.099557 3.427192 1.007928 3.998391 1.007928 3.427192 1.007928 3.998391 0.916298 3.998391 0.916298 3.998391 1.007928 3.998391 0.916298 4.569589 0.916298 3.998391 0.916298 4.569589 0.824668 4.569589 0.824668 4.569589 0.916298 4.569589 0.824668 5.140788 0.824668 4.569589 0.824668 5.140788 0.733038 5.140788 0.733038 5.140788 0.824668 5.140788 0.733038 5.711987 0.733038 5.140788 0.733038 5.711987 0.641408 5.711987 -0.549779 0.299199 -0.549779 0.897598 -0.641408 0.571199 -0.641408 0.571199 -0.549779 0.897598 -0.641408 1.142397 -0.641408 0.571199 -0.641408 1.142397 -0.733038 1.142397 -0.733038 1.142397 -0.641408 1.142397 -0.733038 1.713596 -0.733038 1.142397 -0.733038 1.713596 -0.824668 1.713596 -0.824668 1.713596 -0.733038 1.713596 -0.824668 2.284795 -0.824668 1.713596 -0.824668 2.284795 -0.916298 2.284795 -0.916298 2.284795 -0.824668 2.284795 -0.916298 2.855993 -0.916298 2.284795 -0.916298 2.855993 -1.007928 2.855993 -1.007928 2.855993 -0.916298 2.855993 -1.007928 3.427192 -1.007928 2.855993 -1.007928 3.427192 -1.099557 3.427192 -1.099557 3.427192 -1.007928 3.427192 -1.099557 3.998391 1.099557 3.427192 1.099557 3.998391 1.007928 3.998391 1.007928 3.998391 1.099557 3.998391 1.007928 4.569589 1.007928 3.998391 1.007928 4.569589 0.916298 4.569589 0.916298 4.569589 1.007928 4.569589 0.916298 5.140788 0.916298 4.569589 0.916298 5.140788 0.824668 5.140788 0.824668 5.140788 0.916298 5.140788 0.824668 5.711987 0.824668 5.140788 0.824668 5.711987 0.733038 5.711987 -0.549779 0.897598 -0.549779 1.495997 -0.641408 1.142397 -0.641408 1.142397 -0.549779 1.495997 -0.641408 1.713596 -0.641408 1.142397 -0.641408 1.713596 -0.733038 1.713596 -0.733038 1.713596 -0.641408 1.713596 -0.733038 2.284795 -0.733038 1.713596 -0.733038 2.284795 -0.824668 2.284795 -0.824668 2.284795 -0.733038 2.284795 -0.824668 2.855993 -0.824668 2.284795 -0.824668 2.855993 -0.916298 2.855993 -0.916298 2.855993 -0.824668 2.855993 -0.916298 3.427192 -0.916298 2.855993 -0.916298 3.427192 -1.007928 3.427192 -1.007928 3.427192 -0.916298 3.427192 -1.007928 3.998391 -1.007928 3.427192 -1.007928 3.998391 -1.099557 3.998391 -1.099557 3.998391 -1.007928 3.998391 -1.099557 4.569589 1.099557 3.998391 1.099557 4.569589 1.007928 4.569589 1.007928 4.569589 1.099557 4.569589 1.007928 5.140788 1.007928 4.569589 1.007928 5.140788 0.916298 5.140788 0.916298 5.140788 1.007928 5.140788 0.916298 5.711987 0.916298 5.140788 0.916298 5.711987 0.824668 5.711987 -0.549779 1.495997 -0.549779 2.094395 -0.641408 1.713596 -0.641408 1.713596 -0.549779 2.094395 -0.641408 2.284795 -0.641408 1.713596 -0.641408 2.284795 -0.733038 2.284795 -0.733038 2.284795 -0.641408 2.284795 -0.733038 2.855993 -0.733038 2.284795 -0.733038 2.855993 -0.824668 2.855993 -0.824668 2.855993 -0.733038 2.855993 -0.824668 3.427192 -0.824668 2.855993 -0.824668 3.427192 -0.916298 3.427192 -0.916298 3.427192 -0.824668 3.427192 -0.916298 3.998391 -0.916298 3.427192 -0.916298 3.998391 -1.007928 3.998391 -1.007928 3.998391 -0.916298 3.998391 -1.007928 4.569589 -1.007928 3.998391 -1.007928 4.569589 -1.099557 4.569589 -1.099557 4.569589 -1.007928 4.569589 -1.099557 5.140788 1.099557 4.569589 1.099557 5.140788 1.007928 5.140788 1.007928 5.140788 1.099557 5.140788 1.007928 5.711987 1.007928 5.140788 1.007928 5.711987 0.916298 5.711987 -0.549779 2.094395 -0.549779 2.692794 -0.641408 2.284795 -0.641408 2.284795 -0.549779 2.692794 -0.641408 2.855993 -0.641408 2.284795 -0.641408 2.855993 -0.733038 2.855993 -0.733038 2.855993 -0.641408 2.855993 -0.733038 3.427192 -0.733038 2.855993 -0.733038 3.427192 -0.824668 3.427192 -0.824668 3.427192 -0.733038 3.427192 -0.824668 3.998391 -0.824668 3.427192 -0.824668 3.998391 -0.916298 3.998391 -0.916298 3.998391 -0.824668 3.998391 -0.916298 4.569589 -0.916298 3.998391 -0.916298 4.569589 -1.007928 4.569589 -1.007928 4.569589 -0.916298 4.569589 -1.007928 5.140788 -1.007928 4.569589 -1.007928 5.140788 -1.099557 5.140788 -1.099557 5.140788 -1.007928 5.140788 -1.099557 5.711987 1.099557 5.140788 1.099557 5.711987 1.007928 5.711987 -0.549779 2.692794 -0.549779 3.291192 -0.641408 2.855993 -0.641408 2.855993 -0.549779 3.291192 -0.641408 3.427192 -0.641408 2.855993 -0.641408 3.427192 -0.733038 3.427192 -0.733038 3.427192 -0.641408 3.427192 -0.733038 3.998391 -0.733038 3.427192 -0.733038 3.998391 -0.824668 3.998391 -0.824668 3.998391 -0.733038 3.998391 -0.824668 4.569589 -0.824668 3.998391 -0.824668 4.569589 -0.916298 4.569589 -0.916298 4.569589 -0.824668 4.569589 -0.916298 5.140788 -0.916298 4.569589 -0.916298 5.140788 -1.007928 5.140788 -1.007928 5.140788 -0.916298 5.140788 -1.007928 5.711987 -1.007928 5.140788 -1.007928 5.711987 -1.099557 5.711987 -0.549779 3.291192 -0.549779 3.889591 -0.641408 3.427192 -0.641408 3.427192 -0.549779 3.889591 -0.641408 3.998391 -0.641408 3.427192 -0.641408 3.998391 -0.733038 3.998391 -0.733038 3.998391 -0.641408 3.998391 -0.733038 4.569589 -0.733038 3.998391 -0.733038 4.569589 -0.824668 4.569589 -0.824668 4.569589 -0.733038 4.569589 -0.824668 5.140788 -0.824668 4.569589 -0.824668 5.140788 -0.916298 5.140788 -0.916298 5.140788 -0.824668 5.140788 -0.916298 5.711987 -0.916298 5.140788 -0.916298 5.711987 -1.007928 5.711987 -0.549779 3.889591 -0.549779 4.48799 -0.641408 3.998391 -0.641408 3.998391 -0.549779 4.48799 -0.641408 4.569589 -0.641408 3.998391 -0.641408 4.569589 -0.733038 4.569589 -0.733038 4.569589 -0.641408 4.569589 -0.733038 5.140788 -0.733038 4.569589 -0.733038 5.140788 -0.824668 5.140788 -0.824668 5.140788 -0.733038 5.140788 -0.824668 5.711987 -0.824668 5.140788 -0.824668 5.711987 -0.916298 5.711987 -0.549779 4.48799 -0.549779 5.086388 -0.641408 4.569589 -0.641408 4.569589 -0.549779 5.086388 -0.641408 5.140788 -0.641408 4.569589 -0.641408 5.140788 -0.733038 5.140788 -0.733038 5.140788 -0.641408 5.140788 -0.733038 5.711987 -0.733038 5.140788 -0.733038 5.711987 -0.824668 5.711987 -0.549779 5.086388 -0.549779 5.684787 -0.641408 5.140788 -0.641408 5.140788 -0.549779 5.684787 -0.641408 5.711987 -0.641408 5.140788 -0.641408 5.711987 -0.733038 5.711987 -0.549779 5.684787 -0.549779 6.283185 -0.641408 5.711987 0.549779 -0.299199 0.549779 -0.897598 0.641408 -0.571199 0.641408 -0.571199 0.549779 -0.897598 0.641408 -1.142397 0.641408 -0.571199 0.641408 -1.142397 0.733038 -1.142397 0.733038 -1.142397 0.641408 -1.142397 0.733038 -1.713596 0.733038 -1.142397 0.733038 -1.713596 0.824668 -1.713596 0.824668 -1.713596 0.733038 -1.713596 0.824668 -2.284795 0.824668 -1.713596 0.824668 -2.284795 0.916298 -2.284795 0.916298 -2.284795 0.824668 -2.284795 0.916298 -2.855993 0.916298 -2.284795 0.916298 -2.855993 1.007928 -2.855993 1.007928 -2.855993 0.916298 -2.855993 1.007928 -3.427192 1.007928 -2.855993 1.007928 -3.427192 1.099557 -3.427192 1.099557 -3.427192 1.007928 -3.427192 1.099557 -3.998391 -1.099557 -3.427192 -1.099557 -3.998391 -1.007928 -3.998391 -1.007928 -3.998391 -1.099557 -3.998391 -1.007928 -4.569589 -1.007928 -3.998391 -1.007928 -4.569589 -0.916298 -4.569589 -0.916298 -4.569589 -1.007928 -4.569589 -0.916298 -5.140788 -0.916298 -4.569589 -0.916298 -5.140788 -0.824668 -5.140788 -0.824668 -5.140788 -0.916298 -5.140788 -0.824668 -5.711987 -0.824668 -5.140788 -0.824668 -5.711987 -0.733038 -5.711987 -0.733038 -5.711987 -0.824668 -5.711987 -0.733038 -6.283185 -0.733038 -5.711987 -0.733038 -6.283185 -0.641408 -6.283185 -0.641408 -6.283185 -0.733038 -6.283185 -0.641408 -6.854384 0.549779 -0.897598 0.549779 -1.495997 0.641408 -1.142397 0.641408 -1.142397 0.549779 -1.495997 0.641408 -1.713596 0.641408 -1.142397 0.641408 -1.713596 0.733038 -1.713596 0.733038 -1.713596 0.641408 -1.713596 0.733038 -2.284795 0.733038 -1.713596 0.733038 -2.284795 0.824668 -2.284795 0.824668 -2.284795 0.733038 -2.284795 0.824668 -2.855993 0.824668 -2.284795 0.824668 -2.855993 0.916298 -2.855993 0.916298 -2.855993 0.824668 -2.855993 0.916298 -3.427192 0.916298 -2.855993 0.916298 -3.427192 1.007928 -3.427192 1.007928 -3.427192 0.916298 -3.427192 1.007928 -3.998391 1.007928 -3.427192 1.007928 -3.998391 1.099557 -3.998391 1.099557 -3.998391 1.007928 -3.998391 1.099557 -4.569589 -1.099557 -3.998391 -1.099557 -4.569589 -1.007928 -4.569589 -1.007928 -4.569589 -1.099557 -4.569589 -1.007928 -5.140788 -1.007928 -4.569589 -1.007928 -5.140788 -0.916298 -5.140788 -0.916298 -5.140788 -1.007928 -5.140788 -0.916298 -5.711987 -0.916298 -5.140788 -0.916298 -5.711987 -0.824668 -5.711987 -0.824668 -5.711987 -0.916298 -5.711987 -0.824668 -6.283185 -0.824668 -5.711987 -0.824668 -6.283185 -0.733038 -6.283185 -0.733038 -6.283185 -0.824668 -6.283185 -0.733038 -6.854384 -0.733038 -6.283185 -0.733038 -6.854384 -0.641408 -6.854384 -0.641408 -6.854384 -0.733038 -6.854384 -0.641408 -7.425583 0.549779 -1.495997 0.549779 -2.094395 0.641408 -1.713596 0.641408 -1.713596 0.549779 -2.094395 0.641408 -2.284795 0.641408 -1.713596 0.641408 -2.284795 0.733038 -2.284795 0.733038 -2.284795 0.641408 -2.284795 0.733038 -2.855993 0.733038 -2.284795 0.733038 -2.855993 0.824668 -2.855993 0.824668 -2.855993 0.733038 -2.855993 0.824668 -3.427192 0.824668 -2.855993 0.824668 -3.427192 0.916298 -3.427192 0.916298 -3.427192 0.824668 -3.427192 0.916298 -3.998391 0.916298 -3.427192 0.916298 -3.998391 1.007928 -3.998391 1.007928 -3.998391 0.916298 -3.998391 1.007928 -4.569589 1.007928 -3.998391 1.007928 -4.569589 1.099557 -4.569589 1.099557 -4.569589 1.007928 -4.569589 1.099557 -5.140788 -1.099557 -4.569589 -1.099557 -5.140788 -1.007928 -5.140788 -1.007928 -5.140788 -1.099557 -5.140788 -1.007928 -5.711987 -1.007928 -5.140788 -1.007928 -5.711987 -0.916298 -5.711987 -0.916298 -5.711987 -1.007928 -5.711987 -0.916298 -6.283185 -0.916298 -5.711987 -0.916298 -6.283185 -0.824668 -6.283185 -0.824668 -6.283185 -0.916298 -6.283185 -0.824668 -6.854384 -0.824668 -6.283185 -0.824668 -6.854384 -0.733038 -6.854384 -0.733038 -6.854384 -0.824668 -6.854384 -0.733038 -7.425583 -0.733038 -6.854384 -0.733038 -7.425583 -0.641408 -7.425583 -0.641408 -7.425583 -0.733038 -7.425583 -0.641408 -7.996781 0.549779 -2.094395 0.549779 -2.692794 0.641408 -2.284795 0.641408 -2.284795 0.549779 -2.692794 0.641408 -2.855993 0.641408 -2.284795 0.641408 -2.855993 0.733038 -2.855993 0.733038 -2.855993 0.641408 -2.855993 0.733038 -3.427192 0.733038 -2.855993 0.733038 -3.427192 0.824668 -3.427192 0.824668 -3.427192 0.733038 -3.427192 0.824668 -3.998391 0.824668 -3.427192 0.824668 -3.998391 0.916298 -3.998391 0.916298 -3.998391 0.824668 -3.998391 0.916298 -4.569589 0.916298 -3.998391 0.916298 -4.569589 1.007928 -4.569589 1.007928 -4.569589 0.916298 -4.569589 1.007928 -5.140788 1.007928 -4.569589 1.007928 -5.140788 1.099557 -5.140788 1.099557 -5.140788 1.007928 -5.140788 1.099557 -5.711987 -1.099557 -5.140788 -1.099557 -5.711987 -1.007928 -5.711987 -1.007928 -5.711987 -1.099557 -5.711987 -1.007928 -6.283185 -1.007928 -5.711987 -1.007928 -6.283185 -0.916298 -6.283185 -0.916298 -6.283185 -1.007928 -6.283185 -0.916298 -6.854384 -0.916298 -6.283185 -0.916298 -6.854384 -0.824668 -6.854384 -0.824668 -6.854384 -0.916298 -6.854384 -0.824668 -7.425583 -0.824668 -6.854384 -0.824668 -7.425583 -0.733038 -7.425583 -0.733038 -7.425583 -0.824668 -7.425583 -0.733038 -7.996781 -0.733038 -7.425583 -0.733038 -7.996781 -0.641408 -7.996781 -0.641408 -7.996781 -0.733038 -7.996781 -0.641408 -8.56798 0.549779 -2.692794 0.549779 -3.291192 0.641408 -2.855993 0.641408 -2.855993 0.549779 -3.291192 0.641408 -3.427192 0.641408 -2.855993 0.641408 -3.427192 0.733038 -3.427192 0.733038 -3.427192 0.641408 -3.427192 0.733038 -3.998391 0.733038 -3.427192 0.733038 -3.998391 0.824668 -3.998391 0.824668 -3.998391 0.733038 -3.998391 0.824668 -4.569589 0.824668 -3.998391 0.824668 -4.569589 0.916298 -4.569589 0.916298 -4.569589 0.824668 -4.569589 0.916298 -5.140788 0.916298 -4.569589 0.916298 -5.140788 1.007928 -5.140788 1.007928 -5.140788 0.916298 -5.140788 1.007928 -5.711987 1.007928 -5.140788 1.007928 -5.711987 1.099557 -5.711987 1.099557 -5.711987 1.007928 -5.711987 1.099557 -6.283185 -1.099557 -5.711987 -1.099557 -6.283185 -1.007928 -6.283185 -1.007928 -6.283185 -1.099557 -6.283185 -1.007928 -6.854384 -1.007928 -6.283185 -1.007928 -6.854384 -0.916298 -6.854384 -0.916298 -6.854384 -1.007928 -6.854384 -0.916298 -7.425583 -0.916298 -6.854384 -0.916298 -7.425583 -0.824668 -7.425583 -0.824668 -7.425583 -0.916298 -7.425583 -0.824668 -7.996781 -0.824668 -7.425583 -0.824668 -7.996781 -0.733038 -7.996781 -0.733038 -7.996781 -0.824668 -7.996781 -0.733038 -8.56798 -0.733038 -7.996781 -0.733038 -8.56798 -0.641408 -8.56798 -0.641408 -8.56798 -0.733038 -8.56798 -0.641408 -9.13918 0.549779 -3.291192 0.549779 -3.889591 0.641408 -3.427192 0.641408 -3.427192 0.549779 -3.889591 0.641408 -3.998391 0.641408 -3.427192 0.641408 -3.998391 0.733038 -3.998391 0.733038 -3.998391 0.641408 -3.998391 0.733038 -4.569589 0.733038 -3.998391 0.733038 -4.569589 0.824668 -4.569589 0.824668 -4.569589 0.733038 -4.569589 0.824668 -5.140788 0.824668 -4.569589 0.824668 -5.140788 0.916298 -5.140788 0.916298 -5.140788 0.824668 -5.140788 0.916298 -5.711987 0.916298 -5.140788 0.916298 -5.711987 1.007928 -5.711987 1.007928 -5.711987 0.916298 -5.711987 1.007928 -6.283185 1.007928 -5.711987 1.007928 -6.283185 1.099557 -6.283185 1.099557 -6.283185 1.007928 -6.283185 1.099557 -6.854384 -1.099557 -6.283185 -1.099557 -6.854384 -1.007928 -6.854384 -1.007928 -6.854384 -1.099557 -6.854384 -1.007928 -7.425583 -1.007928 -6.854384 -1.007928 -7.425583 -0.916298 -7.425583 -0.916298 -7.425583 -1.007928 -7.425583 -0.916298 -7.996781 -0.916298 -7.425583 -0.916298 -7.996781 -0.824668 -7.996781 -0.824668 -7.996781 -0.916298 -7.996781 -0.824668 -8.56798 -0.824668 -7.996781 -0.824668 -8.56798 -0.733038 -8.56798 -0.733038 -8.56798 -0.824668 -8.56798 -0.733038 -9.13918 -0.733038 -8.56798 -0.733038 -9.13918 -0.641408 -9.13918 -0.641408 -9.13918 -0.733038 -9.13918 -0.641408 -9.710377 0.549779 -3.889591 0.549779 -4.48799 0.641408 -3.998391 0.641408 -3.998391 0.549779 -4.48799 0.641408 -4.569589 0.641408 -3.998391 0.641408 -4.569589 0.733038 -4.569589 0.733038 -4.569589 0.641408 -4.569589 0.733038 -5.140788 0.733038 -4.569589 0.733038 -5.140788 0.824668 -5.140788 0.824668 -5.140788 0.733038 -5.140788 0.824668 -5.711987 0.824668 -5.140788 0.824668 -5.711987 0.916298 -5.711987 0.916298 -5.711987 0.824668 -5.711987 0.916298 -6.283185 0.916298 -5.711987 0.916298 -6.283185 1.007928 -6.283185 1.007928 -6.283185 0.916298 -6.283185 1.007928 -6.854384 1.007928 -6.283185 1.007928 -6.854384 1.099557 -6.854384 1.099557 -6.854384 1.007928 -6.854384 1.099557 -7.425583 -1.099557 -6.854384 -1.099557 -7.425583 -1.007928 -7.425583 -1.007928 -7.425583 -1.099557 -7.425583 -1.007928 -7.996781 -1.007928 -7.425583 -1.007928 -7.996781 -0.916298 -7.996781 -0.916298 -7.996781 -1.007928 -7.996781 -0.916298 -8.56798 -0.916298 -7.996781 -0.916298 -8.56798 -0.824668 -8.56798 -0.824668 -8.56798 -0.916298 -8.56798 -0.824668 -9.13918 -0.824668 -8.56798 -0.824668 -9.13918 -0.733038 -9.13918 -0.733038 -9.13918 -0.824668 -9.13918 -0.733038 -9.710377 -0.733038 -9.13918 -0.733038 -9.710377 -0.641408 -9.710377 -0.641408 -9.710377 -0.733038 -9.710377 -0.641408 -10.28158 0.549779 -4.48799 0.549779 -5.086388 0.641408 -4.569589 0.641408 -4.569589 0.549779 -5.086388 0.641408 -5.140788 0.641408 -4.569589 0.641408 -5.140788 0.733038 -5.140788 0.733038 -5.140788 0.641408 -5.140788 0.733038 -5.711987 0.733038 -5.140788 0.733038 -5.711987 0.824668 -5.711987 0.824668 -5.711987 0.733038 -5.711987 0.824668 -6.283185 0.824668 -5.711987 0.824668 -6.283185 0.916298 -6.283185 0.916298 -6.283185 0.824668 -6.283185 0.916298 -6.854384 0.916298 -6.283185 0.916298 -6.854384 1.007928 -6.854384 1.007928 -6.854384 0.916298 -6.854384 1.007928 -7.425583 1.007928 -6.854384 1.007928 -7.425583 1.099557 -7.425583 1.099557 -7.425583 1.007928 -7.425583 1.099557 -7.996781 -1.099557 -7.425583 -1.099557 -7.996781 -1.007928 -7.996781 -1.007928 -7.996781 -1.099557 -7.996781 -1.007928 -8.56798 -1.007928 -7.996781 -1.007928 -8.56798 -0.916298 -8.56798 -0.916298 -8.56798 -1.007928 -8.56798 -0.916298 -9.13918 -0.916298 -8.56798 -0.916298 -9.13918 -0.824668 -9.13918 -0.824668 -9.13918 -0.916298 -9.13918 -0.824668 -9.710377 -0.824668 -9.13918 -0.824668 -9.710377 -0.733038 -9.710377 -0.733038 -9.710377 -0.824668 -9.710377 -0.733038 -10.28158 -0.733038 -9.710377 -0.733038 -10.28158 -0.641408 -10.28158 -0.641408 -10.28158 -0.733038 -10.28158 -0.641408 -10.85277 0.549779 -5.086388 0.549779 -5.684787 0.641408 -5.140788 0.641408 -5.140788 0.549779 -5.684787 0.641408 -5.711987 0.641408 -5.140788 0.641408 -5.711987 0.733038 -5.711987 0.733038 -5.711987 0.641408 -5.711987 0.733038 -6.283185 0.733038 -5.711987 0.733038 -6.283185 0.824668 -6.283185 0.824668 -6.283185 0.733038 -6.283185 0.824668 -6.854384 0.824668 -6.283185 0.824668 -6.854384 0.916298 -6.854384 0.916298 -6.854384 0.824668 -6.854384 0.916298 -7.425583 0.916298 -6.854384 0.916298 -7.425583 1.007928 -7.425583 1.007928 -7.425583 0.916298 -7.425583 1.007928 -7.996781 1.007928 -7.425583 1.007928 -7.996781 1.099557 -7.996781 1.099557 -7.996781 1.007928 -7.996781 1.099557 -8.56798 -1.099557 -7.996781 -1.099557 -8.56798 -1.007928 -8.56798 -1.007928 -8.56798 -1.099557 -8.56798 -1.007928 -9.13918 -1.007928 -8.56798 -1.007928 -9.13918 -0.916298 -9.13918 -0.916298 -9.13918 -1.007928 -9.13918 -0.916298 -9.710377 -0.916298 -9.13918 -0.916298 -9.710377 -0.824668 -9.710377 -0.824668 -9.710377 -0.916298 -9.710377 -0.824668 -10.28158 -0.824668 -9.710377 -0.824668 -10.28158 -0.733038 -10.28158 -0.733038 -10.28158 -0.824668 -10.28158 -0.733038 -10.85277 -0.733038 -10.28158 -0.733038 -10.85277 -0.641408 -10.85277 -0.641408 -10.85277 -0.733038 -10.85277 -0.641408 -11.42397 0.549779 -5.684787 0.549779 -6.283185 0.641408 -5.711987 0.641408 -5.711987 0.549779 -6.283185 0.641408 -6.283185 0.641408 -5.711987 0.641408 -6.283185 0.733038 -6.283185 0.733038 -6.283185 0.641408 -6.283185 0.733038 -6.854384 0.733038 -6.283185 0.733038 -6.854384 0.824668 -6.854384 0.824668 -6.854384 0.733038 -6.854384 0.824668 -7.425583 0.824668 -6.854384 0.824668 -7.425583 0.916298 -7.425583 0.916298 -7.425583 0.824668 -7.425583 0.916298 -7.996781 0.916298 -7.425583 0.916298 -7.996781 1.007928 -7.996781 1.007928 -7.996781 0.916298 -7.996781 1.007928 -8.56798 1.007928 -7.996781 1.007928 -8.56798 1.099557 -8.56798 1.099557 -8.56798 1.007928 -8.56798 1.099557 -9.13918 -1.099557 -8.56798 -1.099557 -9.13918 -1.007928 -9.13918 -1.007928 -9.13918 -1.099557 -9.13918 -1.007928 -9.710377 -1.007928 -9.13918 -1.007928 -9.710377 -0.916298 -9.710377 -0.916298 -9.710377 -1.007928 -9.710377 -0.916298 -10.28158 -0.916298 -9.710377 -0.916298 -10.28158 -0.824668 -10.28158 -0.824668 -10.28158 -0.916298 -10.28158 -0.824668 -10.85277 -0.824668 -10.28158 -0.824668 -10.85277 -0.733038 -10.85277 -0.733038 -10.85277 -0.824668 -10.85277 -0.733038 -11.42397 -0.733038 -10.85277 -0.733038 -11.42397 -0.641408 -11.42397 -0.641408 -11.42397 -0.733038 -11.42397 -0.641408 -11.99517 0.641408 -6.283185 0.549779 -6.283185 0.641408 -6.854384 0.641408 -6.854384 0.549779 -6.283185 0.549779 -6.881584 0.641408 -6.854384 0.549779 -6.881584 0.641408 -7.425583 0.641408 -7.425583 0.549779 -6.881584 0.549779 -7.479983 0.641408 -7.425583 0.549779 -7.479983 0.641408 -7.996781 0.641408 -7.996781 0.549779 -7.479983 0.549779 -8.078381 0.641408 -7.996781 0.549779 -8.078381 0.641408 -8.56798 0.641408 -8.56798 0.549779 -8.078381 0.549779 -8.67678 0.641408 -8.56798 0.549779 -8.67678 0.641408 -9.13918 0.641408 -9.13918 0.549779 -8.67678 0.549779 -9.275178 0.641408 -9.13918 0.549779 -9.275178 0.641408 -9.710377 0.641408 -9.710377 0.549779 -9.275178 0.549779 -9.873578 0.641408 -9.710377 0.549779 -9.873578 0.641408 -10.28158 0.641408 -10.28158 0.549779 -9.873578 0.549779 -10.47198 0.641408 -10.28158 0.549779 -10.47198 0.641408 -10.85277 0.641408 -10.85277 0.549779 -10.47198 0.549779 -11.07037 0.641408 -10.85277 0.549779 -11.07037 0.641408 -11.42397 0.641408 -11.42397 0.549779 -11.07037 0.549779 -11.66877 0.641408 -11.42397 0.549779 -11.66877 0.641408 -11.99517 0.641408 -11.99517 0.549779 -11.66877 0.549779 -12.26717 0.641408 -11.99517 0.549779 -12.26717 0.641408 -12.56637 0.641408 12.56637 0.549779 12.86557 0.549779 12.26717 0.641408 12.56637 0.549779 12.26717 0.641408 11.99517 0.641408 11.99517 0.549779 12.26717 0.549779 11.66877 0.641408 11.99517 0.549779 11.66877 0.641408 11.42397 0.641408 11.42397 0.549779 11.66877 0.549779 11.07037 0.641408 11.42397 0.549779 11.07037 0.641408 10.85277 0.641408 10.85277 0.549779 11.07037 0.549779 10.47198 0.641408 10.85277 0.549779 10.47198 0.641408 10.28158 0.641408 10.28158 0.549779 10.47198 0.549779 9.873578 0.641408 10.28158 0.549779 9.873578 0.641408 9.710377 0.641408 9.710377 0.549779 9.873578 0.549779 9.275178 0.641408 9.710377 0.549779 9.275178 0.641408 9.13918 0.641408 9.13918 0.549779 9.275178 0.549779 8.67678 0.641408 9.13918 0.549779 8.67678 0.641408 8.56798 0.641408 8.56798 0.549779 8.67678 0.549779 8.078381 0.641408 8.56798 0.549779 8.078381 0.641408 7.996781 0.641408 7.996781 0.549779 8.078381 0.549779 7.479983 0.641408 7.996781 0.549779 7.479983 0.641408 7.425583 0.641408 7.425583 0.549779 7.479983 0.549779 6.881584 0.641408 7.425583 0.549779 6.881584 0.641408 6.854384 0.641408 6.854384 0.549779 6.881584 0.549779 6.283185 0.641408 6.854384 0.549779 6.283185 0.641408 6.283185 1.099557 12.56637 1.007928 12.56637 1.099557 11.99517 1.099557 11.99517 1.007928 12.56637 1.007928 11.99517 1.099557 11.99517 1.007928 11.99517 1.099557 11.42397 1.099557 11.42397 1.007928 11.99517 1.007928 11.42397 1.099557 11.42397 1.007928 11.42397 1.099557 10.85277 1.099557 10.85277 1.007928 11.42397 1.007928 10.85277 1.099557 10.85277 1.007928 10.85277 1.099557 10.28158 1.099557 10.28158 1.007928 10.85277 1.007928 10.28158 1.099557 10.28158 1.007928 10.28158 1.099557 9.710377 1.099557 9.710377 1.007928 10.28158 1.007928 9.710377 1.099557 9.710377 1.007928 9.710377 1.099557 9.13918 1.099557 9.13918 1.007928 9.710377 1.007928 9.13918 1.099557 9.13918 1.007928 9.13918 1.099557 8.56798 1.099557 8.56798 1.007928 9.13918 1.007928 8.56798 1.099557 8.56798 1.007928 8.56798 1.099557 7.996781 1.099557 7.996781 1.007928 8.56798 1.007928 7.996781 1.099557 7.996781 1.007928 7.996781 1.099557 7.425583 1.099557 7.425583 1.007928 7.996781 1.007928 7.425583 1.099557 7.425583 1.007928 7.425583 1.099557 6.854384 1.099557 6.854384 1.007928 7.425583 1.007928 6.854384 1.099557 6.854384 1.007928 6.854384 1.099557 6.283185 1.099557 6.283185 1.007928 6.854384 1.007928 6.283185 -1.099557 -12.56637 -1.007928 -12.56637 -1.099557 -11.99517 -1.099557 -11.99517 -1.007928 -12.56637 -1.007928 -11.99517 -1.099557 -11.99517 -1.007928 -11.99517 -1.099557 -11.42397 -1.099557 -11.42397 -1.007928 -11.99517 -1.007928 -11.42397 -1.099557 -11.42397 -1.007928 -11.42397 -1.099557 -10.85277 -1.099557 -10.85277 -1.007928 -11.42397 -1.007928 -10.85277 -1.099557 -10.85277 -1.007928 -10.85277 -1.099557 -10.28158 -1.099557 -10.28158 -1.007928 -10.85277 -1.007928 -10.28158 -1.099557 -10.28158 -1.007928 -10.28158 -1.099557 -9.710377 -1.099557 -9.710377 -1.007928 -10.28158 -1.007928 -9.710377 -1.099557 -9.710377 -1.007928 -9.710377 -1.099557 -9.13918 -1.099557 12.56637 -1.099557 11.99517 -1.007928 11.99517 -1.007928 11.99517 -1.099557 11.99517 -1.007928 11.42397 -1.007928 11.99517 -1.007928 11.42397 -0.916298 11.42397 -0.916298 11.42397 -1.007928 11.42397 -0.916298 10.85277 -0.916298 11.42397 -0.916298 10.85277 -0.824668 10.85277 -0.824668 10.85277 -0.916298 10.85277 -0.824668 10.28158 -0.824668 10.85277 -0.824668 10.28158 -0.733038 10.28158 -0.733038 10.28158 -0.824668 10.28158 -0.733038 9.710377 -0.733038 10.28158 -0.733038 9.710377 -0.641408 9.710377 -0.641408 9.710377 -0.733038 9.710377 -0.641408 9.13918 1.099557 -12.56637 1.099557 -11.99517 1.007928 -11.99517 1.007928 -11.99517 1.099557 -11.99517 1.007928 -11.42397 1.007928 -11.99517 1.007928 -11.42397 0.916298 -11.42397 0.916298 -11.42397 1.007928 -11.42397 0.916298 -10.85277 0.916298 -11.42397 0.916298 -10.85277 0.824668 -10.85277 0.824668 -10.85277 0.916298 -10.85277 0.824668 -10.28158 0.824668 -10.85277 0.824668 -10.28158 0.733038 -10.28158 0.733038 -10.28158 0.824668 -10.28158 0.733038 -9.710377 0.733038 -10.28158 0.733038 -9.710377 0.641408 -9.710377 0.641408 -9.710377 0.733038 -9.710377 0.641408 -9.13918 -1.099557 11.99517 -1.099557 11.42397 -1.007928 11.42397 -1.007928 11.42397 -1.099557 11.42397 -1.007928 10.85277 -1.007928 11.42397 -1.007928 10.85277 -0.916298 10.85277 -0.916298 10.85277 -1.007928 10.85277 -0.916298 10.28158 -0.916298 10.85277 -0.916298 10.28158 -0.824668 10.28158 -0.824668 10.28158 -0.916298 10.28158 -0.824668 9.710377 -0.824668 10.28158 -0.824668 9.710377 -0.733038 9.710377 -0.733038 9.710377 -0.824668 9.710377 -0.733038 9.13918 -0.733038 9.710377 -0.733038 9.13918 -0.641408 9.13918 -0.641408 9.13918 -0.733038 9.13918 -0.641408 8.56798 -1.099557 11.42397 -1.099557 10.85277 -1.007928 10.85277 -1.007928 10.85277 -1.099557 10.85277 -1.007928 10.28158 -1.007928 10.85277 -1.007928 10.28158 -0.916298 10.28158 -0.916298 10.28158 -1.007928 10.28158 -0.916298 9.710377 -0.916298 10.28158 -0.916298 9.710377 -0.824668 9.710377 -0.824668 9.710377 -0.916298 9.710377 -0.824668 9.13918 -0.824668 9.710377 -0.824668 9.13918 -0.733038 9.13918 -0.733038 9.13918 -0.824668 9.13918 -0.733038 8.56798 -0.733038 9.13918 -0.733038 8.56798 -0.641408 8.56798 -0.641408 8.56798 -0.733038 8.56798 -0.641408 7.996781 -1.099557 10.85277 -1.099557 10.28158 -1.007928 10.28158 -1.007928 10.28158 -1.099557 10.28158 -1.007928 9.710377 -1.007928 10.28158 -1.007928 9.710377 -0.916298 9.710377 -0.916298 9.710377 -1.007928 9.710377 -0.916298 9.13918 -0.916298 9.710377 -0.916298 9.13918 -0.824668 9.13918 -0.824668 9.13918 -0.916298 9.13918 -0.824668 8.56798 -0.824668 9.13918 -0.824668 8.56798 -0.733038 8.56798 -0.733038 8.56798 -0.824668 8.56798 -0.733038 7.996781 -0.733038 8.56798 -0.733038 7.996781 -0.641408 7.996781 -0.641408 7.996781 -0.733038 7.996781 -0.641408 7.425583 -1.099557 10.28158 -1.099557 9.710377 -1.007928 9.710377 -1.007928 9.710377 -1.099557 9.710377 -1.007928 9.13918 -1.007928 9.710377 -1.007928 9.13918 -0.916298 9.13918 -0.916298 9.13918 -1.007928 9.13918 -0.916298 8.56798 -0.916298 9.13918 -0.916298 8.56798 -0.824668 8.56798 -0.824668 8.56798 -0.916298 8.56798 -0.824668 7.996781 -0.824668 8.56798 -0.824668 7.996781 -0.733038 7.996781 -0.733038 7.996781 -0.824668 7.996781 -0.733038 7.425583 -0.733038 7.996781 -0.733038 7.425583 -0.641408 7.425583 -0.641408 7.425583 -0.733038 7.425583 -0.641408 6.854384 -1.099557 9.710377 -1.099557 9.13918 -1.007928 9.13918 -1.007928 9.13918 -1.099557 9.13918 -1.007928 8.56798 -1.007928 9.13918 -1.007928 8.56798 -0.916298 8.56798 -0.916298 8.56798 -1.007928 8.56798 -0.916298 7.996781 -0.916298 8.56798 -0.916298 7.996781 -0.824668 7.996781 -0.824668 7.996781 -0.916298 7.996781 -0.824668 7.425583 -0.824668 7.996781 -0.824668 7.425583 -0.733038 7.425583 -0.733038 7.425583 -0.824668 7.425583 -0.733038 6.854384 -0.733038 7.425583 -0.733038 6.854384 -0.641408 6.854384 -0.641408 6.854384 -0.733038 6.854384 -0.641408 6.283185 -1.099557 9.13918 -1.099557 8.56798 -1.007928 8.56798 -1.007928 8.56798 -1.099557 8.56798 -1.007928 7.996781 -1.007928 8.56798 -1.007928 7.996781 -0.916298 7.996781 -0.916298 7.996781 -1.007928 7.996781 -0.916298 7.425583 -0.916298 7.996781 -0.916298 7.425583 -0.824668 7.425583 -0.824668 7.425583 -0.916298 7.425583 -0.824668 6.854384 -0.824668 7.425583 -0.824668 6.854384 -0.733038 6.854384 -0.733038 6.854384 -0.824668 6.854384 -0.733038 6.283185 -0.733038 6.854384 -0.733038 6.283185 -0.641408 6.283185 -1.099557 8.56798 -1.099557 7.996781 -1.007928 7.996781 -1.007928 7.996781 -1.099557 7.996781 -1.007928 7.425583 -1.007928 7.996781 -1.007928 7.425583 -0.916298 7.425583 -0.916298 7.425583 -1.007928 7.425583 -0.916298 6.854384 -0.916298 7.425583 -0.916298 6.854384 -0.824668 6.854384 -0.824668 6.854384 -0.916298 6.854384 -0.824668 6.283185 -0.824668 6.854384 -0.824668 6.283185 -0.733038 6.283185 -1.099557 7.996781 -1.099557 7.425583 -1.007928 7.425583 -1.007928 7.425583 -1.099557 7.425583 -1.007928 6.854384 -1.007928 7.425583 -1.007928 6.854384 -0.916298 6.854384 -0.916298 6.854384 -1.007928 6.854384 -0.916298 6.283185 -0.916298 6.854384 -0.916298 6.283185 -0.824668 6.283185 -1.099557 7.425583 -1.099557 6.854384 -1.007928 6.854384 -1.007928 6.854384 -1.099557 6.854384 -1.007928 6.283185 -1.007928 6.854384 -1.007928 6.283185 -0.916298 6.283185 -1.099557 6.854384 -1.099557 6.283185 -1.007928 6.283185 1.099557 -9.710377 1.099557 -9.13918 1.007928 -9.13918 1.007928 -9.13918 1.099557 -9.13918 1.007928 -8.56798 1.007928 -9.13918 1.007928 -8.56798 0.916298 -8.56798 0.916298 -8.56798 1.007928 -8.56798 0.916298 -7.996781 0.916298 -8.56798 0.916298 -7.996781 0.824668 -7.996781 0.824668 -7.996781 0.916298 -7.996781 0.824668 -7.425583 0.824668 -7.996781 0.824668 -7.425583 0.733038 -7.425583 0.733038 -7.425583 0.824668 -7.425583 0.733038 -6.854384 0.733038 -7.425583 0.733038 -6.854384 0.641408 -6.854384 0.641408 -6.854384 0.733038 -6.854384 0.641408 -6.283185 1.099557 -10.28158 1.099557 -9.710377 1.007928 -9.710377 1.007928 -9.710377 1.099557 -9.710377 1.007928 -9.13918 1.007928 -9.710377 1.007928 -9.13918 0.916298 -9.13918 0.916298 -9.13918 1.007928 -9.13918 0.916298 -8.56798 0.916298 -9.13918 0.916298 -8.56798 0.824668 -8.56798 0.824668 -8.56798 0.916298 -8.56798 0.824668 -7.996781 0.824668 -8.56798 0.824668 -7.996781 0.733038 -7.996781 0.733038 -7.996781 0.824668 -7.996781 0.733038 -7.425583 0.733038 -7.996781 0.733038 -7.425583 0.641408 -7.425583 0.641408 -7.425583 0.733038 -7.425583 0.641408 -6.854384 1.099557 -10.85277 1.099557 -10.28158 1.007928 -10.28158 1.007928 -10.28158 1.099557 -10.28158 1.007928 -9.710377 1.007928 -10.28158 1.007928 -9.710377 0.916298 -9.710377 0.916298 -9.710377 1.007928 -9.710377 0.916298 -9.13918 0.916298 -9.710377 0.916298 -9.13918 0.824668 -9.13918 0.824668 -9.13918 0.916298 -9.13918 0.824668 -8.56798 0.824668 -9.13918 0.824668 -8.56798 0.733038 -8.56798 0.733038 -8.56798 0.824668 -8.56798 0.733038 -7.996781 0.733038 -8.56798 0.733038 -7.996781 0.641408 -7.996781 0.641408 -7.996781 0.733038 -7.996781 0.641408 -7.425583 1.007928 -11.42397 1.099557 -11.99517 1.099557 -11.42397 1.099557 -11.42397 1.099557 -10.85277 1.007928 -10.85277 1.007928 -10.85277 1.099557 -10.85277 1.007928 -10.28158 1.007928 -10.85277 1.007928 -10.28158 0.916298 -10.28158 0.916298 -10.28158 1.007928 -10.28158 0.916298 -9.710377 0.916298 -10.28158 0.916298 -9.710377 0.824668 -9.710377 0.824668 -9.710377 0.916298 -9.710377 0.824668 -9.13918 0.824668 -9.710377 0.824668 -9.13918 0.733038 -9.13918 0.733038 -9.13918 0.824668 -9.13918 0.733038 -8.56798 0.733038 -9.13918 0.733038 -8.56798 0.641408 -8.56798 0.641408 -8.56798 0.733038 -8.56798 0.641408 -7.996781 -0.641408 12.56637 -0.733038 12.56637 -0.641408 11.99517 -0.641408 11.99517 -0.733038 12.56637 -0.733038 11.99517 -0.641408 11.99517 -0.733038 11.99517 -0.641408 11.42397 -0.641408 11.42397 -0.733038 11.99517 -0.733038 11.42397 -0.641408 11.42397 -0.733038 11.42397 -0.641408 10.85277 -0.641408 10.85277 -0.733038 11.42397 -0.733038 10.85277 -0.641408 10.85277 -0.733038 10.85277 -0.641408 10.28158 -0.641408 10.28158 -0.733038 10.85277 -0.733038 10.28158 -0.641408 10.28158 -0.733038 10.28158 -0.641408 9.710377 -0.733038 12.56637 -0.824668 12.56637 -0.733038 11.99517 -0.733038 11.99517 -0.824668 12.56637 -0.824668 11.99517 -0.733038 11.99517 -0.824668 11.99517 -0.733038 11.42397 -0.733038 11.42397 -0.824668 11.99517 -0.824668 11.42397 -0.733038 11.42397 -0.824668 11.42397 -0.733038 10.85277 -0.733038 10.85277 -0.824668 11.42397 -0.824668 10.85277 -0.733038 10.85277 -0.824668 10.85277 -0.733038 10.28158 -0.733038 -12.56637 -0.641408 -12.56637 -0.733038 -11.99517 -0.733038 -11.99517 -0.641408 -12.56637 -0.641408 -11.99517 -0.733038 -11.99517 -0.641408 -11.99517 -0.733038 -11.42397 -0.824668 12.56637 -0.916298 12.56637 -0.824668 11.99517 -0.824668 11.99517 -0.916298 12.56637 -0.916298 11.99517 -0.824668 11.99517 -0.916298 11.99517 -0.824668 11.42397 -0.824668 11.42397 -0.916298 11.99517 -0.916298 11.42397 -0.824668 11.42397 -0.916298 11.42397 -0.824668 10.85277 -0.824668 -12.56637 -0.733038 -12.56637 -0.824668 -11.99517 -0.824668 -11.99517 -0.733038 -12.56637 -0.733038 -11.99517 -0.824668 -11.99517 -0.733038 -11.99517 -0.824668 -11.42397 -0.824668 -11.42397 -0.733038 -11.99517 -0.733038 -11.42397 -0.824668 -11.42397 -0.733038 -11.42397 -0.824668 -10.85277 -0.916298 12.56637 -1.007928 12.56637 -0.916298 11.99517 -0.916298 11.99517 -1.007928 12.56637 -1.007928 11.99517 -0.916298 11.99517 -1.007928 11.99517 -0.916298 11.42397 -0.916298 -12.56637 -0.824668 -12.56637 -0.916298 -11.99517 -0.916298 -11.99517 -0.824668 -12.56637 -0.824668 -11.99517 -0.916298 -11.99517 -0.824668 -11.99517 -0.916298 -11.42397 -0.916298 -11.42397 -0.824668 -11.99517 -0.824668 -11.42397 -0.916298 -11.42397 -0.824668 -11.42397 -0.916298 -10.85277 -0.916298 -10.85277 -0.824668 -11.42397 -0.824668 -10.85277 -0.916298 -10.85277 -0.824668 -10.85277 -0.916298 -10.28158 -1.007928 12.56637 -1.099557 12.56637 -1.007928 11.99517 -1.007928 -12.56637 -0.916298 -12.56637 -1.007928 -11.99517 -1.007928 -11.99517 -0.916298 -12.56637 -0.916298 -11.99517 -1.007928 -11.99517 -0.916298 -11.99517 -1.007928 -11.42397 -1.007928 -11.42397 -0.916298 -11.99517 -0.916298 -11.42397 -1.007928 -11.42397 -0.916298 -11.42397 -1.007928 -10.85277 -1.007928 -10.85277 -0.916298 -11.42397 -0.916298 -10.85277 -1.007928 -10.85277 -0.916298 -10.85277 -1.007928 -10.28158 -1.007928 -10.28158 -0.916298 -10.85277 -0.916298 -10.28158 -1.007928 -10.28158 -0.916298 -10.28158 -1.007928 -9.710377 0.641408 -12.56637 0.733038 -12.56637 0.641408 -11.99517 0.641408 -11.99517 0.733038 -12.56637 0.733038 -11.99517 0.641408 -11.99517 0.733038 -11.99517 0.641408 -11.42397 0.641408 -11.42397 0.733038 -11.99517 0.733038 -11.42397 0.641408 -11.42397 0.733038 -11.42397 0.641408 -10.85277 0.641408 -10.85277 0.733038 -11.42397 0.733038 -10.85277 0.641408 -10.85277 0.733038 -10.85277 0.641408 -10.28158 0.641408 -10.28158 0.733038 -10.85277 0.733038 -10.28158 0.641408 -10.28158 0.733038 -10.28158 0.641408 -9.710377 0.733038 -12.56637 0.824668 -12.56637 0.733038 -11.99517 0.733038 -11.99517 0.824668 -12.56637 0.824668 -11.99517 0.733038 -11.99517 0.824668 -11.99517 0.733038 -11.42397 0.733038 -11.42397 0.824668 -11.99517 0.824668 -11.42397 0.733038 -11.42397 0.824668 -11.42397 0.733038 -10.85277 0.733038 -10.85277 0.824668 -11.42397 0.824668 -10.85277 0.733038 -10.85277 0.824668 -10.85277 0.733038 -10.28158 0.733038 12.56637 0.641408 12.56637 0.733038 11.99517 0.733038 11.99517 0.641408 12.56637 0.641408 11.99517 0.733038 11.99517 0.641408 11.99517 0.733038 11.42397 0.733038 11.42397 0.641408 11.99517 0.641408 11.42397 0.733038 11.42397 0.641408 11.42397 0.733038 10.85277 0.733038 10.85277 0.641408 11.42397 0.641408 10.85277 0.733038 10.85277 0.641408 10.85277 0.733038 10.28158 0.733038 10.28158 0.641408 10.85277 0.641408 10.28158 0.733038 10.28158 0.641408 10.28158 0.733038 9.710377 0.733038 9.710377 0.641408 10.28158 0.641408 9.710377 0.733038 9.710377 0.641408 9.710377 0.733038 9.13918 0.733038 9.13918 0.641408 9.710377 0.641408 9.13918 0.733038 9.13918 0.641408 9.13918 0.733038 8.56798 0.733038 8.56798 0.641408 9.13918 0.641408 8.56798 0.733038 8.56798 0.641408 8.56798 0.733038 7.996781 0.733038 7.996781 0.641408 8.56798 0.641408 7.996781 0.733038 7.996781 0.641408 7.996781 0.733038 7.425583 0.733038 7.425583 0.641408 7.996781 0.641408 7.425583 0.733038 7.425583 0.641408 7.425583 0.733038 6.854384 0.733038 6.854384 0.641408 7.425583 0.641408 6.854384 0.733038 6.854384 0.641408 6.854384 0.733038 6.283185 0.733038 6.283185 0.641408 6.854384 0.641408 6.283185 0.824668 -12.56637 0.916298 -12.56637 0.824668 -11.99517 0.824668 -11.99517 0.916298 -12.56637 0.916298 -11.99517 0.824668 -11.99517 0.916298 -11.99517 0.824668 -11.42397 0.824668 -11.42397 0.916298 -11.99517 0.916298 -11.42397 0.824668 -11.42397 0.916298 -11.42397 0.824668 -10.85277 0.824668 12.56637 0.733038 12.56637 0.824668 11.99517 0.824668 11.99517 0.733038 12.56637 0.733038 11.99517 0.824668 11.99517 0.733038 11.99517 0.824668 11.42397 0.824668 11.42397 0.733038 11.99517 0.733038 11.42397 0.824668 11.42397 0.733038 11.42397 0.824668 10.85277 0.824668 10.85277 0.733038 11.42397 0.733038 10.85277 0.824668 10.85277 0.733038 10.85277 0.824668 10.28158 0.824668 10.28158 0.733038 10.85277 0.733038 10.28158 0.824668 10.28158 0.733038 10.28158 0.824668 9.710377 0.824668 9.710377 0.733038 10.28158 0.733038 9.710377 0.824668 9.710377 0.733038 9.710377 0.824668 9.13918 0.824668 9.13918 0.733038 9.710377 0.733038 9.13918 0.824668 9.13918 0.733038 9.13918 0.824668 8.56798 0.824668 8.56798 0.733038 9.13918 0.733038 8.56798 0.824668 8.56798 0.733038 8.56798 0.824668 7.996781 0.824668 7.996781 0.733038 8.56798 0.733038 7.996781 0.824668 7.996781 0.733038 7.996781 0.824668 7.425583 0.824668 7.425583 0.733038 7.996781 0.733038 7.425583 0.824668 7.425583 0.733038 7.425583 0.824668 6.854384 0.824668 6.854384 0.733038 7.425583 0.733038 6.854384 0.824668 6.854384 0.733038 6.854384 0.824668 6.283185 0.824668 6.283185 0.733038 6.854384 0.733038 6.283185 0.916298 -12.56637 1.007928 -12.56637 0.916298 -11.99517 0.916298 -11.99517 1.007928 -12.56637 1.007928 -11.99517 0.916298 -11.99517 1.007928 -11.99517 0.916298 -11.42397 0.916298 12.56637 0.824668 12.56637 0.916298 11.99517 0.916298 11.99517 0.824668 12.56637 0.824668 11.99517 0.916298 11.99517 0.824668 11.99517 0.916298 11.42397 0.916298 11.42397 0.824668 11.99517 0.824668 11.42397 0.916298 11.42397 0.824668 11.42397 0.916298 10.85277 0.916298 10.85277 0.824668 11.42397 0.824668 10.85277 0.916298 10.85277 0.824668 10.85277 0.916298 10.28158 0.916298 10.28158 0.824668 10.85277 0.824668 10.28158 0.916298 10.28158 0.824668 10.28158 0.916298 9.710377 0.916298 9.710377 0.824668 10.28158 0.824668 9.710377 0.916298 9.710377 0.824668 9.710377 0.916298 9.13918 0.916298 9.13918 0.824668 9.710377 0.824668 9.13918 0.916298 9.13918 0.824668 9.13918 0.916298 8.56798 0.916298 8.56798 0.824668 9.13918 0.824668 8.56798 0.916298 8.56798 0.824668 8.56798 0.916298 7.996781 0.916298 7.996781 0.824668 8.56798 0.824668 7.996781 0.916298 7.996781 0.824668 7.996781 0.916298 7.425583 0.916298 7.425583 0.824668 7.996781 0.824668 7.425583 0.916298 7.425583 0.824668 7.425583 0.916298 6.854384 0.916298 6.854384 0.824668 7.425583 0.824668 6.854384 0.916298 6.854384 0.824668 6.854384 0.916298 6.283185 0.916298 6.283185 0.824668 6.854384 0.824668 6.283185 1.007928 -12.56637 1.099557 -12.56637 1.007928 -11.99517 1.007928 12.56637 0.916298 12.56637 1.007928 11.99517 1.007928 11.99517 0.916298 12.56637 0.916298 11.99517 1.007928 11.99517 0.916298 11.99517 1.007928 11.42397 1.007928 11.42397 0.916298 11.99517 0.916298 11.42397 1.007928 11.42397 0.916298 11.42397 1.007928 10.85277 1.007928 10.85277 0.916298 11.42397 0.916298 10.85277 1.007928 10.85277 0.916298 10.85277 1.007928 10.28158 1.007928 10.28158 0.916298 10.85277 0.916298 10.28158 1.007928 10.28158 0.916298 10.28158 1.007928 9.710377 1.007928 9.710377 0.916298 10.28158 0.916298 9.710377 1.007928 9.710377 0.916298 9.710377 1.007928 9.13918 1.007928 9.13918 0.916298 9.710377 0.916298 9.13918 1.007928 9.13918 0.916298 9.13918 1.007928 8.56798 1.007928 8.56798 0.916298 9.13918 0.916298 8.56798 1.007928 8.56798 0.916298 8.56798 1.007928 7.996781 1.007928 7.996781 0.916298 8.56798 0.916298 7.996781 1.007928 7.996781 0.916298 7.996781 1.007928 7.425583 1.007928 7.425583 0.916298 7.996781 0.916298 7.425583 1.007928 7.425583 0.916298 7.425583 1.007928 6.854384 1.007928 6.854384 0.916298 7.425583 0.916298 6.854384 1.007928 6.854384 0.916298 6.854384 1.007928 6.283185 1.007928 6.283185 0.916298 6.854384 0.916298 6.283185 1.007928 -11.42397 1.099557 -11.42397 1.007928 -10.85277 0.641408 -8.56798 0.641408 -9.13918 0.733038 -9.13918 0.733038 -9.13918 0.641408 -9.13918 0.733038 -9.710377 0.733038 -9.13918 0.733038 -9.710377 0.824668 -9.710377 0.824668 -9.710377 0.733038 -9.710377 0.824668 -10.28158 0.824668 -9.710377 0.824668 -10.28158 0.916298 -10.28158 0.916298 -10.28158 0.824668 -10.28158 0.916298 -10.85277 0.916298 -10.28158 0.916298 -10.85277 1.007928 -10.85277 1.007928 -10.85277 0.916298 -10.85277 1.007928 -11.42397 0.07499998 0.598399 -0.07499998 0.598399 0.07499998 0 0.07499998 0 -0.07499998 0.598399 -0.07499998 0 0.07499998 0 -0.07499998 0 0.07499998 -0.598399 0.07499998 -0.598399 -0.07499998 0 -0.07499998 -0.598399 0.07499998 -0.598399 -0.07499998 -0.598399 0.07499998 -1.196797 0.07499998 -1.196797 -0.07499998 -0.598399 -0.07499998 -1.196797 0.07499998 -1.196797 -0.07499998 -1.196797 0.07499998 -1.795196 0.07499998 -1.795196 -0.07499998 -1.196797 -0.07499998 -1.795196 0.07499998 -1.795196 -0.07499998 -1.795196 0.07499998 -2.393594 0.07499998 -2.393594 -0.07499998 -1.795196 -0.07499998 -2.393594 0.07499998 -2.393594 -0.07499998 -2.393594 0.07499998 -2.991993 0.07499998 -2.991993 -0.07499998 -2.393594 -0.07499998 -2.991993 0.07499998 -2.991993 -0.07499998 -2.991993 0.07499998 -3.590392 0.07499998 -3.590392 -0.07499998 -2.991993 -0.07499998 -3.590392 0.07499998 -3.590392 -0.07499998 -3.590392 0.07499998 -4.18879 0.07499998 -4.18879 -0.07499998 -3.590392 -0.07499998 -4.18879 0.07499998 -4.18879 -0.07499998 -4.18879 0.07499998 -4.787189 0.07499998 -4.787189 -0.07499998 -4.18879 -0.07499998 -4.787189 0.07499998 -4.787189 -0.07499998 -4.787189 0.07499998 -5.385587 0.07499998 -5.385587 -0.07499998 -4.787189 -0.07499998 -5.385587 0.07499998 -5.385587 -0.07499998 -5.385587 0.07499998 -5.983986 0.07499998 -5.983986 -0.07499998 -5.385587 -0.07499998 -5.983986 0.07499998 -5.983986 -0.07499998 -5.983986 0.07499998 -6.582385 0.07499998 -6.582385 -0.07499998 -5.983986 -0.07499998 -6.582385 0.07499998 -6.582385 -0.07499998 -6.582385 0.07499998 -7.180783 0.07499998 -7.180783 -0.07499998 -6.582385 -0.07499998 -7.180783 0.07499998 -7.180783 -0.07499998 -7.180783 0.07499998 -7.779182 0.07499998 -7.779182 -0.07499998 -7.180783 -0.07499998 -7.779182 0.07499998 -7.779182 -0.07499998 -7.779182 0.07499998 -8.37758 0.07499998 -8.37758 -0.07499998 -7.779182 -0.07499998 -8.37758 0.07499998 -8.37758 -0.07499998 -8.37758 0.07499998 -8.975979 0.07499998 -8.975979 -0.07499998 -8.37758 -0.07499998 -8.975979 0.07499998 -8.975979 -0.07499998 -8.975979 0.07499998 -9.574378 0.07499998 -9.574378 -0.07499998 -8.975979 -0.07499998 -9.574378 0.07499998 -9.574378 -0.07499998 -9.574378 0.07499998 -10.17278 0.07499998 -10.17278 -0.07499998 -9.574378 -0.07499998 -10.17278 0.07499998 -10.17278 -0.07499998 -10.17278 0.07499998 -10.77118 0.07499998 -10.77118 -0.07499998 -10.17278 -0.07499998 -10.77118 0.07499998 -10.77118 -0.07499998 -10.77118 0.07499998 -11.36957 0.07499998 -11.36957 -0.07499998 -10.77118 -0.07499998 -11.36957 0.07499998 -11.36957 -0.07499998 -11.36957 0.07499998 -11.96797 0.07499998 -11.96797 -0.07499998 -11.36957 -0.07499998 -11.96797 0.07499998 -11.96797 -0.07499998 -11.96797 0.07499998 -12.56637 0.07499998 -12.56637 -0.07499998 -11.96797 -0.07499998 -12.56637 0.07499998 12.56637 -0.07499998 12.56637 0.07499998 11.96797 0.07499998 11.96797 -0.07499998 12.56637 -0.07499998 11.96797 0.07499998 11.96797 -0.07499998 11.96797 0.07499998 11.36957 0.07499998 11.36957 -0.07499998 11.96797 -0.07499998 11.36957 0.07499998 11.36957 -0.07499998 11.36957 0.07499998 10.77118 0.07499998 10.77118 -0.07499998 11.36957 -0.07499998 10.77118 0.07499998 10.77118 -0.07499998 10.77118 0.07499998 10.17278 0.07499998 10.17278 -0.07499998 10.77118 -0.07499998 10.17278 0.07499998 10.17278 -0.07499998 10.17278 0.07499998 9.574378 0.07499998 9.574378 -0.07499998 10.17278 -0.07499998 9.574378 0.07499998 9.574378 -0.07499998 9.574378 0.07499998 8.975979 0.07499998 8.975979 -0.07499998 9.574378 -0.07499998 8.975979 0.07499998 8.975979 -0.07499998 8.975979 0.07499998 8.37758 0.07499998 8.37758 -0.07499998 8.975979 -0.07499998 8.37758 0.07499998 8.37758 -0.07499998 8.37758 0.07499998 7.779182 0.07499998 7.779182 -0.07499998 8.37758 -0.07499998 7.779182 0.07499998 7.779182 -0.07499998 7.779182 0.07499998 7.180783 0.07499998 7.180783 -0.07499998 7.779182 -0.07499998 7.180783 0.07499998 7.180783 -0.07499998 7.180783 0.07499998 6.582385 0.07499998 6.582385 -0.07499998 7.180783 -0.07499998 6.582385 0.07499998 6.582385 -0.07499998 6.582385 0.07499998 5.983986 0.07499998 5.983986 -0.07499998 6.582385 -0.07499998 5.983986 0.07499998 5.983986 -0.07499998 5.983986 0.07499998 5.385587 0.07499998 5.385587 -0.07499998 5.983986 -0.07499998 5.385587 0.07499998 5.385587 -0.07499998 5.385587 0.07499998 4.787189 0.07499998 4.787189 -0.07499998 5.385587 -0.07499998 4.787189 0.07499998 4.787189 -0.07499998 4.787189 0.07499998 4.18879 0.07499998 4.18879 -0.07499998 4.787189 -0.07499998 4.18879 0.07499998 4.18879 -0.07499998 4.18879 0.07499998 3.590392 0.07499998 3.590392 -0.07499998 4.18879 -0.07499998 3.590392 0.07499998 3.590392 -0.07499998 3.590392 0.07499998 2.991993 0.07499998 2.991993 -0.07499998 3.590392 -0.07499998 2.991993 0.07499998 2.991993 -0.07499998 2.991993 0.07499998 2.393594 0.07499998 2.393594 -0.07499998 2.991993 -0.07499998 2.393594 0.07499998 2.393594 -0.07499998 2.393594 0.07499998 1.795196 0.07499998 1.795196 -0.07499998 2.393594 -0.07499998 1.795196 0.07499998 1.795196 -0.07499998 1.795196 0.07499998 1.196797 0.07499998 1.196797 -0.07499998 1.795196 -0.07499998 1.196797 0.07499998 1.196797 -0.07499998 1.196797 0.07499998 0.598399 0.07499998 0.598399 -0.07499998 1.196797 -0.07499998 0.598399 0.596169 3.955323 0 4 3.464102 -2 3.464102 -2 0 4 -0.596169 3.955323 3.464102 -2 -0.596169 3.955323 -1.179021 3.822291 -1.179021 3.822291 -1.735535 3.603875 3.464102 -2 3.464102 -2 -1.735535 3.603875 -2.25328 3.304955 3.464102 -2 -2.25328 3.304955 -2.720691 2.932207 -2.720691 2.932207 -3.127326 2.493959 3.464102 -2 3.464102 -2 -3.127326 2.493959 -3.464102 2 3.464102 -2 -3.464102 2 -3.723495 1.461364 -3.723495 1.461364 -3.899712 0.890084 3.464102 -2 3.464102 -2 -3.899712 0.890084 -3.988815 0.29892 3.464102 -2 -3.988815 0.29892 -3.988815 -0.29892 -3.988815 -0.29892 -3.899712 -0.890084 3.464102 -2 3.464102 -2 -3.899712 -0.890084 -3.723495 -1.461364 3.464102 -2 -3.723495 -1.461364 -3.464102 -2 3.464102 -2 -3.464102 -2 3.127326 -2.493959 3.127326 -2.493959 -3.464102 -2 -3.127326 -2.493959 3.127326 -2.493959 -3.127326 -2.493959 2.720691 -2.932207 2.720691 -2.932207 -3.127326 -2.493959 -2.720691 -2.932207 2.720691 -2.932207 -2.720691 -2.932207 2.25328 -3.304955 2.25328 -3.304955 -2.720691 -2.932207 -2.25328 -3.304955 2.25328 -3.304955 -2.25328 -3.304955 1.735535 -3.603875 1.735535 -3.603875 -2.25328 -3.304955 -1.735535 -3.603875 1.735535 -3.603875 -1.735535 -3.603875 1.179021 -3.822291 1.179021 -3.822291 -1.735535 -3.603875 -1.179021 -3.822291 1.179021 -3.822291 -1.179021 -3.822291 0.596169 -3.955323 0.596169 -3.955323 -1.179021 -3.822291 -0.596169 -3.955323 0.596169 -3.955323 -0.596169 -3.955323 0 -4 3.723495 -1.461364 2.720691 2.932207 3.464102 -2 3.464102 -2 2.720691 2.932207 2.25328 3.304955 3.464102 -2 2.25328 3.304955 1.735535 3.603875 3.899712 -0.890084 3.723495 1.461364 3.723495 -1.461364 3.723495 -1.461364 3.723495 1.461364 3.464102 2 3.723495 -1.461364 3.464102 2 3.127326 2.493959 3.723495 1.461364 3.899712 -0.890084 3.899712 0.890084 3.899712 0.890084 3.899712 -0.890084 3.988815 -0.29892 3.899712 0.890084 3.988815 -0.29892 3.988815 0.29892 3.127326 2.493959 2.720691 2.932207 3.723495 -1.461364 1.735535 3.603875 1.179021 3.822291 3.464102 -2 3.464102 -2 1.179021 3.822291 0.596169 3.955323 0.07499998 -0.1297219 -0.07499998 0 0.07499998 -0.389167 0.07499998 -0.389167 -0.07499998 0 -0.07499998 -0.598399 0.07499998 -0.389167 -0.07499998 -0.598399 0.07499998 -0.978569 0.07499998 -0.978569 -0.07499998 -0.598399 -0.07499998 -1.196797 0.07499998 -0.978569 -0.07499998 -1.196797 0.07499998 -1.567971 0.07499998 -1.567971 -0.07499998 -1.196797 -0.07499998 -1.795196 0.07499998 -1.567971 -0.07499998 -1.795196 0.07499998 -2.157373 0.07499998 -2.157373 -0.07499998 -1.795196 -0.07499998 -2.393594 0.07499998 -2.157373 -0.07499998 -2.393594 0.07499998 -2.746775 0.07499998 -2.746775 -0.07499998 -2.393594 -0.07499998 -2.991993 0.07499998 -2.746775 -0.07499998 -2.991993 0.07499998 -3.336176 0.07499998 -3.336176 -0.07499998 -2.991993 -0.07499998 -3.590392 0.07499998 -3.336176 -0.07499998 -3.590392 0.07499998 -3.925578 0.07499998 -3.925578 -0.07499998 -3.590392 -0.07499998 -4.18879 0.07499998 -3.925578 -0.07499998 -4.18879 0.07499998 -4.51498 0.07499998 -4.51498 -0.07499998 -4.18879 -0.07499998 -4.787189 0.07499998 -4.51498 -0.07499998 -4.787189 0.07499998 -5.104382 0.07499998 -5.104382 -0.07499998 -4.787189 -0.07499998 -5.385587 0.07499998 -5.104382 -0.07499998 -5.385587 0.07499998 -5.693784 0.07499998 -5.693784 -0.07499998 -5.385587 -0.07499998 -5.983986 0.07499998 -5.693784 -0.07499998 -5.983986 0.07499998 -6.283185 0.07499998 -6.283185 -0.07499998 -5.983986 -0.07499998 -6.582385 0.07499998 -6.283185 -0.07499998 -6.582385 0.07499998 -6.872587 0.07499998 -6.872587 -0.07499998 -6.582385 -0.07499998 -7.180783 0.07499998 -6.872587 -0.07499998 -7.180783 0.07499998 -7.461989 0.07499998 -7.461989 -0.07499998 -7.180783 -0.07499998 -7.779182 0.07499998 -7.461989 -0.07499998 -7.779182 0.07499998 -8.051391 0.07499998 -8.051391 -0.07499998 -7.779182 -0.07499998 -8.37758 0.07499998 -8.051391 -0.07499998 -8.37758 0.07499998 -8.640792 0.07499998 -8.640792 -0.07499998 -8.37758 -0.07499998 -8.975979 0.07499998 -8.640792 -0.07499998 -8.975979 0.07499998 -9.230195 0.07499998 -9.230195 -0.07499998 -8.975979 -0.07499998 -9.574378 0.07499998 -9.230195 -0.07499998 -9.574378 0.07499998 -9.819597 0.07499998 -9.819597 -0.07499998 -9.574378 -0.07499998 -10.17278 0.07499998 -9.819597 -0.07499998 -10.17278 0.07499998 -10.409 0.07499998 -10.409 -0.07499998 -10.17278 -0.07499998 -10.77118 0.07499998 -10.409 -0.07499998 -10.77118 0.07499998 -10.9984 0.07499998 -10.9984 -0.07499998 -10.77118 -0.07499998 -11.36957 0.07499998 -10.9984 -0.07499998 -11.36957 0.07499998 -11.5878 0.07499998 -11.5878 -0.07499998 -11.36957 -0.07499998 -11.96797 0.07499998 -11.5878 -0.07499998 -11.96797 0.07499998 -12.1772 0.07499998 -12.1772 -0.07499998 -11.96797 -0.07499998 -12.56637 0.07499998 -12.1772 -0.07499998 -12.56637 0.07499998 -12.43665 0.07499998 -12.43665 -0.07499998 -12.56637 0.07499998 -12.69609 0.07499998 12.43665 -0.07499998 12.56637 0.07499998 12.1772 0.07499998 12.1772 -0.07499998 12.56637 -0.07499998 11.96797 0.07499998 12.1772 -0.07499998 11.96797 0.07499998 11.5878 0.07499998 11.5878 -0.07499998 11.96797 -0.07499998 11.36957 0.07499998 11.5878 -0.07499998 11.36957 0.07499998 10.9984 0.07499998 10.9984 -0.07499998 11.36957 -0.07499998 10.77118 0.07499998 10.9984 -0.07499998 10.77118 0.07499998 10.409 0.07499998 10.409 -0.07499998 10.77118 -0.07499998 10.17278 0.07499998 10.409 -0.07499998 10.17278 0.07499998 9.819597 0.07499998 9.819597 -0.07499998 10.17278 -0.07499998 9.574378 0.07499998 9.819597 -0.07499998 9.574378 0.07499998 9.230195 0.07499998 9.230195 -0.07499998 9.574378 -0.07499998 8.975979 0.07499998 9.230195 -0.07499998 8.975979 0.07499998 8.640792 0.07499998 8.640792 -0.07499998 8.975979 -0.07499998 8.37758 0.07499998 8.640792 -0.07499998 8.37758 0.07499998 8.051391 0.07499998 8.051391 -0.07499998 8.37758 -0.07499998 7.779182 0.07499998 8.051391 -0.07499998 7.779182 0.07499998 7.461989 0.07499998 7.461989 -0.07499998 7.779182 -0.07499998 7.180783 0.07499998 7.461989 -0.07499998 7.180783 0.07499998 6.872587 0.07499998 6.872587 -0.07499998 7.180783 -0.07499998 6.582385 0.07499998 6.872587 -0.07499998 6.582385 0.07499998 6.283185 0.07499998 6.283185 -0.07499998 6.582385 -0.07499998 5.983986 0.07499998 6.283185 -0.07499998 5.983986 0.07499998 5.693784 0.07499998 5.693784 -0.07499998 5.983986 -0.07499998 5.385587 0.07499998 5.693784 -0.07499998 5.385587 0.07499998 5.104382 0.07499998 5.104382 -0.07499998 5.385587 -0.07499998 4.787189 0.07499998 5.104382 -0.07499998 4.787189 0.07499998 4.51498 0.07499998 4.51498 -0.07499998 4.787189 -0.07499998 4.18879 0.07499998 4.51498 -0.07499998 4.18879 0.07499998 3.925578 0.07499998 3.925578 -0.07499998 4.18879 -0.07499998 3.590392 0.07499998 3.925578 -0.07499998 3.590392 0.07499998 3.336176 0.07499998 3.336176 -0.07499998 3.590392 -0.07499998 2.991993 0.07499998 3.336176 -0.07499998 2.991993 0.07499998 2.746775 0.07499998 2.746775 -0.07499998 2.991993 -0.07499998 2.393594 0.07499998 2.746775 -0.07499998 2.393594 0.07499998 2.157373 0.07499998 2.157373 -0.07499998 2.393594 -0.07499998 1.795196 0.07499998 2.157373 -0.07499998 1.795196 0.07499998 1.567971 0.07499998 1.567971 -0.07499998 1.795196 -0.07499998 1.196797 0.07499998 1.567971 -0.07499998 1.196797 0.07499998 0.978569 0.07499998 0.978569 -0.07499998 1.196797 -0.07499998 0.598399 0.07499998 0.978569 -0.07499998 0.598399 0.07499998 0.389167 0.07499998 0.389167 -0.07499998 0.598399 -0.07499998 0 0.07499998 0.389167 -0.07499998 0 0.07499998 0.1297219 0.07499998 0.1297219 -0.07499998 0 0.07499998 -0.1297219</float_array>
          <technique_common>
            <accessor source="#whee_003-mesh-map-0-array" count="10608" stride="2">
              <param name="S" type="float"/>
              <param name="T" type="float"/>
            </accessor>
          </technique_common>
        </source>
        <vertices id="whee_003-mesh-vertices">
          <input semantic="POSITION" source="#whee_003-mesh-positions"/>
        </vertices>
        <triangles material="パウダー_コート_黄__002-material" count="2016">
          <input semantic="VERTEX" source="#whee_003-mesh-vertices" offset="0"/>
          <input semantic="NORMAL" source="#whee_003-mesh-normals" offset="1"/>
          <input semantic="TEXCOORD" source="#whee_003-mesh-map-0" offset="2" set="0"/>
          <p>0 0 0 64 1 1 11 2 2 11 2 3 64 1 4 87 3 5 11 2 6 87 3 7 12 4 8 12 4 9 87 3 10 478 5 11 12 4 12 478 5 13 13 6 14 13 6 15 478 5 16 501 7 17 13 6 18 501 7 19 14 8 20 14 8 21 501 7 22 524 9 23 14 8 24 524 9 25 15 10 26 15 10 27 524 9 28 547 11 29 15 10 30 547 11 31 16 12 32 16 12 33 547 11 34 387 13 35 16 12 36 387 13 37 10 14 38 10 14 39 387 13 40 432 15 41 10 14 42 432 15 43 17 16 44 17 16 45 432 15 46 455 17 47 17 16 48 455 17 49 18 18 50 18 18 51 455 17 52 570 19 53 18 18 54 570 19 55 19 20 56 19 20 57 570 19 58 593 21 59 19 20 60 593 21 61 20 22 62 20 22 63 593 21 64 616 23 65 20 22 66 616 23 67 21 24 68 21 24 69 616 23 70 639 25 71 21 24 72 639 25 73 22 26 74 22 26 75 639 25 76 318 27 77 22 26 78 318 27 79 9 28 80 9 28 81 318 27 82 363 29 83 9 28 84 363 29 85 23 30 86 23 30 87 363 29 88 386 31 89 23 30 90 386 31 91 24 32 92 24 32 93 386 31 94 662 33 95 24 32 96 662 33 97 25 34 98 25 34 99 662 33 100 685 35 101 25 34 102 685 35 103 26 36 104 26 36 105 685 35 106 708 37 107 26 36 108 708 37 109 27 38 110 27 38 111 708 37 112 731 39 113 27 38 114 731 39 115 28 40 116 28 40 117 731 39 118 249 41 119 28 40 120 249 41 121 8 42 122 8 42 123 249 41 124 294 43 125 8 42 126 294 43 127 29 44 128 29 44 129 294 43 130 317 45 131 29 44 132 317 45 133 30 46 134 30 46 135 317 45 136 754 47 137 30 46 138 754 47 139 31 48 140 31 48 141 754 47 142 777 49 143 31 48 144 777 49 145 32 50 146 32 50 147 777 49 148 800 51 149 32 50 150 800 51 151 33 52 152 33 52 153 800 51 154 823 53 155 33 52 156 823 53 157 34 54 158 34 54 159 823 53 160 180 55 161 34 54 162 180 55 163 7 56 164 7 56 165 180 55 166 225 57 167 7 56 168 225 57 169 35 58 170 35 58 171 225 57 172 248 59 173 35 58 174 248 59 175 36 60 176 36 60 177 248 59 178 846 61 179 36 60 180 846 61 181 37 62 182 37 62 183 846 61 184 869 63 185 37 62 186 869 63 187 38 64 188 38 64 189 869 63 190 892 65 191 38 64 192 892 65 193 39 66 194 39 66 195 892 65 196 915 67 197 39 66 198 915 67 199 40 68 200 40 68 201 915 67 202 111 69 203 40 68 204 111 69 205 6 70 206 6 70 207 111 69 208 156 71 209 6 70 210 156 71 211 41 72 212 41 72 213 156 71 214 179 73 215 41 72 216 179 73 217 42 74 218 42 74 219 179 73 220 938 75 221 42 74 222 938 75 223 43 76 224 43 76 225 938 75 226 961 77 227 43 76 228 961 77 229 44 78 230 44 78 231 961 77 232 984 79 233 44 78 234 984 79 235 45 80 236 45 80 237 984 79 238 1007 81 239 45 80 240 1007 81 241 46 82 242 46 82 243 1007 81 244 88 83 245 46 82 246 88 83 247 0 0 248 0 0 249 88 83 250 64 1 251 0 0 252 47 84 253 46 82 254 46 82 255 47 84 256 110 85 257 46 82 258 110 85 259 45 80 260 45 80 261 110 85 262 985 86 263 45 80 264 985 86 265 44 78 266 44 78 267 985 86 268 962 87 269 44 78 270 962 87 271 43 76 272 43 76 273 962 87 274 939 88 275 43 76 276 939 88 277 42 74 278 42 74 279 939 88 280 916 89 281 42 74 282 916 89 283 41 72 284 41 72 285 916 89 286 157 90 287 41 72 288 157 90 289 6 70 290 6 70 291 157 90 292 134 91 293 6 70 294 134 91 295 40 68 296 40 68 297 134 91 298 133 92 299 40 68 300 133 92 301 39 66 302 39 66 303 133 92 304 893 93 305 39 66 306 893 93 307 38 64 308 38 64 309 893 93 310 870 94 311 38 64 312 870 94 313 37 62 314 37 62 315 870 94 316 847 95 317 37 62 318 847 95 319 36 60 320 36 60 321 847 95 322 824 96 323 36 60 324 824 96 325 35 58 326 35 58 327 824 96 328 226 97 329 35 58 330 226 97 331 7 56 332 7 56 333 226 97 334 203 98 335 7 56 336 203 98 337 34 54 338 34 54 339 203 98 340 202 99 341 34 54 342 202 99 343 33 52 344 33 52 345 202 99 346 801 100 347 33 52 348 801 100 349 32 50 350 32 50 351 801 100 352 778 101 353 32 50 354 778 101 355 31 48 356 31 48 357 778 101 358 755 102 359 31 48 360 755 102 361 30 46 362 30 46 363 755 102 364 732 103 365 30 46 366 732 103 367 29 44 368 29 44 369 732 103 370 295 104 371 29 44 372 295 104 373 8 42 374 8 42 375 295 104 376 272 105 377 8 42 378 272 105 379 28 40 380 28 40 381 272 105 382 271 106 383 28 40 384 271 106 385 27 38 386 27 38 387 271 106 388 709 107 389 27 38 390 709 107 391 26 36 392 26 36 393 709 107 394 686 108 395 26 36 396 686 108 397 25 34 398 25 34 399 686 108 400 663 109 401 25 34 402 663 109 403 24 32 404 24 32 405 663 109 406 640 110 407 24 32 408 640 110 409 23 30 410 23 30 411 640 110 412 364 111 413 23 30 414 364 111 415 9 28 416 9 28 417 364 111 418 341 112 419 9 28 420 341 112 421 22 26 422 22 26 423 341 112 424 340 113 425 22 26 426 340 113 427 21 24 428 21 24 429 340 113 430 617 114 431 21 24 432 617 114 433 20 22 434 20 22 435 617 114 436 594 115 437 20 22 438 594 115 439 19 20 440 19 20 441 594 115 442 571 116 443 19 20 444 571 116 445 18 18 446 18 18 447 571 116 448 548 117 449 18 18 450 548 117 451 17 16 452 17 16 453 548 117 454 433 118 455 17 16 456 433 118 457 10 14 458 10 14 459 433 118 460 410 119 461 10 14 462 410 119 463 16 12 464 16 12 465 410 119 466 409 120 467 16 12 468 409 120 469 15 10 470 15 10 471 409 120 472 525 121 473 15 10 474 525 121 475 14 8 476 14 8 477 525 121 478 502 122 479 14 8 480 502 122 481 13 6 482 13 6 483 502 122 484 479 123 485 13 6 486 479 123 487 12 4 488 12 4 489 479 123 490 456 124 491 12 4 492 456 124 493 11 2 494 11 2 495 456 124 496 65 125 497 11 2 498 65 125 499 0 0 500 0 0 501 65 125 502 47 84 503 1 126 504 61 127 505 84 128 506 84 128 507 61 127 508 83 129 509 84 128 510 83 129 511 475 130 512 475 130 513 83 129 514 474 131 515 475 130 516 474 131 517 498 132 518 498 132 519 474 131 520 497 133 521 498 132 522 497 133 523 521 134 524 521 134 525 497 133 526 520 135 527 521 134 528 520 135 529 544 136 530 544 136 531 520 135 532 543 137 533 544 136 534 543 137 535 390 138 536 390 138 537 543 137 538 391 139 539 390 138 540 391 139 541 429 140 542 429 140 543 391 139 544 428 141 545 429 140 546 428 141 547 452 142 548 452 142 549 428 141 550 451 143 551 452 142 552 451 143 553 567 144 554 567 144 555 451 143 556 566 145 557 567 144 558 566 145 559 590 146 560 590 146 561 566 145 562 589 147 563 590 146 564 589 147 565 613 148 566 613 148 567 589 147 568 612 149 569 613 148 570 612 149 571 636 150 572 636 150 573 612 149 574 635 151 575 636 150 576 635 151 577 321 152 578 321 152 579 635 151 580 322 153 581 321 152 582 322 153 583 360 154 584 360 154 585 322 153 586 359 155 587 360 154 588 359 155 589 383 156 590 383 156 591 359 155 592 382 157 593 383 156 594 382 157 595 659 158 596 659 158 597 382 157 598 658 159 599 659 158 600 658 159 601 682 160 602 682 160 603 658 159 604 681 161 605 682 160 606 681 161 607 705 162 608 705 162 609 681 161 610 704 163 611 705 162 612 704 163 613 728 164 614 728 164 615 704 163 616 727 165 617 728 164 618 727 165 619 252 166 620 252 166 621 727 165 622 253 167 623 252 166 624 253 167 625 291 168 626 291 168 627 253 167 628 290 169 629 291 168 630 290 169 631 314 170 632 314 170 633 290 169 634 313 171 635 314 170 636 313 171 637 751 172 638 751 172 639 313 171 640 750 173 641 751 172 642 750 173 643 774 174 644 774 174 645 750 173 646 773 175 647 774 174 648 773 175 649 797 176 650 797 176 651 773 175 652 796 177 653 797 176 654 796 177 655 820 178 656 820 178 657 796 177 658 819 179 659 820 178 660 819 179 661 183 180 662 183 180 663 819 179 664 184 181 665 183 180 666 184 181 667 222 182 668 222 182 669 184 181 670 221 183 671 222 182 672 221 183 673 245 184 674 245 184 675 221 183 676 244 185 677 245 184 678 244 185 679 843 186 680 843 186 681 244 185 682 842 187 683 843 186 684 842 187 685 866 188 686 866 188 687 842 187 688 865 189 689 866 188 690 865 189 691 889 190 692 889 190 693 865 189 694 888 191 695 889 190 696 888 191 697 912 192 698 912 192 699 888 191 700 911 193 701 912 192 702 911 193 703 114 194 704 114 194 705 911 193 706 115 195 707 114 194 708 115 195 709 153 196 710 153 196 711 115 195 712 152 197 713 153 196 714 152 197 715 176 198 716 176 198 717 152 197 718 175 199 719 176 198 720 175 199 721 935 200 722 935 200 723 175 199 724 934 201 725 935 200 726 934 201 727 958 202 728 958 202 729 934 201 730 957 203 731 958 202 732 957 203 733 981 204 734 981 204 735 957 203 736 980 205 737 981 204 738 980 205 739 1004 206 740 1004 206 741 980 205 742 1003 207 743 1004 206 744 1003 207 745 91 208 746 91 208 747 1003 207 748 92 209 749 91 208 750 92 209 751 1 126 752 1 126 753 92 209 754 61 127 755 1 126 756 62 210 757 91 208 758 91 208 759 62 210 760 90 211 761 91 208 762 90 211 763 1004 206 764 1004 206 765 90 211 766 1005 212 767 1004 206 768 1005 212 769 981 204 770 981 204 771 1005 212 772 982 213 773 981 204 774 982 213 775 958 202 776 958 202 777 982 213 778 959 214 779 958 202 780 959 214 781 935 200 782 935 200 783 959 214 784 936 215 785 935 200 786 936 215 787 176 198 788 176 198 789 936 215 790 177 216 791 176 198 792 177 216 793 153 196 794 153 196 795 177 216 796 154 217 797 153 196 798 154 217 799 114 194 800 114 194 801 154 217 802 113 218 803 114 194 804 113 218 805 912 192 806 912 192 807 113 218 808 913 219 809 912 192 810 913 219 811 889 190 812 889 190 813 913 219 814 890 220 815 889 190 816 890 220 817 866 188 818 866 188 819 890 220 820 867 221 821 866 188 822 867 221 823 843 186 824 843 186 825 867 221 826 844 222 827 843 186 828 844 222 829 245 184 830 245 184 831 844 222 832 246 223 833 245 184 834 246 223 835 222 182 836 222 182 837 246 223 838 223 224 839 222 182 840 223 224 841 183 180 842 183 180 843 223 224 844 182 225 845 183 180 846 182 225 847 820 178 848 820 178 849 182 225 850 821 226 851 820 178 852 821 226 853 797 176 854 797 176 855 821 226 856 798 227 857 797 176 858 798 227 859 774 174 860 774 174 861 798 227 862 775 228 863 774 174 864 775 228 865 751 172 866 751 172 867 775 228 868 752 229 869 751 172 870 752 229 871 314 170 872 314 170 873 752 229 874 315 230 875 314 170 876 315 230 877 291 168 878 291 168 879 315 230 880 292 231 881 291 168 882 292 231 883 252 166 884 252 166 885 292 231 886 251 232 887 252 166 888 251 232 889 728 164 890 728 164 891 251 232 892 729 233 893 728 164 894 729 233 895 705 162 896 705 162 897 729 233 898 706 234 899 705 162 900 706 234 901 682 160 902 682 160 903 706 234 904 683 235 905 682 160 906 683 235 907 659 158 908 659 158 909 683 235 910 660 236 911 659 158 912 660 236 913 383 156 914 383 156 915 660 236 916 384 237 917 383 156 918 384 237 919 360 154 920 360 154 921 384 237 922 361 238 923 360 154 924 361 238 925 321 152 926 321 152 927 361 238 928 320 239 929 321 152 930 320 239 931 636 150 932 636 150 933 320 239 934 637 240 935 636 150 936 637 240 937 613 148 938 613 148 939 637 240 940 614 241 941 613 148 942 614 241 943 590 146 944 590 146 945 614 241 946 591 242 947 590 146 948 591 242 949 567 144 950 567 144 951 591 242 952 568 243 953 567 144 954 568 243 955 452 142 956 452 142 957 568 243 958 453 244 959 452 142 960 453 244 961 429 140 962 429 140 963 453 244 964 430 245 965 429 140 966 430 245 967 390 138 968 390 138 969 430 245 970 389 246 971 390 138 972 389 246 973 544 136 974 544 136 975 389 246 976 545 247 977 544 136 978 545 247 979 521 134 980 521 134 981 545 247 982 522 248 983 521 134 984 522 248 985 498 132 986 498 132 987 522 248 988 499 249 989 498 132 990 499 249 991 475 130 992 475 130 993 499 249 994 476 250 995 475 130 996 476 250 997 84 128 998 84 128 999 476 250 1000 85 251 1001 84 128 1002 85 251 1003 1 126 1004 1 126 1005 85 251 1006 62 210 1007 2 252 1008 58 253 1009 80 254 1010 80 254 1011 58 253 1012 79 255 1013 80 254 1014 79 255 1015 471 256 1016 471 256 1017 79 255 1018 470 257 1019 471 256 1020 470 257 1021 494 258 1022 494 258 1023 470 257 1024 493 259 1025 494 258 1026 493 259 1027 517 260 1028 517 260 1029 493 259 1030 516 261 1031 517 260 1032 516 261 1033 540 262 1034 540 262 1035 516 261 1036 539 263 1037 540 262 1038 539 263 1039 394 264 1040 394 264 1041 539 263 1042 395 265 1043 394 264 1044 395 265 1045 425 266 1046 425 266 1047 395 265 1048 424 267 1049 425 266 1050 424 267 1051 448 268 1052 448 268 1053 424 267 1054 447 269 1055 448 268 1056 447 269 1057 563 270 1058 563 270 1059 447 269 1060 562 271 1061 563 270 1062 562 271 1063 586 272 1064 586 272 1065 562 271 1066 585 273 1067 586 272 1068 585 273 1069 609 274 1070 609 274 1071 585 273 1072 608 275 1073 609 274 1074 608 275 1075 632 276 1076 632 276 1077 608 275 1078 631 277 1079 632 276 1080 631 277 1081 325 278 1082 325 278 1083 631 277 1084 326 279 1085 325 278 1086 326 279 1087 356 280 1088 356 280 1089 326 279 1090 355 281 1091 356 280 1092 355 281 1093 379 282 1094 379 282 1095 355 281 1096 378 283 1097 379 282 1098 378 283 1099 655 284 1100 655 284 1101 378 283 1102 654 285 1103 655 284 1104 654 285 1105 678 286 1106 678 286 1107 654 285 1108 677 287 1109 678 286 1110 677 287 1111 701 288 1112 701 288 1113 677 287 1114 700 289 1115 701 288 1116 700 289 1117 724 290 1118 724 290 1119 700 289 1120 723 291 1121 724 290 1122 723 291 1123 256 292 1124 256 292 1125 723 291 1126 257 293 1127 256 292 1128 257 293 1129 287 294 1130 287 294 1131 257 293 1132 286 295 1133 287 294 1134 286 295 1135 310 296 1136 310 296 1137 286 295 1138 309 297 1139 310 296 1140 309 297 1141 747 298 1142 747 298 1143 309 297 1144 746 299 1145 747 298 1146 746 299 1147 770 300 1148 770 300 1149 746 299 1150 769 301 1151 770 300 1152 769 301 1153 793 302 1154 793 302 1155 769 301 1156 792 303 1157 793 302 1158 792 303 1159 816 304 1160 816 304 1161 792 303 1162 815 305 1163 816 304 1164 815 305 1165 187 306 1166 187 306 1167 815 305 1168 188 307 1169 187 306 1170 188 307 1171 218 308 1172 218 308 1173 188 307 1174 217 309 1175 218 308 1176 217 309 1177 241 310 1178 241 310 1179 217 309 1180 240 311 1181 241 310 1182 240 311 1183 839 312 1184 839 312 1185 240 311 1186 838 313 1187 839 312 1188 838 313 1189 862 314 1190 862 314 1191 838 313 1192 861 315 1193 862 314 1194 861 315 1195 885 316 1196 885 316 1197 861 315 1198 884 317 1199 885 316 1200 884 317 1201 908 318 1202 908 318 1203 884 317 1204 907 319 1205 908 318 1206 907 319 1207 118 320 1208 118 320 1209 907 319 1210 119 321 1211 118 320 1212 119 321 1213 149 322 1214 149 322 1215 119 321 1216 148 323 1217 149 322 1218 148 323 1219 172 324 1220 172 324 1221 148 323 1222 171 325 1223 172 324 1224 171 325 1225 931 326 1226 931 326 1227 171 325 1228 930 327 1229 931 326 1230 930 327 1231 954 328 1232 954 328 1233 930 327 1234 953 329 1235 954 328 1236 953 329 1237 977 330 1238 977 330 1239 953 329 1240 976 331 1241 977 330 1242 976 331 1243 1000 332 1244 1000 332 1245 976 331 1246 999 333 1247 1000 332 1248 999 333 1249 95 334 1250 95 334 1251 999 333 1252 96 335 1253 95 334 1254 96 335 1255 2 252 1256 2 252 1257 96 335 1258 58 253 1259 2 252 1260 59 336 1261 95 334 1262 95 334 1263 59 336 1264 94 337 1265 95 334 1266 94 337 1267 1000 332 1268 1000 332 1269 94 337 1270 1001 338 1271 1000 332 1272 1001 338 1273 977 330 1274 977 330 1275 1001 338 1276 978 339 1277 977 330 1278 978 339 1279 954 328 1280 954 328 1281 978 339 1282 955 340 1283 954 328 1284 955 340 1285 931 326 1286 931 326 1287 955 340 1288 932 341 1289 931 326 1290 932 341 1291 172 324 1292 172 324 1293 932 341 1294 173 342 1295 172 324 1296 173 342 1297 149 322 1298 149 322 1299 173 342 1300 150 343 1301 149 322 1302 150 343 1303 118 320 1304 118 320 1305 150 343 1306 117 344 1307 118 320 1308 117 344 1309 908 318 1310 908 318 1311 117 344 1312 909 345 1313 908 318 1314 909 345 1315 885 316 1316 885 316 1317 909 345 1318 886 346 1319 885 316 1320 886 346 1321 862 314 1322 862 314 1323 886 346 1324 863 347 1325 862 314 1326 863 347 1327 839 312 1328 839 312 1329 863 347 1330 840 348 1331 839 312 1332 840 348 1333 241 310 1334 241 310 1335 840 348 1336 242 349 1337 241 310 1338 242 349 1339 218 308 1340 218 308 1341 242 349 1342 219 350 1343 218 308 1344 219 350 1345 187 306 1346 187 306 1347 219 350 1348 186 351 1349 187 306 1350 186 351 1351 816 304 1352 816 304 1353 186 351 1354 817 352 1355 816 304 1356 817 352 1357 793 302 1358 793 302 1359 817 352 1360 794 353 1361 793 302 1362 794 353 1363 770 300 1364 770 300 1365 794 353 1366 771 354 1367 770 300 1368 771 354 1369 747 298 1370 747 298 1371 771 354 1372 748 355 1373 747 298 1374 748 355 1375 310 296 1376 310 296 1377 748 355 1378 311 356 1379 310 296 1380 311 356 1381 287 294 1382 287 294 1383 311 356 1384 288 357 1385 287 294 1386 288 357 1387 256 292 1388 256 292 1389 288 357 1390 255 358 1391 256 292 1392 255 358 1393 724 290 1394 724 290 1395 255 358 1396 725 359 1397 724 290 1398 725 359 1399 701 288 1400 701 288 1401 725 359 1402 702 360 1403 701 288 1404 702 360 1405 678 286 1406 678 286 1407 702 360 1408 679 361 1409 678 286 1410 679 361 1411 655 284 1412 655 284 1413 679 361 1414 656 362 1415 655 284 1416 656 362 1417 379 282 1418 379 282 1419 656 362 1420 380 363 1421 379 282 1422 380 363 1423 356 280 1424 356 280 1425 380 363 1426 357 364 1427 356 280 1428 357 364 1429 325 278 1430 325 278 1431 357 364 1432 324 365 1433 325 278 1434 324 365 1435 632 276 1436 632 276 1437 324 365 1438 633 366 1439 632 276 1440 633 366 1441 609 274 1442 609 274 1443 633 366 1444 610 367 1445 609 274 1446 610 367 1447 586 272 1448 586 272 1449 610 367 1450 587 368 1451 586 272 1452 587 368 1453 563 270 1454 563 270 1455 587 368 1456 564 369 1457 563 270 1458 564 369 1459 448 268 1460 448 268 1461 564 369 1462 449 370 1463 448 268 1464 449 370 1465 425 266 1466 425 266 1467 449 370 1468 426 371 1469 425 266 1470 426 371 1471 394 264 1472 394 264 1473 426 371 1474 393 372 1475 394 264 1476 393 372 1477 540 262 1478 540 262 1479 393 372 1480 541 373 1481 540 262 1482 541 373 1483 517 260 1484 517 260 1485 541 373 1486 518 374 1487 517 260 1488 518 374 1489 494 258 1490 494 258 1491 518 374 1492 495 375 1493 494 258 1494 495 375 1495 471 256 1496 471 256 1497 495 375 1498 472 376 1499 471 256 1500 472 376 1501 80 254 1502 80 254 1503 472 376 1504 81 377 1505 80 254 1506 81 377 1507 2 252 1508 2 252 1509 81 377 1510 59 336 1511 3 378 1512 55 379 1513 76 380 1514 76 380 1515 55 379 1516 75 381 1517 76 380 1518 75 381 1519 467 382 1520 467 382 1521 75 381 1522 466 383 1523 467 382 1524 466 383 1525 490 384 1526 490 384 1527 466 383 1528 489 385 1529 490 384 1530 489 385 1531 513 386 1532 513 386 1533 489 385 1534 512 387 1535 513 386 1536 512 387 1537 536 388 1538 536 388 1539 512 387 1540 535 389 1541 536 388 1542 535 389 1543 398 390 1544 398 390 1545 535 389 1546 399 391 1547 398 390 1548 399 391 1549 421 392 1550 421 392 1551 399 391 1552 420 393 1553 421 392 1554 420 393 1555 444 394 1556 444 394 1557 420 393 1558 443 395 1559 444 394 1560 443 395 1561 559 396 1562 559 396 1563 443 395 1564 558 397 1565 559 396 1566 558 397 1567 582 398 1568 582 398 1569 558 397 1570 581 399 1571 582 398 1572 581 399 1573 605 400 1574 605 400 1575 581 399 1576 604 401 1577 605 400 1578 604 401 1579 628 402 1580 628 402 1581 604 401 1582 627 403 1583 628 402 1584 627 403 1585 329 404 1586 329 404 1587 627 403 1588 330 405 1589 329 404 1590 330 405 1591 352 406 1592 352 406 1593 330 405 1594 351 407 1595 352 406 1596 351 407 1597 375 408 1598 375 408 1599 351 407 1600 374 409 1601 375 408 1602 374 409 1603 651 410 1604 651 410 1605 374 409 1606 650 411 1607 651 410 1608 650 411 1609 674 412 1610 674 412 1611 650 411 1612 673 413 1613 674 412 1614 673 413 1615 697 414 1616 697 414 1617 673 413 1618 696 415 1619 697 414 1620 696 415 1621 720 416 1622 720 416 1623 696 415 1624 719 417 1625 720 416 1626 719 417 1627 260 418 1628 260 418 1629 719 417 1630 261 419 1631 260 418 1632 261 419 1633 283 420 1634 283 420 1635 261 419 1636 282 421 1637 283 420 1638 282 421 1639 306 422 1640 306 422 1641 282 421 1642 305 423 1643 306 422 1644 305 423 1645 743 424 1646 743 424 1647 305 423 1648 742 425 1649 743 424 1650 742 425 1651 766 426 1652 766 426 1653 742 425 1654 765 427 1655 766 426 1656 765 427 1657 789 428 1658 789 428 1659 765 427 1660 788 429 1661 789 428 1662 788 429 1663 812 430 1664 812 430 1665 788 429 1666 811 431 1667 812 430 1668 811 431 1669 191 432 1670 191 432 1671 811 431 1672 192 433 1673 191 432 1674 192 433 1675 214 434 1676 214 434 1677 192 433 1678 213 435 1679 214 434 1680 213 435 1681 237 436 1682 237 436 1683 213 435 1684 236 437 1685 237 436 1686 236 437 1687 835 438 1688 835 438 1689 236 437 1690 834 439 1691 835 438 1692 834 439 1693 858 440 1694 858 440 1695 834 439 1696 857 441 1697 858 440 1698 857 441 1699 881 442 1700 881 442 1701 857 441 1702 880 443 1703 881 442 1704 880 443 1705 904 444 1706 904 444 1707 880 443 1708 903 445 1709 904 444 1710 903 445 1711 122 446 1712 122 446 1713 903 445 1714 123 447 1715 122 446 1716 123 447 1717 145 448 1718 145 448 1719 123 447 1720 144 449 1721 145 448 1722 144 449 1723 168 450 1724 168 450 1725 144 449 1726 167 451 1727 168 450 1728 167 451 1729 927 452 1730 927 452 1731 167 451 1732 926 453 1733 927 452 1734 926 453 1735 950 454 1736 950 454 1737 926 453 1738 949 455 1739 950 454 1740 949 455 1741 973 456 1742 973 456 1743 949 455 1744 972 457 1745 973 456 1746 972 457 1747 996 458 1748 996 458 1749 972 457 1750 995 459 1751 996 458 1752 995 459 1753 99 460 1754 99 460 1755 995 459 1756 100 461 1757 99 460 1758 100 461 1759 3 378 1760 3 378 1761 100 461 1762 55 379 1763 3 378 1764 56 462 1765 99 460 1766 99 460 1767 56 462 1768 98 463 1769 99 460 1770 98 463 1771 996 458 1772 996 458 1773 98 463 1774 997 464 1775 996 458 1776 997 464 1777 973 456 1778 973 456 1779 997 464 1780 974 465 1781 973 456 1782 974 465 1783 950 454 1784 950 454 1785 974 465 1786 951 466 1787 950 454 1788 951 466 1789 927 452 1790 927 452 1791 951 466 1792 928 467 1793 927 452 1794 928 467 1795 168 450 1796 168 450 1797 928 467 1798 169 468 1799 168 450 1800 169 468 1801 145 448 1802 145 448 1803 169 468 1804 146 469 1805 145 448 1806 146 469 1807 122 446 1808 122 446 1809 146 469 1810 121 470 1811 122 446 1812 121 470 1813 904 444 1814 904 444 1815 121 470 1816 905 471 1817 904 444 1818 905 471 1819 881 442 1820 881 442 1821 905 471 1822 882 472 1823 881 442 1824 882 472 1825 858 440 1826 858 440 1827 882 472 1828 859 473 1829 858 440 1830 859 473 1831 835 438 1832 835 438 1833 859 473 1834 836 474 1835 835 438 1836 836 474 1837 237 436 1838 237 436 1839 836 474 1840 238 475 1841 237 436 1842 238 475 1843 214 434 1844 214 434 1845 238 475 1846 215 476 1847 214 434 1848 215 476 1849 191 432 1850 191 432 1851 215 476 1852 190 477 1853 191 432 1854 190 477 1855 812 430 1856 812 430 1857 190 477 1858 813 478 1859 812 430 1860 813 478 1861 789 428 1862 789 428 1863 813 478 1864 790 479 1865 789 428 1866 790 479 1867 766 426 1868 766 426 1869 790 479 1870 767 480 1871 766 426 1872 767 480 1873 743 424 1874 743 424 1875 767 480 1876 744 481 1877 743 424 1878 744 481 1879 306 422 1880 306 422 1881 744 481 1882 307 482 1883 306 422 1884 307 482 1885 283 420 1886 283 420 1887 307 482 1888 284 483 1889 283 420 1890 284 483 1891 260 418 1892 260 418 1893 284 483 1894 259 484 1895 260 418 1896 259 484 1897 720 416 1898 720 416 1899 259 484 1900 721 485 1901 720 416 1902 721 485 1903 697 414 1904 697 414 1905 721 485 1906 698 486 1907 697 414 1908 698 486 1909 674 412 1910 674 412 1911 698 486 1912 675 487 1913 674 412 1914 675 487 1915 651 410 1916 651 410 1917 675 487 1918 652 488 1919 651 410 1920 652 488 1921 375 408 1922 375 408 1923 652 488 1924 376 489 1925 375 408 1926 376 489 1927 352 406 1928 352 406 1929 376 489 1930 353 490 1931 352 406 1932 353 490 1933 329 404 1934 329 404 1935 353 490 1936 328 491 1937 329 404 1938 328 491 1939 628 402 1940 628 402 1941 328 491 1942 629 492 1943 628 402 1944 629 492 1945 605 400 1946 605 400 1947 629 492 1948 606 493 1949 605 400 1950 606 493 1951 582 398 1952 582 398 1953 606 493 1954 583 494 1955 582 398 1956 583 494 1957 559 396 1958 559 396 1959 583 494 1960 560 495 1961 559 396 1962 560 495 1963 444 394 1964 444 394 1965 560 495 1966 445 496 1967 444 394 1968 445 496 1969 421 392 1970 421 392 1971 445 496 1972 422 497 1973 421 392 1974 422 497 1975 398 390 1976 398 390 1977 422 497 1978 397 498 1979 398 390 1980 397 498 1981 536 388 1982 536 388 1983 397 498 1984 537 499 1985 536 388 1986 537 499 1987 513 386 1988 513 386 1989 537 499 1990 514 500 1991 513 386 1992 514 500 1993 490 384 1994 490 384 1995 514 500 1996 491 501 1997 490 384 1998 491 501 1999 467 382 2000 467 382 2001 491 501 2002 468 502 2003 467 382 2004 468 502 2005 76 380 2006 76 380 2007 468 502 2008 77 503 2009 76 380 2010 77 503 2011 3 378 2012 3 378 2013 77 503 2014 56 462 2015 4 504 2016 52 505 2017 72 506 2018 72 506 2019 52 505 2020 71 507 2021 72 506 2022 71 507 2023 463 508 2024 463 508 2025 71 507 2026 462 509 2027 463 508 2028 462 509 2029 486 510 2030 486 510 2031 462 509 2032 485 511 2033 486 510 2034 485 511 2035 509 512 2036 509 512 2037 485 511 2038 508 513 2039 509 512 2040 508 513 2041 532 514 2042 532 514 2043 508 513 2044 531 515 2045 532 514 2046 531 515 2047 402 516 2048 402 516 2049 531 515 2050 403 517 2051 402 516 2052 403 517 2053 417 518 2054 417 518 2055 403 517 2056 416 519 2057 417 518 2058 416 519 2059 440 520 2060 440 520 2061 416 519 2062 439 521 2063 440 520 2064 439 521 2065 555 522 2066 555 522 2067 439 521 2068 554 523 2069 555 522 2070 554 523 2071 578 524 2072 578 524 2073 554 523 2074 577 525 2075 578 524 2076 577 525 2077 601 526 2078 601 526 2079 577 525 2080 600 527 2081 601 526 2082 600 527 2083 624 528 2084 624 528 2085 600 527 2086 623 529 2087 624 528 2088 623 529 2089 333 530 2090 333 530 2091 623 529 2092 334 531 2093 333 530 2094 334 531 2095 348 532 2096 348 532 2097 334 531 2098 347 533 2099 348 532 2100 347 533 2101 371 534 2102 371 534 2103 347 533 2104 370 535 2105 371 534 2106 370 535 2107 647 536 2108 647 536 2109 370 535 2110 646 537 2111 647 536 2112 646 537 2113 670 538 2114 670 538 2115 646 537 2116 669 539 2117 670 538 2118 669 539 2119 693 540 2120 693 540 2121 669 539 2122 692 541 2123 693 540 2124 692 541 2125 716 542 2126 716 542 2127 692 541 2128 715 543 2129 716 542 2130 715 543 2131 264 544 2132 264 544 2133 715 543 2134 265 545 2135 264 544 2136 265 545 2137 279 546 2138 279 546 2139 265 545 2140 278 547 2141 279 546 2142 278 547 2143 302 548 2144 302 548 2145 278 547 2146 301 549 2147 302 548 2148 301 549 2149 739 550 2150 739 550 2151 301 549 2152 738 551 2153 739 550 2154 738 551 2155 762 552 2156 762 552 2157 738 551 2158 761 553 2159 762 552 2160 761 553 2161 785 554 2162 785 554 2163 761 553 2164 784 555 2165 785 554 2166 784 555 2167 808 556 2168 808 556 2169 784 555 2170 807 557 2171 808 556 2172 807 557 2173 195 558 2174 195 558 2175 807 557 2176 196 559 2177 195 558 2178 196 559 2179 210 560 2180 210 560 2181 196 559 2182 209 561 2183 210 560 2184 209 561 2185 233 562 2186 233 562 2187 209 561 2188 232 563 2189 233 562 2190 232 563 2191 831 564 2192 831 564 2193 232 563 2194 830 565 2195 831 564 2196 830 565 2197 854 566 2198 854 566 2199 830 565 2200 853 567 2201 854 566 2202 853 567 2203 877 568 2204 877 568 2205 853 567 2206 876 569 2207 877 568 2208 876 569 2209 900 570 2210 900 570 2211 876 569 2212 899 571 2213 900 570 2214 899 571 2215 126 572 2216 126 572 2217 899 571 2218 127 573 2219 126 572 2220 127 573 2221 141 574 2222 141 574 2223 127 573 2224 140 575 2225 141 574 2226 140 575 2227 164 576 2228 164 576 2229 140 575 2230 163 577 2231 164 576 2232 163 577 2233 923 578 2234 923 578 2235 163 577 2236 922 579 2237 923 578 2238 922 579 2239 946 580 2240 946 580 2241 922 579 2242 945 581 2243 946 580 2244 945 581 2245 969 582 2246 969 582 2247 945 581 2248 968 583 2249 969 582 2250 968 583 2251 992 584 2252 992 584 2253 968 583 2254 991 585 2255 992 584 2256 991 585 2257 103 586 2258 103 586 2259 991 585 2260 104 587 2261 103 586 2262 104 587 2263 4 504 2264 4 504 2265 104 587 2266 52 505 2267 4 504 2268 53 588 2269 103 586 2270 103 586 2271 53 588 2272 102 589 2273 103 586 2274 102 589 2275 992 584 2276 992 584 2277 102 589 2278 993 590 2279 992 584 2280 993 590 2281 969 582 2282 969 582 2283 993 590 2284 970 591 2285 969 582 2286 970 591 2287 946 580 2288 946 580 2289 970 591 2290 947 592 2291 946 580 2292 947 592 2293 923 578 2294 923 578 2295 947 592 2296 924 593 2297 923 578 2298 924 593 2299 164 576 2300 164 576 2301 924 593 2302 165 594 2303 164 576 2304 165 594 2305 141 574 2306 141 574 2307 165 594 2308 142 595 2309 141 574 2310 142 595 2311 126 572 2312 126 572 2313 142 595 2314 125 596 2315 126 572 2316 125 596 2317 900 570 2318 900 570 2319 125 596 2320 901 597 2321 900 570 2322 901 597 2323 877 568 2324 877 568 2325 901 597 2326 878 598 2327 877 568 2328 878 598 2329 854 566 2330 854 566 2331 878 598 2332 855 599 2333 854 566 2334 855 599 2335 831 564 2336 831 564 2337 855 599 2338 832 600 2339 831 564 2340 832 600 2341 233 562 2342 233 562 2343 832 600 2344 234 601 2345 233 562 2346 234 601 2347 210 560 2348 210 560 2349 234 601 2350 211 602 2351 210 560 2352 211 602 2353 195 558 2354 195 558 2355 211 602 2356 194 603 2357 195 558 2358 194 603 2359 808 556 2360 808 556 2361 194 603 2362 809 604 2363 808 556 2364 809 604 2365 785 554 2366 785 554 2367 809 604 2368 786 605 2369 785 554 2370 786 605 2371 762 552 2372 762 552 2373 786 605 2374 763 606 2375 762 552 2376 763 606 2377 739 550 2378 739 550 2379 763 606 2380 740 607 2381 739 550 2382 740 607 2383 302 548 2384 302 548 2385 740 607 2386 303 608 2387 302 548 2388 303 608 2389 279 546 2390 279 546 2391 303 608 2392 280 609 2393 279 546 2394 280 609 2395 264 544 2396 264 544 2397 280 609 2398 263 610 2399 264 544 2400 263 610 2401 716 542 2402 716 542 2403 263 610 2404 717 611 2405 716 542 2406 717 611 2407 693 540 2408 693 540 2409 717 611 2410 694 612 2411 693 540 2412 694 612 2413 670 538 2414 670 538 2415 694 612 2416 671 613 2417 670 538 2418 671 613 2419 647 536 2420 647 536 2421 671 613 2422 648 614 2423 647 536 2424 648 614 2425 371 534 2426 371 534 2427 648 614 2428 372 615 2429 371 534 2430 372 615 2431 348 532 2432 348 532 2433 372 615 2434 349 616 2435 348 532 2436 349 616 2437 333 530 2438 333 530 2439 349 616 2440 332 617 2441 333 530 2442 332 617 2443 624 528 2444 624 528 2445 332 617 2446 625 618 2447 624 528 2448 625 618 2449 601 526 2450 601 526 2451 625 618 2452 602 619 2453 601 526 2454 602 619 2455 578 524 2456 578 524 2457 602 619 2458 579 620 2459 578 524 2460 579 620 2461 555 522 2462 555 522 2463 579 620 2464 556 621 2465 555 522 2466 556 621 2467 440 520 2468 440 520 2469 556 621 2470 441 622 2471 440 520 2472 441 622 2473 417 518 2474 417 518 2475 441 622 2476 418 623 2477 417 518 2478 418 623 2479 402 516 2480 402 516 2481 418 623 2482 401 624 2483 402 516 2484 401 624 2485 532 514 2486 532 514 2487 401 624 2488 533 625 2489 532 514 2490 533 625 2491 509 512 2492 509 512 2493 533 625 2494 510 626 2495 509 512 2496 510 626 2497 486 510 2498 486 510 2499 510 626 2500 487 627 2501 486 510 2502 487 627 2503 463 508 2504 463 508 2505 487 627 2506 464 628 2507 463 508 2508 464 628 2509 72 506 2510 72 506 2511 464 628 2512 73 629 2513 72 506 2514 73 629 2515 4 504 2516 4 504 2517 73 629 2518 53 588 2519 5 630 2520 49 631 2521 68 632 2522 68 632 2523 49 631 2524 67 633 2525 68 632 2526 67 633 2527 459 634 2528 459 634 2529 67 633 2530 458 635 2531 459 634 2532 458 635 2533 482 636 2534 482 636 2535 458 635 2536 481 637 2537 482 636 2538 481 637 2539 505 638 2540 505 638 2541 481 637 2542 504 639 2543 505 638 2544 504 639 2545 528 640 2546 528 640 2547 504 639 2548 527 641 2549 528 640 2550 527 641 2551 406 642 2552 406 642 2553 527 641 2554 407 643 2555 406 642 2556 407 643 2557 413 644 2558 413 644 2559 407 643 2560 412 645 2561 413 644 2562 412 645 2563 436 646 2564 436 646 2565 412 645 2566 435 647 2567 436 646 2568 435 647 2569 551 648 2570 551 648 2571 435 647 2572 550 649 2573 551 648 2574 550 649 2575 574 650 2576 574 650 2577 550 649 2578 573 651 2579 574 650 2580 573 651 2581 597 652 2582 597 652 2583 573 651 2584 596 653 2585 597 652 2586 596 653 2587 620 654 2588 620 654 2589 596 653 2590 619 655 2591 620 654 2592 619 655 2593 337 656 2594 337 656 2595 619 655 2596 338 657 2597 337 656 2598 338 657 2599 344 658 2600 344 658 2601 338 657 2602 343 659 2603 344 658 2604 343 659 2605 367 660 2606 367 660 2607 343 659 2608 366 661 2609 367 660 2610 366 661 2611 643 662 2612 643 662 2613 366 661 2614 642 663 2615 643 662 2616 642 663 2617 666 664 2618 666 664 2619 642 663 2620 665 665 2621 666 664 2622 665 665 2623 689 666 2624 689 666 2625 665 665 2626 688 667 2627 689 666 2628 688 667 2629 712 668 2630 712 668 2631 688 667 2632 711 669 2633 712 668 2634 711 669 2635 268 670 2636 268 670 2637 711 669 2638 269 671 2639 268 670 2640 269 671 2641 275 672 2642 275 672 2643 269 671 2644 274 673 2645 275 672 2646 274 673 2647 298 674 2648 298 674 2649 274 673 2650 297 675 2651 298 674 2652 297 675 2653 735 676 2654 735 676 2655 297 675 2656 734 677 2657 735 676 2658 734 677 2659 758 678 2660 758 678 2661 734 677 2662 757 679 2663 758 678 2664 757 679 2665 781 680 2666 781 680 2667 757 679 2668 780 681 2669 781 680 2670 780 681 2671 804 682 2672 804 682 2673 780 681 2674 803 683 2675 804 682 2676 803 683 2677 199 684 2678 199 684 2679 803 683 2680 200 685 2681 199 684 2682 200 685 2683 206 686 2684 206 686 2685 200 685 2686 205 687 2687 206 686 2688 205 687 2689 229 688 2690 229 688 2691 205 687 2692 228 689 2693 229 688 2694 228 689 2695 827 690 2696 827 690 2697 228 689 2698 826 691 2699 827 690 2700 826 691 2701 850 692 2702 850 692 2703 826 691 2704 849 693 2705 850 692 2706 849 693 2707 873 694 2708 873 694 2709 849 693 2710 872 695 2711 873 694 2712 872 695 2713 896 696 2714 896 696 2715 872 695 2716 895 697 2717 896 696 2718 895 697 2719 130 698 2720 130 698 2721 895 697 2722 131 699 2723 130 698 2724 131 699 2725 137 700 2726 137 700 2727 131 699 2728 136 701 2729 137 700 2730 136 701 2731 160 702 2732 160 702 2733 136 701 2734 159 703 2735 160 702 2736 159 703 2737 919 704 2738 919 704 2739 159 703 2740 918 705 2741 919 704 2742 918 705 2743 942 706 2744 942 706 2745 918 705 2746 941 707 2747 942 706 2748 941 707 2749 965 708 2750 965 708 2751 941 707 2752 964 709 2753 965 708 2754 964 709 2755 988 710 2756 988 710 2757 964 709 2758 987 711 2759 988 710 2760 987 711 2761 107 712 2762 107 712 2763 987 711 2764 108 713 2765 107 712 2766 108 713 2767 5 630 2768 5 630 2769 108 713 2770 49 631 2771 5 630 2772 50 714 2773 107 712 2774 107 712 2775 50 714 2776 106 715 2777 107 712 2778 106 715 2779 988 710 2780 988 710 2781 106 715 2782 989 716 2783 988 710 2784 989 716 2785 965 708 2786 965 708 2787 989 716 2788 966 717 2789 965 708 2790 966 717 2791 942 706 2792 942 706 2793 966 717 2794 943 718 2795 942 706 2796 943 718 2797 919 704 2798 919 704 2799 943 718 2800 920 719 2801 919 704 2802 920 719 2803 160 702 2804 160 702 2805 920 719 2806 161 720 2807 160 702 2808 161 720 2809 137 700 2810 137 700 2811 161 720 2812 138 721 2813 137 700 2814 138 721 2815 130 698 2816 130 698 2817 138 721 2818 129 722 2819 130 698 2820 129 722 2821 896 696 2822 896 696 2823 129 722 2824 897 723 2825 896 696 2826 897 723 2827 873 694 2828 873 694 2829 897 723 2830 874 724 2831 873 694 2832 874 724 2833 850 692 2834 850 692 2835 874 724 2836 851 725 2837 850 692 2838 851 725 2839 827 690 2840 827 690 2841 851 725 2842 828 726 2843 827 690 2844 828 726 2845 229 688 2846 229 688 2847 828 726 2848 230 727 2849 229 688 2850 230 727 2851 206 686 2852 206 686 2853 230 727 2854 207 728 2855 206 686 2856 207 728 2857 199 684 2858 199 684 2859 207 728 2860 198 729 2861 199 684 2862 198 729 2863 804 682 2864 804 682 2865 198 729 2866 805 730 2867 804 682 2868 805 730 2869 781 680 2870 781 680 2871 805 730 2872 782 731 2873 781 680 2874 782 731 2875 758 678 2876 758 678 2877 782 731 2878 759 732 2879 758 678 2880 759 732 2881 735 676 2882 735 676 2883 759 732 2884 736 733 2885 735 676 2886 736 733 2887 298 674 2888 298 674 2889 736 733 2890 299 734 2891 298 674 2892 299 734 2893 275 672 2894 275 672 2895 299 734 2896 276 735 2897 275 672 2898 276 735 2899 268 670 2900 268 670 2901 276 735 2902 267 736 2903 268 670 2904 267 736 2905 712 668 2906 712 668 2907 267 736 2908 713 737 2909 712 668 2910 713 737 2911 689 666 2912 689 666 2913 713 737 2914 690 738 2915 689 666 2916 690 738 2917 666 664 2918 666 664 2919 690 738 2920 667 739 2921 666 664 2922 667 739 2923 643 662 2924 643 662 2925 667 739 2926 644 740 2927 643 662 2928 644 740 2929 367 660 2930 367 660 2931 644 740 2932 368 741 2933 367 660 2934 368 741 2935 344 658 2936 344 658 2937 368 741 2938 345 742 2939 344 658 2940 345 742 2941 337 656 2942 337 656 2943 345 742 2944 336 743 2945 337 656 2946 336 743 2947 620 654 2948 620 654 2949 336 743 2950 621 744 2951 620 654 2952 621 744 2953 597 652 2954 597 652 2955 621 744 2956 598 745 2957 597 652 2958 598 745 2959 574 650 2960 574 650 2961 598 745 2962 575 746 2963 574 650 2964 575 746 2965 551 648 2966 551 648 2967 575 746 2968 552 747 2969 551 648 2970 552 747 2971 436 646 2972 436 646 2973 552 747 2974 437 748 2975 436 646 2976 437 748 2977 413 644 2978 413 644 2979 437 748 2980 414 749 2981 413 644 2982 414 749 2983 406 642 2984 406 642 2985 414 749 2986 405 750 2987 406 642 2988 405 750 2989 528 640 2990 528 640 2991 405 750 2992 529 751 2993 528 640 2994 529 751 2995 505 638 2996 505 638 2997 529 751 2998 506 752 2999 505 638 3000 506 752 3001 482 636 3002 482 636 3003 506 752 3004 483 753 3005 482 636 3006 483 753 3007 459 634 3008 459 634 3009 483 753 3010 460 754 3011 459 634 3012 460 754 3013 68 632 3014 68 632 3015 460 754 3016 69 755 3017 68 632 3018 69 755 3019 5 630 3020 5 630 3021 69 755 3022 50 714 3023 47 84 3024 48 756 3025 110 85 3026 110 85 3027 48 756 3028 109 757 3029 110 85 3030 109 757 3031 985 86 3032 985 86 3033 109 757 3034 986 758 3035 985 86 3036 986 758 3037 962 87 3038 962 87 3039 986 758 3040 963 759 3041 962 87 3042 963 759 3043 939 88 3044 939 88 3045 963 759 3046 940 760 3047 939 88 3048 940 760 3049 916 89 3050 916 89 3051 940 760 3052 917 761 3053 916 89 3054 917 761 3055 157 90 3056 157 90 3057 917 761 3058 158 762 3059 157 90 3060 158 762 3061 134 91 3062 134 91 3063 158 762 3064 135 763 3065 134 91 3066 135 763 3067 133 92 3068 133 92 3069 135 763 3070 132 764 3071 133 92 3072 132 764 3073 893 93 3074 893 93 3075 132 764 3076 894 765 3077 893 93 3078 894 765 3079 870 94 3080 870 94 3081 894 765 3082 871 766 3083 870 94 3084 871 766 3085 847 95 3086 847 95 3087 871 766 3088 848 767 3089 847 95 3090 848 767 3091 824 96 3092 824 96 3093 848 767 3094 825 768 3095 824 96 3096 825 768 3097 226 97 3098 226 97 3099 825 768 3100 227 769 3101 226 97 3102 227 769 3103 203 98 3104 203 98 3105 227 769 3106 204 770 3107 203 98 3108 204 770 3109 202 99 3110 202 99 3111 204 770 3112 201 771 3113 202 99 3114 201 771 3115 801 100 3116 801 100 3117 201 771 3118 802 772 3119 801 100 3120 802 772 3121 778 101 3122 778 101 3123 802 772 3124 779 773 3125 778 101 3126 779 773 3127 755 102 3128 755 102 3129 779 773 3130 756 774 3131 755 102 3132 756 774 3133 732 103 3134 732 103 3135 756 774 3136 733 775 3137 732 103 3138 733 775 3139 295 104 3140 295 104 3141 733 775 3142 296 776 3143 295 104 3144 296 776 3145 272 105 3146 272 105 3147 296 776 3148 273 777 3149 272 105 3150 273 777 3151 271 106 3152 271 106 3153 273 777 3154 270 778 3155 271 106 3156 270 778 3157 709 107 3158 709 107 3159 270 778 3160 710 779 3161 709 107 3162 710 779 3163 686 108 3164 686 108 3165 710 779 3166 687 780 3167 686 108 3168 687 780 3169 663 109 3170 663 109 3171 687 780 3172 664 781 3173 663 109 3174 664 781 3175 640 110 3176 640 110 3177 664 781 3178 641 782 3179 640 110 3180 641 782 3181 364 111 3182 364 111 3183 641 782 3184 365 783 3185 364 111 3186 365 783 3187 341 112 3188 341 112 3189 365 783 3190 342 784 3191 341 112 3192 342 784 3193 340 113 3194 340 113 3195 342 784 3196 339 785 3197 340 113 3198 339 785 3199 617 114 3200 617 114 3201 339 785 3202 618 786 3203 617 114 3204 618 786 3205 594 115 3206 594 115 3207 618 786 3208 595 787 3209 594 115 3210 595 787 3211 571 116 3212 571 116 3213 595 787 3214 572 788 3215 571 116 3216 572 788 3217 548 117 3218 548 117 3219 572 788 3220 549 789 3221 548 117 3222 549 789 3223 433 118 3224 433 118 3225 549 789 3226 434 790 3227 433 118 3228 434 790 3229 410 119 3230 410 119 3231 434 790 3232 411 791 3233 410 119 3234 411 791 3235 409 120 3236 409 120 3237 411 791 3238 408 792 3239 409 120 3240 408 792 3241 525 121 3242 525 121 3243 408 792 3244 526 793 3245 525 121 3246 526 793 3247 502 122 3248 502 122 3249 526 793 3250 503 794 3251 502 122 3252 503 794 3253 479 123 3254 479 123 3255 503 794 3256 480 795 3257 479 123 3258 480 795 3259 456 124 3260 456 124 3261 480 795 3262 457 796 3263 456 124 3264 457 796 3265 65 125 3266 65 125 3267 457 796 3268 66 797 3269 65 125 3270 66 797 3271 47 84 3272 47 84 3273 66 797 3274 48 756 3275 48 756 3276 49 631 3277 109 757 3278 109 757 3279 49 631 3280 108 713 3281 109 757 3282 108 713 3283 986 758 3284 986 758 3285 108 713 3286 987 711 3287 986 758 3288 987 711 3289 963 759 3290 963 759 3291 987 711 3292 964 709 3293 963 759 3294 964 709 3295 940 760 3296 940 760 3297 964 709 3298 941 707 3299 940 760 3300 941 707 3301 917 761 3302 917 761 3303 941 707 3304 918 705 3305 917 761 3306 918 705 3307 158 762 3308 158 762 3309 918 705 3310 159 703 3311 158 762 3312 159 703 3313 135 763 3314 135 763 3315 159 703 3316 136 701 3317 135 763 3318 136 701 3319 132 764 3320 132 764 3321 136 701 3322 131 699 3323 132 764 3324 131 699 3325 894 765 3326 894 765 3327 131 699 3328 895 697 3329 894 765 3330 895 697 3331 871 766 3332 871 766 3333 895 697 3334 872 695 3335 871 766 3336 872 695 3337 848 767 3338 848 767 3339 872 695 3340 849 693 3341 848 767 3342 849 693 3343 825 768 3344 825 768 3345 849 693 3346 826 691 3347 825 768 3348 826 691 3349 227 769 3350 227 769 3351 826 691 3352 228 689 3353 227 769 3354 228 689 3355 204 770 3356 204 770 3357 228 689 3358 205 687 3359 204 770 3360 205 687 3361 201 771 3362 201 771 3363 205 687 3364 200 685 3365 201 771 3366 200 685 3367 802 772 3368 802 772 3369 200 685 3370 803 683 3371 802 772 3372 803 683 3373 779 773 3374 779 773 3375 803 683 3376 780 681 3377 779 773 3378 780 681 3379 756 774 3380 756 774 3381 780 681 3382 757 679 3383 756 774 3384 757 679 3385 733 775 3386 733 775 3387 757 679 3388 734 677 3389 733 775 3390 734 677 3391 296 776 3392 296 776 3393 734 677 3394 297 675 3395 296 776 3396 297 675 3397 273 777 3398 273 777 3399 297 675 3400 274 673 3401 273 777 3402 274 673 3403 270 778 3404 270 778 3405 274 673 3406 269 671 3407 270 778 3408 269 671 3409 710 779 3410 710 779 3411 269 671 3412 711 669 3413 710 779 3414 711 669 3415 687 780 3416 687 780 3417 711 669 3418 688 667 3419 687 780 3420 688 667 3421 664 781 3422 664 781 3423 688 667 3424 665 665 3425 664 781 3426 665 665 3427 641 782 3428 641 782 3429 665 665 3430 642 663 3431 641 782 3432 642 663 3433 365 783 3434 365 783 3435 642 663 3436 366 661 3437 365 783 3438 366 661 3439 342 784 3440 342 784 3441 366 661 3442 343 659 3443 342 784 3444 343 659 3445 339 785 3446 339 785 3447 343 659 3448 338 657 3449 339 785 3450 338 657 3451 618 786 3452 618 786 3453 338 657 3454 619 655 3455 618 786 3456 619 655 3457 595 787 3458 595 787 3459 619 655 3460 596 653 3461 595 787 3462 596 653 3463 572 788 3464 572 788 3465 596 653 3466 573 651 3467 572 788 3468 573 651 3469 549 789 3470 549 789 3471 573 651 3472 550 649 3473 549 789 3474 550 649 3475 434 790 3476 434 790 3477 550 649 3478 435 647 3479 434 790 3480 435 647 3481 411 791 3482 411 791 3483 435 647 3484 412 645 3485 411 791 3486 412 645 3487 408 792 3488 408 792 3489 412 645 3490 407 643 3491 408 792 3492 407 643 3493 526 793 3494 526 793 3495 407 643 3496 527 641 3497 526 793 3498 527 641 3499 503 794 3500 503 794 3501 527 641 3502 504 639 3503 503 794 3504 504 639 3505 480 795 3506 480 795 3507 504 639 3508 481 637 3509 480 795 3510 481 637 3511 457 796 3512 457 796 3513 481 637 3514 458 635 3515 457 796 3516 458 635 3517 66 797 3518 66 797 3519 458 635 3520 67 633 3521 66 797 3522 67 633 3523 48 756 3524 48 756 3525 67 633 3526 49 631 3527 50 714 3528 51 798 3529 106 715 3530 106 715 3531 51 798 3532 105 799 3533 106 715 3534 105 799 3535 989 716 3536 989 716 3537 105 799 3538 990 800 3539 989 716 3540 990 800 3541 966 717 3542 966 717 3543 990 800 3544 967 801 3545 966 717 3546 967 801 3547 943 718 3548 943 718 3549 967 801 3550 944 802 3551 943 718 3552 944 802 3553 920 719 3554 920 719 3555 944 802 3556 921 803 3557 920 719 3558 921 803 3559 161 720 3560 161 720 3561 921 803 3562 162 804 3563 161 720 3564 162 804 3565 138 721 3566 138 721 3567 162 804 3568 139 805 3569 138 721 3570 139 805 3571 129 722 3572 129 722 3573 139 805 3574 128 806 3575 129 722 3576 128 806 3577 897 723 3578 897 723 3579 128 806 3580 898 807 3581 897 723 3582 898 807 3583 874 724 3584 874 724 3585 898 807 3586 875 808 3587 874 724 3588 875 808 3589 851 725 3590 851 725 3591 875 808 3592 852 809 3593 851 725 3594 852 809 3595 828 726 3596 828 726 3597 852 809 3598 829 810 3599 828 726 3600 829 810 3601 230 727 3602 230 727 3603 829 810 3604 231 811 3605 230 727 3606 231 811 3607 207 728 3608 207 728 3609 231 811 3610 208 812 3611 207 728 3612 208 812 3613 198 729 3614 198 729 3615 208 812 3616 197 813 3617 198 729 3618 197 813 3619 805 730 3620 805 730 3621 197 813 3622 806 814 3623 805 730 3624 806 814 3625 782 731 3626 782 731 3627 806 814 3628 783 815 3629 782 731 3630 783 815 3631 759 732 3632 759 732 3633 783 815 3634 760 816 3635 759 732 3636 760 816 3637 736 733 3638 736 733 3639 760 816 3640 737 817 3641 736 733 3642 737 817 3643 299 734 3644 299 734 3645 737 817 3646 300 818 3647 299 734 3648 300 818 3649 276 735 3650 276 735 3651 300 818 3652 277 819 3653 276 735 3654 277 819 3655 267 736 3656 267 736 3657 277 819 3658 266 820 3659 267 736 3660 266 820 3661 713 737 3662 713 737 3663 266 820 3664 714 821 3665 713 737 3666 714 821 3667 690 738 3668 690 738 3669 714 821 3670 691 822 3671 690 738 3672 691 822 3673 667 739 3674 667 739 3675 691 822 3676 668 823 3677 667 739 3678 668 823 3679 644 740 3680 644 740 3681 668 823 3682 645 824 3683 644 740 3684 645 824 3685 368 741 3686 368 741 3687 645 824 3688 369 825 3689 368 741 3690 369 825 3691 345 742 3692 345 742 3693 369 825 3694 346 826 3695 345 742 3696 346 826 3697 336 743 3698 336 743 3699 346 826 3700 335 827 3701 336 743 3702 335 827 3703 621 744 3704 621 744 3705 335 827 3706 622 828 3707 621 744 3708 622 828 3709 598 745 3710 598 745 3711 622 828 3712 599 829 3713 598 745 3714 599 829 3715 575 746 3716 575 746 3717 599 829 3718 576 830 3719 575 746 3720 576 830 3721 552 747 3722 552 747 3723 576 830 3724 553 831 3725 552 747 3726 553 831 3727 437 748 3728 437 748 3729 553 831 3730 438 832 3731 437 748 3732 438 832 3733 414 749 3734 414 749 3735 438 832 3736 415 833 3737 414 749 3738 415 833 3739 405 750 3740 405 750 3741 415 833 3742 404 834 3743 405 750 3744 404 834 3745 529 751 3746 529 751 3747 404 834 3748 530 835 3749 529 751 3750 530 835 3751 506 752 3752 506 752 3753 530 835 3754 507 836 3755 506 752 3756 507 836 3757 483 753 3758 483 753 3759 507 836 3760 484 837 3761 483 753 3762 484 837 3763 460 754 3764 460 754 3765 484 837 3766 461 838 3767 460 754 3768 461 838 3769 69 755 3770 69 755 3771 461 838 3772 70 839 3773 69 755 3774 70 839 3775 50 714 3776 50 714 3777 70 839 3778 51 798 3779 51 798 3780 52 505 3781 105 799 3782 105 799 3783 52 505 3784 104 587 3785 105 799 3786 104 587 3787 990 800 3788 990 800 3789 104 587 3790 991 585 3791 990 800 3792 991 585 3793 967 801 3794 967 801 3795 991 585 3796 968 583 3797 967 801 3798 968 583 3799 944 802 3800 944 802 3801 968 583 3802 945 581 3803 944 802 3804 945 581 3805 921 803 3806 921 803 3807 945 581 3808 922 579 3809 921 803 3810 922 579 3811 162 804 3812 162 804 3813 922 579 3814 163 577 3815 162 804 3816 163 577 3817 139 805 3818 139 805 3819 163 577 3820 140 575 3821 139 805 3822 140 575 3823 128 806 3824 128 806 3825 140 575 3826 127 573 3827 128 806 3828 127 573 3829 898 807 3830 898 807 3831 127 573 3832 899 571 3833 898 807 3834 899 571 3835 875 808 3836 875 808 3837 899 571 3838 876 569 3839 875 808 3840 876 569 3841 852 809 3842 852 809 3843 876 569 3844 853 567 3845 852 809 3846 853 567 3847 829 810 3848 829 810 3849 853 567 3850 830 565 3851 829 810 3852 830 565 3853 231 811 3854 231 811 3855 830 565 3856 232 563 3857 231 811 3858 232 563 3859 208 812 3860 208 812 3861 232 563 3862 209 561 3863 208 812 3864 209 561 3865 197 813 3866 197 813 3867 209 561 3868 196 559 3869 197 813 3870 196 559 3871 806 814 3872 806 814 3873 196 559 3874 807 557 3875 806 814 3876 807 557 3877 783 815 3878 783 815 3879 807 557 3880 784 555 3881 783 815 3882 784 555 3883 760 816 3884 760 816 3885 784 555 3886 761 553 3887 760 816 3888 761 553 3889 737 817 3890 737 817 3891 761 553 3892 738 551 3893 737 817 3894 738 551 3895 300 818 3896 300 818 3897 738 551 3898 301 549 3899 300 818 3900 301 549 3901 277 819 3902 277 819 3903 301 549 3904 278 547 3905 277 819 3906 278 547 3907 266 820 3908 266 820 3909 278 547 3910 265 545 3911 266 820 3912 265 545 3913 714 821 3914 714 821 3915 265 545 3916 715 543 3917 714 821 3918 715 543 3919 691 822 3920 691 822 3921 715 543 3922 692 541 3923 691 822 3924 692 541 3925 668 823 3926 668 823 3927 692 541 3928 669 539 3929 668 823 3930 669 539 3931 645 824 3932 645 824 3933 669 539 3934 646 537 3935 645 824 3936 646 537 3937 369 825 3938 369 825 3939 646 537 3940 370 535 3941 369 825 3942 370 535 3943 346 826 3944 346 826 3945 370 535 3946 347 533 3947 346 826 3948 347 533 3949 335 827 3950 335 827 3951 347 533 3952 334 531 3953 335 827 3954 334 531 3955 622 828 3956 622 828 3957 334 531 3958 623 529 3959 622 828 3960 623 529 3961 599 829 3962 599 829 3963 623 529 3964 600 527 3965 599 829 3966 600 527 3967 576 830 3968 576 830 3969 600 527 3970 577 525 3971 576 830 3972 577 525 3973 553 831 3974 553 831 3975 577 525 3976 554 523 3977 553 831 3978 554 523 3979 438 832 3980 438 832 3981 554 523 3982 439 521 3983 438 832 3984 439 521 3985 415 833 3986 415 833 3987 439 521 3988 416 519 3989 415 833 3990 416 519 3991 404 834 3992 404 834 3993 416 519 3994 403 517 3995 404 834 3996 403 517 3997 530 835 3998 530 835 3999 403 517 4000 531 515 4001 530 835 4002 531 515 4003 507 836 4004 507 836 4005 531 515 4006 508 513 4007 507 836 4008 508 513 4009 484 837 4010 484 837 4011 508 513 4012 485 511 4013 484 837 4014 485 511 4015 461 838 4016 461 838 4017 485 511 4018 462 509 4019 461 838 4020 462 509 4021 70 839 4022 70 839 4023 462 509 4024 71 507 4025 70 839 4026 71 507 4027 51 798 4028 51 798 4029 71 507 4030 52 505 4031 53 588 4032 54 840 4033 102 589 4034 102 589 4035 54 840 4036 101 841 4037 102 589 4038 101 841 4039 993 590 4040 993 590 4041 101 841 4042 994 842 4043 993 590 4044 994 842 4045 970 591 4046 970 591 4047 994 842 4048 971 843 4049 970 591 4050 971 843 4051 947 592 4052 947 592 4053 971 843 4054 948 844 4055 947 592 4056 948 844 4057 924 593 4058 924 593 4059 948 844 4060 925 845 4061 924 593 4062 925 845 4063 165 594 4064 165 594 4065 925 845 4066 166 846 4067 165 594 4068 166 846 4069 142 595 4070 142 595 4071 166 846 4072 143 847 4073 142 595 4074 143 847 4075 125 596 4076 125 596 4077 143 847 4078 124 848 4079 125 596 4080 124 848 4081 901 597 4082 901 597 4083 124 848 4084 902 849 4085 901 597 4086 902 849 4087 878 598 4088 878 598 4089 902 849 4090 879 850 4091 878 598 4092 879 850 4093 855 599 4094 855 599 4095 879 850 4096 856 851 4097 855 599 4098 856 851 4099 832 600 4100 832 600 4101 856 851 4102 833 852 4103 832 600 4104 833 852 4105 234 601 4106 234 601 4107 833 852 4108 235 853 4109 234 601 4110 235 853 4111 211 602 4112 211 602 4113 235 853 4114 212 854 4115 211 602 4116 212 854 4117 194 603 4118 194 603 4119 212 854 4120 193 855 4121 194 603 4122 193 855 4123 809 604 4124 809 604 4125 193 855 4126 810 856 4127 809 604 4128 810 856 4129 786 605 4130 786 605 4131 810 856 4132 787 857 4133 786 605 4134 787 857 4135 763 606 4136 763 606 4137 787 857 4138 764 858 4139 763 606 4140 764 858 4141 740 607 4142 740 607 4143 764 858 4144 741 859 4145 740 607 4146 741 859 4147 303 608 4148 303 608 4149 741 859 4150 304 860 4151 303 608 4152 304 860 4153 280 609 4154 280 609 4155 304 860 4156 281 861 4157 280 609 4158 281 861 4159 263 610 4160 263 610 4161 281 861 4162 262 862 4163 263 610 4164 262 862 4165 717 611 4166 717 611 4167 262 862 4168 718 863 4169 717 611 4170 718 863 4171 694 612 4172 694 612 4173 718 863 4174 695 864 4175 694 612 4176 695 864 4177 671 613 4178 671 613 4179 695 864 4180 672 865 4181 671 613 4182 672 865 4183 648 614 4184 648 614 4185 672 865 4186 649 866 4187 648 614 4188 649 866 4189 372 615 4190 372 615 4191 649 866 4192 373 867 4193 372 615 4194 373 867 4195 349 616 4196 349 616 4197 373 867 4198 350 868 4199 349 616 4200 350 868 4201 332 617 4202 332 617 4203 350 868 4204 331 869 4205 332 617 4206 331 869 4207 625 618 4208 625 618 4209 331 869 4210 626 870 4211 625 618 4212 626 870 4213 602 619 4214 602 619 4215 626 870 4216 603 871 4217 602 619 4218 603 871 4219 579 620 4220 579 620 4221 603 871 4222 580 872 4223 579 620 4224 580 872 4225 556 621 4226 556 621 4227 580 872 4228 557 873 4229 556 621 4230 557 873 4231 441 622 4232 441 622 4233 557 873 4234 442 874 4235 441 622 4236 442 874 4237 418 623 4238 418 623 4239 442 874 4240 419 875 4241 418 623 4242 419 875 4243 401 624 4244 401 624 4245 419 875 4246 400 876 4247 401 624 4248 400 876 4249 533 625 4250 533 625 4251 400 876 4252 534 877 4253 533 625 4254 534 877 4255 510 626 4256 510 626 4257 534 877 4258 511 878 4259 510 626 4260 511 878 4261 487 627 4262 487 627 4263 511 878 4264 488 879 4265 487 627 4266 488 879 4267 464 628 4268 464 628 4269 488 879 4270 465 880 4271 464 628 4272 465 880 4273 73 629 4274 73 629 4275 465 880 4276 74 881 4277 73 629 4278 74 881 4279 53 588 4280 53 588 4281 74 881 4282 54 840 4283 54 840 4284 55 379 4285 101 841 4286 101 841 4287 55 379 4288 100 461 4289 101 841 4290 100 461 4291 994 842 4292 994 842 4293 100 461 4294 995 459 4295 994 842 4296 995 459 4297 971 843 4298 971 843 4299 995 459 4300 972 457 4301 971 843 4302 972 457 4303 948 844 4304 948 844 4305 972 457 4306 949 455 4307 948 844 4308 949 455 4309 925 845 4310 925 845 4311 949 455 4312 926 453 4313 925 845 4314 926 453 4315 166 846 4316 166 846 4317 926 453 4318 167 451 4319 166 846 4320 167 451 4321 143 847 4322 143 847 4323 167 451 4324 144 449 4325 143 847 4326 144 449 4327 124 848 4328 124 848 4329 144 449 4330 123 447 4331 124 848 4332 123 447 4333 902 849 4334 902 849 4335 123 447 4336 903 445 4337 902 849 4338 903 445 4339 879 850 4340 879 850 4341 903 445 4342 880 443 4343 879 850 4344 880 443 4345 856 851 4346 856 851 4347 880 443 4348 857 441 4349 856 851 4350 857 441 4351 833 852 4352 833 852 4353 857 441 4354 834 439 4355 833 852 4356 834 439 4357 235 853 4358 235 853 4359 834 439 4360 236 437 4361 235 853 4362 236 437 4363 212 854 4364 212 854 4365 236 437 4366 213 435 4367 212 854 4368 213 435 4369 193 855 4370 193 855 4371 213 435 4372 192 433 4373 193 855 4374 192 433 4375 810 856 4376 810 856 4377 192 433 4378 811 431 4379 810 856 4380 811 431 4381 787 857 4382 787 857 4383 811 431 4384 788 429 4385 787 857 4386 788 429 4387 764 858 4388 764 858 4389 788 429 4390 765 427 4391 764 858 4392 765 427 4393 741 859 4394 741 859 4395 765 427 4396 742 425 4397 741 859 4398 742 425 4399 304 860 4400 304 860 4401 742 425 4402 305 423 4403 304 860 4404 305 423 4405 281 861 4406 281 861 4407 305 423 4408 282 421 4409 281 861 4410 282 421 4411 262 862 4412 262 862 4413 282 421 4414 261 419 4415 262 862 4416 261 419 4417 718 863 4418 718 863 4419 261 419 4420 719 417 4421 718 863 4422 719 417 4423 695 864 4424 695 864 4425 719 417 4426 696 415 4427 695 864 4428 696 415 4429 672 865 4430 672 865 4431 696 415 4432 673 413 4433 672 865 4434 673 413 4435 649 866 4436 649 866 4437 673 413 4438 650 411 4439 649 866 4440 650 411 4441 373 867 4442 373 867 4443 650 411 4444 374 409 4445 373 867 4446 374 409 4447 350 868 4448 350 868 4449 374 409 4450 351 407 4451 350 868 4452 351 407 4453 331 869 4454 331 869 4455 351 407 4456 330 405 4457 331 869 4458 330 405 4459 626 870 4460 626 870 4461 330 405 4462 627 403 4463 626 870 4464 627 403 4465 603 871 4466 603 871 4467 627 403 4468 604 401 4469 603 871 4470 604 401 4471 580 872 4472 580 872 4473 604 401 4474 581 399 4475 580 872 4476 581 399 4477 557 873 4478 557 873 4479 581 399 4480 558 397 4481 557 873 4482 558 397 4483 442 874 4484 442 874 4485 558 397 4486 443 395 4487 442 874 4488 443 395 4489 419 875 4490 419 875 4491 443 395 4492 420 393 4493 419 875 4494 420 393 4495 400 876 4496 400 876 4497 420 393 4498 399 391 4499 400 876 4500 399 391 4501 534 877 4502 534 877 4503 399 391 4504 535 389 4505 534 877 4506 535 389 4507 511 878 4508 511 878 4509 535 389 4510 512 387 4511 511 878 4512 512 387 4513 488 879 4514 488 879 4515 512 387 4516 489 385 4517 488 879 4518 489 385 4519 465 880 4520 465 880 4521 489 385 4522 466 383 4523 465 880 4524 466 383 4525 74 881 4526 74 881 4527 466 383 4528 75 381 4529 74 881 4530 75 381 4531 54 840 4532 54 840 4533 75 381 4534 55 379 4535 56 462 4536 57 882 4537 98 463 4538 98 463 4539 57 882 4540 97 883 4541 98 463 4542 97 883 4543 997 464 4544 997 464 4545 97 883 4546 998 884 4547 997 464 4548 998 884 4549 974 465 4550 974 465 4551 998 884 4552 975 885 4553 974 465 4554 975 885 4555 951 466 4556 951 466 4557 975 885 4558 952 886 4559 951 466 4560 952 886 4561 928 467 4562 928 467 4563 952 886 4564 929 887 4565 928 467 4566 929 887 4567 169 468 4568 169 468 4569 929 887 4570 170 888 4571 169 468 4572 170 888 4573 146 469 4574 146 469 4575 170 888 4576 147 889 4577 146 469 4578 147 889 4579 121 470 4580 121 470 4581 147 889 4582 120 890 4583 121 470 4584 120 890 4585 905 471 4586 905 471 4587 120 890 4588 906 891 4589 905 471 4590 906 891 4591 882 472 4592 882 472 4593 906 891 4594 883 892 4595 882 472 4596 883 892 4597 859 473 4598 859 473 4599 883 892 4600 860 893 4601 859 473 4602 860 893 4603 836 474 4604 836 474 4605 860 893 4606 837 894 4607 836 474 4608 837 894 4609 238 475 4610 238 475 4611 837 894 4612 239 895 4613 238 475 4614 239 895 4615 215 476 4616 215 476 4617 239 895 4618 216 896 4619 215 476 4620 216 896 4621 190 477 4622 190 477 4623 216 896 4624 189 897 4625 190 477 4626 189 897 4627 813 478 4628 813 478 4629 189 897 4630 814 898 4631 813 478 4632 814 898 4633 790 479 4634 790 479 4635 814 898 4636 791 899 4637 790 479 4638 791 899 4639 767 480 4640 767 480 4641 791 899 4642 768 900 4643 767 480 4644 768 900 4645 744 481 4646 744 481 4647 768 900 4648 745 901 4649 744 481 4650 745 901 4651 307 482 4652 307 482 4653 745 901 4654 308 902 4655 307 482 4656 308 902 4657 284 483 4658 284 483 4659 308 902 4660 285 903 4661 284 483 4662 285 903 4663 259 484 4664 259 484 4665 285 903 4666 258 904 4667 259 484 4668 258 904 4669 721 485 4670 721 485 4671 258 904 4672 722 905 4673 721 485 4674 722 905 4675 698 486 4676 698 486 4677 722 905 4678 699 906 4679 698 486 4680 699 906 4681 675 487 4682 675 487 4683 699 906 4684 676 907 4685 675 487 4686 676 907 4687 652 488 4688 652 488 4689 676 907 4690 653 908 4691 652 488 4692 653 908 4693 376 489 4694 376 489 4695 653 908 4696 377 909 4697 376 489 4698 377 909 4699 353 490 4700 353 490 4701 377 909 4702 354 910 4703 353 490 4704 354 910 4705 328 491 4706 328 491 4707 354 910 4708 327 911 4709 328 491 4710 327 911 4711 629 492 4712 629 492 4713 327 911 4714 630 912 4715 629 492 4716 630 912 4717 606 493 4718 606 493 4719 630 912 4720 607 913 4721 606 493 4722 607 913 4723 583 494 4724 583 494 4725 607 913 4726 584 914 4727 583 494 4728 584 914 4729 560 495 4730 560 495 4731 584 914 4732 561 915 4733 560 495 4734 561 915 4735 445 496 4736 445 496 4737 561 915 4738 446 916 4739 445 496 4740 446 916 4741 422 497 4742 422 497 4743 446 916 4744 423 917 4745 422 497 4746 423 917 4747 397 498 4748 397 498 4749 423 917 4750 396 918 4751 397 498 4752 396 918 4753 537 499 4754 537 499 4755 396 918 4756 538 919 4757 537 499 4758 538 919 4759 514 500 4760 514 500 4761 538 919 4762 515 920 4763 514 500 4764 515 920 4765 491 501 4766 491 501 4767 515 920 4768 492 921 4769 491 501 4770 492 921 4771 468 502 4772 468 502 4773 492 921 4774 469 922 4775 468 502 4776 469 922 4777 77 503 4778 77 503 4779 469 922 4780 78 923 4781 77 503 4782 78 923 4783 56 462 4784 56 462 4785 78 923 4786 57 882 4787 57 882 4788 58 253 4789 97 883 4790 97 883 4791 58 253 4792 96 335 4793 97 883 4794 96 335 4795 998 884 4796 998 884 4797 96 335 4798 999 333 4799 998 884 4800 999 333 4801 975 885 4802 975 885 4803 999 333 4804 976 331 4805 975 885 4806 976 331 4807 952 886 4808 952 886 4809 976 331 4810 953 329 4811 952 886 4812 953 329 4813 929 887 4814 929 887 4815 953 329 4816 930 327 4817 929 887 4818 930 327 4819 170 888 4820 170 888 4821 930 327 4822 171 325 4823 170 888 4824 171 325 4825 147 889 4826 147 889 4827 171 325 4828 148 323 4829 147 889 4830 148 323 4831 120 890 4832 120 890 4833 148 323 4834 119 321 4835 120 890 4836 119 321 4837 906 891 4838 906 891 4839 119 321 4840 907 319 4841 906 891 4842 907 319 4843 883 892 4844 883 892 4845 907 319 4846 884 317 4847 883 892 4848 884 317 4849 860 893 4850 860 893 4851 884 317 4852 861 315 4853 860 893 4854 861 315 4855 837 894 4856 837 894 4857 861 315 4858 838 313 4859 837 894 4860 838 313 4861 239 895 4862 239 895 4863 838 313 4864 240 311 4865 239 895 4866 240 311 4867 216 896 4868 216 896 4869 240 311 4870 217 309 4871 216 896 4872 217 309 4873 189 897 4874 189 897 4875 217 309 4876 188 307 4877 189 897 4878 188 307 4879 814 898 4880 814 898 4881 188 307 4882 815 305 4883 814 898 4884 815 305 4885 791 899 4886 791 899 4887 815 305 4888 792 303 4889 791 899 4890 792 303 4891 768 900 4892 768 900 4893 792 303 4894 769 301 4895 768 900 4896 769 301 4897 745 901 4898 745 901 4899 769 301 4900 746 299 4901 745 901 4902 746 299 4903 308 902 4904 308 902 4905 746 299 4906 309 297 4907 308 902 4908 309 297 4909 285 903 4910 285 903 4911 309 297 4912 286 295 4913 285 903 4914 286 295 4915 258 904 4916 258 904 4917 286 295 4918 257 293 4919 258 904 4920 257 293 4921 722 905 4922 722 905 4923 257 293 4924 723 291 4925 722 905 4926 723 291 4927 699 906 4928 699 906 4929 723 291 4930 700 289 4931 699 906 4932 700 289 4933 676 907 4934 676 907 4935 700 289 4936 677 287 4937 676 907 4938 677 287 4939 653 908 4940 653 908 4941 677 287 4942 654 285 4943 653 908 4944 654 285 4945 377 909 4946 377 909 4947 654 285 4948 378 283 4949 377 909 4950 378 283 4951 354 910 4952 354 910 4953 378 283 4954 355 281 4955 354 910 4956 355 281 4957 327 911 4958 327 911 4959 355 281 4960 326 279 4961 327 911 4962 326 279 4963 630 912 4964 630 912 4965 326 279 4966 631 277 4967 630 912 4968 631 277 4969 607 913 4970 607 913 4971 631 277 4972 608 275 4973 607 913 4974 608 275 4975 584 914 4976 584 914 4977 608 275 4978 585 273 4979 584 914 4980 585 273 4981 561 915 4982 561 915 4983 585 273 4984 562 271 4985 561 915 4986 562 271 4987 446 916 4988 446 916 4989 562 271 4990 447 269 4991 446 916 4992 447 269 4993 423 917 4994 423 917 4995 447 269 4996 424 267 4997 423 917 4998 424 267 4999 396 918 5000 396 918 5001 424 267 5002 395 265 5003 396 918 5004 395 265 5005 538 919 5006 538 919 5007 395 265 5008 539 263 5009 538 919 5010 539 263 5011 515 920 5012 515 920 5013 539 263 5014 516 261 5015 515 920 5016 516 261 5017 492 921 5018 492 921 5019 516 261 5020 493 259 5021 492 921 5022 493 259 5023 469 922 5024 469 922 5025 493 259 5026 470 257 5027 469 922 5028 470 257 5029 78 923 5030 78 923 5031 470 257 5032 79 255 5033 78 923 5034 79 255 5035 57 882 5036 57 882 5037 79 255 5038 58 253 5039 59 336 5040 60 924 5041 94 337 5042 94 337 5043 60 924 5044 93 925 5045 94 337 5046 93 925 5047 1001 338 5048 1001 338 5049 93 925 5050 1002 926 5051 1001 338 5052 1002 926 5053 978 339 5054 978 339 5055 1002 926 5056 979 927 5057 978 339 5058 979 927 5059 955 340 5060 955 340 5061 979 927 5062 956 928 5063 955 340 5064 956 928 5065 932 341 5066 932 341 5067 956 928 5068 933 929 5069 932 341 5070 933 929 5071 173 342 5072 173 342 5073 933 929 5074 174 930 5075 173 342 5076 174 930 5077 150 343 5078 150 343 5079 174 930 5080 151 931 5081 150 343 5082 151 931 5083 117 344 5084 117 344 5085 151 931 5086 116 932 5087 117 344 5088 116 932 5089 909 345 5090 909 345 5091 116 932 5092 910 933 5093 909 345 5094 910 933 5095 886 346 5096 886 346 5097 910 933 5098 887 934 5099 886 346 5100 887 934 5101 863 347 5102 863 347 5103 887 934 5104 864 935 5105 863 347 5106 864 935 5107 840 348 5108 840 348 5109 864 935 5110 841 936 5111 840 348 5112 841 936 5113 242 349 5114 242 349 5115 841 936 5116 243 937 5117 242 349 5118 243 937 5119 219 350 5120 219 350 5121 243 937 5122 220 938 5123 219 350 5124 220 938 5125 186 351 5126 186 351 5127 220 938 5128 185 939 5129 186 351 5130 185 939 5131 817 352 5132 817 352 5133 185 939 5134 818 940 5135 817 352 5136 818 940 5137 794 353 5138 794 353 5139 818 940 5140 795 941 5141 794 353 5142 795 941 5143 771 354 5144 771 354 5145 795 941 5146 772 942 5147 771 354 5148 772 942 5149 748 355 5150 748 355 5151 772 942 5152 749 943 5153 748 355 5154 749 943 5155 311 356 5156 311 356 5157 749 943 5158 312 944 5159 311 356 5160 312 944 5161 288 357 5162 288 357 5163 312 944 5164 289 945 5165 288 357 5166 289 945 5167 255 358 5168 255 358 5169 289 945 5170 254 946 5171 255 358 5172 254 946 5173 725 359 5174 725 359 5175 254 946 5176 726 947 5177 725 359 5178 726 947 5179 702 360 5180 702 360 5181 726 947 5182 703 948 5183 702 360 5184 703 948 5185 679 361 5186 679 361 5187 703 948 5188 680 949 5189 679 361 5190 680 949 5191 656 362 5192 656 362 5193 680 949 5194 657 950 5195 656 362 5196 657 950 5197 380 363 5198 380 363 5199 657 950 5200 381 951 5201 380 363 5202 381 951 5203 357 364 5204 357 364 5205 381 951 5206 358 952 5207 357 364 5208 358 952 5209 324 365 5210 324 365 5211 358 952 5212 323 953 5213 324 365 5214 323 953 5215 633 366 5216 633 366 5217 323 953 5218 634 954 5219 633 366 5220 634 954 5221 610 367 5222 610 367 5223 634 954 5224 611 955 5225 610 367 5226 611 955 5227 587 368 5228 587 368 5229 611 955 5230 588 956 5231 587 368 5232 588 956 5233 564 369 5234 564 369 5235 588 956 5236 565 957 5237 564 369 5238 565 957 5239 449 370 5240 449 370 5241 565 957 5242 450 958 5243 449 370 5244 450 958 5245 426 371 5246 426 371 5247 450 958 5248 427 959 5249 426 371 5250 427 959 5251 393 372 5252 393 372 5253 427 959 5254 392 960 5255 393 372 5256 392 960 5257 541 373 5258 541 373 5259 392 960 5260 542 961 5261 541 373 5262 542 961 5263 518 374 5264 518 374 5265 542 961 5266 519 962 5267 518 374 5268 519 962 5269 495 375 5270 495 375 5271 519 962 5272 496 963 5273 495 375 5274 496 963 5275 472 376 5276 472 376 5277 496 963 5278 473 964 5279 472 376 5280 473 964 5281 81 377 5282 81 377 5283 473 964 5284 82 965 5285 81 377 5286 82 965 5287 59 336 5288 59 336 5289 82 965 5290 60 924 5291 60 924 5292 61 127 5293 93 925 5294 93 925 5295 61 127 5296 92 209 5297 93 925 5298 92 209 5299 1002 926 5300 1002 926 5301 92 209 5302 1003 207 5303 1002 926 5304 1003 207 5305 979 927 5306 979 927 5307 1003 207 5308 980 205 5309 979 927 5310 980 205 5311 956 928 5312 956 928 5313 980 205 5314 957 203 5315 956 928 5316 957 203 5317 933 929 5318 933 929 5319 957 203 5320 934 201 5321 933 929 5322 934 201 5323 174 930 5324 174 930 5325 934 201 5326 175 199 5327 174 930 5328 175 199 5329 151 931 5330 151 931 5331 175 199 5332 152 197 5333 151 931 5334 152 197 5335 116 932 5336 116 932 5337 152 197 5338 115 195 5339 116 932 5340 115 195 5341 910 933 5342 910 933 5343 115 195 5344 911 193 5345 910 933 5346 911 193 5347 887 934 5348 887 934 5349 911 193 5350 888 191 5351 887 934 5352 888 191 5353 864 935 5354 864 935 5355 888 191 5356 865 189 5357 864 935 5358 865 189 5359 841 936 5360 841 936 5361 865 189 5362 842 187 5363 841 936 5364 842 187 5365 243 937 5366 243 937 5367 842 187 5368 244 185 5369 243 937 5370 244 185 5371 220 938 5372 220 938 5373 244 185 5374 221 183 5375 220 938 5376 221 183 5377 185 939 5378 185 939 5379 221 183 5380 184 181 5381 185 939 5382 184 181 5383 818 940 5384 818 940 5385 184 181 5386 819 179 5387 818 940 5388 819 179 5389 795 941 5390 795 941 5391 819 179 5392 796 177 5393 795 941 5394 796 177 5395 772 942 5396 772 942 5397 796 177 5398 773 175 5399 772 942 5400 773 175 5401 749 943 5402 749 943 5403 773 175 5404 750 173 5405 749 943 5406 750 173 5407 312 944 5408 312 944 5409 750 173 5410 313 171 5411 312 944 5412 313 171 5413 289 945 5414 289 945 5415 313 171 5416 290 169 5417 289 945 5418 290 169 5419 254 946 5420 254 946 5421 290 169 5422 253 167 5423 254 946 5424 253 167 5425 726 947 5426 726 947 5427 253 167 5428 727 165 5429 726 947 5430 727 165 5431 703 948 5432 703 948 5433 727 165 5434 704 163 5435 703 948 5436 704 163 5437 680 949 5438 680 949 5439 704 163 5440 681 161 5441 680 949 5442 681 161 5443 657 950 5444 657 950 5445 681 161 5446 658 159 5447 657 950 5448 658 159 5449 381 951 5450 381 951 5451 658 159 5452 382 157 5453 381 951 5454 382 157 5455 358 952 5456 358 952 5457 382 157 5458 359 155 5459 358 952 5460 359 155 5461 323 953 5462 323 953 5463 359 155 5464 322 153 5465 323 953 5466 322 153 5467 634 954 5468 634 954 5469 322 153 5470 635 151 5471 634 954 5472 635 151 5473 611 955 5474 611 955 5475 635 151 5476 612 149 5477 611 955 5478 612 149 5479 588 956 5480 588 956 5481 612 149 5482 589 147 5483 588 956 5484 589 147 5485 565 957 5486 565 957 5487 589 147 5488 566 145 5489 565 957 5490 566 145 5491 450 958 5492 450 958 5493 566 145 5494 451 143 5495 450 958 5496 451 143 5497 427 959 5498 427 959 5499 451 143 5500 428 141 5501 427 959 5502 428 141 5503 392 960 5504 392 960 5505 428 141 5506 391 139 5507 392 960 5508 391 139 5509 542 961 5510 542 961 5511 391 139 5512 543 137 5513 542 961 5514 543 137 5515 519 962 5516 519 962 5517 543 137 5518 520 135 5519 519 962 5520 520 135 5521 496 963 5522 496 963 5523 520 135 5524 497 133 5525 496 963 5526 497 133 5527 473 964 5528 473 964 5529 497 133 5530 474 131 5531 473 964 5532 474 131 5533 82 965 5534 82 965 5535 474 131 5536 83 129 5537 82 965 5538 83 129 5539 60 924 5540 60 924 5541 83 129 5542 61 127 5543 62 210 5544 63 966 5545 90 211 5546 90 211 5547 63 966 5548 89 967 5549 90 211 5550 89 967 5551 1005 212 5552 1005 212 5553 89 967 5554 1006 968 5555 1005 212 5556 1006 968 5557 982 213 5558 982 213 5559 1006 968 5560 983 969 5561 982 213 5562 983 969 5563 959 214 5564 959 214 5565 983 969 5566 960 970 5567 959 214 5568 960 970 5569 936 215 5570 936 215 5571 960 970 5572 937 971 5573 936 215 5574 937 971 5575 177 216 5576 177 216 5577 937 971 5578 178 972 5579 177 216 5580 178 972 5581 154 217 5582 154 217 5583 178 972 5584 155 973 5585 154 217 5586 155 973 5587 113 218 5588 113 218 5589 155 973 5590 112 974 5591 113 218 5592 112 974 5593 913 219 5594 913 219 5595 112 974 5596 914 975 5597 913 219 5598 914 975 5599 890 220 5600 890 220 5601 914 975 5602 891 976 5603 890 220 5604 891 976 5605 867 221 5606 867 221 5607 891 976 5608 868 977 5609 867 221 5610 868 977 5611 844 222 5612 844 222 5613 868 977 5614 845 978 5615 844 222 5616 845 978 5617 246 223 5618 246 223 5619 845 978 5620 247 979 5621 246 223 5622 247 979 5623 223 224 5624 223 224 5625 247 979 5626 224 980 5627 223 224 5628 224 980 5629 182 225 5630 182 225 5631 224 980 5632 181 981 5633 182 225 5634 181 981 5635 821 226 5636 821 226 5637 181 981 5638 822 982 5639 821 226 5640 822 982 5641 798 227 5642 798 227 5643 822 982 5644 799 983 5645 798 227 5646 799 983 5647 775 228 5648 775 228 5649 799 983 5650 776 984 5651 775 228 5652 776 984 5653 752 229 5654 752 229 5655 776 984 5656 753 985 5657 752 229 5658 753 985 5659 315 230 5660 315 230 5661 753 985 5662 316 986 5663 315 230 5664 316 986 5665 292 231 5666 292 231 5667 316 986 5668 293 987 5669 292 231 5670 293 987 5671 251 232 5672 251 232 5673 293 987 5674 250 988 5675 251 232 5676 250 988 5677 729 233 5678 729 233 5679 250 988 5680 730 989 5681 729 233 5682 730 989 5683 706 234 5684 706 234 5685 730 989 5686 707 990 5687 706 234 5688 707 990 5689 683 235 5690 683 235 5691 707 990 5692 684 991 5693 683 235 5694 684 991 5695 660 236 5696 660 236 5697 684 991 5698 661 992 5699 660 236 5700 661 992 5701 384 237 5702 384 237 5703 661 992 5704 385 993 5705 384 237 5706 385 993 5707 361 238 5708 361 238 5709 385 993 5710 362 994 5711 361 238 5712 362 994 5713 320 239 5714 320 239 5715 362 994 5716 319 995 5717 320 239 5718 319 995 5719 637 240 5720 637 240 5721 319 995 5722 638 996 5723 637 240 5724 638 996 5725 614 241 5726 614 241 5727 638 996 5728 615 997 5729 614 241 5730 615 997 5731 591 242 5732 591 242 5733 615 997 5734 592 998 5735 591 242 5736 592 998 5737 568 243 5738 568 243 5739 592 998 5740 569 999 5741 568 243 5742 569 999 5743 453 244 5744 453 244 5745 569 999 5746 454 1000 5747 453 244 5748 454 1000 5749 430 245 5750 430 245 5751 454 1000 5752 431 1001 5753 430 245 5754 431 1001 5755 389 246 5756 389 246 5757 431 1001 5758 388 1002 5759 389 246 5760 388 1002 5761 545 247 5762 545 247 5763 388 1002 5764 546 1003 5765 545 247 5766 546 1003 5767 522 248 5768 522 248 5769 546 1003 5770 523 1004 5771 522 248 5772 523 1004 5773 499 249 5774 499 249 5775 523 1004 5776 500 1005 5777 499 249 5778 500 1005 5779 476 250 5780 476 250 5781 500 1005 5782 477 1006 5783 476 250 5784 477 1006 5785 85 251 5786 85 251 5787 477 1006 5788 86 1007 5789 85 251 5790 86 1007 5791 62 210 5792 62 210 5793 86 1007 5794 63 966 5795 63 966 5796 64 1 5797 89 967 5798 89 967 5799 64 1 5800 88 83 5801 89 967 5802 88 83 5803 1006 968 5804 1006 968 5805 88 83 5806 1007 81 5807 1006 968 5808 1007 81 5809 983 969 5810 983 969 5811 1007 81 5812 984 79 5813 983 969 5814 984 79 5815 960 970 5816 960 970 5817 984 79 5818 961 77 5819 960 970 5820 961 77 5821 937 971 5822 937 971 5823 961 77 5824 938 75 5825 937 971 5826 938 75 5827 178 972 5828 178 972 5829 938 75 5830 179 73 5831 178 972 5832 179 73 5833 155 973 5834 155 973 5835 179 73 5836 156 71 5837 155 973 5838 156 71 5839 112 974 5840 112 974 5841 156 71 5842 111 69 5843 112 974 5844 111 69 5845 914 975 5846 914 975 5847 111 69 5848 915 67 5849 914 975 5850 915 67 5851 891 976 5852 891 976 5853 915 67 5854 892 65 5855 891 976 5856 892 65 5857 868 977 5858 868 977 5859 892 65 5860 869 63 5861 868 977 5862 869 63 5863 845 978 5864 845 978 5865 869 63 5866 846 61 5867 845 978 5868 846 61 5869 247 979 5870 247 979 5871 846 61 5872 248 59 5873 247 979 5874 248 59 5875 224 980 5876 224 980 5877 248 59 5878 225 57 5879 224 980 5880 225 57 5881 181 981 5882 181 981 5883 225 57 5884 180 55 5885 181 981 5886 180 55 5887 822 982 5888 822 982 5889 180 55 5890 823 53 5891 822 982 5892 823 53 5893 799 983 5894 799 983 5895 823 53 5896 800 51 5897 799 983 5898 800 51 5899 776 984 5900 776 984 5901 800 51 5902 777 49 5903 776 984 5904 777 49 5905 753 985 5906 753 985 5907 777 49 5908 754 47 5909 753 985 5910 754 47 5911 316 986 5912 316 986 5913 754 47 5914 317 45 5915 316 986 5916 317 45 5917 293 987 5918 293 987 5919 317 45 5920 294 43 5921 293 987 5922 294 43 5923 250 988 5924 250 988 5925 294 43 5926 249 41 5927 250 988 5928 249 41 5929 730 989 5930 730 989 5931 249 41 5932 731 39 5933 730 989 5934 731 39 5935 707 990 5936 707 990 5937 731 39 5938 708 37 5939 707 990 5940 708 37 5941 684 991 5942 684 991 5943 708 37 5944 685 35 5945 684 991 5946 685 35 5947 661 992 5948 661 992 5949 685 35 5950 662 33 5951 661 992 5952 662 33 5953 385 993 5954 385 993 5955 662 33 5956 386 31 5957 385 993 5958 386 31 5959 362 994 5960 362 994 5961 386 31 5962 363 29 5963 362 994 5964 363 29 5965 319 995 5966 319 995 5967 363 29 5968 318 27 5969 319 995 5970 318 27 5971 638 996 5972 638 996 5973 318 27 5974 639 25 5975 638 996 5976 639 25 5977 615 997 5978 615 997 5979 639 25 5980 616 23 5981 615 997 5982 616 23 5983 592 998 5984 592 998 5985 616 23 5986 593 21 5987 592 998 5988 593 21 5989 569 999 5990 569 999 5991 593 21 5992 570 19 5993 569 999 5994 570 19 5995 454 1000 5996 454 1000 5997 570 19 5998 455 17 5999 454 1000 6000 455 17 6001 431 1001 6002 431 1001 6003 455 17 6004 432 15 6005 431 1001 6006 432 15 6007 388 1002 6008 388 1002 6009 432 15 6010 387 13 6011 388 1002 6012 387 13 6013 546 1003 6014 546 1003 6015 387 13 6016 547 11 6017 546 1003 6018 547 11 6019 523 1004 6020 523 1004 6021 547 11 6022 524 9 6023 523 1004 6024 524 9 6025 500 1005 6026 500 1005 6027 524 9 6028 501 7 6029 500 1005 6030 501 7 6031 477 1006 6032 477 1006 6033 501 7 6034 478 5 6035 477 1006 6036 478 5 6037 86 1007 6038 86 1007 6039 478 5 6040 87 3 6041 86 1007 6042 87 3 6043 63 966 6044 63 966 6045 87 3 6046 64 1 6047</p>
        </triangles>
        <triangles material="鋼_-_サテン_002-material" count="1404">
          <input semantic="VERTEX" source="#whee_003-mesh-vertices" offset="0"/>
          <input semantic="NORMAL" source="#whee_003-mesh-normals" offset="1"/>
          <input semantic="TEXCOORD" source="#whee_003-mesh-map-0" offset="2" set="0"/>
          <p>1008 1008 6048 1009 1008 6049 1011 1008 6050 1011 1008 6051 1009 1008 6052 1010 1008 6053 1012 1009 6054 1013 1009 6055 1015 1009 6056 1015 1009 6057 1013 1009 6058 1014 1009 6059 1009 1010 6060 1012 1010 6061 1010 1010 6062 1010 1010 6063 1012 1010 6064 1015 1010 6065 1012 1011 6078 1009 1011 6079 1019 1011 6080 1019 1011 6081 1009 1011 6082 1018 1011 6083 1069 1015 6264 1030 1015 6265 1081 1015 6266 1081 1015 6267 1030 1015 6268 1080 1015 6269 1070 1009 6270 1069 1009 6271 1082 1009 6272 1082 1009 6273 1069 1009 6274 1081 1009 6275 1030 1008 6276 1029 1008 6277 1080 1008 6278 1080 1008 6279 1029 1008 6280 1083 1008 6281 1030 1011 6294 1069 1011 6295 1087 1011 6296 1087 1011 6297 1069 1011 6298 1086 1011 6299 1089 1019 6300 1135 1020 6301 1088 1021 6302 1088 1021 6303 1135 1020 6304 1112 1022 6305 1088 1021 6306 1112 1022 6307 1111 1023 6308 1111 1023 6309 1112 1022 6310 1113 1024 6311 1111 1023 6312 1113 1024 6313 1110 1025 6314 1110 1025 6315 1113 1024 6316 1114 1026 6317 1110 1025 6318 1114 1026 6319 1109 1027 6320 1109 1027 6321 1114 1026 6322 1115 1028 6323 1109 1027 6324 1115 1028 6325 1108 1029 6326 1108 1029 6327 1115 1028 6328 1116 1030 6329 1108 1029 6330 1116 1030 6331 1107 1031 6332 1107 1031 6333 1116 1030 6334 1117 1032 6335 1107 1031 6336 1117 1032 6337 1106 1033 6338 1106 1033 6339 1117 1032 6340 1118 1034 6341 1106 1033 6342 1118 1034 6343 1105 1035 6344 1105 1035 6345 1118 1034 6346 1119 1036 6347 1105 1035 6348 1119 1036 6349 1104 1037 6350 1104 1037 6351 1119 1036 6352 1120 1038 6353 1104 1037 6354 1120 1038 6355 1103 1039 6356 1103 1039 6357 1120 1038 6358 1121 1040 6359 1103 1039 6360 1121 1040 6361 1102 1041 6362 1102 1041 6363 1121 1040 6364 1122 1042 6365 1102 1041 6366 1122 1042 6367 1101 1043 6368 1101 1043 6369 1122 1042 6370 1123 1044 6371 1101 1043 6372 1123 1044 6373 1100 1045 6374 1100 1045 6375 1123 1044 6376 1124 1046 6377 1100 1045 6378 1124 1046 6379 1099 1047 6380 1099 1047 6381 1124 1046 6382 1125 1048 6383 1099 1047 6384 1125 1048 6385 1098 1049 6386 1098 1049 6387 1125 1048 6388 1126 1050 6389 1098 1049 6390 1126 1050 6391 1097 1051 6392 1097 1051 6393 1126 1050 6394 1127 1052 6395 1097 1051 6396 1127 1052 6397 1096 1053 6398 1096 1053 6399 1127 1052 6400 1128 1054 6401 1096 1053 6402 1128 1054 6403 1095 1055 6404 1095 1055 6405 1128 1054 6406 1129 1056 6407 1095 1055 6408 1129 1056 6409 1094 1057 6410 1094 1057 6411 1129 1056 6412 1130 1058 6413 1094 1057 6414 1130 1058 6415 1093 1059 6416 1093 1059 6417 1130 1058 6418 1131 1060 6419 1093 1059 6420 1131 1060 6421 1092 1061 6422 1092 1061 6423 1131 1060 6424 1132 1062 6425 1092 1061 6426 1132 1062 6427 1091 1063 6428 1091 1063 6429 1132 1062 6430 1133 1064 6431 1091 1063 6432 1133 1064 6433 1090 1065 6434 1090 1065 6435 1133 1064 6436 1134 1066 6437 1090 1065 6438 1134 1066 6439 1089 1019 6440 1089 1019 6441 1134 1066 6442 1135 1020 6443 1111 1011 6444 1101 1011 6445 1088 1011 6446 1088 1011 6447 1101 1011 6448 1100 1011 6449 1088 1011 6450 1100 1011 6451 1089 1011 6452 1089 1011 6453 1100 1011 6454 1099 1011 6455 1089 1011 6456 1099 1011 6457 1090 1011 6458 1090 1011 6459 1099 1011 6460 1098 1011 6461 1090 1011 6462 1098 1011 6463 1091 1011 6464 1091 1011 6465 1098 1011 6466 1097 1011 6467 1091 1011 6468 1097 1011 6469 1092 1011 6470 1092 1011 6471 1097 1011 6472 1096 1011 6473 1092 1011 6474 1096 1011 6475 1093 1011 6476 1093 1011 6477 1096 1011 6478 1095 1011 6479 1093 1011 6480 1095 1011 6481 1094 1011 6482 1101 1011 6483 1111 1011 6484 1102 1011 6485 1102 1011 6486 1111 1011 6487 1110 1011 6488 1102 1011 6489 1110 1011 6490 1103 1011 6491 1103 1011 6492 1110 1011 6493 1109 1011 6494 1103 1011 6495 1109 1011 6496 1104 1011 6497 1104 1011 6498 1109 1011 6499 1108 1011 6500 1104 1011 6501 1108 1011 6502 1105 1011 6503 1105 1011 6504 1108 1011 6505 1107 1011 6506 1105 1011 6507 1107 1011 6508 1106 1011 6509 1013 1067 6510 1146 1068 6511 1014 1069 6512 1014 1069 6513 1146 1068 6514 1147 1070 6515 1014 1069 6516 1147 1070 6517 1016 1071 6518 1016 1071 6519 1147 1070 6520 1148 1072 6521 1016 1071 6522 1148 1072 6523 1017 1073 6524 1017 1073 6525 1148 1072 6526 1149 1074 6527 1017 1073 6528 1149 1074 6529 1011 1075 6530 1011 1075 6531 1149 1074 6532 1150 1076 6533 1011 1075 6534 1150 1076 6535 1008 1077 6536 1008 1077 6537 1150 1076 6538 1020 1078 6539 1020 1078 6540 1150 1076 6541 1151 1079 6542 1020 1078 6543 1151 1079 6544 1021 1080 6545 1021 1080 6546 1151 1079 6547 1152 1081 6548 1021 1080 6549 1152 1081 6550 1022 1082 6551 1022 1082 6552 1152 1081 6553 1153 1083 6554 1022 1082 6555 1153 1083 6556 1023 1084 6557 1023 1084 6558 1153 1083 6559 1154 1085 6560 1023 1084 6561 1154 1085 6562 1024 1008 6563 1024 1008 6564 1154 1085 6565 1025 1086 6566 1025 1086 6567 1154 1085 6568 1155 1087 6569 1025 1086 6570 1155 1087 6571 1026 1088 6572 1026 1088 6573 1155 1087 6574 1156 1089 6575 1026 1088 6576 1156 1089 6577 1027 1090 6578 1027 1090 6579 1156 1089 6580 1157 1091 6581 1027 1090 6582 1157 1091 6583 1028 1092 6584 1028 1092 6585 1157 1091 6586 1158 1093 6587 1028 1092 6588 1158 1093 6589 1029 1094 6590 1029 1094 6591 1158 1093 6592 1083 1095 6593 1083 1095 6594 1158 1093 6595 1159 1096 6596 1083 1095 6597 1159 1096 6598 1084 1097 6599 1084 1097 6600 1159 1096 6601 1136 1098 6602 1084 1097 6603 1136 1098 6604 1085 1099 6605 1085 1099 6606 1136 1098 6607 1137 1100 6608 1085 1099 6609 1137 1100 6610 1082 1101 6611 1082 1101 6612 1137 1100 6613 1138 1102 6614 1082 1101 6615 1138 1102 6616 1070 1103 6617 1070 1103 6618 1138 1102 6619 1071 1104 6620 1071 1104 6621 1138 1102 6622 1139 1105 6623 1071 1104 6624 1139 1105 6625 1072 1106 6626 1072 1106 6627 1139 1105 6628 1140 1107 6629 1072 1106 6630 1140 1107 6631 1073 1108 6632 1073 1108 6633 1140 1107 6634 1141 1109 6635 1073 1108 6636 1141 1109 6637 1074 1110 6638 1074 1110 6639 1141 1109 6640 1142 1111 6641 1074 1110 6642 1142 1111 6643 1075 1009 6644 1075 1009 6645 1142 1111 6646 1076 1112 6647 1076 1112 6648 1142 1111 6649 1143 1113 6650 1076 1112 6651 1143 1113 6652 1077 1114 6653 1077 1114 6654 1143 1113 6655 1144 1115 6656 1077 1114 6657 1144 1115 6658 1078 1116 6659 1078 1116 6660 1144 1115 6661 1145 1117 6662 1078 1116 6663 1145 1117 6664 1079 1118 6665 1079 1118 6666 1145 1117 6667 1146 1068 6668 1079 1118 6669 1146 1068 6670 1013 1067 6671 1161 1131 6816 1298 1132 6817 1160 1133 6818 1160 1133 6819 1298 1132 6820 1307 1134 6821 1160 1133 6822 1307 1134 6823 1508 1135 6824 1508 1135 6825 1307 1134 6826 1306 1136 6827 1508 1135 6828 1306 1136 6829 1509 1137 6830 1509 1137 6831 1306 1136 6832 1305 1138 6833 1509 1137 6834 1305 1138 6835 1510 1139 6836 1510 1139 6837 1305 1138 6838 1304 1140 6839 1510 1139 6840 1304 1140 6841 1511 1141 6842 1511 1141 6843 1304 1140 6844 1303 1142 6845 1511 1141 6846 1303 1142 6847 1512 1143 6848 1512 1143 6849 1303 1142 6850 1255 1144 6851 1512 1143 6852 1255 1144 6853 1256 1145 6854 1256 1145 6855 1255 1144 6856 1518 1146 6857 1256 1145 6858 1518 1146 6859 1517 1147 6860 1517 1147 6861 1518 1146 6862 1519 1148 6863 1517 1147 6864 1519 1148 6865 1516 1149 6866 1516 1149 6867 1519 1148 6868 1520 1150 6869 1516 1149 6870 1520 1150 6871 1515 1151 6872 1515 1151 6873 1520 1150 6874 1521 1152 6875 1515 1151 6876 1521 1152 6877 1514 1153 6878 1514 1153 6879 1521 1152 6880 1522 1154 6881 1514 1153 6882 1522 1154 6883 1513 1155 6884 1513 1155 6885 1522 1154 6886 1202 1156 6887 1513 1155 6888 1202 1156 6889 1203 1157 6890 1298 1132 6891 1161 1131 6892 1308 1158 6893 1308 1158 6894 1161 1131 6895 1162 1159 6896 1308 1158 6897 1162 1159 6898 1313 1160 6899 1313 1160 6900 1162 1159 6901 1163 1161 6902 1313 1160 6903 1163 1161 6904 1318 1162 6905 1318 1162 6906 1163 1161 6907 1164 1163 6908 1318 1162 6909 1164 1163 6910 1323 1164 6911 1323 1164 6912 1164 1163 6913 1165 1165 6914 1323 1164 6915 1165 1165 6916 1328 1166 6917 1328 1166 6918 1165 1165 6919 1166 1167 6920 1328 1166 6921 1166 1167 6922 1333 1168 6923 1333 1168 6924 1166 1167 6925 1167 1169 6926 1333 1168 6927 1167 1169 6928 1338 1170 6929 1338 1170 6930 1167 1169 6931 1168 1171 6932 1338 1170 6933 1168 1171 6934 1343 1172 6935 1343 1172 6936 1168 1171 6937 1169 1173 6938 1343 1172 6939 1169 1173 6940 1348 1174 6941 1348 1174 6942 1169 1173 6943 1170 1175 6944 1348 1174 6945 1170 1175 6946 1288 1176 6947 1288 1176 6948 1170 1175 6949 1171 1177 6950 1288 1176 6951 1171 1177 6952 1353 1178 6953 1353 1178 6954 1171 1177 6955 1172 1179 6956 1353 1178 6957 1172 1179 6958 1358 1180 6959 1358 1180 6960 1172 1179 6961 1173 1181 6962 1358 1180 6963 1173 1181 6964 1363 1182 6965 1363 1182 6966 1173 1181 6967 1174 1183 6968 1363 1182 6969 1174 1183 6970 1368 1184 6971 1368 1184 6972 1174 1183 6973 1175 1185 6974 1368 1184 6975 1175 1185 6976 1373 1186 6977 1373 1186 6978 1175 1185 6979 1176 1187 6980 1373 1186 6981 1176 1187 6982 1378 1188 6983 1378 1188 6984 1176 1187 6985 1177 1189 6986 1378 1188 6987 1177 1189 6988 1383 1190 6989 1383 1190 6990 1177 1189 6991 1178 1191 6992 1383 1190 6993 1178 1191 6994 1388 1192 6995 1388 1192 6996 1178 1191 6997 1179 1193 6998 1388 1192 6999 1179 1193 7000 1393 1194 7001 1393 1194 7002 1179 1193 7003 1180 1195 7004 1393 1194 7005 1180 1195 7006 1398 1196 7007 1398 1196 7008 1180 1195 7009 1181 1197 7010 1398 1196 7011 1181 1197 7012 1412 1198 7013 1412 1198 7014 1181 1197 7015 1403 1199 7016 1412 1198 7017 1403 1199 7018 1404 1200 7019 1404 1200 7020 1403 1199 7021 1414 1201 7022 1404 1200 7023 1414 1201 7024 1415 1202 7025 1415 1202 7026 1414 1201 7027 1420 1203 7028 1415 1202 7029 1420 1203 7030 1421 1204 7031 1421 1204 7032 1420 1203 7033 1426 1205 7034 1421 1204 7035 1426 1205 7036 1427 1206 7037 1427 1206 7038 1426 1205 7039 1432 1207 7040 1427 1206 7041 1432 1207 7042 1272 1208 7043 1272 1208 7044 1432 1207 7045 1271 1209 7046 1272 1208 7047 1271 1209 7048 1597 1210 7049 1597 1210 7050 1271 1209 7051 1592 1211 7052 1597 1210 7053 1592 1211 7054 1591 1212 7055 1591 1212 7056 1592 1211 7057 1586 1213 7058 1591 1212 7059 1586 1213 7060 1585 1214 7061 1585 1214 7062 1586 1213 7063 1580 1215 7064 1585 1214 7065 1580 1215 7066 1579 1216 7067 1579 1216 7068 1580 1215 7069 1574 1217 7070 1579 1216 7071 1574 1217 7072 1573 1218 7073 1573 1218 7074 1574 1217 7075 1568 1219 7076 1573 1218 7077 1568 1219 7078 1213 1220 7079 1213 1220 7080 1568 1219 7081 1212 1221 7082 1212 1221 7083 1568 1219 7084 1563 1222 7085 1212 1221 7086 1563 1222 7087 1211 1223 7088 1211 1223 7089 1563 1222 7090 1558 1224 7091 1211 1223 7092 1558 1224 7093 1210 1225 7094 1210 1225 7095 1558 1224 7096 1553 1226 7097 1210 1225 7098 1553 1226 7099 1209 1227 7100 1209 1227 7101 1553 1226 7102 1548 1228 7103 1209 1227 7104 1548 1228 7105 1208 1229 7106 1208 1229 7107 1548 1228 7108 1543 1230 7109 1208 1229 7110 1543 1230 7111 1207 1231 7112 1207 1231 7113 1543 1230 7114 1538 1232 7115 1207 1231 7116 1538 1232 7117 1206 1233 7118 1206 1233 7119 1538 1232 7120 1533 1234 7121 1206 1233 7122 1533 1234 7123 1205 1235 7124 1205 1235 7125 1533 1234 7126 1528 1236 7127 1205 1235 7128 1528 1236 7129 1204 1237 7130 1204 1237 7131 1528 1236 7132 1523 1238 7133 1204 1237 7134 1523 1238 7135 1203 1157 7136 1203 1157 7137 1523 1238 7138 1513 1155 7139 1181 1197 7140 1182 1239 7141 1403 1199 7142 1403 1199 7143 1182 1239 7144 1413 1240 7145 1403 1199 7146 1413 1240 7147 1414 1201 7148 1414 1201 7149 1413 1240 7150 1419 1241 7151 1414 1201 7152 1419 1241 7153 1420 1203 7154 1420 1203 7155 1419 1241 7156 1425 1242 7157 1420 1203 7158 1425 1242 7159 1426 1205 7160 1426 1205 7161 1425 1242 7162 1431 1243 7163 1426 1205 7164 1431 1243 7165 1432 1207 7166 1432 1207 7167 1431 1243 7168 1437 1244 7169 1432 1207 7170 1437 1244 7171 1271 1209 7172 1271 1209 7173 1437 1244 7174 1270 1245 7175 1271 1209 7176 1270 1245 7177 1592 1211 7178 1592 1211 7179 1270 1245 7180 1587 1246 7181 1592 1211 7182 1587 1246 7183 1586 1213 7184 1586 1213 7185 1587 1246 7186 1581 1247 7187 1586 1213 7188 1581 1247 7189 1580 1215 7190 1580 1215 7191 1581 1247 7192 1575 1248 7193 1580 1215 7194 1575 1248 7195 1574 1217 7196 1574 1217 7197 1575 1248 7198 1569 1249 7199 1574 1217 7200 1569 1249 7201 1568 1219 7202 1568 1219 7203 1569 1249 7204 1563 1222 7205 1182 1239 7206 1183 1250 7207 1413 1240 7208 1413 1240 7209 1183 1250 7210 1418 1251 7211 1413 1240 7212 1418 1251 7213 1419 1241 7214 1419 1241 7215 1418 1251 7216 1424 1252 7217 1419 1241 7218 1424 1252 7219 1425 1242 7220 1425 1242 7221 1424 1252 7222 1430 1253 7223 1425 1242 7224 1430 1253 7225 1431 1243 7226 1431 1243 7227 1430 1253 7228 1436 1254 7229 1431 1243 7230 1436 1254 7231 1437 1244 7232 1437 1244 7233 1436 1254 7234 1442 1255 7235 1437 1244 7236 1442 1255 7237 1270 1245 7238 1270 1245 7239 1442 1255 7240 1269 1256 7241 1270 1245 7242 1269 1256 7243 1587 1246 7244 1587 1246 7245 1269 1256 7246 1582 1257 7247 1587 1246 7248 1582 1257 7249 1581 1247 7250 1581 1247 7251 1582 1257 7252 1576 1258 7253 1581 1247 7254 1576 1258 7255 1575 1248 7256 1575 1248 7257 1576 1258 7258 1570 1259 7259 1575 1248 7260 1570 1259 7261 1569 1249 7262 1569 1249 7263 1570 1259 7264 1564 1260 7265 1569 1249 7266 1564 1260 7267 1563 1222 7268 1563 1222 7269 1564 1260 7270 1558 1224 7271 1183 1250 7272 1184 1261 7273 1418 1251 7274 1418 1251 7275 1184 1261 7276 1423 1262 7277 1418 1251 7278 1423 1262 7279 1424 1252 7280 1424 1252 7281 1423 1262 7282 1429 1263 7283 1424 1252 7284 1429 1263 7285 1430 1253 7286 1430 1253 7287 1429 1263 7288 1435 1264 7289 1430 1253 7290 1435 1264 7291 1436 1254 7292 1436 1254 7293 1435 1264 7294 1441 1265 7295 1436 1254 7296 1441 1265 7297 1442 1255 7298 1442 1255 7299 1441 1265 7300 1447 1266 7301 1442 1255 7302 1447 1266 7303 1269 1256 7304 1269 1256 7305 1447 1266 7306 1268 1267 7307 1269 1256 7308 1268 1267 7309 1582 1257 7310 1582 1257 7311 1268 1267 7312 1577 1268 7313 1582 1257 7314 1577 1268 7315 1576 1258 7316 1576 1258 7317 1577 1268 7318 1571 1269 7319 1576 1258 7320 1571 1269 7321 1570 1259 7322 1570 1259 7323 1571 1269 7324 1565 1270 7325 1570 1259 7326 1565 1270 7327 1564 1260 7328 1564 1260 7329 1565 1270 7330 1559 1271 7331 1564 1260 7332 1559 1271 7333 1558 1224 7334 1558 1224 7335 1559 1271 7336 1553 1226 7337 1184 1261 7338 1185 1272 7339 1423 1262 7340 1423 1262 7341 1185 1272 7342 1428 1273 7343 1423 1262 7344 1428 1273 7345 1429 1263 7346 1429 1263 7347 1428 1273 7348 1434 1274 7349 1429 1263 7350 1434 1274 7351 1435 1264 7352 1435 1264 7353 1434 1274 7354 1440 1275 7355 1435 1264 7356 1440 1275 7357 1441 1265 7358 1441 1265 7359 1440 1275 7360 1446 1276 7361 1441 1265 7362 1446 1276 7363 1447 1266 7364 1447 1266 7365 1446 1276 7366 1452 1277 7367 1447 1266 7368 1452 1277 7369 1268 1267 7370 1268 1267 7371 1452 1277 7372 1267 1278 7373 1268 1267 7374 1267 1278 7375 1577 1268 7376 1577 1268 7377 1267 1278 7378 1572 1279 7379 1577 1268 7380 1572 1279 7381 1571 1269 7382 1571 1269 7383 1572 1279 7384 1566 1280 7385 1571 1269 7386 1566 1280 7387 1565 1270 7388 1565 1270 7389 1566 1280 7390 1560 1281 7391 1565 1270 7392 1560 1281 7393 1559 1271 7394 1559 1271 7395 1560 1281 7396 1554 1282 7397 1559 1271 7398 1554 1282 7399 1553 1226 7400 1553 1226 7401 1554 1282 7402 1548 1228 7403 1185 1272 7404 1186 1283 7405 1428 1273 7406 1428 1273 7407 1186 1283 7408 1433 1284 7409 1428 1273 7410 1433 1284 7411 1434 1274 7412 1434 1274 7413 1433 1284 7414 1439 1285 7415 1434 1274 7416 1439 1285 7417 1440 1275 7418 1440 1275 7419 1439 1285 7420 1445 1286 7421 1440 1275 7422 1445 1286 7423 1446 1276 7424 1446 1276 7425 1445 1286 7426 1451 1287 7427 1446 1276 7428 1451 1287 7429 1452 1277 7430 1452 1277 7431 1451 1287 7432 1457 1288 7433 1452 1277 7434 1457 1288 7435 1267 1278 7436 1267 1278 7437 1457 1288 7438 1266 1289 7439 1267 1278 7440 1266 1289 7441 1572 1279 7442 1572 1279 7443 1266 1289 7444 1567 1290 7445 1572 1279 7446 1567 1290 7447 1566 1280 7448 1566 1280 7449 1567 1290 7450 1561 1291 7451 1566 1280 7452 1561 1291 7453 1560 1281 7454 1560 1281 7455 1561 1291 7456 1555 1292 7457 1560 1281 7458 1555 1292 7459 1554 1282 7460 1554 1282 7461 1555 1292 7462 1549 1293 7463 1554 1282 7464 1549 1293 7465 1548 1228 7466 1548 1228 7467 1549 1293 7468 1543 1230 7469 1186 1283 7470 1187 1294 7471 1433 1284 7472 1433 1284 7473 1187 1294 7474 1438 1295 7475 1433 1284 7476 1438 1295 7477 1439 1285 7478 1439 1285 7479 1438 1295 7480 1444 1296 7481 1439 1285 7482 1444 1296 7483 1445 1286 7484 1445 1286 7485 1444 1296 7486 1450 1297 7487 1445 1286 7488 1450 1297 7489 1451 1287 7490 1451 1287 7491 1450 1297 7492 1456 1298 7493 1451 1287 7494 1456 1298 7495 1457 1288 7496 1457 1288 7497 1456 1298 7498 1462 1299 7499 1457 1288 7500 1462 1299 7501 1266 1289 7502 1266 1289 7503 1462 1299 7504 1265 1300 7505 1266 1289 7506 1265 1300 7507 1567 1290 7508 1567 1290 7509 1265 1300 7510 1562 1301 7511 1567 1290 7512 1562 1301 7513 1561 1291 7514 1561 1291 7515 1562 1301 7516 1556 1302 7517 1561 1291 7518 1556 1302 7519 1555 1292 7520 1555 1292 7521 1556 1302 7522 1550 1303 7523 1555 1292 7524 1550 1303 7525 1549 1293 7526 1549 1293 7527 1550 1303 7528 1544 1304 7529 1549 1293 7530 1544 1304 7531 1543 1230 7532 1543 1230 7533 1544 1304 7534 1538 1232 7535 1187 1294 7536 1188 1305 7537 1438 1295 7538 1438 1295 7539 1188 1305 7540 1443 1306 7541 1438 1295 7542 1443 1306 7543 1444 1296 7544 1444 1296 7545 1443 1306 7546 1449 1307 7547 1444 1296 7548 1449 1307 7549 1450 1297 7550 1450 1297 7551 1449 1307 7552 1455 1308 7553 1450 1297 7554 1455 1308 7555 1456 1298 7556 1456 1298 7557 1455 1308 7558 1461 1309 7559 1456 1298 7560 1461 1309 7561 1462 1299 7562 1462 1299 7563 1461 1309 7564 1467 1310 7565 1462 1299 7566 1467 1310 7567 1265 1300 7568 1265 1300 7569 1467 1310 7570 1264 1311 7571 1265 1300 7572 1264 1311 7573 1562 1301 7574 1562 1301 7575 1264 1311 7576 1557 1312 7577 1562 1301 7578 1557 1312 7579 1556 1302 7580 1556 1302 7581 1557 1312 7582 1551 1313 7583 1556 1302 7584 1551 1313 7585 1550 1303 7586 1550 1303 7587 1551 1313 7588 1545 1314 7589 1550 1303 7590 1545 1314 7591 1544 1304 7592 1544 1304 7593 1545 1314 7594 1539 1315 7595 1544 1304 7596 1539 1315 7597 1538 1232 7598 1538 1232 7599 1539 1315 7600 1533 1234 7601 1188 1305 7602 1189 1316 7603 1443 1306 7604 1443 1306 7605 1189 1316 7606 1448 1317 7607 1443 1306 7608 1448 1317 7609 1449 1307 7610 1449 1307 7611 1448 1317 7612 1454 1318 7613 1449 1307 7614 1454 1318 7615 1455 1308 7616 1455 1308 7617 1454 1318 7618 1460 1319 7619 1455 1308 7620 1460 1319 7621 1461 1309 7622 1461 1309 7623 1460 1319 7624 1466 1320 7625 1461 1309 7626 1466 1320 7627 1467 1310 7628 1467 1310 7629 1466 1320 7630 1472 1321 7631 1467 1310 7632 1472 1321 7633 1264 1311 7634 1264 1311 7635 1472 1321 7636 1263 1322 7637 1264 1311 7638 1263 1322 7639 1557 1312 7640 1557 1312 7641 1263 1322 7642 1552 1323 7643 1557 1312 7644 1552 1323 7645 1551 1313 7646 1551 1313 7647 1552 1323 7648 1546 1324 7649 1551 1313 7650 1546 1324 7651 1545 1314 7652 1545 1314 7653 1546 1324 7654 1540 1325 7655 1545 1314 7656 1540 1325 7657 1539 1315 7658 1539 1315 7659 1540 1325 7660 1534 1326 7661 1539 1315 7662 1534 1326 7663 1533 1234 7664 1533 1234 7665 1534 1326 7666 1528 1236 7667 1189 1316 7668 1190 1327 7669 1448 1317 7670 1448 1317 7671 1190 1327 7672 1453 1328 7673 1448 1317 7674 1453 1328 7675 1454 1318 7676 1454 1318 7677 1453 1328 7678 1459 1329 7679 1454 1318 7680 1459 1329 7681 1460 1319 7682 1460 1319 7683 1459 1329 7684 1465 1330 7685 1460 1319 7686 1465 1330 7687 1466 1320 7688 1466 1320 7689 1465 1330 7690 1471 1331 7691 1466 1320 7692 1471 1331 7693 1472 1321 7694 1472 1321 7695 1471 1331 7696 1477 1332 7697 1472 1321 7698 1477 1332 7699 1263 1322 7700 1263 1322 7701 1477 1332 7702 1262 1333 7703 1263 1322 7704 1262 1333 7705 1552 1323 7706 1552 1323 7707 1262 1333 7708 1547 1334 7709 1552 1323 7710 1547 1334 7711 1546 1324 7712 1546 1324 7713 1547 1334 7714 1541 1335 7715 1546 1324 7716 1541 1335 7717 1540 1325 7718 1540 1325 7719 1541 1335 7720 1535 1336 7721 1540 1325 7722 1535 1336 7723 1534 1326 7724 1534 1326 7725 1535 1336 7726 1529 1337 7727 1534 1326 7728 1529 1337 7729 1528 1236 7730 1528 1236 7731 1529 1337 7732 1523 1238 7733 1190 1327 7734 1191 1338 7735 1453 1328 7736 1453 1328 7737 1191 1338 7738 1458 1339 7739 1453 1328 7740 1458 1339 7741 1459 1329 7742 1459 1329 7743 1458 1339 7744 1464 1340 7745 1459 1329 7746 1464 1340 7747 1465 1330 7748 1465 1330 7749 1464 1340 7750 1470 1341 7751 1465 1330 7752 1470 1341 7753 1471 1331 7754 1471 1331 7755 1470 1341 7756 1476 1342 7757 1471 1331 7758 1476 1342 7759 1477 1332 7760 1477 1332 7761 1476 1342 7762 1482 1343 7763 1477 1332 7764 1482 1343 7765 1262 1333 7766 1262 1333 7767 1482 1343 7768 1261 1344 7769 1262 1333 7770 1261 1344 7771 1547 1334 7772 1547 1334 7773 1261 1344 7774 1542 1345 7775 1547 1334 7776 1542 1345 7777 1541 1335 7778 1541 1335 7779 1542 1345 7780 1536 1346 7781 1541 1335 7782 1536 1346 7783 1535 1336 7784 1535 1336 7785 1536 1346 7786 1530 1347 7787 1535 1336 7788 1530 1347 7789 1529 1337 7790 1529 1337 7791 1530 1347 7792 1524 1348 7793 1529 1337 7794 1524 1348 7795 1523 1238 7796 1523 1238 7797 1524 1348 7798 1513 1155 7799 1191 1338 7800 1192 1349 7801 1458 1339 7802 1458 1339 7803 1192 1349 7804 1463 1350 7805 1458 1339 7806 1463 1350 7807 1464 1340 7808 1464 1340 7809 1463 1350 7810 1469 1351 7811 1464 1340 7812 1469 1351 7813 1470 1341 7814 1470 1341 7815 1469 1351 7816 1475 1352 7817 1470 1341 7818 1475 1352 7819 1476 1342 7820 1476 1342 7821 1475 1352 7822 1481 1353 7823 1476 1342 7824 1481 1353 7825 1482 1343 7826 1482 1343 7827 1481 1353 7828 1487 1354 7829 1482 1343 7830 1487 1354 7831 1261 1344 7832 1261 1344 7833 1487 1354 7834 1260 1355 7835 1261 1344 7836 1260 1355 7837 1542 1345 7838 1542 1345 7839 1260 1355 7840 1537 1356 7841 1542 1345 7842 1537 1356 7843 1536 1346 7844 1536 1346 7845 1537 1356 7846 1531 1357 7847 1536 1346 7848 1531 1357 7849 1530 1347 7850 1530 1347 7851 1531 1357 7852 1525 1358 7853 1530 1347 7854 1525 1358 7855 1524 1348 7856 1524 1348 7857 1525 1358 7858 1514 1153 7859 1524 1348 7860 1514 1153 7861 1513 1155 7862 1192 1349 7863 1193 1359 7864 1463 1350 7865 1463 1350 7866 1193 1359 7867 1468 1360 7868 1463 1350 7869 1468 1360 7870 1469 1351 7871 1469 1351 7872 1468 1360 7873 1474 1361 7874 1469 1351 7875 1474 1361 7876 1475 1352 7877 1475 1352 7878 1474 1361 7879 1480 1362 7880 1475 1352 7881 1480 1362 7882 1481 1353 7883 1481 1353 7884 1480 1362 7885 1486 1363 7886 1481 1353 7887 1486 1363 7888 1487 1354 7889 1487 1354 7890 1486 1363 7891 1492 1364 7892 1487 1354 7893 1492 1364 7894 1260 1355 7895 1260 1355 7896 1492 1364 7897 1259 1365 7898 1260 1355 7899 1259 1365 7900 1537 1356 7901 1537 1356 7902 1259 1365 7903 1532 1366 7904 1537 1356 7905 1532 1366 7906 1531 1357 7907 1531 1357 7908 1532 1366 7909 1526 1367 7910 1531 1357 7911 1526 1367 7912 1525 1358 7913 1525 1358 7914 1526 1367 7915 1515 1151 7916 1525 1358 7917 1515 1151 7918 1514 1153 7919 1193 1359 7920 1194 1368 7921 1468 1360 7922 1468 1360 7923 1194 1368 7924 1473 1369 7925 1468 1360 7926 1473 1369 7927 1474 1361 7928 1474 1361 7929 1473 1369 7930 1479 1370 7931 1474 1361 7932 1479 1370 7933 1480 1362 7934 1480 1362 7935 1479 1370 7936 1485 1371 7937 1480 1362 7938 1485 1371 7939 1486 1363 7940 1486 1363 7941 1485 1371 7942 1491 1372 7943 1486 1363 7944 1491 1372 7945 1492 1364 7946 1492 1364 7947 1491 1372 7948 1497 1373 7949 1492 1364 7950 1497 1373 7951 1259 1365 7952 1259 1365 7953 1497 1373 7954 1258 1374 7955 1259 1365 7956 1258 1374 7957 1532 1366 7958 1532 1366 7959 1258 1374 7960 1527 1375 7961 1532 1366 7962 1527 1375 7963 1526 1367 7964 1526 1367 7965 1527 1375 7966 1516 1149 7967 1526 1367 7968 1516 1149 7969 1515 1151 7970 1194 1368 7971 1195 1376 7972 1473 1369 7973 1473 1369 7974 1195 1376 7975 1478 1377 7976 1473 1369 7977 1478 1377 7978 1479 1370 7979 1479 1370 7980 1478 1377 7981 1484 1378 7982 1479 1370 7983 1484 1378 7984 1485 1371 7985 1485 1371 7986 1484 1378 7987 1490 1379 7988 1485 1371 7989 1490 1379 7990 1491 1372 7991 1491 1372 7992 1490 1379 7993 1496 1380 7994 1491 1372 7995 1496 1380 7996 1497 1373 7997 1497 1373 7998 1496 1380 7999 1502 1381 8000 1497 1373 8001 1502 1381 8002 1258 1374 8003 1258 1374 8004 1502 1381 8005 1257 1382 8006 1258 1374 8007 1257 1382 8008 1527 1375 8009 1527 1375 8010 1257 1382 8011 1517 1147 8012 1527 1375 8013 1517 1147 8014 1516 1149 8015 1195 1376 8016 1196 1383 8017 1478 1377 8018 1478 1377 8019 1196 1383 8020 1483 1384 8021 1478 1377 8022 1483 1384 8023 1484 1378 8024 1484 1378 8025 1483 1384 8026 1489 1385 8027 1484 1378 8028 1489 1385 8029 1490 1379 8030 1490 1379 8031 1489 1385 8032 1495 1386 8033 1490 1379 8034 1495 1386 8035 1496 1380 8036 1496 1380 8037 1495 1386 8038 1501 1387 8039 1496 1380 8040 1501 1387 8041 1502 1381 8042 1502 1381 8043 1501 1387 8044 1507 1388 8045 1502 1381 8046 1507 1388 8047 1257 1382 8048 1257 1382 8049 1507 1388 8050 1256 1145 8051 1257 1382 8052 1256 1145 8053 1517 1147 8054 1196 1383 8055 1197 1389 8056 1483 1384 8057 1483 1384 8058 1197 1389 8059 1488 1390 8060 1483 1384 8061 1488 1390 8062 1489 1385 8063 1489 1385 8064 1488 1390 8065 1494 1391 8066 1489 1385 8067 1494 1391 8068 1495 1386 8069 1495 1386 8070 1494 1391 8071 1500 1392 8072 1495 1386 8073 1500 1392 8074 1501 1387 8075 1501 1387 8076 1500 1392 8077 1506 1393 8078 1501 1387 8079 1506 1393 8080 1507 1388 8081 1507 1388 8082 1506 1393 8083 1512 1143 8084 1507 1388 8085 1512 1143 8086 1256 1145 8087 1197 1389 8088 1198 1394 8089 1488 1390 8090 1488 1390 8091 1198 1394 8092 1493 1395 8093 1488 1390 8094 1493 1395 8095 1494 1391 8096 1494 1391 8097 1493 1395 8098 1499 1396 8099 1494 1391 8100 1499 1396 8101 1500 1392 8102 1500 1392 8103 1499 1396 8104 1505 1397 8105 1500 1392 8106 1505 1397 8107 1506 1393 8108 1506 1393 8109 1505 1397 8110 1511 1141 8111 1506 1393 8112 1511 1141 8113 1512 1143 8114 1198 1394 8115 1199 1398 8116 1493 1395 8117 1493 1395 8118 1199 1398 8119 1498 1399 8120 1493 1395 8121 1498 1399 8122 1499 1396 8123 1499 1396 8124 1498 1399 8125 1504 1400 8126 1499 1396 8127 1504 1400 8128 1505 1397 8129 1505 1397 8130 1504 1400 8131 1510 1139 8132 1505 1397 8133 1510 1139 8134 1511 1141 8135 1199 1398 8136 1200 1401 8137 1498 1399 8138 1498 1399 8139 1200 1401 8140 1503 1402 8141 1498 1399 8142 1503 1402 8143 1504 1400 8144 1504 1400 8145 1503 1402 8146 1509 1137 8147 1504 1400 8148 1509 1137 8149 1510 1139 8150 1200 1401 8151 1201 1403 8152 1503 1402 8153 1503 1402 8154 1201 1403 8155 1508 1135 8156 1503 1402 8157 1508 1135 8158 1509 1137 8159 1201 1403 8160 1160 1133 8161 1508 1135 8162 1213 1220 8163 1214 1404 8164 1573 1218 8165 1573 1218 8166 1214 1404 8167 1578 1405 8168 1573 1218 8169 1578 1405 8170 1579 1216 8171 1579 1216 8172 1578 1405 8173 1584 1406 8174 1579 1216 8175 1584 1406 8176 1585 1214 8177 1585 1214 8178 1584 1406 8179 1590 1407 8180 1585 1214 8181 1590 1407 8182 1591 1212 8183 1591 1212 8184 1590 1407 8185 1596 1408 8186 1591 1212 8187 1596 1408 8188 1597 1210 8189 1597 1210 8190 1596 1408 8191 1602 1409 8192 1597 1210 8193 1602 1409 8194 1272 1208 8195 1272 1208 8196 1602 1409 8197 1273 1410 8198 1272 1208 8199 1273 1410 8200 1427 1206 8201 1427 1206 8202 1273 1410 8203 1422 1411 8204 1427 1206 8205 1422 1411 8206 1421 1204 8207 1421 1204 8208 1422 1411 8209 1416 1412 8210 1421 1204 8211 1416 1412 8212 1415 1202 8213 1415 1202 8214 1416 1412 8215 1405 1413 8216 1415 1202 8217 1405 1413 8218 1404 1200 8219 1404 1200 8220 1405 1413 8221 1411 1414 8222 1404 1200 8223 1411 1414 8224 1412 1198 8225 1412 1198 8226 1411 1414 8227 1398 1196 8228 1214 1404 8229 1215 1415 8230 1578 1405 8231 1578 1405 8232 1215 1415 8233 1583 1416 8234 1578 1405 8235 1583 1416 8236 1584 1406 8237 1584 1406 8238 1583 1416 8239 1589 1417 8240 1584 1406 8241 1589 1417 8242 1590 1407 8243 1590 1407 8244 1589 1417 8245 1595 1418 8246 1590 1407 8247 1595 1418 8248 1596 1408 8249 1596 1408 8250 1595 1418 8251 1601 1419 8252 1596 1408 8253 1601 1419 8254 1602 1409 8255 1602 1409 8256 1601 1419 8257 1607 1420 8258 1602 1409 8259 1607 1420 8260 1273 1410 8261 1273 1410 8262 1607 1420 8263 1274 1421 8264 1273 1410 8265 1274 1421 8266 1422 1411 8267 1422 1411 8268 1274 1421 8269 1417 1422 8270 1422 1411 8271 1417 1422 8272 1416 1412 8273 1416 1412 8274 1417 1422 8275 1406 1423 8276 1416 1412 8277 1406 1423 8278 1405 1413 8279 1405 1413 8280 1406 1423 8281 1410 1424 8282 1405 1413 8283 1410 1424 8284 1411 1414 8285 1411 1414 8286 1410 1424 8287 1399 1425 8288 1411 1414 8289 1399 1425 8290 1398 1196 8291 1398 1196 8292 1399 1425 8293 1393 1194 8294 1215 1415 8295 1216 1426 8296 1583 1416 8297 1583 1416 8298 1216 1426 8299 1588 1427 8300 1583 1416 8301 1588 1427 8302 1589 1417 8303 1589 1417 8304 1588 1427 8305 1594 1428 8306 1589 1417 8307 1594 1428 8308 1595 1418 8309 1595 1418 8310 1594 1428 8311 1600 1429 8312 1595 1418 8313 1600 1429 8314 1601 1419 8315 1601 1419 8316 1600 1429 8317 1606 1430 8318 1601 1419 8319 1606 1430 8320 1607 1420 8321 1607 1420 8322 1606 1430 8323 1612 1431 8324 1607 1420 8325 1612 1431 8326 1274 1421 8327 1274 1421 8328 1612 1431 8329 1275 1432 8330 1274 1421 8331 1275 1432 8332 1417 1422 8333 1417 1422 8334 1275 1432 8335 1407 1433 8336 1417 1422 8337 1407 1433 8338 1406 1423 8339 1406 1423 8340 1407 1433 8341 1409 1434 8342 1406 1423 8343 1409 1434 8344 1410 1424 8345 1410 1424 8346 1409 1434 8347 1400 1435 8348 1410 1424 8349 1400 1435 8350 1399 1425 8351 1399 1425 8352 1400 1435 8353 1394 1436 8354 1399 1425 8355 1394 1436 8356 1393 1194 8357 1393 1194 8358 1394 1436 8359 1388 1192 8360 1216 1426 8361 1217 1437 8362 1588 1427 8363 1588 1427 8364 1217 1437 8365 1593 1438 8366 1588 1427 8367 1593 1438 8368 1594 1428 8369 1594 1428 8370 1593 1438 8371 1599 1439 8372 1594 1428 8373 1599 1439 8374 1600 1429 8375 1600 1429 8376 1599 1439 8377 1605 1440 8378 1600 1429 8379 1605 1440 8380 1606 1430 8381 1606 1430 8382 1605 1440 8383 1611 1441 8384 1606 1430 8385 1611 1441 8386 1612 1431 8387 1612 1431 8388 1611 1441 8389 1617 1442 8390 1612 1431 8391 1617 1442 8392 1275 1432 8393 1275 1432 8394 1617 1442 8395 1276 1443 8396 1275 1432 8397 1276 1443 8398 1407 1433 8399 1407 1433 8400 1276 1443 8401 1408 1444 8402 1407 1433 8403 1408 1444 8404 1409 1434 8405 1409 1434 8406 1408 1444 8407 1401 1445 8408 1409 1434 8409 1401 1445 8410 1400 1435 8411 1400 1435 8412 1401 1445 8413 1395 1446 8414 1400 1435 8415 1395 1446 8416 1394 1436 8417 1394 1436 8418 1395 1446 8419 1389 1447 8420 1394 1436 8421 1389 1447 8422 1388 1192 8423 1388 1192 8424 1389 1447 8425 1383 1190 8426 1217 1437 8427 1218 1448 8428 1593 1438 8429 1593 1438 8430 1218 1448 8431 1598 1449 8432 1593 1438 8433 1598 1449 8434 1599 1439 8435 1599 1439 8436 1598 1449 8437 1604 1450 8438 1599 1439 8439 1604 1450 8440 1605 1440 8441 1605 1440 8442 1604 1450 8443 1610 1451 8444 1605 1440 8445 1610 1451 8446 1611 1441 8447 1611 1441 8448 1610 1451 8449 1616 1452 8450 1611 1441 8451 1616 1452 8452 1617 1442 8453 1617 1442 8454 1616 1452 8455 1622 1453 8456 1617 1442 8457 1622 1453 8458 1276 1443 8459 1276 1443 8460 1622 1453 8461 1277 1454 8462 1276 1443 8463 1277 1454 8464 1408 1444 8465 1408 1444 8466 1277 1454 8467 1402 1455 8468 1408 1444 8469 1402 1455 8470 1401 1445 8471 1401 1445 8472 1402 1455 8473 1396 1456 8474 1401 1445 8475 1396 1456 8476 1395 1446 8477 1395 1446 8478 1396 1456 8479 1390 1457 8480 1395 1446 8481 1390 1457 8482 1389 1447 8483 1389 1447 8484 1390 1457 8485 1384 1458 8486 1389 1447 8487 1384 1458 8488 1383 1190 8489 1383 1190 8490 1384 1458 8491 1378 1188 8492 1218 1448 8493 1219 1459 8494 1598 1449 8495 1598 1449 8496 1219 1459 8497 1603 1460 8498 1598 1449 8499 1603 1460 8500 1604 1450 8501 1604 1450 8502 1603 1460 8503 1609 1461 8504 1604 1450 8505 1609 1461 8506 1610 1451 8507 1610 1451 8508 1609 1461 8509 1615 1462 8510 1610 1451 8511 1615 1462 8512 1616 1452 8513 1616 1452 8514 1615 1462 8515 1621 1463 8516 1616 1452 8517 1621 1463 8518 1622 1453 8519 1622 1453 8520 1621 1463 8521 1628 1464 8522 1622 1453 8523 1628 1464 8524 1277 1454 8525 1277 1454 8526 1628 1464 8527 1278 1465 8528 1277 1454 8529 1278 1465 8530 1402 1455 8531 1402 1455 8532 1278 1465 8533 1397 1466 8534 1402 1455 8535 1397 1466 8536 1396 1456 8537 1396 1456 8538 1397 1466 8539 1391 1467 8540 1396 1456 8541 1391 1467 8542 1390 1457 8543 1390 1457 8544 1391 1467 8545 1385 1468 8546 1390 1457 8547 1385 1468 8548 1384 1458 8549 1384 1458 8550 1385 1468 8551 1379 1469 8552 1384 1458 8553 1379 1469 8554 1378 1188 8555 1378 1188 8556 1379 1469 8557 1373 1186 8558 1219 1459 8559 1220 1470 8560 1603 1460 8561 1603 1460 8562 1220 1470 8563 1608 1471 8564 1603 1460 8565 1608 1471 8566 1609 1461 8567 1609 1461 8568 1608 1471 8569 1614 1472 8570 1609 1461 8571 1614 1472 8572 1615 1462 8573 1615 1462 8574 1614 1472 8575 1620 1473 8576 1615 1462 8577 1620 1473 8578 1621 1463 8579 1621 1463 8580 1620 1473 8581 1629 1474 8582 1621 1463 8583 1629 1474 8584 1628 1464 8585 1628 1464 8586 1629 1474 8587 1627 1475 8588 1628 1464 8589 1627 1475 8590 1278 1465 8591 1278 1465 8592 1627 1475 8593 1279 1476 8594 1278 1465 8595 1279 1476 8596 1397 1466 8597 1397 1466 8598 1279 1476 8599 1392 1477 8600 1397 1466 8601 1392 1477 8602 1391 1467 8603 1391 1467 8604 1392 1477 8605 1386 1478 8606 1391 1467 8607 1386 1478 8608 1385 1468 8609 1385 1468 8610 1386 1478 8611 1380 1479 8612 1385 1468 8613 1380 1479 8614 1379 1469 8615 1379 1469 8616 1380 1479 8617 1374 1480 8618 1379 1469 8619 1374 1480 8620 1373 1186 8621 1373 1186 8622 1374 1480 8623 1368 1184 8624 1220 1470 8625 1221 1481 8626 1608 1471 8627 1608 1471 8628 1221 1481 8629 1613 1482 8630 1608 1471 8631 1613 1482 8632 1614 1472 8633 1614 1472 8634 1613 1482 8635 1619 1483 8636 1614 1472 8637 1619 1483 8638 1620 1473 8639 1620 1473 8640 1619 1483 8641 1630 1484 8642 1620 1473 8643 1630 1484 8644 1629 1474 8645 1629 1474 8646 1630 1484 8647 1626 1485 8648 1629 1474 8649 1626 1485 8650 1627 1475 8651 1627 1475 8652 1626 1485 8653 1637 1486 8654 1627 1475 8655 1637 1486 8656 1279 1476 8657 1279 1476 8658 1637 1486 8659 1280 1487 8660 1279 1476 8661 1280 1487 8662 1392 1477 8663 1392 1477 8664 1280 1487 8665 1387 1488 8666 1392 1477 8667 1387 1488 8668 1386 1478 8669 1386 1478 8670 1387 1488 8671 1381 1489 8672 1386 1478 8673 1381 1489 8674 1380 1479 8675 1380 1479 8676 1381 1489 8677 1375 1490 8678 1380 1479 8679 1375 1490 8680 1374 1480 8681 1374 1480 8682 1375 1490 8683 1369 1491 8684 1374 1480 8685 1369 1491 8686 1368 1184 8687 1368 1184 8688 1369 1491 8689 1363 1182 8690 1221 1481 8691 1222 1492 8692 1613 1482 8693 1613 1482 8694 1222 1492 8695 1618 1493 8696 1613 1482 8697 1618 1493 8698 1619 1483 8699 1619 1483 8700 1618 1493 8701 1631 1494 8702 1619 1483 8703 1631 1494 8704 1630 1484 8705 1630 1484 8706 1631 1494 8707 1625 1495 8708 1630 1484 8709 1625 1495 8710 1626 1485 8711 1626 1485 8712 1625 1495 8713 1636 1496 8714 1626 1485 8715 1636 1496 8716 1637 1486 8717 1637 1486 8718 1636 1496 8719 1642 1497 8720 1637 1486 8721 1642 1497 8722 1280 1487 8723 1280 1487 8724 1642 1497 8725 1281 1498 8726 1280 1487 8727 1281 1498 8728 1387 1488 8729 1387 1488 8730 1281 1498 8731 1382 1499 8732 1387 1488 8733 1382 1499 8734 1381 1489 8735 1381 1489 8736 1382 1499 8737 1376 1500 8738 1381 1489 8739 1376 1500 8740 1375 1490 8741 1375 1490 8742 1376 1500 8743 1370 1501 8744 1375 1490 8745 1370 1501 8746 1369 1491 8747 1369 1491 8748 1370 1501 8749 1364 1502 8750 1369 1491 8751 1364 1502 8752 1363 1182 8753 1363 1182 8754 1364 1502 8755 1358 1180 8756 1222 1492 8757 1223 1503 8758 1618 1493 8759 1618 1493 8760 1223 1503 8761 1632 1504 8762 1618 1493 8763 1632 1504 8764 1631 1494 8765 1631 1494 8766 1632 1504 8767 1624 1505 8768 1631 1494 8769 1624 1505 8770 1625 1495 8771 1625 1495 8772 1624 1505 8773 1635 1506 8774 1625 1495 8775 1635 1506 8776 1636 1496 8777 1636 1496 8778 1635 1506 8779 1641 1507 8780 1636 1496 8781 1641 1507 8782 1642 1497 8783 1642 1497 8784 1641 1507 8785 1647 1508 8786 1642 1497 8787 1647 1508 8788 1281 1498 8789 1281 1498 8790 1647 1508 8791 1282 1509 8792 1281 1498 8793 1282 1509 8794 1382 1499 8795 1382 1499 8796 1282 1509 8797 1377 1510 8798 1382 1499 8799 1377 1510 8800 1376 1500 8801 1376 1500 8802 1377 1510 8803 1371 1511 8804 1376 1500 8805 1371 1511 8806 1370 1501 8807 1370 1501 8808 1371 1511 8809 1365 1512 8810 1370 1501 8811 1365 1512 8812 1364 1502 8813 1364 1502 8814 1365 1512 8815 1359 1513 8816 1364 1502 8817 1359 1513 8818 1358 1180 8819 1358 1180 8820 1359 1513 8821 1353 1178 8822 1632 1504 8823 1223 1503 8824 1623 1514 8825 1623 1514 8826 1223 1503 8827 1224 1515 8828 1623 1514 8829 1224 1515 8830 1633 1516 8831 1633 1516 8832 1224 1515 8833 1225 1517 8834 1633 1516 8835 1225 1517 8836 1638 1518 8837 1638 1518 8838 1225 1517 8839 1226 1519 8840 1638 1518 8841 1226 1519 8842 1643 1520 8843 1643 1520 8844 1226 1519 8845 1227 1521 8846 1643 1520 8847 1227 1521 8848 1648 1522 8849 1648 1522 8850 1227 1521 8851 1228 1523 8852 1648 1522 8853 1228 1523 8854 1653 1524 8855 1653 1524 8856 1228 1523 8857 1229 1525 8858 1653 1524 8859 1229 1525 8860 1658 1526 8861 1658 1526 8862 1229 1525 8863 1230 1527 8864 1658 1526 8865 1230 1527 8866 1663 1528 8867 1663 1528 8868 1230 1527 8869 1231 1529 8870 1663 1528 8871 1231 1529 8872 1668 1530 8873 1668 1530 8874 1231 1529 8875 1232 1531 8876 1668 1530 8877 1232 1531 8878 1673 1532 8879 1673 1532 8880 1232 1531 8881 1233 1533 8882 1673 1532 8883 1233 1533 8884 1293 1534 8885 1293 1534 8886 1233 1533 8887 1234 1535 8888 1293 1534 8889 1234 1535 8890 1678 1536 8891 1678 1536 8892 1234 1535 8893 1235 1537 8894 1678 1536 8895 1235 1537 8896 1683 1538 8897 1683 1538 8898 1235 1537 8899 1236 1539 8900 1683 1538 8901 1236 1539 8902 1688 1540 8903 1688 1540 8904 1236 1539 8905 1237 1541 8906 1688 1540 8907 1237 1541 8908 1693 1542 8909 1693 1542 8910 1237 1541 8911 1238 1543 8912 1693 1542 8913 1238 1543 8914 1698 1544 8915 1698 1544 8916 1238 1543 8917 1239 1545 8918 1698 1544 8919 1239 1545 8920 1703 1546 8921 1703 1546 8922 1239 1545 8923 1240 1547 8924 1703 1546 8925 1240 1547 8926 1708 1548 8927 1708 1548 8928 1240 1547 8929 1241 1549 8930 1708 1548 8931 1241 1549 8932 1713 1550 8933 1713 1550 8934 1241 1549 8935 1242 1551 8936 1713 1550 8937 1242 1551 8938 1718 1552 8939 1718 1552 8940 1242 1551 8941 1243 1553 8942 1718 1552 8943 1243 1553 8944 1723 1554 8945 1723 1554 8946 1243 1553 8947 1202 1156 8948 1723 1554 8949 1202 1156 8950 1522 1154 8951 1244 1555 8952 1297 1556 8953 1245 1557 8954 1245 1557 8955 1297 1556 8956 1682 1558 8957 1245 1557 8958 1682 1558 8959 1246 1559 8960 1246 1559 8961 1682 1558 8962 1687 1560 8963 1246 1559 8964 1687 1560 8965 1247 1561 8966 1247 1561 8967 1687 1560 8968 1692 1562 8969 1247 1561 8970 1692 1562 8971 1248 1563 8972 1248 1563 8973 1692 1562 8974 1697 1564 8975 1248 1563 8976 1697 1564 8977 1249 1565 8978 1249 1565 8979 1697 1564 8980 1702 1566 8981 1249 1565 8982 1702 1566 8983 1250 1567 8984 1250 1567 8985 1702 1566 8986 1707 1568 8987 1250 1567 8988 1707 1568 8989 1251 1569 8990 1251 1569 8991 1707 1568 8992 1712 1570 8993 1251 1569 8994 1712 1570 8995 1252 1571 8996 1252 1571 8997 1712 1570 8998 1717 1572 8999 1252 1571 9000 1717 1572 9001 1253 1573 9002 1253 1573 9003 1717 1572 9004 1722 1574 9005 1253 1573 9006 1722 1574 9007 1254 1575 9008 1254 1575 9009 1722 1574 9010 1727 1576 9011 1254 1575 9012 1727 1576 9013 1255 1144 9014 1255 1144 9015 1727 1576 9016 1518 1146 9017 1244 1555 9018 1292 1577 9019 1287 1578 9020 1287 1578 9021 1292 1577 9022 1357 1579 9023 1287 1578 9024 1357 1579 9025 1286 1580 9026 1286 1580 9027 1357 1579 9028 1362 1581 9029 1286 1580 9030 1362 1581 9031 1285 1582 9032 1285 1582 9033 1362 1581 9034 1367 1583 9035 1285 1582 9036 1367 1583 9037 1284 1584 9038 1284 1584 9039 1367 1583 9040 1372 1585 9041 1284 1584 9042 1372 1585 9043 1283 1586 9044 1283 1586 9045 1372 1585 9046 1377 1510 9047 1283 1586 9048 1377 1510 9049 1282 1509 9050 1244 1555 9051 1245 1557 9052 1352 1587 9053 1352 1587 9054 1245 1557 9055 1347 1588 9056 1352 1587 9057 1347 1588 9058 1346 1589 9059 1346 1589 9060 1347 1588 9061 1341 1590 9062 1346 1589 9063 1341 1590 9064 1340 1591 9065 1340 1591 9066 1341 1590 9067 1335 1592 9068 1340 1591 9069 1335 1592 9070 1334 1593 9071 1334 1593 9072 1335 1592 9073 1329 1594 9074 1334 1593 9075 1329 1594 9076 1328 1166 9077 1328 1166 9078 1329 1594 9079 1323 1164 9080 1244 1555 9081 1287 1578 9082 1677 1595 9083 1677 1595 9084 1287 1578 9085 1672 1596 9086 1677 1595 9087 1672 1596 9088 1671 1597 9089 1671 1597 9090 1672 1596 9091 1666 1598 9092 1671 1597 9093 1666 1598 9094 1665 1599 9095 1665 1599 9096 1666 1598 9097 1660 1600 9098 1665 1599 9099 1660 1600 9100 1659 1601 9101 1659 1601 9102 1660 1600 9103 1654 1602 9104 1659 1601 9105 1654 1602 9106 1653 1524 9107 1653 1524 9108 1654 1602 9109 1648 1522 9110 1245 1557 9111 1246 1559 9112 1347 1588 9113 1347 1588 9114 1246 1559 9115 1342 1603 9116 1347 1588 9117 1342 1603 9118 1341 1590 9119 1341 1590 9120 1342 1603 9121 1336 1604 9122 1341 1590 9123 1336 1604 9124 1335 1592 9125 1335 1592 9126 1336 1604 9127 1330 1605 9128 1335 1592 9129 1330 1605 9130 1329 1594 9131 1329 1594 9132 1330 1605 9133 1324 1606 9134 1329 1594 9135 1324 1606 9136 1323 1164 9137 1323 1164 9138 1324 1606 9139 1318 1162 9140 1246 1559 9141 1247 1561 9142 1342 1603 9143 1342 1603 9144 1247 1561 9145 1337 1607 9146 1342 1603 9147 1337 1607 9148 1336 1604 9149 1336 1604 9150 1337 1607 9151 1331 1608 9152 1336 1604 9153 1331 1608 9154 1330 1605 9155 1330 1605 9156 1331 1608 9157 1325 1609 9158 1330 1605 9159 1325 1609 9160 1324 1606 9161 1324 1606 9162 1325 1609 9163 1319 1610 9164 1324 1606 9165 1319 1610 9166 1318 1162 9167 1318 1162 9168 1319 1610 9169 1313 1160 9170 1247 1561 9171 1248 1563 9172 1337 1607 9173 1337 1607 9174 1248 1563 9175 1332 1611 9176 1337 1607 9177 1332 1611 9178 1331 1608 9179 1331 1608 9180 1332 1611 9181 1326 1612 9182 1331 1608 9183 1326 1612 9184 1325 1609 9185 1325 1609 9186 1326 1612 9187 1320 1613 9188 1325 1609 9189 1320 1613 9190 1319 1610 9191 1319 1610 9192 1320 1613 9193 1314 1614 9194 1319 1610 9195 1314 1614 9196 1313 1160 9197 1313 1160 9198 1314 1614 9199 1308 1158 9200 1248 1563 9201 1249 1565 9202 1332 1611 9203 1332 1611 9204 1249 1565 9205 1327 1615 9206 1332 1611 9207 1327 1615 9208 1326 1612 9209 1326 1612 9210 1327 1615 9211 1321 1616 9212 1326 1612 9213 1321 1616 9214 1320 1613 9215 1320 1613 9216 1321 1616 9217 1315 1617 9218 1320 1613 9219 1315 1617 9220 1314 1614 9221 1314 1614 9222 1315 1617 9223 1309 1618 9224 1314 1614 9225 1309 1618 9226 1308 1158 9227 1308 1158 9228 1309 1618 9229 1298 1132 9230 1249 1565 9231 1250 1567 9232 1327 1615 9233 1327 1615 9234 1250 1567 9235 1322 1619 9236 1327 1615 9237 1322 1619 9238 1321 1616 9239 1321 1616 9240 1322 1619 9241 1316 1620 9242 1321 1616 9243 1316 1620 9244 1315 1617 9245 1315 1617 9246 1316 1620 9247 1310 1621 9248 1315 1617 9249 1310 1621 9250 1309 1618 9251 1309 1618 9252 1310 1621 9253 1299 1622 9254 1309 1618 9255 1299 1622 9256 1298 1132 9257 1298 1132 9258 1299 1622 9259 1307 1134 9260 1250 1567 9261 1251 1569 9262 1322 1619 9263 1322 1619 9264 1251 1569 9265 1317 1623 9266 1322 1619 9267 1317 1623 9268 1316 1620 9269 1316 1620 9270 1317 1623 9271 1311 1624 9272 1316 1620 9273 1311 1624 9274 1310 1621 9275 1310 1621 9276 1311 1624 9277 1300 1625 9278 1310 1621 9279 1300 1625 9280 1299 1622 9281 1299 1622 9282 1300 1625 9283 1306 1136 9284 1299 1622 9285 1306 1136 9286 1307 1134 9287 1251 1569 9288 1252 1571 9289 1317 1623 9290 1317 1623 9291 1252 1571 9292 1312 1626 9293 1317 1623 9294 1312 1626 9295 1311 1624 9296 1311 1624 9297 1312 1626 9298 1301 1627 9299 1311 1624 9300 1301 1627 9301 1300 1625 9302 1300 1625 9303 1301 1627 9304 1305 1138 9305 1300 1625 9306 1305 1138 9307 1306 1136 9308 1252 1571 9309 1253 1573 9310 1312 1626 9311 1312 1626 9312 1253 1573 9313 1302 1628 9314 1312 1626 9315 1302 1628 9316 1301 1627 9317 1301 1627 9318 1302 1628 9319 1304 1140 9320 1301 1627 9321 1304 1140 9322 1305 1138 9323 1253 1573 9324 1254 1575 9325 1302 1628 9326 1302 1628 9327 1254 1575 9328 1303 1142 9329 1302 1628 9330 1303 1142 9331 1304 1140 9332 1254 1575 9333 1255 1144 9334 1303 1142 9335 1283 1586 9336 1282 1509 9337 1652 1629 9338 1652 1629 9339 1282 1509 9340 1647 1508 9341 1652 1629 9342 1647 1508 9343 1646 1630 9344 1646 1630 9345 1647 1508 9346 1641 1507 9347 1646 1630 9348 1641 1507 9349 1640 1631 9350 1640 1631 9351 1641 1507 9352 1635 1506 9353 1640 1631 9354 1635 1506 9355 1634 1632 9356 1634 1632 9357 1635 1506 9358 1624 1505 9359 1634 1632 9360 1624 1505 9361 1623 1514 9362 1623 1514 9363 1624 1505 9364 1632 1504 9365 1284 1584 9366 1283 1586 9367 1657 1633 9368 1657 1633 9369 1283 1586 9370 1652 1629 9371 1657 1633 9372 1652 1629 9373 1651 1634 9374 1651 1634 9375 1652 1629 9376 1646 1630 9377 1651 1634 9378 1646 1630 9379 1645 1635 9380 1645 1635 9381 1646 1630 9382 1640 1631 9383 1645 1635 9384 1640 1631 9385 1639 1636 9386 1639 1636 9387 1640 1631 9388 1634 1632 9389 1639 1636 9390 1634 1632 9391 1633 1516 9392 1633 1516 9393 1634 1632 9394 1623 1514 9395 1285 1582 9396 1284 1584 9397 1662 1637 9398 1662 1637 9399 1284 1584 9400 1657 1633 9401 1662 1637 9402 1657 1633 9403 1656 1638 9404 1656 1638 9405 1657 1633 9406 1651 1634 9407 1656 1638 9408 1651 1634 9409 1650 1639 9410 1650 1639 9411 1651 1634 9412 1645 1635 9413 1650 1639 9414 1645 1635 9415 1644 1640 9416 1644 1640 9417 1645 1635 9418 1639 1636 9419 1644 1640 9420 1639 1636 9421 1638 1518 9422 1638 1518 9423 1639 1636 9424 1633 1516 9425 1672 1596 9426 1287 1578 9427 1286 1580 9428 1286 1580 9429 1285 1582 9430 1667 1641 9431 1667 1641 9432 1285 1582 9433 1662 1637 9434 1667 1641 9435 1662 1637 9436 1661 1642 9437 1661 1642 9438 1662 1637 9439 1656 1638 9440 1661 1642 9441 1656 1638 9442 1655 1643 9443 1655 1643 9444 1656 1638 9445 1650 1639 9446 1655 1643 9447 1650 1639 9448 1649 1644 9449 1649 1644 9450 1650 1639 9451 1644 1640 9452 1649 1644 9453 1644 1640 9454 1643 1520 9455 1643 1520 9456 1644 1640 9457 1638 1518 9458 1288 1176 9459 1289 1645 9460 1348 1174 9461 1348 1174 9462 1289 1645 9463 1349 1646 9464 1348 1174 9465 1349 1646 9466 1343 1172 9467 1343 1172 9468 1349 1646 9469 1344 1647 9470 1343 1172 9471 1344 1647 9472 1338 1170 9473 1338 1170 9474 1344 1647 9475 1339 1648 9476 1338 1170 9477 1339 1648 9478 1333 1168 9479 1333 1168 9480 1339 1648 9481 1334 1593 9482 1333 1168 9483 1334 1593 9484 1328 1166 9485 1289 1645 9486 1290 1649 9487 1349 1646 9488 1349 1646 9489 1290 1649 9490 1350 1650 9491 1349 1646 9492 1350 1650 9493 1344 1647 9494 1344 1647 9495 1350 1650 9496 1345 1651 9497 1344 1647 9498 1345 1651 9499 1339 1648 9500 1339 1648 9501 1345 1651 9502 1340 1591 9503 1339 1648 9504 1340 1591 9505 1334 1593 9506 1289 1645 9507 1288 1176 9508 1354 1652 9509 1354 1652 9510 1288 1176 9511 1353 1178 9512 1354 1652 9513 1353 1178 9514 1359 1513 9515 1290 1649 9516 1291 1653 9517 1350 1650 9518 1350 1650 9519 1291 1653 9520 1351 1654 9521 1350 1650 9522 1351 1654 9523 1345 1651 9524 1345 1651 9525 1351 1654 9526 1346 1589 9527 1345 1651 9528 1346 1589 9529 1340 1591 9530 1290 1649 9531 1289 1645 9532 1355 1655 9533 1355 1655 9534 1289 1645 9535 1354 1652 9536 1355 1655 9537 1354 1652 9538 1360 1656 9539 1360 1656 9540 1354 1652 9541 1359 1513 9542 1360 1656 9543 1359 1513 9544 1365 1512 9545 1291 1653 9546 1292 1577 9547 1351 1654 9548 1351 1654 9549 1292 1577 9550 1352 1587 9551 1351 1654 9552 1352 1587 9553 1346 1589 9554 1291 1653 9555 1290 1649 9556 1356 1657 9557 1356 1657 9558 1290 1649 9559 1355 1655 9560 1356 1657 9561 1355 1655 9562 1361 1658 9563 1361 1658 9564 1355 1655 9565 1360 1656 9566 1361 1658 9567 1360 1656 9568 1366 1659 9569 1366 1659 9570 1360 1656 9571 1365 1512 9572 1366 1659 9573 1365 1512 9574 1371 1511 9575 1292 1577 9576 1244 1555 9577 1352 1587 9578 1292 1577 9579 1291 1653 9580 1357 1579 9581 1357 1579 9582 1291 1653 9583 1356 1657 9584 1357 1579 9585 1356 1657 9586 1362 1581 9587 1362 1581 9588 1356 1657 9589 1361 1658 9590 1362 1581 9591 1361 1658 9592 1367 1583 9593 1367 1583 9594 1361 1658 9595 1366 1659 9596 1367 1583 9597 1366 1659 9598 1372 1585 9599 1372 1585 9600 1366 1659 9601 1371 1511 9602 1372 1585 9603 1371 1511 9604 1377 1510 9605 1293 1534 9606 1294 1660 9607 1673 1532 9608 1673 1532 9609 1294 1660 9610 1674 1661 9611 1673 1532 9612 1674 1661 9613 1668 1530 9614 1668 1530 9615 1674 1661 9616 1669 1662 9617 1668 1530 9618 1669 1662 9619 1663 1528 9620 1663 1528 9621 1669 1662 9622 1664 1663 9623 1663 1528 9624 1664 1663 9625 1658 1526 9626 1658 1526 9627 1664 1663 9628 1659 1601 9629 1658 1526 9630 1659 1601 9631 1653 1524 9632 1294 1660 9633 1295 1664 9634 1674 1661 9635 1674 1661 9636 1295 1664 9637 1675 1665 9638 1674 1661 9639 1675 1665 9640 1669 1662 9641 1669 1662 9642 1675 1665 9643 1670 1666 9644 1669 1662 9645 1670 1666 9646 1664 1663 9647 1664 1663 9648 1670 1666 9649 1665 1599 9650 1664 1663 9651 1665 1599 9652 1659 1601 9653 1294 1660 9654 1293 1534 9655 1679 1667 9656 1679 1667 9657 1293 1534 9658 1678 1536 9659 1679 1667 9660 1678 1536 9661 1684 1668 9662 1684 1668 9663 1678 1536 9664 1683 1538 9665 1684 1668 9666 1683 1538 9667 1689 1669 9668 1689 1669 9669 1683 1538 9670 1688 1540 9671 1689 1669 9672 1688 1540 9673 1694 1670 9674 1694 1670 9675 1688 1540 9676 1693 1542 9677 1694 1670 9678 1693 1542 9679 1699 1671 9680 1699 1671 9681 1693 1542 9682 1698 1544 9683 1699 1671 9684 1698 1544 9685 1704 1672 9686 1704 1672 9687 1698 1544 9688 1703 1546 9689 1704 1672 9690 1703 1546 9691 1709 1673 9692 1709 1673 9693 1703 1546 9694 1708 1548 9695 1709 1673 9696 1708 1548 9697 1714 1674 9698 1714 1674 9699 1708 1548 9700 1713 1550 9701 1714 1674 9702 1713 1550 9703 1719 1675 9704 1719 1675 9705 1713 1550 9706 1718 1552 9707 1719 1675 9708 1718 1552 9709 1724 1676 9710 1724 1676 9711 1718 1552 9712 1723 1554 9713 1724 1676 9714 1723 1554 9715 1521 1152 9716 1521 1152 9717 1723 1554 9718 1522 1154 9719 1295 1664 9720 1296 1677 9721 1675 1665 9722 1675 1665 9723 1296 1677 9724 1676 1678 9725 1675 1665 9726 1676 1678 9727 1670 1666 9728 1670 1666 9729 1676 1678 9730 1671 1597 9731 1670 1666 9732 1671 1597 9733 1665 1599 9734 1295 1664 9735 1294 1660 9736 1680 1679 9737 1680 1679 9738 1294 1660 9739 1679 1667 9740 1680 1679 9741 1679 1667 9742 1685 1680 9743 1685 1680 9744 1679 1667 9745 1684 1668 9746 1685 1680 9747 1684 1668 9748 1690 1681 9749 1690 1681 9750 1684 1668 9751 1689 1669 9752 1690 1681 9753 1689 1669 9754 1695 1682 9755 1695 1682 9756 1689 1669 9757 1694 1670 9758 1695 1682 9759 1694 1670 9760 1700 1683 9761 1700 1683 9762 1694 1670 9763 1699 1671 9764 1700 1683 9765 1699 1671 9766 1705 1684 9767 1705 1684 9768 1699 1671 9769 1704 1672 9770 1705 1684 9771 1704 1672 9772 1710 1685 9773 1710 1685 9774 1704 1672 9775 1709 1673 9776 1710 1685 9777 1709 1673 9778 1715 1686 9779 1715 1686 9780 1709 1673 9781 1714 1674 9782 1715 1686 9783 1714 1674 9784 1720 1687 9785 1720 1687 9786 1714 1674 9787 1719 1675 9788 1720 1687 9789 1719 1675 9790 1725 1688 9791 1725 1688 9792 1719 1675 9793 1724 1676 9794 1725 1688 9795 1724 1676 9796 1520 1150 9797 1520 1150 9798 1724 1676 9799 1521 1152 9800 1296 1677 9801 1297 1556 9802 1676 1678 9803 1676 1678 9804 1297 1556 9805 1677 1595 9806 1676 1678 9807 1677 1595 9808 1671 1597 9809 1296 1677 9810 1295 1664 9811 1681 1689 9812 1681 1689 9813 1295 1664 9814 1680 1679 9815 1681 1689 9816 1680 1679 9817 1686 1690 9818 1686 1690 9819 1680 1679 9820 1685 1680 9821 1686 1690 9822 1685 1680 9823 1691 1691 9824 1691 1691 9825 1685 1680 9826 1690 1681 9827 1691 1691 9828 1690 1681 9829 1696 1692 9830 1696 1692 9831 1690 1681 9832 1695 1682 9833 1696 1692 9834 1695 1682 9835 1701 1693 9836 1701 1693 9837 1695 1682 9838 1700 1683 9839 1701 1693 9840 1700 1683 9841 1706 1694 9842 1706 1694 9843 1700 1683 9844 1705 1684 9845 1706 1694 9846 1705 1684 9847 1711 1695 9848 1711 1695 9849 1705 1684 9850 1710 1685 9851 1711 1695 9852 1710 1685 9853 1716 1696 9854 1716 1696 9855 1710 1685 9856 1715 1686 9857 1716 1696 9858 1715 1686 9859 1721 1697 9860 1721 1697 9861 1715 1686 9862 1720 1687 9863 1721 1697 9864 1720 1687 9865 1726 1698 9866 1726 1698 9867 1720 1687 9868 1725 1688 9869 1726 1698 9870 1725 1688 9871 1519 1148 9872 1519 1148 9873 1725 1688 9874 1520 1150 9875 1297 1556 9876 1244 1555 9877 1677 1595 9878 1297 1556 9879 1296 1677 9880 1682 1558 9881 1682 1558 9882 1296 1677 9883 1681 1689 9884 1682 1558 9885 1681 1689 9886 1687 1560 9887 1687 1560 9888 1681 1689 9889 1686 1690 9890 1687 1560 9891 1686 1690 9892 1692 1562 9893 1692 1562 9894 1686 1690 9895 1691 1691 9896 1692 1562 9897 1691 1691 9898 1697 1564 9899 1697 1564 9900 1691 1691 9901 1696 1692 9902 1697 1564 9903 1696 1692 9904 1702 1566 9905 1702 1566 9906 1696 1692 9907 1701 1693 9908 1702 1566 9909 1701 1693 9910 1707 1568 9911 1707 1568 9912 1701 1693 9913 1706 1694 9914 1707 1568 9915 1706 1694 9916 1712 1570 9917 1712 1570 9918 1706 1694 9919 1711 1695 9920 1712 1570 9921 1711 1695 9922 1717 1572 9923 1717 1572 9924 1711 1695 9925 1716 1696 9926 1717 1572 9927 1716 1696 9928 1722 1574 9929 1722 1574 9930 1716 1696 9931 1721 1697 9932 1722 1574 9933 1721 1697 9934 1727 1576 9935 1727 1576 9936 1721 1697 9937 1726 1698 9938 1727 1576 9939 1726 1698 9940 1518 1146 9941 1518 1146 9942 1726 1698 9943 1519 1148 9944 1672 1596 9945 1286 1580 9946 1667 1641 9947 1643 1520 9948 1648 1522 9949 1649 1644 9950 1649 1644 9951 1648 1522 9952 1654 1602 9953 1649 1644 9954 1654 1602 9955 1655 1643 9956 1655 1643 9957 1654 1602 9958 1660 1600 9959 1655 1643 9960 1660 1600 9961 1661 1642 9962 1661 1642 9963 1660 1600 9964 1666 1598 9965 1661 1642 9966 1666 1598 9967 1667 1641 9968 1667 1641 9969 1666 1598 9970 1672 1596 9971 1243 1699 9972 1769 1700 9973 1202 1701 9974 1202 1701 9975 1769 1700 9976 1728 1702 9977 1202 1701 9978 1728 1702 9979 1203 1703 9980 1203 1703 9981 1728 1702 9982 1729 1704 9983 1203 1703 9984 1729 1704 9985 1204 1705 9986 1204 1705 9987 1729 1704 9988 1730 1706 9989 1204 1705 9990 1730 1706 9991 1205 1707 9992 1205 1707 9993 1730 1706 9994 1731 1708 9995 1205 1707 9996 1731 1708 9997 1206 1709 9998 1206 1709 9999 1731 1708 10000 1732 1710 10001 1206 1709 10002 1732 1710 10003 1207 1711 10004 1207 1711 10005 1732 1710 10006 1733 1712 10007 1207 1711 10008 1733 1712 10009 1208 1713 10010 1208 1713 10011 1733 1712 10012 1734 1714 10013 1208 1713 10014 1734 1714 10015 1209 1715 10016 1209 1715 10017 1734 1714 10018 1735 1716 10019 1209 1715 10020 1735 1716 10021 1210 1717 10022 1210 1717 10023 1735 1716 10024 1736 1718 10025 1210 1717 10026 1736 1718 10027 1211 1719 10028 1211 1719 10029 1736 1718 10030 1737 1720 10031 1211 1719 10032 1737 1720 10033 1212 1721 10034 1212 1721 10035 1737 1720 10036 1738 1722 10037 1212 1721 10038 1738 1722 10039 1213 1723 10040 1213 1723 10041 1738 1722 10042 1739 1724 10043 1213 1723 10044 1739 1724 10045 1214 1725 10046 1214 1725 10047 1739 1724 10048 1740 1726 10049 1214 1725 10050 1740 1726 10051 1215 1727 10052 1215 1727 10053 1740 1726 10054 1741 1728 10055 1215 1727 10056 1741 1728 10057 1216 1062 10058 1216 1062 10059 1741 1728 10060 1742 1729 10061 1216 1062 10062 1742 1729 10063 1217 1730 10064 1217 1730 10065 1742 1729 10066 1743 1731 10067 1217 1730 10068 1743 1731 10069 1218 1732 10070 1218 1732 10071 1743 1731 10072 1744 1733 10073 1218 1732 10074 1744 1733 10075 1219 1734 10076 1219 1734 10077 1744 1733 10078 1745 1735 10079 1219 1734 10080 1745 1735 10081 1220 1736 10082 1220 1736 10083 1745 1735 10084 1746 1737 10085 1220 1736 10086 1746 1737 10087 1221 1738 10088 1221 1738 10089 1746 1737 10090 1747 1739 10091 1221 1738 10092 1747 1739 10093 1222 1740 10094 1222 1740 10095 1747 1739 10096 1748 1741 10097 1222 1740 10098 1748 1741 10099 1223 1742 10100 1223 1742 10101 1748 1741 10102 1749 1743 10103 1223 1742 10104 1749 1743 10105 1224 1744 10106 1224 1744 10107 1749 1743 10108 1750 1745 10109 1224 1744 10110 1750 1745 10111 1225 1746 10112 1225 1746 10113 1750 1745 10114 1751 1747 10115 1225 1746 10116 1751 1747 10117 1226 1748 10118 1226 1748 10119 1751 1747 10120 1752 1749 10121 1226 1748 10122 1752 1749 10123 1227 1750 10124 1227 1750 10125 1752 1749 10126 1753 1751 10127 1227 1750 10128 1753 1751 10129 1228 1752 10130 1228 1752 10131 1753 1751 10132 1754 1753 10133 1228 1752 10134 1754 1753 10135 1229 1754 10136 1229 1754 10137 1754 1753 10138 1755 1755 10139 1229 1754 10140 1755 1755 10141 1230 1756 10142 1230 1756 10143 1755 1755 10144 1756 1757 10145 1230 1756 10146 1756 1757 10147 1231 1758 10148 1231 1758 10149 1756 1757 10150 1757 1759 10151 1231 1758 10152 1757 1759 10153 1232 1760 10154 1232 1760 10155 1757 1759 10156 1758 1761 10157 1232 1760 10158 1758 1761 10159 1233 1762 10160 1233 1762 10161 1758 1761 10162 1759 1763 10163 1233 1762 10164 1759 1763 10165 1234 1764 10166 1234 1764 10167 1759 1763 10168 1760 1765 10169 1234 1764 10170 1760 1765 10171 1235 1766 10172 1235 1766 10173 1760 1765 10174 1761 1767 10175 1235 1766 10176 1761 1767 10177 1236 1768 10178 1236 1768 10179 1761 1767 10180 1762 1769 10181 1236 1768 10182 1762 1769 10183 1237 1038 10184 1237 1038 10185 1762 1769 10186 1763 1770 10187 1237 1038 10188 1763 1770 10189 1238 1771 10190 1238 1771 10191 1763 1770 10192 1764 1772 10193 1238 1771 10194 1764 1772 10195 1239 1773 10196 1239 1773 10197 1764 1772 10198 1765 1774 10199 1239 1773 10200 1765 1774 10201 1240 1775 10202 1240 1775 10203 1765 1774 10204 1766 1776 10205 1240 1775 10206 1766 1776 10207 1241 1777 10208 1241 1777 10209 1766 1776 10210 1767 1778 10211 1241 1777 10212 1767 1778 10213 1242 1779 10214 1242 1779 10215 1767 1778 10216 1768 1780 10217 1242 1779 10218 1768 1780 10219 1243 1699 10220 1243 1699 10221 1768 1780 10222 1769 1700 10223 1729 1781 10224 1728 1782 10225 1742 1783 10226 1742 1783 10227 1728 1782 10228 1769 1784 10229 1742 1783 10230 1769 1784 10231 1768 1785 10232 1768 1785 10233 1767 1786 10234 1742 1783 10235 1742 1783 10236 1767 1786 10237 1766 1787 10238 1742 1783 10239 1766 1787 10240 1765 1788 10241 1765 1788 10242 1764 1789 10243 1742 1783 10244 1742 1783 10245 1764 1789 10246 1763 1790 10247 1742 1783 10248 1763 1790 10249 1762 1791 10250 1762 1791 10251 1761 1792 10252 1742 1783 10253 1742 1783 10254 1761 1792 10255 1760 1793 10256 1742 1783 10257 1760 1793 10258 1759 1788 10259 1759 1788 10260 1758 1788 10261 1742 1783 10262 1742 1783 10263 1758 1788 10264 1757 1794 10265 1742 1783 10266 1757 1794 10267 1756 1795 10268 1742 1783 10269 1756 1795 10270 1743 1796 10271 1743 1796 10272 1756 1795 10273 1755 1797 10274 1743 1796 10275 1755 1797 10276 1744 1798 10277 1744 1798 10278 1755 1797 10279 1754 1799 10280 1744 1798 10281 1754 1799 10282 1745 1788 10283 1745 1788 10284 1754 1799 10285 1753 1800 10286 1745 1788 10287 1753 1800 10288 1746 1801 10289 1746 1801 10290 1753 1800 10291 1752 1802 10292 1746 1801 10293 1752 1802 10294 1747 1788 10295 1747 1788 10296 1752 1802 10297 1751 1788 10298 1747 1788 10299 1751 1788 10300 1748 1788 10301 1748 1788 10302 1751 1788 10303 1750 1788 10304 1748 1788 10305 1750 1788 10306 1749 1788 10307 1741 1788 10308 1733 1788 10309 1742 1783 10310 1742 1783 10311 1733 1788 10312 1732 1788 10313 1742 1783 10314 1732 1788 10315 1731 1788 10316 1740 1788 10317 1736 1788 10318 1741 1788 10319 1741 1788 10320 1736 1788 10321 1735 1788 10322 1741 1788 10323 1735 1788 10324 1734 1788 10325 1736 1788 10326 1740 1788 10327 1737 1788 10328 1737 1788 10329 1740 1788 10330 1739 1788 10331 1737 1788 10332 1739 1788 10333 1738 1788 10334 1734 1788 10335 1733 1788 10336 1741 1788 10337 1731 1788 10338 1730 1803 10339 1742 1783 10340 1742 1783 10341 1730 1803 10342 1729 1781 10343 1087 1804 10344 1160 1805 10345 1030 1806 10346 1030 1806 10347 1160 1805 10348 1201 1807 10349 1030 1806 10350 1201 1807 10351 1031 1808 10352 1031 1808 10353 1201 1807 10354 1200 1809 10355 1031 1808 10356 1200 1809 10357 1032 1810 10358 1032 1810 10359 1200 1809 10360 1199 1811 10361 1032 1810 10362 1199 1811 10363 1033 1812 10364 1033 1812 10365 1199 1811 10366 1198 1813 10367 1033 1812 10368 1198 1813 10369 1034 1814 10370 1034 1814 10371 1198 1813 10372 1197 1815 10373 1034 1814 10374 1197 1815 10375 1035 1816 10376 1035 1816 10377 1197 1815 10378 1196 1817 10379 1035 1816 10380 1196 1817 10381 1036 1818 10382 1036 1818 10383 1196 1817 10384 1195 1819 10385 1036 1818 10386 1195 1819 10387 1037 1820 10388 1037 1820 10389 1195 1819 10390 1194 1821 10391 1037 1820 10392 1194 1821 10393 1038 1822 10394 1038 1822 10395 1194 1821 10396 1193 1823 10397 1038 1822 10398 1193 1823 10399 1039 1824 10400 1039 1824 10401 1193 1823 10402 1192 1825 10403 1039 1824 10404 1192 1825 10405 1040 1826 10406 1040 1826 10407 1192 1825 10408 1191 1827 10409 1040 1826 10410 1191 1827 10411 1041 1828 10412 1041 1828 10413 1191 1827 10414 1190 1829 10415 1041 1828 10416 1190 1829 10417 1042 1830 10418 1042 1830 10419 1190 1829 10420 1189 1831 10421 1042 1830 10422 1189 1831 10423 1043 1832 10424 1043 1832 10425 1189 1831 10426 1188 1833 10427 1043 1832 10428 1188 1833 10429 1044 1834 10430 1044 1834 10431 1188 1833 10432 1187 1835 10433 1044 1834 10434 1187 1835 10435 1045 1836 10436 1045 1836 10437 1187 1835 10438 1186 1837 10439 1045 1836 10440 1186 1837 10441 1046 1838 10442 1046 1838 10443 1186 1837 10444 1185 1839 10445 1046 1838 10446 1185 1839 10447 1047 1840 10448 1047 1840 10449 1185 1839 10450 1184 1841 10451 1047 1840 10452 1184 1841 10453 1048 1842 10454 1048 1842 10455 1184 1841 10456 1183 1843 10457 1048 1842 10458 1183 1843 10459 1049 1844 10460 1049 1844 10461 1183 1843 10462 1182 1845 10463 1049 1844 10464 1182 1845 10465 1009 1846 10466 1009 1846 10467 1182 1845 10468 1181 1847 10469 1009 1846 10470 1181 1847 10471 1018 1848 10472 1018 1848 10473 1181 1847 10474 1019 1849 10475 1019 1849 10476 1181 1847 10477 1012 1850 10478 1012 1850 10479 1181 1847 10480 1180 1851 10481 1012 1850 10482 1180 1851 10483 1050 1852 10484 1050 1852 10485 1180 1851 10486 1179 1853 10487 1050 1852 10488 1179 1853 10489 1051 1854 10490 1051 1854 10491 1179 1853 10492 1178 1855 10493 1051 1854 10494 1178 1855 10495 1052 1856 10496 1052 1856 10497 1178 1855 10498 1177 1857 10499 1052 1856 10500 1177 1857 10501 1053 1858 10502 1053 1858 10503 1177 1857 10504 1176 1859 10505 1053 1858 10506 1176 1859 10507 1054 1860 10508 1054 1860 10509 1176 1859 10510 1175 1861 10511 1054 1860 10512 1175 1861 10513 1055 1862 10514 1055 1862 10515 1175 1861 10516 1174 1863 10517 1055 1862 10518 1174 1863 10519 1056 1864 10520 1056 1864 10521 1174 1863 10522 1173 1865 10523 1056 1864 10524 1173 1865 10525 1057 1866 10526 1057 1866 10527 1173 1865 10528 1172 1867 10529 1057 1866 10530 1172 1867 10531 1058 1868 10532 1058 1868 10533 1172 1867 10534 1171 1869 10535 1058 1868 10536 1171 1869 10537 1059 1870 10538 1059 1870 10539 1171 1869 10540 1170 1871 10541 1059 1870 10542 1170 1871 10543 1060 1872 10544 1060 1872 10545 1170 1871 10546 1169 1873 10547 1060 1872 10548 1169 1873 10549 1061 1874 10550 1061 1874 10551 1169 1873 10552 1168 1875 10553 1061 1874 10554 1168 1875 10555 1062 1876 10556 1062 1876 10557 1168 1875 10558 1167 1877 10559 1062 1876 10560 1167 1877 10561 1063 1878 10562 1063 1878 10563 1167 1877 10564 1166 1879 10565 1063 1878 10566 1166 1879 10567 1064 1880 10568 1064 1880 10569 1166 1879 10570 1165 1881 10571 1064 1880 10572 1165 1881 10573 1065 1882 10574 1065 1882 10575 1165 1881 10576 1164 1883 10577 1065 1882 10578 1164 1883 10579 1066 1884 10580 1066 1884 10581 1164 1883 10582 1163 1885 10583 1066 1884 10584 1163 1885 10585 1067 1886 10586 1067 1886 10587 1163 1885 10588 1162 1887 10589 1067 1886 10590 1162 1887 10591 1068 1888 10592 1068 1888 10593 1162 1887 10594 1161 1889 10595 1068 1888 10596 1161 1889 10597 1069 1890 10598 1069 1890 10599 1161 1889 10600 1160 1805 10601 1069 1890 10602 1160 1805 10603 1086 1891 10604 1086 1891 10605 1160 1805 10606 1087 1804 10607</p>
        </triangles>
        <triangles material="パウダー_コート_青_-material" count="8">
          <input semantic="VERTEX" source="#whee_003-mesh-vertices" offset="0"/>
          <input semantic="NORMAL" source="#whee_003-mesh-normals" offset="1"/>
          <input semantic="TEXCOORD" source="#whee_003-mesh-map-0" offset="2" set="0"/>
          <p>1015 1011 6066 1016 1012 6067 1010 1013 6068 1010 1013 6069 1016 1012 6070 1017 1014 6071 1010 1013 6072 1017 1014 6073 1011 1011 6074 1015 1011 6075 1014 1011 6076 1016 1012 6077 1083 1011 6282 1084 1016 6283 1080 1017 6284 1080 1017 6285 1084 1016 6286 1085 1018 6287 1080 1017 6288 1085 1018 6289 1081 1011 6290 1081 1011 6291 1085 1018 6292 1082 1011 6293</p>
        </triangles>
        <triangles material="パウダー_コート_白_-material" count="60">
          <input semantic="VERTEX" source="#whee_003-mesh-vertices" offset="0"/>
          <input semantic="NORMAL" source="#whee_003-mesh-normals" offset="1"/>
          <input semantic="TEXCOORD" source="#whee_003-mesh-map-0" offset="2" set="0"/>
          <p>1009 1011 6084 1008 1011 6085 1049 1011 6086 1049 1011 6087 1008 1011 6088 1020 1011 6089 1049 1011 6090 1020 1011 6091 1021 1011 6092 1049 1011 6093 1021 1011 6094 1048 1011 6095 1048 1011 6096 1021 1011 6097 1022 1011 6098 1048 1011 6099 1022 1011 6100 1047 1011 6101 1047 1011 6102 1022 1011 6103 1023 1011 6104 1047 1011 6105 1023 1011 6106 1046 1011 6107 1046 1011 6108 1023 1011 6109 1024 1011 6110 1046 1011 6111 1024 1011 6112 1045 1011 6113 1045 1011 6114 1024 1011 6115 1044 1011 6116 1044 1011 6117 1024 1011 6118 1036 1011 6119 1044 1011 6120 1036 1011 6121 1043 1011 6122 1043 1011 6123 1036 1011 6124 1037 1011 6125 1043 1011 6126 1037 1011 6127 1042 1011 6128 1042 1011 6129 1037 1011 6130 1038 1011 6131 1042 1011 6132 1038 1011 6133 1041 1011 6134 1041 1011 6135 1038 1011 6136 1039 1011 6137 1041 1011 6138 1039 1011 6139 1040 1011 6140 1025 1011 6141 1034 1011 6142 1024 1011 6143 1024 1011 6144 1034 1011 6145 1035 1011 6146 1024 1011 6147 1035 1011 6148 1036 1011 6149 1034 1011 6150 1025 1011 6151 1033 1011 6152 1033 1011 6153 1025 1011 6154 1026 1011 6155 1033 1011 6156 1026 1011 6157 1032 1011 6158 1032 1011 6159 1026 1011 6160 1027 1011 6161 1032 1011 6162 1027 1011 6163 1031 1011 6164 1031 1011 6165 1027 1011 6166 1028 1011 6167 1031 1011 6168 1028 1011 6169 1029 1011 6170 1029 1011 6171 1030 1011 6172 1031 1011 6173 1012 1011 6174 1050 1011 6175 1013 1011 6176 1013 1011 6177 1050 1011 6178 1079 1011 6179 1079 1011 6180 1050 1011 6181 1078 1011 6182 1078 1011 6183 1050 1011 6184 1051 1011 6185 1078 1011 6186 1051 1011 6187 1077 1011 6188 1077 1011 6189 1051 1011 6190 1052 1011 6191 1077 1011 6192 1052 1011 6193 1076 1011 6194 1076 1011 6195 1052 1011 6196 1053 1011 6197 1076 1011 6198 1053 1011 6199 1075 1011 6200 1075 1011 6201 1053 1011 6202 1054 1011 6203 1075 1011 6204 1054 1011 6205 1055 1011 6206 1075 1011 6207 1055 1011 6208 1063 1011 6209 1063 1011 6210 1055 1011 6211 1056 1011 6212 1063 1011 6213 1056 1011 6214 1062 1011 6215 1062 1011 6216 1056 1011 6217 1057 1011 6218 1062 1011 6219 1057 1011 6220 1061 1011 6221 1061 1011 6222 1057 1011 6223 1058 1011 6224 1061 1011 6225 1058 1011 6226 1060 1011 6227 1060 1011 6228 1058 1011 6229 1059 1011 6230 1063 1011 6231 1064 1011 6232 1075 1011 6233 1075 1011 6234 1064 1011 6235 1065 1011 6236 1075 1011 6237 1065 1011 6238 1074 1011 6239 1074 1011 6240 1065 1011 6241 1066 1011 6242 1074 1011 6243 1066 1011 6244 1073 1011 6245 1073 1011 6246 1066 1011 6247 1067 1011 6248 1073 1011 6249 1067 1011 6250 1072 1011 6251 1072 1011 6252 1067 1011 6253 1068 1011 6254 1072 1011 6255 1068 1011 6256 1071 1011 6257 1071 1011 6258 1068 1011 6259 1070 1011 6260 1070 1011 6261 1068 1011 6262 1069 1011 6263</p>
        </triangles>
        <triangles material="大理石_白__002-material" count="48">
          <input semantic="VERTEX" source="#whee_003-mesh-vertices" offset="0"/>
          <input semantic="NORMAL" source="#whee_003-mesh-normals" offset="1"/>
          <input semantic="TEXCOORD" source="#whee_003-mesh-map-0" offset="2" set="0"/>
          <p>1113 1011 6672 1112 1011 6673 1136 1011 6674 1136 1011 6675 1112 1011 6676 1135 1011 6677 1136 1011 6678 1135 1011 6679 1137 1011 6680 1137 1011 6681 1135 1011 6682 1134 1011 6683 1137 1011 6684 1134 1011 6685 1138 1011 6686 1138 1011 6687 1134 1011 6688 1133 1119 6689 1138 1011 6690 1133 1119 6691 1139 1120 6692 1139 1120 6693 1133 1119 6694 1132 1121 6695 1139 1120 6696 1132 1121 6697 1140 1011 6698 1140 1011 6699 1132 1121 6700 1131 1011 6701 1140 1011 6702 1131 1011 6703 1141 1011 6704 1141 1011 6705 1131 1011 6706 1130 1011 6707 1141 1011 6708 1130 1011 6709 1142 1011 6710 1142 1011 6711 1130 1011 6712 1143 1011 6713 1143 1011 6714 1130 1011 6715 1129 1011 6716 1143 1011 6717 1129 1011 6718 1144 1011 6719 1144 1011 6720 1129 1011 6721 1128 1122 6722 1144 1011 6723 1128 1122 6724 1145 1123 6725 1145 1123 6726 1128 1122 6727 1127 1124 6728 1145 1123 6729 1127 1124 6730 1146 1125 6731 1146 1125 6732 1127 1124 6733 1126 1011 6734 1146 1125 6735 1126 1011 6736 1147 1011 6737 1147 1011 6738 1126 1011 6739 1125 1011 6740 1147 1011 6741 1125 1011 6742 1148 1011 6743 1148 1011 6744 1125 1011 6745 1124 1011 6746 1148 1011 6747 1124 1011 6748 1149 1011 6749 1149 1011 6750 1124 1011 6751 1123 1011 6752 1149 1011 6753 1123 1011 6754 1122 1011 6755 1149 1011 6756 1122 1011 6757 1150 1011 6758 1150 1011 6759 1122 1011 6760 1121 1126 6761 1150 1011 6762 1121 1126 6763 1151 1127 6764 1151 1127 6765 1121 1126 6766 1120 1122 6767 1151 1127 6768 1120 1122 6769 1152 1011 6770 1152 1011 6771 1120 1122 6772 1119 1011 6773 1152 1011 6774 1119 1011 6775 1153 1011 6776 1153 1011 6777 1119 1011 6778 1118 1011 6779 1153 1011 6780 1118 1011 6781 1154 1011 6782 1154 1011 6783 1118 1011 6784 1155 1011 6785 1155 1011 6786 1118 1011 6787 1117 1011 6788 1155 1011 6789 1117 1011 6790 1156 1011 6791 1156 1011 6792 1117 1011 6793 1116 1121 6794 1156 1011 6795 1116 1121 6796 1157 1128 6797 1157 1128 6798 1116 1121 6799 1115 1129 6800 1157 1128 6801 1115 1129 6802 1158 1130 6803 1158 1130 6804 1115 1129 6805 1114 1011 6806 1158 1130 6807 1114 1011 6808 1159 1011 6809 1159 1011 6810 1114 1011 6811 1113 1011 6812 1159 1011 6813 1113 1011 6814 1136 1011 6815</p>
        </triangles>
      </mesh>
    </geometry>
  </library_geometries>
  <library_visual_scenes>
    <visual_scene id="Scene" name="Scene">
      <node id="whee" name="whee" type="NODE">
        <matrix sid="transform">1 0 0 0 0 7.54979e-8 -1 0 0 1 7.54979e-8 0 0 0 0 1</matrix>
        <instance_geometry url="#whee_003-mesh" name="whee">
          <bind_material>
            <technique_common>
              <instance_material symbol="パウダー_コート_黄__002-material" target="#パウダー_コート_黄__002-material">
                <bind_vertex_input semantic="UVMap" input_semantic="TEXCOORD" input_set="0"/>
              </instance_material>
              <instance_material symbol="鋼_-_サテン_002-material" target="#鋼_-_サテン_002-material">
                <bind_vertex_input semantic="UVMap" input_semantic="TEXCOORD" input_set="0"/>
              </instance_material>
              <instance_material symbol="パウダー_コート_青_-material" target="#パウダー_コート_青_-material">
                <bind_vertex_input semantic="UVMap" input_semantic="TEXCOORD" input_set="0"/>
              </instance_material>
              <instance_material symbol="パウダー_コート_白_-material" target="#パウダー_コート_白_-material">
                <bind_vertex_input semantic="UVMap" input_semantic="TEXCOORD" input_set="0"/>
              </instance_material>
              <instance_material symbol="大理石_白__002-material" target="#大理石_白__002-material">
                <bind_vertex_input semantic="UVMap" input_semantic="TEXCOORD" input_set="0"/>
              </instance_material>
            </technique_common>
          </bind_material>
        </instance_geometry>
      </node>
      <node id="Camera" name="Camera" type="NODE">
        <matrix sid="transform">0.6859207 -0.3240135 0.6515582 7.358891 0.7276763 0.3054208 -0.6141704 -6.925791 0 0.8953956 0.4452714 4.958309 0 0 0 1</matrix>
        <instance_camera url="#Camera-camera"/>
      </node>
    </visual_scene>
  </library_visual_scenes>
  <scene>
    <instance_visual_scene url="#Scene"/>
  </scene>
</COLLADA>