<?xml version="1.0" encoding="utf-8"?>
<COLLADA xmlns="http://www.collada.org/2005/11/COLLADASchema" version="1.4.1" xmlns:xsi="http://www.w3.org/2001/XMLSchema-instance">
  <asset>
    <contributor>
      <author>Blender User</author>
      <authoring_tool>Blender 4.5.4 LTS commit date:2025-10-27, commit time:12:46, hash:b3efe983cc58</authoring_tool>
    </contributor>
    <created>2025-11-25T16:02:26</created>
    <modified>2025-11-25T16:02:26</modified>
    <unit name="meter" meter="1"/>
    <up_axis>Z_UP</up_axis>
  </asset>
  <library_effects>
    <effect id="Powder_Coat__Blue_-effect">
      <profile_COMMON>
        <technique sid="common">
          <lambert>
            <emission>
              <color sid="emission">0 0 0 1</color>
            </emission>
            <diffuse>
              <color sid="diffuse">0.1882353 0.2313726 0.5882353 1</color>
            </diffuse>
            <reflectivity>
              <float sid="specular">1</float>
            </reflectivity>
            <index_of_refraction>
              <float sid="ior">1.5</float>
            </index_of_refraction>
          </lambert>
        </technique>
      </profile_COMMON>
    </effect>
    <effect id="Powder_Coat__White_-effect">
      <profile_COMMON>
        <technique sid="common">
          <lambert>
            <emission>
              <color sid="emission">0 0 0 1</color>
            </emission>
            <diffuse>
              <color sid="diffuse">0.9647059 0.9647059 0.9529412 1</color>
            </diffuse>
            <reflectivity>
              <float sid="specular">1</float>
            </reflectivity>
            <index_of_refraction>
              <float sid="ior">1.5</float>
            </index_of_refraction>
          </lambert>
        </technique>
      </profile_COMMON>
    </effect>
    <effect id="Marble__White_-effect">
      <profile_COMMON>
        <technique sid="common">
          <lambert>
            <emission>
              <color sid="emission">0 0 0 1</color>
            </emission>
            <diffuse>
              <color sid="diffuse">0 0 0 1</color>
            </diffuse>
            <reflectivity>
              <float sid="specular">1</float>
            </reflectivity>
            <index_of_refraction>
              <float sid="ior">1.5</float>
            </index_of_refraction>
          </lambert>
        </technique>
      </profile_COMMON>
    </effect>
    <effect id="Steel_-_Satin-effect">
      <profile_COMMON>
        <technique sid="common">
          <lambert>
            <emission>
              <color sid="emission">0 0 0 1</color>
            </emission>
            <diffuse>
              <color sid="diffuse">0.627451 0.627451 0.627451 1</color>
            </diffuse>
            <reflectivity>
              <float sid="specular">1</float>
            </reflectivity>
            <index_of_refraction>
              <float sid="ior">1.5</float>
            </index_of_refraction>
          </lambert>
        </technique>
      </profile_COMMON>
    </effect>
    <effect id="Powder_Coat__Yellow_-effect">
      <profile_COMMON>
        <technique sid="common">
          <lambert>
            <emission>
              <color sid="emission">0 0 0 1</color>
            </emission>
            <diffuse>
              <color sid="diffuse">0.9098039 0.6784314 0.1372549 1</color>
            </diffuse>
            <reflectivity>
              <float sid="specular">1</float>
            </reflectivity>
            <index_of_refraction>
              <float sid="ior">1.5</float>
            </index_of_refraction>
          </lambert>
        </technique>
      </profile_COMMON>
    </effect>
  </library_effects>
  <library_images/>
  <library_materials>
    <material id="Powder_Coat__Blue_-material" name="Powder Coat (Blue)">
      <instance_effect url="#Powder_Coat__Blue_-effect"/>
    </material>
    <material id="Powder_Coat__White_-material" name="Powder Coat (White)">
      <instance_effect url="#Powder_Coat__White_-effect"/>
    </material>
    <material id="Marble__White_-material" name="Marble (White)">
      <instance_effect url="#Marble__White_-effect"/>
    </material>
    <material id="Steel_-_Satin-material" name="Steel - Satin">
      <instance_effect url="#Steel_-_Satin-effect"/>
    </material>
    <material id="Powder_Coat__Yellow_-material" name="Powder Coat (Yellow)">
      <instance_effect url="#Powder_Coat__Yellow_-effect"/>
    </material>
  </library_materials>
  <library_geometries>
    <geometry id="Body1_001-mesh" name="Body1.001">
      <mesh>
        <source id="Body1_001-mesh-positions">
          <float_array id="Body1_001-mesh-positions-array" count="4686">0 4 0 0.15 4 0 0.15 3.98382 -0.3594177 0.15 3.933222 -0.7278522 0.15 3.845596 -1.100633 0.15 3.719153 -1.472379 0.15 3.553136 -1.837178 0.15 3.347982 -2.188839 0.15 3.105413 -2.521193 0.15 2.828427 -2.828427 0.15 2.521193 -3.105413 0.15 2.188839 -3.347982 0.15 1.837178 -3.553136 0.15 1.472379 -3.719153 0.15 1.100633 -3.845596 0.15 0.7278522 -3.933222 0.15 0.3594177 -3.98382 0.15 0 -4 0.15 -0.3594177 -3.98382 0.15 -0.7278522 -3.933222 0.15 -1.100633 -3.845596 0.15 -1.472379 -3.719153 0.15 -1.837178 -3.553136 0.15 -2.188839 -3.347982 0.15 -2.521193 -3.105413 0.15 -2.828427 -2.828427 0.15 -3.105413 -2.521193 0.15 -3.347982 -2.188839 0.15 -3.553136 -1.837178 0.15 -3.719153 -1.472379 0.15 -3.845596 -1.100633 0.15 -3.933222 -0.7278522 0.15 -3.98382 -0.3594177 0.15 -4 0 0 -4 0 0 -3.981084 -0.3885537 0 -3.933493 -0.7263855 0 -3.854595 -1.068688 0 -3.742748 -1.411326 0 -3.597014 -1.749711 0 -3.417304 -2.07895 0 -3.204457 -2.394046 0 -2.960285 -2.690113 0 -2.687544 -2.962618 0 -2.389834 -3.207599 0 -2.071448 -3.421857 0 -1.737167 -3.603089 0 -1.392028 -3.749968 0 -1.041087 -3.862142 0 -0.6892045 -3.940177 0 -0.340857 -3.98545 0 0 -4 0 0.340857 -3.98545 0 0.6892045 -3.940177 0 1.041087 -3.862142 0 1.392028 -3.749968 0 1.737167 -3.603089 0 2.071448 -3.421857 0 2.389834 -3.207599 0 2.687544 -2.962618 0 2.960285 -2.690113 0 3.204457 -2.394046 0 3.417304 -2.07895 0 3.597014 -1.749711 0 3.742748 -1.411326 0 3.854595 -1.068688 0 3.933493 -0.7263855 0 3.981084 -0.3885537 0.07499998 -2.090069 -3.410515 0.07499998 3.978767 -0.4115996 0.07499998 3.91206 -0.8341407 0.07499998 3.796229 -1.260414 0.07499998 3.629133 -1.68208 0.07499998 3.410515 -2.090069 0.07499998 3.142256 -2.475122 0.07499998 2.828427 -2.828427 0.07499998 2.475122 -3.142256 0.07499998 2.090069 -3.410515 0.07499998 1.68208 -3.629133 0.07499998 1.260414 -3.796229 0.07499998 0.8341407 -3.91206 0.07499998 0.4115996 -3.978767 0.07499998 0 -4 0.07499998 -0.4115996 -3.978767 0.07499998 -0.8341407 -3.91206 0.07499998 -1.153936 -3.829939 0.07499998 -1.472379 -3.719153 0.07499998 -1.785723 -3.579273 0.07499998 -2.381504 -3.213788 0.07499998 -2.656258 -2.990701 0.07499998 -2.910855 -2.743524 0.07499998 -3.142256 -2.475122 0.07499998 -3.347982 -2.188839 0.07499998 -3.526198 -1.888366 0.07499998 -3.675762 -1.577584 0.07499998 -3.796229 -1.260414 0.07499998 -3.88782 -0.9406682 0.07499998 -3.951356 -0.621923 0.07499998 -3.988169 -0.3074213 0.85 4 0 1 4 0 1 3.98382 -0.3594177 1 3.933222 -0.7278522 1 3.845596 -1.100633 1 3.719153 -1.472379 1 3.553136 -1.837178 1 3.347982 -2.188839 1 3.105413 -2.521193 1 2.828427 -2.828427 1 2.521193 -3.105413 1 2.188839 -3.347982 1 1.837178 -3.553136 1 1.472379 -3.719153 1 1.100633 -3.845596 1 0.7278522 -3.933222 1 0.3594177 -3.98382 1 0 -4 1 -0.3594177 -3.98382 1 -0.7278522 -3.933222 1 -1.100633 -3.845596 1 -1.472379 -3.719153 1 -1.837178 -3.553136 1 -2.188839 -3.347982 1 -2.521193 -3.105413 1 -2.828427 -2.828427 1 -3.105413 -2.521193 1 -3.347982 -2.188839 1 -3.553136 -1.837178 1 -3.719153 -1.472379 1 -3.845596 -1.100633 1 -3.933222 -0.7278522 1 -3.98382 -0.3594177 1 -4 0 0.85 -4 0 0.85 -3.98382 -0.3594177 0.85 -3.933222 -0.7278522 0.85 -3.845596 -1.100633 0.85 -3.719153 -1.472379 0.85 -3.553136 -1.837178 0.85 -3.347982 -2.188839 0.85 -3.105413 -2.521193 0.85 -2.828427 -2.828427 0.85 -2.521193 -3.105413 0.85 -2.188839 -3.347982 0.85 -1.837178 -3.553136 0.85 -1.472379 -3.719153 0.85 -1.100633 -3.845596 0.85 -0.7278522 -3.933222 0.85 -0.3594177 -3.98382 0.85 0 -4 0.85 0.3594177 -3.98382 0.85 0.7278522 -3.933222 0.85 1.100633 -3.845596 0.85 1.472379 -3.719153 0.85 1.837178 -3.553136 0.85 2.188839 -3.347982 0.85 2.521193 -3.105413 0.85 2.828427 -2.828427 0.85 3.105413 -2.521193 0.85 3.347982 -2.188839 0.85 3.553136 -1.837178 0.85 3.719153 -1.472379 0.85 3.845596 -1.100633 0.85 3.933222 -0.7278522 0.85 3.98382 -0.3594177 0.925 3.978767 -0.4115996 0.925 3.91206 -0.8341407 0.925 3.796229 -1.260414 0.925 3.629133 -1.68208 0.925 3.410515 -2.090069 0.925 3.142256 -2.475122 0.925 2.828427 -2.828427 0.925 2.475122 -3.142256 0.925 2.090069 -3.410515 0.925 1.68208 -3.629133 0.925 1.260414 -3.796229 0.925 0.8341407 -3.91206 0.925 0.4115996 -3.978767 0.925 0 -4 0.925 -0.4115996 -3.978767 0.925 -0.8341407 -3.91206 0.925 -1.153936 -3.829939 0.925 -1.472379 -3.719153 0.925 -1.785723 -3.579273 0.925 -2.090069 -3.410515 0.925 -2.381504 -3.213788 0.925 -2.656258 -2.990701 0.925 -2.910855 -2.743524 0.925 -3.142256 -2.475122 0.925 -3.347982 -2.188839 0.925 -3.526198 -1.888366 0.925 -3.675762 -1.577584 0.925 -3.796229 -1.260414 0.925 -3.88782 -0.9406682 0.925 -3.951356 -0.621923 0.925 -3.988169 -0.3074213 0.8441569 0 -3.936313 0.8254259 0 -3.871167 0.7929484 0 -3.808477 0.7474874 0 -3.752513 0.6915234 0 -3.707051 0.6288332 0 -3.674574 0.5636871 0 -3.655843 0.5 0 -3.65 0.4363129 0 -3.655843 0.3711668 0 -3.674574 0.3084766 0 -3.707051 0.2525126 0 -3.752513 0.2070515 0 -3.808477 0.1745741 0 -3.871167 0.1558431 0 -3.936313 0.15 3.98382 0.3594177 0.15 3.933222 0.7278522 0.15 3.845596 1.100633 0.15 3.719153 1.472379 0.15 3.553136 1.837178 0.15 3.347982 2.188839 0.15 3.105413 2.521193 0.15 2.828427 2.828427 0.15 2.521193 3.105413 0.15 2.188839 3.347982 0.15 1.837178 3.553136 0.15 1.472379 3.719153 0.15 1.100633 3.845596 0.15 0.7278522 3.933222 0.15 0.3594177 3.98382 0.15 0 4 0.1558431 0 3.936313 0.1745741 0 3.871167 0.2070515 0 3.808477 0.2525126 0 3.752513 0.3084766 0 3.707051 0.3711668 0 3.674574 0.4363129 0 3.655843 0.5 0 3.65 0.5636871 0 3.655843 0.6288332 0 3.674574 0.6915234 0 3.707051 0.7474874 0 3.752513 0.7929484 0 3.808477 0.8254259 0 3.871167 0.8441569 0 3.936313 0.85 0 4 0.85 0.3594177 3.98382 0.85 0.7278522 3.933222 0.85 1.100633 3.845596 0.85 1.472379 3.719153 0.85 1.837178 3.553136 0.85 2.188839 3.347982 0.85 2.521193 3.105413 0.85 2.828427 2.828427 0.85 3.105413 2.521193 0.85 3.347982 2.188839 0.85 3.553136 1.837178 0.85 3.719153 1.472379 0.85 3.845596 1.100633 0.85 3.933222 0.7278522 0.85 3.98382 0.3594177 0.1559742 0.3024724 -3.923968 0.175132 0.2974121 -3.858321 0.2083347 0.2925519 -3.795269 0.254745 0.2882305 -3.739208 0.3117398 0.2847446 -3.693986 0.3753749 0.2822849 -3.662076 0.4412405 0.2809037 -3.644157 0.5053821 0.2805251 -3.639245 0.5686236 0.281044 -3.645977 0.6330309 0.2825407 -3.665394 0.6947668 0.2850716 -3.698227 0.7496997 0.2885721 -3.743639 0.7942177 0.2928519 -3.799162 0.8259773 0.2976275 -3.861114 0.8442865 0.3025807 -3.925373 0.1559742 0.6119113 -3.887747 0.175132 0.6016742 -3.822706 0.2083347 0.5918418 -3.760237 0.254745 0.5830995 -3.704693 0.3117398 0.5760474 -3.659888 0.3753749 0.5710714 -3.628273 0.4412405 0.5682771 -3.610519 0.5053821 0.5675112 -3.605653 0.5686236 0.568561 -3.612323 0.6330309 0.5715888 -3.63156 0.6947668 0.5767089 -3.66409 0.7496997 0.5837906 -3.709083 0.7942177 0.5924488 -3.764093 0.8259773 0.6021099 -3.825474 0.8442865 0.6121304 -3.889139 0.1559742 0.9255253 -3.825234 0.175132 0.9100415 -3.761239 0.2083347 0.89517 -3.699774 0.254745 0.881947 -3.645123 0.3117398 0.8712807 -3.601039 0.3753749 0.8637543 -3.569932 0.4412405 0.8595279 -3.552464 0.5053821 0.8583694 -3.547676 0.5686236 0.8599573 -3.554239 0.6330309 0.864537 -3.573166 0.6947668 0.8722811 -3.605173 0.7496997 0.8829923 -3.649443 0.7942177 0.8960881 -3.703568 0.8259773 0.9107005 -3.763962 0.8442865 0.9258567 -3.826604 0.1559742 1.240124 -3.735118 0.175132 1.219377 -3.67263 0.2083347 1.199451 -3.612613 0.254745 1.181733 -3.55925 0.3117398 1.167441 -3.516204 0.3753749 1.157356 -3.48583 0.4412405 1.151693 -3.468774 0.5053821 1.150141 -3.464098 0.5686236 1.152269 -3.470506 0.6330309 1.158405 -3.488988 0.6947668 1.168781 -3.520241 0.7496997 1.183133 -3.563468 0.7942177 1.200681 -3.616318 0.8259773 1.22026 -3.675289 0.8442865 1.240568 -3.736455 0.1559742 1.552188 -3.61659 0.175132 1.52622 -3.556085 0.2083347 1.50128 -3.497973 0.254745 1.479103 -3.446303 0.3117398 1.461215 -3.404623 0.3753749 1.448593 -3.375213 0.4412405 1.441505 -3.358698 0.5053821 1.439562 -3.354171 0.5686236 1.442225 -3.360376 0.6330309 1.449905 -3.378271 0.6947668 1.462893 -3.408532 0.7496997 1.480856 -3.450387 0.7942177 1.502819 -3.501561 0.8259773 1.527326 -3.55866 0.8442865 1.552744 -3.617885 0.1559742 1.857967 -3.469434 0.175132 1.826884 -3.411391 0.2083347 1.797029 -3.355643 0.254745 1.770485 -3.306076 0.3117398 1.749072 -3.266092 0.3753749 1.733963 -3.237878 0.4412405 1.725479 -3.222035 0.5053821 1.723153 -3.217693 0.5686236 1.726341 -3.223645 0.6330309 1.735534 -3.240812 0.6947668 1.75108 -3.269842 0.7496997 1.772583 -3.309994 0.7942177 1.798872 -3.359085 0.8259773 1.828206 -3.413861 0.8442865 1.858632 -3.470676 0.1559742 2.435277 -3.091672 0.175132 2.394536 -3.039949 0.2083347 2.355405 -2.990272 0.254745 2.320612 -2.946101 0.3117398 2.292547 -2.91047 0.3753749 2.272743 -2.885329 0.4412405 2.261622 -2.871211 0.5053821 2.258574 -2.867341 0.5686236 2.262752 -2.872645 0.6330309 2.274802 -2.887943 0.6947668 2.295179 -2.913812 0.7496997 2.323363 -2.949592 0.7942177 2.357821 -2.993338 0.8259773 2.39627 -3.04215 0.8442865 2.436149 -3.092779 0.8442865 2.154374 -3.295266 0.8259773 2.119107 -3.241322 0.7942177 2.085106 -3.189315 0.7496997 2.054633 -3.142705 0.6947668 2.029709 -3.104582 0.6330309 2.011689 -3.077019 0.5686236 2.001033 -3.06072 0.5053821 1.997338 -3.055068 0.4412405 2.000034 -3.059191 0.3753749 2.009868 -3.074234 0.3117398 2.027381 -3.101022 0.254745 2.052201 -3.138984 0.2083347 2.082969 -3.186047 0.175132 2.117574 -3.238977 0.1559742 2.153603 -3.294086 0.1559742 2.699359 -2.863996 0.175132 2.654199 -2.816082 0.2083347 2.610825 -2.770063 0.254745 2.57226 -2.729145 0.3117398 2.541151 -2.696139 0.3753749 2.519199 -2.672848 0.4412405 2.506873 -2.65977 0.5053821 2.503494 -2.656185 0.5686236 2.508125 -2.661099 0.6330309 2.521482 -2.67527 0.6947668 2.544068 -2.699234 0.7496997 2.575308 -2.732379 0.7942177 2.613503 -2.772904 0.8259773 2.656121 -2.818121 0.8442865 2.700325 -2.865022 0.1559742 2.942557 -2.613498 0.175132 2.893328 -2.569775 0.2083347 2.846047 -2.527781 0.254745 2.804007 -2.490442 0.3117398 2.770095 -2.460322 0.3753749 2.746166 -2.439069 0.4412405 2.732729 -2.427135 0.5053821 2.729045 -2.423863 0.5686236 2.734094 -2.428347 0.6330309 2.748654 -2.441279 0.6947668 2.773275 -2.463147 0.7496997 2.80733 -2.493393 0.7942177 2.848966 -2.530373 0.8259773 2.895423 -2.571636 0.8442865 2.94361 -2.614434 0.1559742 3.162053 -2.343167 0.175132 3.109153 -2.303966 0.2083347 3.058344 -2.266316 0.254745 3.013168 -2.232839 0.3117398 2.976727 -2.205835 0.3753749 2.951013 -2.18678 0.4412405 2.936573 -2.17608 0.5053821 2.932615 -2.173147 0.5686236 2.93804 -2.177167 0.6330309 2.953686 -2.188762 0.6947668 2.980144 -2.208368 0.7496997 3.016739 -2.235485 0.7942177 3.061481 -2.26864 0.8259773 3.111404 -2.305635 0.8442865 3.163185 -2.344006 0.1559742 3.355613 -2.056423 0.175132 3.299474 -2.022019 0.2083347 3.245555 -1.988976 0.254745 3.197614 -1.959596 0.3117398 3.158942 -1.935897 0.3753749 3.131654 -1.919174 0.4412405 3.116331 -1.909783 0.5053821 3.11213 -1.907209 0.5686236 3.117887 -1.910737 0.6330309 3.134491 -1.920913 0.6947668 3.162569 -1.93812 0.7496997 3.201404 -1.961919 0.7942177 3.248884 -1.991016 0.8259773 3.301863 -2.023483 0.8442865 3.356814 -2.057159 0.1559742 3.521654 -1.756976 0.175132 3.462737 -1.727583 0.2083347 3.406151 -1.699351 0.254745 3.355837 -1.674249 0.3117398 3.315251 -1.654001 0.3753749 3.286613 -1.639713 0.4412405 3.270532 -1.63169 0.5053821 3.266124 -1.629491 0.5686236 3.272165 -1.632505 0.6330309 3.289591 -1.641199 0.6947668 3.319058 -1.6559 0.7496997 3.359814 -1.676234 0.7942177 3.409644 -1.701094 0.8259773 3.465245 -1.728834 0.8442865 3.522915 -1.757606 0.1559742 3.768285 -1.13536 0.175132 3.705242 -1.116366 0.2083347 3.644693 -1.098122 0.254745 3.590855 -1.081902 0.3117398 3.547427 -1.068817 0.3753749 3.516783 -1.059584 0.4412405 3.499576 -1.0544 0.5053821 3.494859 -1.052978 0.5686236 3.501324 -1.054926 0.6330309 3.51997 -1.060544 0.6947668 3.5515 -1.070044 0.7496997 3.595111 -1.083184 0.7942177 3.648431 -1.099249 0.8259773 3.707925 -1.117174 0.8442865 3.769634 -1.135766 0.8442865 3.660593 -1.449195 0.8259773 3.600669 -1.425472 0.7942177 3.542895 -1.4026 0.7496997 3.491118 -1.382102 0.6947668 3.448769 -1.365336 0.6330309 3.41815 -1.353215 0.5686236 3.400044 -1.346046 0.5053821 3.393766 -1.343561 0.4412405 3.398346 -1.345374 0.3753749 3.415056 -1.35199 0.3117398 3.444813 -1.36377 0.254745 3.486985 -1.380466 0.2083347 3.539265 -1.401163 0.175132 3.598063 -1.42444 0.1559742 3.659282 -1.448677 0.1559742 3.849083 -0.8207128 0.175132 3.784689 -0.8069825 0.2083347 3.722841 -0.7937951 0.254745 3.667849 -0.7820696 0.3117398 3.62349 -0.7726112 0.3753749 3.592189 -0.7659371 0.4412405 3.574613 -0.7621893 0.5053821 3.569795 -0.7611621 0.5686236 3.576398 -0.7625701 0.6330309 3.595444 -0.7666311 0.6947668 3.62765 -0.7734982 0.7496997 3.672196 -0.7829964 0.7942177 3.726659 -0.7946092 0.8259773 3.78743 -0.8075668 0.8442865 3.850461 -0.8210067 0.1559742 3.914717 -0.4049737 0.175132 3.849225 -0.3981986 0.2083347 3.786322 -0.3916914 0.254745 3.730393 -0.3859056 0.3117398 3.685277 -0.3812384 0.3753749 3.653442 -0.3779451 0.4412405 3.635566 -0.3760958 0.5053821 3.630666 -0.3755889 0.5686236 3.637382 -0.3762837 0.6330309 3.656753 -0.3782876 0.6947668 3.689508 -0.3816761 0.7496997 3.734814 -0.3863629 0.7942177 3.790205 -0.3920931 0.8259773 3.852012 -0.3984869 0.8442865 3.916119 -0.4051187 0.1559742 3.935608 0 0.175132 3.869766 0 0.2083347 3.806528 0 0.254745 3.7503 0 0.3117398 3.704944 0 0.3753749 3.67294 0 0.4412405 3.654968 0 0.5053821 3.650041 0 0.5686236 3.656793 0 0.6330309 3.676267 0 0.6947668 3.709198 0 0.7496997 3.754745 0 0.7942177 3.810432 0 0.8259773 3.872568 0 0.8442865 3.937017 0 0.1559742 3.914717 0.4049737 0.175132 3.849225 0.3981986 0.2083347 3.786322 0.3916914 0.254745 3.730393 0.3859056 0.3117398 3.685277 0.3812384 0.3753749 3.653442 0.3779451 0.4412405 3.635566 0.3760958 0.5053821 3.630666 0.3755889 0.5686236 3.637382 0.3762837 0.6330309 3.656753 0.3782876 0.6947668 3.689508 0.3816761 0.7496997 3.734814 0.3863629 0.7942177 3.790205 0.3920931 0.8259773 3.852012 0.3984869 0.8442865 3.916119 0.4051187 0.1559742 3.849083 0.8207128 0.175132 3.784689 0.8069825 0.2083347 3.722841 0.7937951 0.254745 3.667849 0.7820696 0.3117398 3.62349 0.7726112 0.3753749 3.592189 0.7659371 0.4412405 3.574613 0.7621893 0.5053821 3.569795 0.7611621 0.5686236 3.576398 0.7625701 0.6330309 3.595444 0.7666311 0.6947668 3.62765 0.7734982 0.7496997 3.672196 0.7829964 0.7942177 3.726659 0.7946092 0.8259773 3.78743 0.8075668 0.8442865 3.850461 0.8210067 0.1559742 3.735118 1.240124 0.175132 3.67263 1.219377 0.2083347 3.612613 1.199451 0.254745 3.55925 1.181733 0.3117398 3.516204 1.167441 0.3753749 3.48583 1.157356 0.4412405 3.468774 1.151693 0.5053821 3.464098 1.150141 0.5686236 3.470506 1.152269 0.6330309 3.488988 1.158405 0.6947668 3.520241 1.168781 0.7496997 3.563468 1.183133 0.7942177 3.616318 1.200681 0.8259773 3.675289 1.22026 0.8442865 3.736455 1.240568 0.1559742 3.570711 1.655002 0.175132 3.510974 1.627315 0.2083347 3.453599 1.600722 0.254745 3.402585 1.577077 0.3117398 3.361433 1.558003 0.3753749 3.332396 1.544545 0.4412405 3.316091 1.536987 0.5053821 3.311621 1.534916 0.5686236 3.317747 1.537755 0.6330309 3.335416 1.545944 0.6947668 3.365293 1.559792 0.7496997 3.406617 1.578946 0.7942177 3.457141 1.602363 0.8259773 3.513516 1.628493 0.8442865 3.57199 1.655595 0.1559742 3.355613 2.056423 0.175132 3.299474 2.022019 0.2083347 3.245555 1.988976 0.254745 3.197614 1.959596 0.3117398 3.158942 1.935897 0.3753749 3.131654 1.919174 0.4412405 3.116331 1.909783 0.5053821 3.11213 1.907209 0.5686236 3.117887 1.910737 0.6330309 3.134491 1.920913 0.6947668 3.162569 1.93812 0.7496997 3.201404 1.961919 0.7942177 3.248884 1.991016 0.8259773 3.301863 2.023483 0.8442865 3.356814 2.057159 0.1559742 3.091672 2.435277 0.175132 3.039949 2.394536 0.2083347 2.990272 2.355405 0.254745 2.946101 2.320612 0.3117398 2.91047 2.292547 0.3753749 2.885329 2.272743 0.4412405 2.871211 2.261622 0.5053821 2.867341 2.258574 0.5686236 2.872645 2.262752 0.6330309 2.887943 2.274802 0.6947668 2.913812 2.295179 0.7496997 2.949592 2.323363 0.7942177 2.993338 2.357821 0.8259773 3.04215 2.39627 0.8442865 3.092779 2.436149 0.1559742 2.782895 2.782895 0.175132 2.736338 2.736338 0.2083347 2.691622 2.691622 0.254745 2.651863 2.651863 0.3117398 2.619791 2.619791 0.3753749 2.59716 2.59716 0.4412405 2.584452 2.584452 0.5053821 2.580969 2.580969 0.5686236 2.585743 2.585743 0.6330309 2.599514 2.599514 0.6947668 2.622799 2.622799 0.7496997 2.655006 2.655006 0.7942177 2.694382 2.694382 0.8259773 2.738319 2.738319 0.8442865 2.783892 2.783892 0.1559742 2.435277 3.091672 0.175132 2.394536 3.039949 0.2083347 2.355405 2.990272 0.254745 2.320612 2.946101 0.3117398 2.292547 2.91047 0.3753749 2.272743 2.885329 0.4412405 2.261622 2.871211 0.5053821 2.258574 2.867341 0.5686236 2.262752 2.872645 0.6330309 2.274802 2.887943 0.6947668 2.295179 2.913812 0.7496997 2.323363 2.949592 0.7942177 2.357821 2.993338 0.8259773 2.39627 3.04215 0.8442865 2.436149 3.092779 0.1559742 2.056423 3.355613 0.175132 2.022019 3.299474 0.2083347 1.988976 3.245555 0.254745 1.959596 3.197614 0.3117398 1.935897 3.158942 0.3753749 1.919174 3.131654 0.4412405 1.909783 3.116331 0.5053821 1.907209 3.11213 0.5686236 1.910737 3.117887 0.6330309 1.920913 3.134491 0.6947668 1.93812 3.162569 0.7496997 1.961919 3.201404 0.7942177 1.991016 3.248884 0.8259773 2.023483 3.301863 0.8442865 2.057159 3.356814 0.1559742 1.655002 3.570711 0.175132 1.627315 3.510974 0.2083347 1.600722 3.453599 0.254745 1.577077 3.402585 0.3117398 1.558003 3.361433 0.3753749 1.544545 3.332396 0.4412405 1.536987 3.316091 0.5053821 1.534916 3.311621 0.5686236 1.537755 3.317747 0.6330309 1.545944 3.335416 0.6947668 1.559792 3.365293 0.7496997 1.578946 3.406617 0.7942177 1.602363 3.457141 0.8259773 1.628493 3.513516 0.8442865 1.655595 3.57199 0.1559742 1.240124 3.735118 0.175132 1.219377 3.67263 0.2083347 1.199451 3.612613 0.254745 1.181733 3.55925 0.3117398 1.167441 3.516204 0.3753749 1.157356 3.48583 0.4412405 1.151693 3.468774 0.5053821 1.150141 3.464098 0.5686236 1.152269 3.470506 0.6330309 1.158405 3.488988 0.6947668 1.168781 3.520241 0.7496997 1.183133 3.563468 0.7942177 1.200681 3.616318 0.8259773 1.22026 3.675289 0.8442865 1.240568 3.736455 0.1559742 0.8207128 3.849083 0.175132 0.8069825 3.784689 0.2083347 0.7937951 3.722841 0.254745 0.7820696 3.667849 0.3117398 0.7726112 3.62349 0.3753749 0.7659371 3.592189 0.4412405 0.7621893 3.574613 0.5053821 0.7611621 3.569795 0.5686236 0.7625701 3.576398 0.6330309 0.7666311 3.595444 0.6947668 0.7734982 3.62765 0.7496997 0.7829964 3.672196 0.7942177 0.7946092 3.726659 0.8259773 0.8075668 3.78743 0.8442865 0.8210067 3.850461 0.1559742 0.4049737 3.914717 0.175132 0.3981986 3.849225 0.2083347 0.3916914 3.786322 0.254745 0.3859056 3.730393 0.3117398 0.3812384 3.685277 0.3753749 0.3779451 3.653442 0.4412405 0.3760958 3.635566 0.5053821 0.3755889 3.630666 0.5686236 0.3762837 3.637382 0.6330309 0.3782876 3.656753 0.6947668 0.3816761 3.689508 0.7496997 0.3863629 3.734814 0.7942177 0.3920931 3.790205 0.8259773 0.3984869 3.852012 0.8442865 0.4051187 3.916119 -0.00999999 -1.25 0 -0.5 -1.25 0 -0.5 -1.229132 -0.2274538 -0.5 -1.162235 -0.4601184 -0.5 -1.046244 -0.6840122 -0.5 -0.8838835 -0.8838835 -0.5 -0.6840122 -1.046244 -0.5 -0.4601184 -1.162235 -0.5 -0.2274538 -1.229132 -0.5 0 -1.25 -0.5 0.2274538 -1.229132 -0.5 0.4601184 -1.162235 -0.5 0.6840122 -1.046244 -0.5 0.8838835 -0.8838835 -0.5 1.046244 -0.6840122 -0.5 1.162235 -0.4601184 -0.5 1.229132 -0.2274538 -0.5 1.25 0 -0.00999999 1.25 0 -0.00999999 1.234422 -0.1967285 -0.00999999 1.188077 -0.3885537 0 1.188077 -0.3885537 0 1.116644 -0.5617883 0 1.016003 -0.7281745 0 0.8872362 -0.880518 0 0.7337601 -1.011976 0 0.5611071 -1.116986 0 0.3762842 -1.192019 0 0.1868571 -1.235955 0 0 -1.25 0 -0.1868571 -1.235955 0 -0.3762842 -1.192019 0 -0.5611071 -1.116986 0 -0.7337601 -1.011976 0 -0.8872362 -0.880518 0 -1.016003 -0.7281745 0 -1.116644 -0.5617883 0 -1.188077 -0.3885537 -0.00999999 -1.188077 -0.3885537 -0.00999999 -1.234422 -0.1967285 -0.25 -1.222519 -0.2606689 -0.25 -1.134104 -0.5256502 -0.25 -0.981955 -0.7734755 -0.25 -0.7734755 -0.981955 -0.25 -0.5256502 -1.134104 -0.25 -0.2606689 -1.222519 -0.25 0 -1.25 -0.25 0.2606689 -1.222519 -0.25 0.4601184 -1.162235 -0.25 0.6531465 -1.065786 -0.25 0.8300808 -0.934594 -0.25 0.981955 -0.7734755 -0.25 1.101937 -0.5901143 -0.25 1.186322 -0.3938795 -0.25 1.234799 -0.1943509 0 -0.3 0 -0.5 -0.3 0 -0.5 -0.2949916 0.05458891 -0.5 -0.2789365 0.1104284 -0.5 -0.2510986 0.1641629 -0.5 -0.212132 0.212132 -0.5 -0.1641629 0.2510986 -0.5 -0.1104284 0.2789365 -0.5 -0.05458891 0.2949916 -0.5 0 0.3 -0.5 0.05458891 0.2949916 -0.5 0.1104284 0.2789365 -0.5 0.1641629 0.2510986 -0.5 0.212132 0.212132 -0.5 0.2510986 0.1641629 -0.5 0.2789365 0.1104284 -0.5 0.2949916 0.05458891 -0.5 0.3 0 0 0.3 0 0 0.2949916 0.05458891 0 0.2789365 0.1104284 0 0.2510986 0.1641629 0 0.212132 0.212132 0 0.1641629 0.2510986 0 0.1104284 0.2789365 0 0.05458891 0.2949916 0 0 0.3 0 -0.05458891 0.2949916 0 -0.1104284 0.2789365 0 -0.1641629 0.2510986 0 -0.212132 0.212132 0 -0.2510986 0.1641629 0 -0.2789365 0.1104284 0 -0.2949916 0.05458891 -0.25 -0.2934045 0.06256055 -0.25 -0.272185 0.126156 -0.25 -0.2356691 0.1856341 -0.25 -0.1856341 0.2356691 -0.25 -0.126156 0.272185 -0.25 -0.06256055 0.2934045 -0.25 0 0.3 -0.25 0.06256055 0.2934045 -0.25 0.1104284 0.2789365 -0.25 0.1567551 0.2557886 -0.25 0.1992194 0.2243025 -0.25 0.2356691 0.1856341 -0.25 0.2644649 0.1416274 -0.25 0.2847172 0.09453105 -0.25 0.2963517 0.04664421 -0.00999999 -3.981084 -0.3885537 -0.004999995 -2.58458 -0.3885537 0 -3.981084 0.3885537 0 -1.188077 0.3885537 -0.00999999 -1.188077 0.3885537 -0.00999999 -3.981084 0.3885537 -0.004999995 -2.58458 0.3885537 -0.004999995 -3.981084 0 -0.00999999 -1.234422 0.1967285 -0.00999999 -2.58458 0 0 -3.990542 0 0 0 -2.194277 0 -3.933493 0.7263855 0 -3.854595 1.068688 0 -3.742748 1.411326 0 -3.597014 1.749711 0 -3.417304 2.07895 0 -3.204457 2.394046 0 -2.960285 2.690113 0 -2.687544 2.962618 0 -2.389834 3.207599 0 -2.071448 3.421857 0 -1.737167 3.603089 0 -1.392028 3.749968 0 -1.041087 3.862142 0 -0.6892045 3.940177 0 -0.340857 3.98545 0 0 4 0 0.340857 3.98545 0 0.6892045 3.940177 0 1.041087 3.862142 0 1.392028 3.749968 0 1.737167 3.603089 0 2.071448 3.421857 0 2.389834 3.207599 0 2.687544 2.962618 0 2.960285 2.690113 0 3.204457 2.394046 0 3.417304 2.07895 0 3.597014 1.749711 0 3.742748 1.411326 0 3.854595 1.068688 0 3.933493 0.7263855 0 3.981084 0.3885537 0 1.188077 0.3885537 0 1.116644 0.5617883 0 1.016003 0.7281745 0 0.8872362 0.880518 0 0.7337601 1.011976 0 0.5611071 1.116986 0 0.3762842 1.192019 0 0.1868571 1.235955 0 0 1.25 0 -0.1868571 1.235955 0 -0.3762842 1.192019 0 -0.5611071 1.116986 0 -0.7337601 1.011976 0 -0.8872362 0.880518 0 -1.016003 0.7281745 0 -1.116644 0.5617883 0 0 2.194277 -0.00999999 3.981084 -0.3885537 -0.00999999 3.981084 0.3885537 -0.004999995 3.981084 0 -0.00999999 1.188077 0.3885537 -0.004999995 2.58458 0.3885537 -0.004999995 2.58458 -0.3885537 -0.00999999 1.234422 0.1967285 -0.00999999 2.58458 0 0 3.990542 0 0 -0.2949916 -0.05458891 0 -0.2789365 -0.1104284 0 -0.2510986 -0.1641629 0 -0.212132 -0.212132 0 -0.1641629 -0.2510986 0 -0.1104284 -0.2789365 0 -0.05458891 -0.2949916 0 0 -0.3 0 0.05458891 -0.2949916 0 0.1104284 -0.2789365 0 0.1641629 -0.2510986 0 0.212132 -0.212132 0 0.2510986 -0.1641629 0 0.2789365 -0.1104284 0 0.2949916 -0.05458891 -0.5 0.2949916 -0.05458891 -0.5 0.2789365 -0.1104284 -0.5 0.2510986 -0.1641629 -0.5 0.212132 -0.212132 -0.5 0.1641629 -0.2510986 -0.5 0.1104284 -0.2789365 -0.5 0.05458891 -0.2949916 -0.5 0 -0.3 -0.5 -0.05458891 -0.2949916 -0.5 -0.1104284 -0.2789365 -0.5 -0.1641629 -0.2510986 -0.5 -0.212132 -0.212132 -0.5 -0.2510986 -0.1641629 -0.5 -0.2789365 -0.1104284 -0.5 -0.2949916 -0.05458891 -0.25 -0.2847172 -0.09453105 -0.25 -0.2963517 -0.04664421 -0.25 -0.2644649 -0.1416274 -0.25 -0.2356691 -0.1856341 -0.25 -0.1992194 -0.2243025 -0.25 -0.1567551 -0.2557886 -0.25 -0.1104284 -0.2789365 -0.25 -0.06256055 -0.2934045 -0.25 0 -0.3 -0.25 0.06256055 -0.2934045 -0.25 0.126156 -0.272185 -0.25 0.1856341 -0.2356691 -0.25 0.2356691 -0.1856341 -0.25 0.272185 -0.126156 -0.25 0.2934045 -0.06256055 0 0 0 -0.5 1.229132 0.2274538 -0.5 1.162235 0.4601184 -0.5 1.046244 0.6840122 -0.5 0.8838835 0.8838835 -0.5 0.6840122 1.046244 -0.5 0.4601184 1.162235 -0.5 0.2274538 1.229132 -0.5 0 1.25 -0.5 -0.2274538 1.229132 -0.5 -0.4601184 1.162235 -0.5 -0.6840122 1.046244 -0.5 -0.8838835 0.8838835 -0.5 -1.046244 0.6840122 -0.5 -1.162235 0.4601184 -0.5 -1.229132 0.2274538 -0.25 -1.186322 0.3938795 -0.25 -1.234799 0.1943509 -0.25 -1.101937 0.5901143 -0.25 -0.981955 0.7734755 -0.25 -0.8300808 0.934594 -0.25 -0.6531465 1.065786 -0.25 -0.4601184 1.162235 -0.25 -0.2606689 1.222519 -0.25 0 1.25 -0.25 0.2606689 1.222519 -0.25 0.5256502 1.134104 -0.25 0.7734755 0.981955 -0.25 0.981955 0.7734755 -0.25 1.134104 0.5256502 -0.25 1.222519 0.2606689 0.85 -3.98382 0.3594177 0.85 -3.933222 0.7278522 0.85 -3.845596 1.100633 0.85 -3.719153 1.472379 0.85 -3.553136 1.837178 0.85 -3.347982 2.188839 0.85 -3.105413 2.521193 0.85 -2.828427 2.828427 0.85 -2.521193 3.105413 0.85 -2.188839 3.347982 0.85 -1.837178 3.553136 0.85 -1.472379 3.719153 0.85 -1.100633 3.845596 0.85 -0.7278522 3.933222 0.85 -0.3594177 3.98382 0.15 -0.3594177 3.98382 0.15 -0.7278522 3.933222 0.15 -1.100633 3.845596 0.15 -1.472379 3.719153 0.15 -1.837178 3.553136 0.15 -2.188839 3.347982 0.15 -2.521193 3.105413 0.15 -2.828427 2.828427 0.15 -3.105413 2.521193 0.15 -3.347982 2.188839 0.15 -3.553136 1.837178 0.15 -3.719153 1.472379 0.15 -3.845596 1.100633 0.15 -3.933222 0.7278522 0.15 -3.98382 0.3594177 0.8442865 -0.4051187 -3.916119 0.8259773 -0.3984869 -3.852012 0.7942177 -0.3920931 -3.790205 0.7496997 -0.3863629 -3.734814 0.6947668 -0.3816761 -3.689508 0.6330309 -0.3782876 -3.656753 0.5686236 -0.3762837 -3.637382 0.5053821 -0.3755889 -3.630666 0.4412405 -0.3760958 -3.635566 0.3753749 -0.3779451 -3.653442 0.3117398 -0.3812384 -3.685277 0.254745 -0.3859056 -3.730393 0.2083347 -0.3916914 -3.786322 0.175132 -0.3981986 -3.849225 0.1559742 -0.4049737 -3.914717 0.8442865 -0.8210067 -3.850461 0.8259773 -0.8075668 -3.78743 0.7942177 -0.7946092 -3.726659 0.7496997 -0.7829964 -3.672196 0.6947668 -0.7734982 -3.62765 0.6330309 -0.7666311 -3.595444 0.5686236 -0.7625701 -3.576398 0.5053821 -0.7611621 -3.569795 0.4412405 -0.7621893 -3.574613 0.3753749 -0.7659371 -3.592189 0.3117398 -0.7726112 -3.62349 0.254745 -0.7820696 -3.667849 0.2083347 -0.7937951 -3.722841 0.175132 -0.8069825 -3.784689 0.1559742 -0.8207128 -3.849083 0.8442865 -1.240568 -3.736455 0.8259773 -1.22026 -3.675289 0.7942177 -1.200681 -3.616318 0.7496997 -1.183133 -3.563468 0.6947668 -1.168781 -3.520241 0.6330309 -1.158405 -3.488988 0.5686236 -1.152269 -3.470506 0.5053821 -1.150141 -3.464098 0.4412405 -1.151693 -3.468774 0.3753749 -1.157356 -3.48583 0.3117398 -1.167441 -3.516204 0.254745 -1.181733 -3.55925 0.2083347 -1.199451 -3.612613 0.175132 -1.219377 -3.67263 0.1559742 -1.240124 -3.735118 0.8442865 -1.655595 -3.57199 0.8259773 -1.628493 -3.513516 0.7942177 -1.602363 -3.457141 0.7496997 -1.578946 -3.406617 0.6947668 -1.559792 -3.365293 0.6330309 -1.545944 -3.335416 0.5686236 -1.537755 -3.317747 0.5053821 -1.534916 -3.311621 0.4412405 -1.536987 -3.316091 0.3753749 -1.544545 -3.332396 0.3117398 -1.558003 -3.361433 0.254745 -1.577077 -3.402585 0.2083347 -1.600722 -3.453599 0.175132 -1.627315 -3.510974 0.1559742 -1.655002 -3.570711 0.8442865 -2.057159 -3.356814 0.8259773 -2.023483 -3.301863 0.7942177 -1.991016 -3.248884 0.7496997 -1.961919 -3.201404 0.6947668 -1.93812 -3.162569 0.6330309 -1.920913 -3.134491 0.5686236 -1.910737 -3.117887 0.5053821 -1.907209 -3.11213 0.4412405 -1.909783 -3.116331 0.3753749 -1.919174 -3.131654 0.3117398 -1.935897 -3.158942 0.254745 -1.959596 -3.197614 0.2083347 -1.988976 -3.245555 0.175132 -2.022019 -3.299474 0.1559742 -2.056423 -3.355613 0.8442865 -2.436149 -3.092779 0.8259773 -2.39627 -3.04215 0.7942177 -2.357821 -2.993338 0.7496997 -2.323363 -2.949592 0.6947668 -2.295179 -2.913812 0.6330309 -2.274802 -2.887943 0.5686236 -2.262752 -2.872645 0.5053821 -2.258574 -2.867341 0.4412405 -2.261622 -2.871211 0.3753749 -2.272743 -2.885329 0.3117398 -2.292547 -2.91047 0.254745 -2.320612 -2.946101 0.2083347 -2.355405 -2.990272 0.175132 -2.394536 -3.039949 0.1559742 -2.435277 -3.091672 0.8442865 -2.783892 -2.783892 0.8259773 -2.738319 -2.738319 0.7942177 -2.694382 -2.694382 0.7496997 -2.655006 -2.655006 0.6947668 -2.622799 -2.622799 0.6330309 -2.599514 -2.599514 0.5686236 -2.585743 -2.585743 0.5053821 -2.580969 -2.580969 0.4412405 -2.584452 -2.584452 0.3753749 -2.59716 -2.59716 0.3117398 -2.619791 -2.619791 0.254745 -2.651863 -2.651863 0.2083347 -2.691622 -2.691622 0.175132 -2.736338 -2.736338 0.1559742 -2.782895 -2.782895 0.8442865 -3.092779 -2.436149 0.8259773 -3.04215 -2.39627 0.7942177 -2.993338 -2.357821 0.7496997 -2.949592 -2.323363 0.6947668 -2.913812 -2.295179 0.6330309 -2.887943 -2.274802 0.5686236 -2.872645 -2.262752 0.5053821 -2.867341 -2.258574 0.4412405 -2.871211 -2.261622 0.3753749 -2.885329 -2.272743 0.3117398 -2.91047 -2.292547 0.254745 -2.946101 -2.320612 0.2083347 -2.990272 -2.355405 0.175132 -3.039949 -2.394536 0.1559742 -3.091672 -2.435277 0.8442865 -3.356814 -2.057159 0.8259773 -3.301863 -2.023483 0.7942177 -3.248884 -1.991016 0.7496997 -3.201404 -1.961919 0.6947668 -3.162569 -1.93812 0.6330309 -3.134491 -1.920913 0.5686236 -3.117887 -1.910737 0.5053821 -3.11213 -1.907209 0.4412405 -3.116331 -1.909783 0.3753749 -3.131654 -1.919174 0.3117398 -3.158942 -1.935897 0.254745 -3.197614 -1.959596 0.2083347 -3.245555 -1.988976 0.175132 -3.299474 -2.022019 0.1559742 -3.355613 -2.056423 0.8442865 -3.57199 -1.655595 0.8259773 -3.513516 -1.628493 0.7942177 -3.457141 -1.602363 0.7496997 -3.406617 -1.578946 0.6947668 -3.365293 -1.559792 0.6330309 -3.335416 -1.545944 0.5686236 -3.317747 -1.537755 0.5053821 -3.311621 -1.534916 0.4412405 -3.316091 -1.536987 0.3753749 -3.332396 -1.544545 0.3117398 -3.361433 -1.558003 0.254745 -3.402585 -1.577077 0.2083347 -3.453599 -1.600722 0.175132 -3.510974 -1.627315 0.1559742 -3.570711 -1.655002 0.8442865 -3.736455 -1.240568 0.8259773 -3.675289 -1.22026 0.7942177 -3.616318 -1.200681 0.7496997 -3.563468 -1.183133 0.6947668 -3.520241 -1.168781 0.6330309 -3.488988 -1.158405 0.5686236 -3.470506 -1.152269 0.5053821 -3.464098 -1.150141 0.4412405 -3.468774 -1.151693 0.3753749 -3.48583 -1.157356 0.3117398 -3.516204 -1.167441 0.254745 -3.55925 -1.181733 0.2083347 -3.612613 -1.199451 0.175132 -3.67263 -1.219377 0.1559742 -3.735118 -1.240124 0.8442865 -3.850461 -0.8210067 0.8259773 -3.78743 -0.8075668 0.7942177 -3.726659 -0.7946092 0.7496997 -3.672196 -0.7829964 0.6947668 -3.62765 -0.7734982 0.6330309 -3.595444 -0.7666311 0.5686236 -3.576398 -0.7625701 0.5053821 -3.569795 -0.7611621 0.4412405 -3.574613 -0.7621893 0.3753749 -3.592189 -0.7659371 0.3117398 -3.62349 -0.7726112 0.254745 -3.667849 -0.7820696 0.2083347 -3.722841 -0.7937951 0.175132 -3.784689 -0.8069825 0.1559742 -3.849083 -0.8207128 0.8442865 -3.916119 -0.4051187 0.8259773 -3.852012 -0.3984869 0.7942177 -3.790205 -0.3920931 0.7496997 -3.734814 -0.3863629 0.6947668 -3.689508 -0.3816761 0.6330309 -3.656753 -0.3782876 0.5686236 -3.637382 -0.3762837 0.5053821 -3.630666 -0.3755889 0.4412405 -3.635566 -0.3760958 0.3753749 -3.653442 -0.3779451 0.3117398 -3.685277 -0.3812384 0.254745 -3.730393 -0.3859056 0.2083347 -3.786322 -0.3916914 0.175132 -3.849225 -0.3981986 0.1559742 -3.914717 -0.4049737 0.8442865 -3.937017 0 0.8259773 -3.872568 0 0.7942177 -3.810432 0 0.7496997 -3.754745 0 0.6947668 -3.709198 0 0.6330309 -3.676267 0 0.5686236 -3.656793 0 0.5053821 -3.650041 0 0.4412405 -3.654968 0 0.3753749 -3.67294 0 0.3117398 -3.704944 0 0.254745 -3.7503 0 0.2083347 -3.806528 0 0.175132 -3.869766 0 0.1559742 -3.935608 0 0.8442865 -3.916119 0.4051187 0.8259773 -3.852012 0.3984869 0.7942177 -3.790205 0.3920931 0.7496997 -3.734814 0.3863629 0.6947668 -3.689508 0.3816761 0.6330309 -3.656753 0.3782876 0.5686236 -3.637382 0.3762837 0.5053821 -3.630666 0.3755889 0.4412405 -3.635566 0.3760958 0.3753749 -3.653442 0.3779451 0.3117398 -3.685277 0.3812384 0.254745 -3.730393 0.3859056 0.2083347 -3.786322 0.3916914 0.175132 -3.849225 0.3981986 0.1559742 -3.914717 0.4049737 0.8442865 -3.850461 0.8210067 0.8259773 -3.78743 0.8075668 0.7942177 -3.726659 0.7946092 0.7496997 -3.672196 0.7829964 0.6947668 -3.62765 0.7734982 0.6330309 -3.595444 0.7666311 0.5686236 -3.576398 0.7625701 0.5053821 -3.569795 0.7611621 0.4412405 -3.574613 0.7621893 0.3753749 -3.592189 0.7659371 0.3117398 -3.62349 0.7726112 0.254745 -3.667849 0.7820696 0.2083347 -3.722841 0.7937951 0.175132 -3.784689 0.8069825 0.1559742 -3.849083 0.8207128 0.8442865 -3.769634 1.135766 0.8259773 -3.707925 1.117174 0.7942177 -3.648431 1.099249 0.7496997 -3.595111 1.083184 0.6947668 -3.5515 1.070044 0.6330309 -3.51997 1.060544 0.5686236 -3.501324 1.054926 0.5053821 -3.494859 1.052978 0.4412405 -3.499576 1.0544 0.3753749 -3.516783 1.059584 0.3117398 -3.547427 1.068817 0.254745 -3.590855 1.081902 0.2083347 -3.644693 1.098122 0.175132 -3.705242 1.116366 0.1559742 -3.768285 1.13536 0.8442865 -3.522915 1.757606 0.8259773 -3.465245 1.728834 0.7942177 -3.409644 1.701094 0.7496997 -3.359814 1.676234 0.6947668 -3.319058 1.6559 0.6330309 -3.289591 1.641199 0.5686236 -3.272165 1.632505 0.5053821 -3.266124 1.629491 0.4412405 -3.270532 1.63169 0.3753749 -3.286613 1.639713 0.3117398 -3.315251 1.654001 0.254745 -3.355837 1.674249 0.2083347 -3.406151 1.699351 0.175132 -3.462737 1.727583 0.1559742 -3.521654 1.756976 0.1559742 -3.659282 1.448677 0.175132 -3.598063 1.42444 0.2083347 -3.539265 1.401163 0.254745 -3.486985 1.380466 0.3117398 -3.444813 1.36377 0.3753749 -3.415056 1.35199 0.4412405 -3.398346 1.345374 0.5053821 -3.393766 1.343561 0.5686236 -3.400044 1.346046 0.6330309 -3.41815 1.353215 0.6947668 -3.448769 1.365336 0.7496997 -3.491118 1.382102 0.7942177 -3.542895 1.4026 0.8259773 -3.600669 1.425472 0.8442865 -3.660593 1.449195 0.8442865 -3.356814 2.057159 0.8259773 -3.301863 2.023483 0.7942177 -3.248884 1.991016 0.7496997 -3.201404 1.961919 0.6947668 -3.162569 1.93812 0.6330309 -3.134491 1.920913 0.5686236 -3.117887 1.910737 0.5053821 -3.11213 1.907209 0.4412405 -3.116331 1.909783 0.3753749 -3.131654 1.919174 0.3117398 -3.158942 1.935897 0.254745 -3.197614 1.959596 0.2083347 -3.245555 1.988976 0.175132 -3.299474 2.022019 0.1559742 -3.355613 2.056423 0.8442865 -3.163185 2.344006 0.8259773 -3.111404 2.305635 0.7942177 -3.061481 2.26864 0.7496997 -3.016739 2.235485 0.6947668 -2.980144 2.208368 0.6330309 -2.953686 2.188762 0.5686236 -2.93804 2.177167 0.5053821 -2.932615 2.173147 0.4412405 -2.936573 2.17608 0.3753749 -2.951013 2.18678 0.3117398 -2.976727 2.205835 0.254745 -3.013168 2.232839 0.2083347 -3.058344 2.266316 0.175132 -3.109153 2.303966 0.1559742 -3.162053 2.343167 0.8442865 -2.94361 2.614434 0.8259773 -2.895423 2.571636 0.7942177 -2.848966 2.530373 0.7496997 -2.80733 2.493393 0.6947668 -2.773275 2.463147 0.6330309 -2.748654 2.441279 0.5686236 -2.734094 2.428347 0.5053821 -2.729045 2.423863 0.4412405 -2.732729 2.427135 0.3753749 -2.746166 2.439069 0.3117398 -2.770095 2.460322 0.254745 -2.804007 2.490442 0.2083347 -2.846047 2.527781 0.175132 -2.893328 2.569775 0.1559742 -2.942557 2.613498 0.8442865 -2.700325 2.865022 0.8259773 -2.656121 2.818121 0.7942177 -2.613503 2.772904 0.7496997 -2.575308 2.732379 0.6947668 -2.544068 2.699234 0.6330309 -2.521482 2.67527 0.5686236 -2.508125 2.661099 0.5053821 -2.503494 2.656185 0.4412405 -2.506873 2.65977 0.3753749 -2.519199 2.672848 0.3117398 -2.541151 2.696139 0.254745 -2.57226 2.729145 0.2083347 -2.610825 2.770063 0.175132 -2.654199 2.816082 0.1559742 -2.699359 2.863996 0.8442865 -2.436149 3.092779 0.8259773 -2.39627 3.04215 0.7942177 -2.357821 2.993338 0.7496997 -2.323363 2.949592 0.6947668 -2.295179 2.913812 0.6330309 -2.274802 2.887943 0.5686236 -2.262752 2.872645 0.5053821 -2.258574 2.867341 0.4412405 -2.261622 2.871211 0.3753749 -2.272743 2.885329 0.3117398 -2.292547 2.91047 0.254745 -2.320612 2.946101 0.2083347 -2.355405 2.990272 0.175132 -2.394536 3.039949 0.1559742 -2.435277 3.091672 0.8442865 -1.858632 3.470676 0.8259773 -1.828206 3.413861 0.7942177 -1.798872 3.359085 0.7496997 -1.772583 3.309994 0.6947668 -1.75108 3.269842 0.6330309 -1.735534 3.240812 0.5686236 -1.726341 3.223645 0.5053821 -1.723153 3.217693 0.4412405 -1.725479 3.222035 0.3753749 -1.733963 3.237878 0.3117398 -1.749072 3.266092 0.254745 -1.770485 3.306076 0.2083347 -1.797029 3.355643 0.175132 -1.826884 3.411391 0.1559742 -1.857967 3.469434 0.1559742 -2.153603 3.294086 0.175132 -2.117574 3.238977 0.2083347 -2.082969 3.186047 0.254745 -2.052201 3.138984 0.3117398 -2.027381 3.101022 0.3753749 -2.009868 3.074234 0.4412405 -2.000034 3.059191 0.5053821 -1.997338 3.055068 0.5686236 -2.001033 3.06072 0.6330309 -2.011689 3.077019 0.6947668 -2.029709 3.104582 0.7496997 -2.054633 3.142705 0.7942177 -2.085106 3.189315 0.8259773 -2.119107 3.241322 0.8442865 -2.154374 3.295266 0.8442865 -1.552744 3.617885 0.8259773 -1.527326 3.55866 0.7942177 -1.502819 3.501561 0.7496997 -1.480856 3.450387 0.6947668 -1.462893 3.408532 0.6330309 -1.449905 3.378271 0.5686236 -1.442225 3.360376 0.5053821 -1.439562 3.354171 0.4412405 -1.441505 3.358698 0.3753749 -1.448593 3.375213 0.3117398 -1.461215 3.404623 0.254745 -1.479103 3.446303 0.2083347 -1.50128 3.497973 0.175132 -1.52622 3.556085 0.1559742 -1.552188 3.61659 0.8442865 -1.240568 3.736455 0.8259773 -1.22026 3.675289 0.7942177 -1.200681 3.616318 0.7496997 -1.183133 3.563468 0.6947668 -1.168781 3.520241 0.6330309 -1.158405 3.488988 0.5686236 -1.152269 3.470506 0.5053821 -1.150141 3.464098 0.4412405 -1.151693 3.468774 0.3753749 -1.157356 3.48583 0.3117398 -1.167441 3.516204 0.254745 -1.181733 3.55925 0.2083347 -1.199451 3.612613 0.175132 -1.219377 3.67263 0.1559742 -1.240124 3.735118 0.8442865 -0.9258567 3.826604 0.8259773 -0.9107005 3.763962 0.7942177 -0.8960881 3.703568 0.7496997 -0.8829923 3.649443 0.6947668 -0.8722811 3.605173 0.6330309 -0.864537 3.573166 0.5686236 -0.8599573 3.554239 0.5053821 -0.8583694 3.547676 0.4412405 -0.8595279 3.552464 0.3753749 -0.8637543 3.569932 0.3117398 -0.8712807 3.601039 0.254745 -0.881947 3.645123 0.2083347 -0.89517 3.699774 0.175132 -0.9100415 3.761239 0.1559742 -0.9255253 3.825234 0.8442865 -0.6121304 3.889139 0.8259773 -0.6021099 3.825474 0.7942177 -0.5924488 3.764093 0.7496997 -0.5837906 3.709083 0.6947668 -0.5767089 3.66409 0.6330309 -0.5715888 3.63156 0.5686236 -0.568561 3.612323 0.5053821 -0.5675112 3.605653 0.4412405 -0.5682771 3.610519 0.3753749 -0.5710714 3.628273 0.3117398 -0.5760474 3.659888 0.254745 -0.5830995 3.704693 0.2083347 -0.5918418 3.760237 0.175132 -0.6016742 3.822706 0.1559742 -0.6119113 3.887747 0.8442865 -0.3025807 3.925373 0.8259773 -0.2976275 3.861114 0.7942177 -0.2928519 3.799162 0.7496997 -0.2885721 3.743639 0.6947668 -0.2850716 3.698227 0.6330309 -0.2825407 3.665394 0.5686236 -0.281044 3.645977 0.5053821 -0.2805251 3.639245 0.4412405 -0.2809037 3.644157 0.3753749 -0.2822849 3.662076 0.3117398 -0.2847446 3.693986 0.254745 -0.2882305 3.739208 0.2083347 -0.2925519 3.795269 0.175132 -0.2974121 3.858321 0.1559742 -0.3024724 3.923968 1 -3.98382 0.3594177 1 -3.933222 0.7278522 1 -3.845596 1.100633 1 -3.719153 1.472379 1 -3.553136 1.837178 1 -3.347982 2.188839 1 -3.105413 2.521193 1 -2.828427 2.828427 1 -2.521193 3.105413 1 -2.188839 3.347982 1 -1.837178 3.553136 1 -1.472379 3.719153 1 -1.100633 3.845596 1 -0.7278522 3.933222 1 -0.3594177 3.98382 1 0 4 1 0.3594177 3.98382 1 0.7278522 3.933222 1 1.100633 3.845596 1 1.472379 3.719153 1 1.837178 3.553136 1 2.188839 3.347982 1 2.521193 3.105413 1 2.828427 2.828427 1 3.105413 2.521193 1 3.347982 2.188839 1 3.553136 1.837178 1 3.719153 1.472379 1 3.845596 1.100633 1 3.933222 0.7278522 1 3.98382 0.3594177 0.925 3.951356 0.621923 0.925 3.988169 0.3074213 0.925 3.88782 0.9406682 0.925 3.796229 1.260414 0.925 3.675762 1.577584 0.925 3.526198 1.888366 0.925 3.347982 2.188839 0.925 3.142256 2.475122 0.925 2.910855 2.743524 0.925 2.656258 2.990701 0.925 2.381504 3.213788 0.925 2.090069 3.410515 0.925 1.785723 3.579273 0.925 1.472379 3.719153 0.925 1.153936 3.829939 0.925 0.8341407 3.91206 0.925 0.4115996 3.978767 0.925 0 4 0.925 -0.4115996 3.978767 0.925 -0.8341407 3.91206 0.925 -1.260414 3.796229 0.925 -1.68208 3.629133 0.925 -2.090069 3.410515 0.925 -2.475122 3.142256 0.925 -2.828427 2.828427 0.925 -3.142256 2.475122 0.925 -3.410515 2.090069 0.925 -3.629133 1.68208 0.925 -3.796229 1.260414 0.925 -3.91206 0.8341407 0.925 -3.978767 0.4115996 1 0 0 0.07499998 2.090069 3.410515 0.07499998 3.951356 0.621923 0.07499998 3.988169 0.3074213 0.07499998 3.88782 0.9406682 0.07499998 3.796229 1.260414 0.07499998 3.675762 1.577584 0.07499998 3.526198 1.888366 0.07499998 3.347982 2.188839 0.07499998 3.142256 2.475122 0.07499998 2.910855 2.743524 0.07499998 2.656258 2.990701 0.07499998 2.381504 3.213788 0.07499998 1.785723 3.579273 0.07499998 1.472379 3.719153 0.07499998 1.153936 3.829939 0.07499998 0.8341407 3.91206 0.07499998 0.4115996 3.978767 0.07499998 0 4 0.07499998 -0.4115996 3.978767 0.07499998 -0.8341407 3.91206 0.07499998 -1.260414 3.796229 0.07499998 -1.68208 3.629133 0.07499998 -2.090069 3.410515 0.07499998 -2.475122 3.142256 0.07499998 -2.828427 2.828427 0.07499998 -3.142256 2.475122 0.07499998 -3.410515 2.090069 0.07499998 -3.629133 1.68208 0.07499998 -3.796229 1.260414 0.07499998 -3.91206 0.8341407 0.07499998 -3.978767 0.4115996</float_array>
          <technique_common>
            <accessor source="#Body1_001-mesh-positions-array" count="1562" stride="3">
              <param name="X" type="float"/>
              <param name="Y" type="float"/>
              <param name="Z" type="float"/>
            </accessor>
          </technique_common>
        </source>
        <source id="Body1_001-mesh-normals">
          <float_array id="Body1_001-mesh-normals-array" count="5442">-1.01184e-5 1 -1.41622e-5 4.10731e-6 1 -2.36409e-5 2.50316e-6 0.995272 -0.09712797 1.32655e-6 0.9946915 -0.102902 -3.61353e-7 0.9833731 -0.1815975 1.02713e-6 0.9780143 -0.2085382 3.11546e-5 0.9636495 -0.2671698 2.919e-6 0.9490574 -0.3151037 4.97326e-6 0.9356864 -0.3528329 1.1716e-5 0.9072859 -0.4205144 -6.91786e-6 0.8992552 -0.4374245 1.95e-5 0.8526316 -0.5225126 -2.76882e-6 0.8543191 -0.5197491 2.37934e-5 0.80112 -0.5985038 1.9304e-6 0.7855641 -0.6187803 3.05846e-5 0.7400738 -0.6725258 0 0.7071056 -0.707108 2.95863e-5 0.6718825 -0.7406578 1.25901e-5 0.6187819 -0.7855629 3.19816e-5 0.5974494 -0.8019067 3.41488e-5 0.5225111 -0.8526326 1.05647e-5 0.5178391 -0.8554782 1.14087e-5 0.4343034 -0.9007667 2.6633e-5 0.4205111 -0.9072874 -1.35228e-6 0.3480065 -0.9374921 4.5218e-6 0.3151033 -0.9490574 2.97874e-5 0.2602762 -0.9655342 6.29574e-7 0.208528 -0.9780165 1.05016e-5 0.1723009 -0.9850444 -3.02889e-6 0.1029313 -0.9946885 8.23103e-6 0.08520829 -0.9963632 4.19666e-5 0 -1 0 0 -1 6.77444e-6 -0.08520716 -0.9963634 -3.80492e-6 -0.1029313 -0.9946885 1.036e-5 -0.1723011 -0.9850444 3.06033e-6 -0.2085177 -0.9780187 -2.34134e-6 -0.2602726 -0.9655352 9.33278e-6 -0.288469 -0.9574893 1.08844e-5 -0.3479994 -0.9374948 -1.2259e-5 -0.3681026 -0.9297852 3.00421e-6 -0.4342862 -0.900775 4.88289e-5 -0.4464098 -0.8948287 -2.41189e-6 -0.5178574 -0.855467 2.16812e-5 -0.5225136 -0.852631 -1.42984e-5 -0.5974681 -0.8018926 -1.40607e-5 -0.5953795 -0.8034446 -2.03177e-5 -0.6640676 -0.7476726 -3.13353e-5 -0.6302984 -0.7763531 -2.69022e-5 -0.7070999 -0.7071137 -3.01004e-6 0.9959552 -0.08985131 -7.40029e-6 0.9833055 -0.1819629 8.86247e-6 0.9613985 -0.2751602 -3.97451e-5 0.9297885 -0.3680942 -2.64347e-5 0.8882821 -0.4592984 2.98023e-6 0.8369968 -0.5472079 -1.70749e-5 0.7763406 -0.6303138 0 0.7071072 -0.7071065 -1.58418e-5 0.630313 -0.7763411 -8.23289e-7 0.5472083 -0.8369966 -2.73138e-5 0.4592987 -0.888282 9.35793e-6 0.3680937 -0.9297888 -3.713e-5 0.2751515 -0.9614009 -6.17281e-6 0.1819602 -0.9833059 -1.60979e-5 0.08983445 -0.9959567 0 0 -1 -1.65841e-5 -0.08983325 -0.9959568 -7.52509e-6 -0.1819602 -0.9833059 -8.82172e-6 -0.2751352 -0.9614056 -1.06543e-5 -0.3680941 -0.9297886 5.67408e-7 -0.4592924 -0.8882852 -1.00564e-5 -0.5472131 -0.8369935 3.07066e-5 -0.7277138 -0.685881 -1.10143e-5 -0.7763389 -0.6303158 -8.64267e-7 -0.7855643 -0.6187801 -2.98005e-5 -0.8369963 -0.5472086 -2.4287e-5 -0.8369926 -0.5472145 -2.16998e-5 -0.8815379 -0.4721134 -7.45244e-6 -0.8543245 -0.5197401 -6.45407e-6 -0.8992536 -0.4374278 -1.00408e-6 -0.9189367 -0.3944053 9.05246e-7 -0.9356868 -0.3528321 -7.73882e-6 -0.9490576 -0.3151025 1.64472e-6 -0.963649 -0.2671717 -1.0818e-5 -0.971953 -0.2351751 -4.15836e-6 -0.9833737 -0.181594 6.49714e-6 -0.9878423 -0.1554601 -1.64006e-5 -0.9952722 -0.09712612 1.89058e-6 -0.9970417 -0.07686281 -1.01198e-5 -1 1.41622e-5 4.10737e-6 -1 2.35319e-5 -2.32935e-6 -0.9959542 -0.08986312 -1.04588e-5 -0.9833047 -0.1819669 1.42232e-5 -0.9613988 -0.275159 -2.05152e-5 -0.9297909 -0.3680884 -9.01823e-6 -0.8882935 -0.4592764 7.27735e-6 -0.8011159 -0.5985093 2.24495e-5 -0.7400871 -0.6725112 8.42032e-7 -0.6718875 -0.7406533 -4.73531e-6 1 -6.6624e-6 2.10688e-6 1 -3.63002e-6 -3.23076e-6 0.9959546 -0.08985769 1.8049e-6 0.9946892 -0.102925 6.25849e-6 0.9833059 -0.1819601 6.25383e-7 0.978016 -0.2085298 -8.9854e-6 0.9613984 -0.2751604 -1.83587e-7 0.9490489 -0.3151288 3.97153e-5 0.9297886 -0.368094 0 0.9072972 -0.4204899 2.65352e-5 0.8882822 -0.4592981 5.18281e-7 0.8526253 -0.5225229 -3.06591e-6 0.8369969 -0.5472076 2.26544e-7 0.7855654 -0.6187787 1.83824e-5 0.776341 -0.6303131 0 0.7071073 -0.7071064 0 0.7071073 -0.7071064 1.66148e-5 0.6303135 -0.7763407 -6.73346e-7 0.6187785 -0.7855656 3.46452e-7 0.547208 -0.8369968 1.99769e-7 0.5225233 -0.852625 2.4952e-5 0.4592981 -0.8882822 0 0.4204912 -0.9072967 -6.98492e-6 0.3680944 -0.9297884 2.60072e-7 0.3150832 -0.9490641 3.64408e-5 0.2751515 -0.9614009 1.20653e-6 0.2085295 -0.9780161 6.72229e-6 0.1819627 -0.9833055 -2.82424e-7 0.1028954 -0.9946923 1.62534e-5 0.08983534 -0.9959567 0 0 -1 0 0 -1 1.61035e-5 -0.08983427 -0.9959567 2.63564e-7 -0.1028953 -0.9946922 7.46734e-6 -0.181963 -0.9833054 6.38654e-7 -0.2085295 -0.9780161 -6.97468e-6 -0.2751792 -0.961393 -5.47152e-7 -0.2884756 -0.9574873 -3.85242e-5 -0.3680981 -0.929787 0 -0.3684426 -0.9296505 3.8743e-7 -0.4464462 -0.8948105 3.84809e-5 -0.3680981 -0.929787 1.12853e-6 -0.4592919 -0.8882855 -1.51433e-6 0.9959554 -0.08984982 -7.36676e-6 0.9833054 -0.1819627 8.76561e-6 0.9613984 -0.2751604 -3.99016e-5 0.9297884 -0.3680946 -2.64756e-5 0.8882818 -0.4592991 2.73436e-6 0.8369968 -0.5472078 -1.82744e-5 0.7763414 -0.6303128 0 0.7071075 -0.7071061 -1.60355e-5 0.6303128 -0.7763414 -1.05798e-6 0.5472077 -0.836997 -2.73958e-5 0.4592983 -0.8882821 -3.95104e-5 0.3680939 -0.9297887 1.10306e-5 0.2751591 -0.9613987 -1.61044e-5 0.08983445 -0.9959567 -1.65924e-5 -0.08983331 -0.9959568 -8.82219e-6 -0.275135 -0.9614056 -1.30672e-6 -0.5224937 -0.8526432 -9.34489e-6 -0.5472128 -0.8369936 1.93612e-6 -0.5953919 -0.8034355 -3.09292e-5 -0.6302987 -0.7763529 0 -0.6640611 -0.7476783 -2.64104e-5 -0.7070994 -0.7071142 1.50112e-7 -0.7277147 -0.68588 -1.10359e-5 -0.7763388 -0.6303159 1.6189e-7 -0.785565 -0.6187792 1.92439e-5 -0.836995 -0.5472108 0 -0.837073 -0.5470913 -1.53274e-6 -0.8815413 -0.4721069 2.97641e-5 -0.8369963 -0.5472088 9.38168e-6 -0.8882941 -0.4592754 1.14529e-6 -0.9189449 -0.394386 2.06558e-5 -0.9297909 -0.3680883 1.69384e-7 -0.9490669 -0.3150748 -1.41151e-5 -0.9613991 -0.2751578 -1.48313e-7 -0.971953 -0.2351754 1.03796e-5 -0.9833047 -0.1819672 -2.57511e-7 -0.9878368 -0.1554945 2.21375e-6 -0.9959542 -0.08986312 -4.13507e-7 -0.9970415 -0.07686501 -4.73484e-6 -1 6.6624e-6 2.10805e-6 -1 3.62792e-6 -2.37126e-6 -0.9959542 -0.08986324 -1.04923e-5 -0.9833047 -0.181967 1.41393e-5 -0.9613991 -0.2751579 -2.05329e-5 -0.9297909 -0.3680883 -8.97842e-6 -0.8882936 -0.4592761 1.15409e-5 -0.7763387 -0.630316 2.78465e-5 -0.7070999 -0.7071138 3.09013e-5 -0.6302976 -0.7763536 8.3372e-6 -0.5472115 -0.8369944 -7.1479e-7 -0.4592916 -0.8882855 -1 4.69014e-6 -4.36977e-5 -1 1.28057e-6 -1.48267e-6 -0.9836683 0.0138098 -0.1794605 -0.9833075 -6.33533e-5 -0.1819521 -0.9313062 0.02796673 -0.363162 -0.9297918 -3.18886e-5 -0.368086 -0.8406628 0.04162412 -0.5399569 -0.8370044 -3.79389e-5 -0.5471962 -0.7134241 0.05385309 -0.6986601 -0.7071089 -7.9528e-7 -0.7071048 -0.54721 -2.26195e-7 -0.8369954 -0.5564652 0.06385022 -0.828414 -0.3680989 7.96153e-6 -0.9297866 -0.3800829 0.07108497 -0.922217 -0.1819758 2.10899e-5 -0.9833031 -0.1960886 0.07537311 -0.9776851 -1.33982e-6 -1.90679e-5 -1 -0.01536214 0.07689124 -0.9969211 0.1819686 9.23808e-6 -0.9833044 0.1679112 0.07577502 -0.9828856 0.3681008 1.98904e-5 -0.929786 0.3560934 0.07182693 -0.9316859 0.5471965 1.69725e-5 -0.8370041 0.5378837 0.06478947 -0.8405258 0.7071155 -3.57837e-5 -0.707098 0.7007339 0.05483227 -0.7113125 0.8333495 0.04247874 -0.5511118 0.7007749 0.1109298 -0.7047051 0.8333251 0.08594512 -0.5460611 0.7007327 0.1677746 -0.6934158 0.833374 0.1299963 -0.5372047 0.7007914 0.2247968 -0.6770213 0.8333213 0.1741833 -0.5246294 0.700778 0.2813618 -0.6555501 0.8333138 0.2180184 -0.5079923 0.7007626 0.3367916 -0.6288905 0.8333293 0.2609612 -0.4873003 0.7007403 0.3903895 -0.5971257 0.8333165 0.3024939 -0.4626892 0.7007492 0.4414436 -0.5604269 0.8333237 0.3420524 -0.4342486 0.700787 0.4892878 -0.5191293 0.8333531 0.3791149 -0.4022369 0.7007504 0.533396 -0.4737484 0.8333785 0.4132406 -0.3670318 0.7007466 0.5731867 -0.4247485 0.8333212 0.4441374 -0.3291168 0.7007372 0.6082816 -0.3727747 0.8333386 0.4713009 -0.2888295 0.7007565 0.6383621 -0.3184875 0.8333509 0.4946035 -0.2467666 0.7007395 0.6633264 -0.2626069 0.8333345 0.5139579 -0.2034728 0.7007844 0.6830404 -0.2058085 0.8333652 0.5292201 -0.159464 0.7007372 0.6977396 -0.1487512 0.833333 0.5406215 -0.1152589 0.7007822 0.7095865 -0.07342696 0.8333043 0.5498816 -0.05687105 0.700751 0.713406 0 0.8333353 0.552768 -3.06084e-7 0.7007492 0.70962 0.0734173 0.8333292 0.549843 0.05688065 0.7007592 0.6977117 0.1487787 0.8332969 0.5406748 0.1152691 0.7007635 0.6770485 0.2248021 0.8333086 0.524649 0.1741847 0.7007579 0.6472526 0.3000044 0.8333387 0.5015113 0.2324502 0.7007455 0.6082736 0.372772 0.8333084 0.4713425 0.2888488 0.7007231 0.5604476 0.4414586 0.8332964 0.4342826 0.3420758 0.700726 0.5044717 0.5044716 0.8333263 0.3908758 0.3908752 0.7007224 0.441459 0.5604482 0.8333472 0.3420323 0.4342194 0.7007463 0.3727716 0.6082729 0.8333093 0.2888482 0.4713412 0.7007595 0.3000038 0.6472509 0.8333129 0.2324602 0.5015494 0.7007631 0.224802 0.6770489 0.8333085 0.1741847 0.5246492 0.7007604 0.1487784 0.6977104 0.8332977 0.1152693 0.5406737 0.7007198 0.07343882 0.7096468 0.8333111 0.05687952 0.5498704 0.7071155 3.57618e-5 0.7070981 0.8369999 1.92914e-5 0.5472032 0.9282183 0.03829145 0.3700606 0.929794 5.31874e-5 0.3680804 0.9829316 0.01902836 0.1829845 0.9833053 -1.39757e-6 0.1819632 1 3.63681e-7 1.39773e-5 1 4.89317e-6 1.40816e-5 0.8369999 -1.9352e-5 -0.5472033 0.9283074 0.02851599 -0.3707186 0.9281197 0.05776435 -0.3677735 0.9281772 0.08749419 -0.3617069 0.9281916 0.1172485 -0.3531479 0.9282036 0.1467503 -0.3419102 0.9281296 0.1757092 -0.3281795 0.9281376 0.2036749 -0.3115723 0.9281775 0.230269 -0.2923402 0.9281454 0.2552955 -0.2708699 0.9281798 0.2782351 -0.2471187 0.9282806 0.2987733 -0.2214267 0.9281697 0.3173173 -0.1944497 0.9281609 0.333042 -0.1661344 0.9282505 0.3458236 -0.1369568 0.9282358 0.3561646 -0.1073553 0.9281975 0.363913 -0.07756805 0.9282063 0.37009 -0.03829646 0.9281982 0.3720863 -1.88624e-7 0.9281895 0.3701331 0.03828567 0.9281892 0.3639289 0.0775941 0.9282013 0.3531227 0.1172472 0.9281734 0.3376474 0.1564877 0.9282084 0.3172276 0.1944114 0.9282028 0.2922878 0.2302335 0.9282064 0.2630904 0.2630904 0.9282018 0.2302349 0.2922898 0.9282086 0.1944113 0.3172271 0.9282081 0.1564648 0.3375627 0.9281846 0.1172512 0.3531653 0.9282064 0.07759761 0.363884 0.9297941 -5.31244e-5 -0.3680802 0.9829269 0.01412856 -0.1834536 0.9829245 0.028602 -0.1817733 0.9829311 0.04326498 -0.178815 0.9829284 0.05797678 -0.1746155 0.9829323 0.07255429 -0.169057 0.9829288 0.08686566 -0.16219 0.982896 0.1008052 -0.1541225 0.9829203 0.1138438 -0.144594 0.9829351 0.1261749 -0.1338607 0.9829301 0.1375564 -0.1221745 0.9829267 0.1478336 -0.1095463 0.9829293 0.1568716 -0.09613287 0.9829196 0.1646961 -0.08212387 0.9829397 0.171019 -0.0676915 0.9829227 0.1761869 -0.05311644 0.9829338 0.1799144 -0.03836548 0.9829309 0.1830029 -0.01889044 0.9830154 0.1835232 -2.68479e-7 0.9829309 0.183003 0.01889014 0.9829275 0.1799455 0.03838121 0.9829267 0.1746228 0.05798274 0.9829216 0.1669647 0.07738238 0.9829217 0.1569194 0.09613257 0.9829275 0.1445003 0.1138998 0.9829471 0.1300294 0.1300293 0.9829322 0.1138135 0.1445371 0.9829217 0.09613257 0.1569191 0.9829301 0.07736665 0.1669214 0.9829354 0.0579583 0.1745817 0.9829274 0.03838193 0.179946 0.9833055 1.40958e-6 -0.1819631 1 -4.89317e-6 -1.40816e-5 1 -3.78024e-6 -2.98768e-6 1 8.15839e-7 -3.81395e-5 1 -4.24683e-7 -9.71556e-6 1 1.17384e-5 -4.09037e-5 1 1.91294e-5 -3.89516e-5 1 1.05165e-5 -2.2389e-5 1 1.17049e-5 -1.38432e-5 1 1.80677e-5 -1.95242e-5 1 1.69054e-5 -2.21394e-5 1 2.91988e-5 -2.11857e-5 1 1.47745e-5 -1.63168e-5 1 1.55717e-5 -7.93301e-6 1 7.56234e-6 -6.25849e-6 1 2.86624e-5 -7.11996e-6 1 1.44765e-5 -4.85126e-6 1 2.30893e-5 -5.38817e-6 1 1.52588e-5 -5.73043e-6 1 2.902e-5 5.06453e-6 1 4.35635e-5 4.08851e-6 1 1.10269e-5 -1.99303e-6 1 3.98457e-5 1.75983e-5 1 3.66792e-5 2.19792e-5 1 1.28299e-5 9.15304e-6 1 3.71002e-5 2.93106e-5 1 1.11274e-5 1.131e-5 1 2.37115e-5 3.49432e-5 1 2.66954e-5 3.52263e-5 1 7.62567e-6 7.53999e-6 1 1.37556e-5 3.98904e-5 1 7.17212e-6 2.88785e-5 0.5471965 -1.68933e-5 0.8370043 0.3681017 -1.9515e-5 0.9297855 0.5378926 0.08677285 0.8385357 0.1819683 -9.40621e-6 0.9833045 0.3560785 0.09618175 0.929493 -9.75328e-7 1.90829e-5 1 0.1678845 0.1014465 0.9805731 -0.1819762 -2.07913e-5 0.983303 -0.01537692 0.1029074 0.9945722 -0.3680989 -8.02928e-6 0.9297868 -0.1960649 0.1008912 0.9753869 -0.5472092 -1.39466e-7 0.836996 -0.3800932 0.09519982 0.9200361 -0.7070762 -7.84337e-6 0.7071374 -0.556479 0.08548587 0.8264522 -0.7134184 0.07210397 0.6970189 -0.5564679 0.173263 0.812603 -0.713452 0.1461299 0.6852973 -0.5564947 0.2618086 0.7885239 -0.7134228 0.2208026 0.6650369 -0.5565134 0.3493912 0.753803 -0.713416 0.2946734 0.6357714 -0.5564854 0.4341382 0.7084124 -0.7134357 0.3661397 0.5974541 -0.5564908 0.514117 0.6526881 -0.7134156 0.4336045 0.5504775 -0.5564929 0.5875012 0.5875015 -0.7134181 0.4954971 0.4954969 -0.5564907 0.6526882 0.5141172 -0.7134475 0.5504506 0.4335859 -0.5564848 0.7084128 0.4341384 -0.7134688 0.5974228 0.3661262 -0.5564345 0.7538573 0.3493993 -0.7134162 0.6357713 0.2946732 -0.5564556 0.788552 0.2618075 -0.7134873 0.6649688 0.2207996 -0.5564696 0.8126017 0.1732631 -0.7134844 0.6852626 0.1461343 -0.5565139 0.8264267 0.08550554 -0.713409 0.6970289 0.07209926 -0.5564728 0.8308659 1.60995e-7 -0.713443 0.7007134 -7.92741e-7 -0.5565132 0.8264272 -0.08550566 -0.7134088 0.6970292 -0.0720992 -0.5564778 0.8125965 -0.1732612 -0.713429 0.6853228 -0.1461227 -0.5564854 0.795533 -0.2396904 -0.7134433 0.670921 -0.2021479 -0.5565037 0.7725088 -0.3058335 -0.7134661 0.6514905 -0.257927 -0.5564785 0.7434703 -0.3709228 -0.7134496 0.6270035 -0.31282 -0.5565276 0.7083866 -0.4341263 -0.7134619 0.5974298 -0.3661279 -0.5564973 0.6675429 -0.4946689 -0.7134392 0.5629888 -0.4171909 -0.5565394 0.6211835 -0.55172 -0.713477 0.5238792 -0.4652968 -0.5565009 0.5698626 -0.6046184 -0.713411 0.4806281 -0.5099425 -0.5564975 0.5141141 -0.6526846 -0.7134081 0.4336088 -0.5504837 -0.5564924 0.4546518 -0.6954193 -0.7134 0.3834587 -0.5865321 -0.5565235 0.3922333 -0.732417 -0.7134535 0.3307988 -0.6177024 -0.55647 0.3276903 -0.7635185 -0.7134716 0.2763543 -0.6438841 -0.5564875 0.2618076 -0.7885294 -0.7134461 0.2208001 -0.6650128 -0.5564754 0.1953916 -0.8075625 -0.7134606 0.1647887 -0.6810424 -0.5564885 0.1291844 -0.8207509 -0.7134345 0.1089507 -0.6922001 -0.8370042 3.81104e-5 0.5471965 -0.8406304 0.05573439 0.538734 -0.8406316 0.1129485 0.5296994 -0.8406435 0.1706643 0.5139964 -0.8406447 0.2277545 0.4913702 -0.8406417 0.2829944 0.4617747 -0.8406297 0.3351384 0.4254692 -0.8406336 0.3829722 0.382972 -0.8406296 0.4254692 0.3351384 -0.8406423 0.4617738 0.2829939 -0.8406462 0.4913679 0.2277538 -0.8405926 0.5140775 0.1706709 -0.8406559 0.5296599 0.112952 -0.8406625 0.5386823 0.05574911 -0.8406195 0.5416262 0 -0.8406625 0.5386823 -0.05574882 -0.840627 0.5297116 -0.1129245 -0.840678 0.5185058 -0.1562444 -0.8406229 0.5035929 -0.1993681 -0.8406134 0.4846664 -0.241801 -0.8406769 0.4617251 -0.2829707 -0.8406867 0.4350799 -0.3224149 -0.8406914 0.404875 -0.3596029 -0.8406413 0.3714683 -0.394124 -0.8406885 0.3350861 -0.4253943 -0.8406808 0.2963389 -0.453254 -0.8406174 0.2556978 -0.4774737 -0.8406533 0.2136028 -0.4976704 -0.8406338 0.1706655 -0.5140119 -0.8406383 0.1273723 -0.5264063 -0.84064 0.08421617 -0.5350065 -0.9297919 3.18227e-5 0.3680858 -0.9313709 0.0374673 0.362139 -0.9313864 0.07593023 0.3560252 -0.9314152 0.1147133 0.3454079 -0.9313536 0.1531141 0.3303585 -0.9313719 0.1902345 0.310415 -0.9313648 0.2252905 0.286014 -0.9313682 0.2574428 0.2574423 -0.9313478 0.2860497 0.2253154 -0.9313713 0.310416 0.190235 -0.931371 0.3303146 0.1531022 -0.9313651 0.345539 0.1147257 -0.9313532 0.3561137 0.07592344 -0.9313871 0.3620957 0.03748035 -0.9313466 0.3641341 -1.69497e-7 -0.9313707 0.3621391 -0.03746938 -0.9313613 0.3560877 -0.07594627 -0.9314045 0.3484985 -0.1050445 -0.9314184 0.3383805 -0.1340085 -0.931431 0.3256228 -0.1625001 -0.9314406 0.3102493 -0.1901677 -0.9313454 0.2925677 -0.2167948 -0.9314003 0.2721488 -0.24172 -0.931401 0.2496584 -0.2648828 -0.9313469 0.2253158 -0.286052 -0.931308 0.1992948 -0.3048723 -0.9315519 0.1717453 -0.3204911 -0.9313737 0.1435923 -0.3345512 -0.9314093 0.1147306 -0.3454182 -0.9313479 0.08561259 -0.3539234 -0.931335 0.05657523 -0.3597422 -0.9833049 1.09936e-4 0.1819657 -0.9836759 0.01874148 0.1789705 -0.9836665 0.03757357 0.1760354 -0.9836711 0.05671632 0.1708056 -0.9836651 0.07569271 0.163321 -0.9836589 0.09403067 0.1535364 -0.9836912 0.1110579 0.1414844 -0.9837129 0.1271005 0.1271004 -0.9836844 0.1414294 0.1111887 -0.9836736 0.1534441 0.09402757 -0.9836651 0.1633205 0.07569253 -0.9836627 0.1708457 0.05674004 -0.9836459 0.1761279 0.03767955 -0.9836757 0.1789606 0.01884919 -0.9837649 0.1794622 1.35703e-7 -0.9836757 0.1789752 -0.0187081 -0.9836654 0.1760521 -0.03752654 -0.9836592 0.1723669 -0.05200374 -0.9836362 0.167492 -0.06637966 -0.9836624 0.16111 -0.08032298 -0.9836618 0.1535074 -0.09404832 -0.9836745 0.1445861 -0.1071415 -0.9836695 0.1345677 -0.1195237 -0.9836755 0.1234253 -0.1309539 -0.9836562 0.111353 -0.1414959 -0.9836505 0.09857618 -0.1507133 -0.9836645 0.08502399 -0.1586665 -0.9836656 0.07101047 -0.1654077 -0.9836687 0.05671888 -0.1708182 -0.9836719 0.04232233 -0.1749246 -0.9836666 0.0279743 -0.1778132 -1 -1.28057e-6 1.48267e-6 -1 2.6403e-6 3.81321e-5 -1 1.75089e-7 8.70228e-6 -1 -2.25194e-6 1.98036e-5 -1 7.47666e-6 3.32743e-5 -1 6.4075e-6 1.83135e-5 -1 1.11274e-5 1.58101e-5 -1 1.19954e-6 1.00881e-5 -1 1.0781e-5 1.89729e-5 -1 3.2559e-6 9.56282e-6 -1 1.38953e-5 1.25952e-5 -1 1.38879e-5 1.51023e-5 -1 2.94745e-5 1.62125e-5 -1 1.7941e-5 7.09854e-6 -1 8.64267e-6 2.26311e-6 -1 1.26287e-5 4.35719e-6 -1 4.31016e-5 5.27361e-6 -1 1.32322e-5 5.99213e-6 -1 9.00775e-6 -1.69501e-7 -1 0 2.65613e-6 -1 3.10391e-5 -1.11014e-5 -1 1.02669e-5 2.06381e-6 -1 9.93907e-6 1.13994e-6 -1 3.57777e-5 -2.35662e-5 -1 3.54834e-5 -2.81408e-5 -1 3.20747e-6 -3.89665e-6 -1 2.84016e-5 -2.91541e-5 -1 1.92299e-5 -2.58237e-5 -1 9.10461e-6 -1.31428e-5 -1 7.23079e-6 -2.73511e-5 -1 9.04966e-6 -1.08853e-5 0.5378959 0.131074 -0.832759 0.5378753 0.1982496 -0.8193823 0.5378981 0.2656375 -0.8000642 0.5379114 0.3324796 -0.7746668 0.5379302 0.3979719 -0.7431349 0.5379362 0.4612933 -0.705573 0.5379028 0.5216366 -0.6622356 0.5379087 0.5782001 -0.6134647 0.5379049 0.630294 -0.5598106 0.5379028 0.677311 -0.5019068 0.537895 0.7187759 -0.4404887 0.537845 0.7543731 -0.3763564 0.5379083 0.7838136 -0.3103079 0.5379309 0.8071469 -0.243196 0.5379019 0.8244808 -0.1757639 0.5379149 0.8385234 -0.0867536 0.5379131 0.8430004 0 0.537876 0.8385494 0.08674341 0.5379076 0.8244692 0.1758017 0.5378936 0.800067 0.2656379 0.5379106 0.7648397 0.3545032 0.537924 0.7187579 0.4404826 0.5378885 0.6622429 0.5216419 0.5378919 0.5961011 0.5961006 0.5378898 0.5216416 0.6622421 0.5379239 0.4404827 0.7187579 0.5379123 0.3545034 0.7648385 0.5378958 0.2656378 0.8000655 0.5378684 0.1757963 0.8244957 0.3561061 0.1452941 -0.9230808 0.3560752 0.219754 -0.9082503 0.3560895 0.2944513 -0.8868477 0.3561376 0.3685437 -0.858686 0.3561043 0.4411469 -0.8237592 0.356107 0.5113393 -0.7821252 0.3561086 0.5782173 -0.734065 0.3560677 0.6409284 -0.6800196 0.3560659 0.6986734 -0.6205422 0.3561097 0.7507753 -0.5563474 0.3561066 0.7967337 -0.4882661 0.3561013 0.8361592 -0.4171686 0.3560932 0.8688402 -0.3439689 0.3560851 0.8947245 -0.2695768 0.3560853 0.9139147 -0.1948419 0.3560784 0.9294955 -0.09615725 0.3560775 0.9344565 -3.3528e-7 0.3560779 0.9294957 0.09615743 0.3560913 0.9139062 0.194871 0.3560535 0.8868626 0.2944499 0.3560535 0.8478263 0.3929587 0.3560968 0.7967368 0.4882681 0.3560911 0.7340707 0.5782209 0.356139 0.6607439 0.660744 0.3560951 0.5782203 0.7340692 0.3560954 0.4882687 0.7967371 0.356054 0.3929589 0.8478261 0.3560566 0.2944496 0.8868614 0.3560897 0.1948705 0.9139068 0.1678856 0.1532742 -0.9738181 0.1679323 0.2318341 -0.9581502 0.1678872 0.3106316 -0.9355865 0.167885 0.3887984 -0.9058976 0.1678851 0.4653909 -0.8690373 0.1678856 0.5394431 -0.8251156 0.1678827 0.6099981 -0.7744144 0.1678826 0.6761463 -0.7173853 0.1678824 0.7370632 -0.6546398 0.1679304 0.7920361 -0.5869228 0.1678856 0.8405268 -0.5151011 0.167885 0.8821177 -0.4400944 0.1678881 0.9165906 -0.3628708 0.1678896 0.9438937 -0.28439 0.16789 0.9641351 -0.2055637 0.167851 0.9805805 -0.1014305 0.1678507 0.9858124 -2.48199e-7 0.167851 0.9805804 0.1014304 0.1678861 0.9641332 0.205576 0.1678711 0.9355901 0.3106293 0.1679002 0.8944024 0.4145527 0.1679317 0.8405172 0.5151016 0.1679165 0.7744087 0.6099961 0.1679161 0.6970669 0.6970667 0.1678727 0.6099987 0.7744162 0.1678834 0.5151011 0.8405272 0.1679035 0.4145532 0.8944016 0.167871 0.3106291 0.9355902 0.1678869 0.2055759 0.9641332 -0.01521015 0.1556383 -0.987697 -0.01533424 0.2351805 -0.9718307 -0.01525384 0.3151683 -0.9489133 -0.0153926 0.3943392 -0.9188362 -0.01530647 0.4720721 -0.8814271 -0.01533246 0.5471609 -0.8368871 -0.0153554 0.6187116 -0.7854682 -0.01537048 0.6858003 -0.7276274 -0.01489311 0.7475536 -0.6640346 -0.01489174 0.8032724 -0.5954257 -0.01532387 0.8525156 -0.522477 -0.01541733 0.894723 -0.4463553 -0.01538205 0.9296796 -0.3680477 -0.01524418 0.9573389 -0.2885652 -0.01537466 0.9779045 -0.2084861 -0.01531922 0.9945628 -0.1030066 -0.01489967 0.999889 2.94821e-7 -0.01531922 0.9945628 0.1030066 -0.01535916 0.9778926 0.2085431 -0.01521271 0.9488661 0.3153122 -0.01532703 0.9071506 0.4205271 -0.0151605 0.8524343 0.5226146 -0.01534587 0.7854631 0.6187184 -0.01490235 0.7070284 0.7070282 -0.01534467 0.6187187 0.7854627 -0.01527094 0.5225337 0.852482 -0.01538664 0.4204601 0.9071807 -0.01531541 0.3151584 0.9489156 -0.01535969 0.2085424 0.9778927 -0.1960859 0.1524657 -0.9686612 -0.196089 0.2306047 -0.9530848 -0.1960958 0.3089894 -0.9306299 -0.1960929 0.3867416 -0.9010986 -0.1960932 0.4629281 -0.8644334 -0.1960928 0.5365871 -0.8207448 -0.1960906 0.6067679 -0.7703124 -0.1960931 0.6725652 -0.713585 -0.1960911 0.7331591 -0.6511728 -0.1960906 0.7878482 -0.5838181 -0.1960467 0.8360838 -0.5123766 -0.1960939 0.8774444 -0.4377655 -0.1960941 0.9117354 -0.360951 -0.1960936 0.9388942 -0.2828869 -0.1960787 0.9590345 -0.2044655 -0.1960743 0.9753836 -0.1009048 -0.1960701 0.9805899 1.47891e-7 -0.1960746 0.9753835 0.1009045 -0.1960664 0.9590324 0.2044875 -0.1960515 0.9306407 0.3089851 -0.1960838 0.889669 0.4123594 -0.1960223 0.8360902 0.5123755 -0.1961041 0.7703092 0.6067677 -0.1960506 0.6933848 0.6933842 -0.1961046 0.6067675 0.7703093 -0.1960686 0.5123754 0.8360792 -0.196084 0.4123594 0.889669 -0.1960494 0.3089846 0.9306413 -0.1960666 0.2044875 0.9590323 -0.380117 0.1438153 -0.9136894 -0.3800861 0.217518 -0.8990109 -0.3800557 0.2914551 -0.8778449 -0.3801063 0.3647961 -0.8499666 -0.3801143 0.4366583 -0.8153789 -0.3801172 0.5061368 -0.7741682 -0.3800759 0.572344 -0.7266118 -0.3801237 0.634396 -0.6730883 -0.3801204 0.6915519 -0.6142185 -0.3801208 0.743137 -0.5506866 -0.3801164 0.7886281 -0.4832984 -0.3801105 0.8276532 -0.4129243 -0.3801023 0.8600019 -0.3404691 -0.3800942 0.8856231 -0.2668336 -0.3800889 0.9046151 -0.1928836 -0.380101 0.9200348 -0.0951808 -0.3800957 0.9249473 -3.67829e-7 -0.3801015 0.9200345 0.09518074 -0.3800717 0.9046228 0.1928815 -0.3800783 0.8778353 0.2914546 -0.3801252 0.8391752 0.3889598 -0.3801238 0.7886246 0.4832984 -0.3800778 0.7266114 0.5723432 -0.3800757 0.6540424 0.6540422 -0.3801221 0.5723344 0.7265952 -0.3800793 0.4833036 0.7886427 -0.3801242 0.3889599 0.8391758 -0.3800795 0.2914541 0.8778349 -0.3801124 0.1928892 0.9046041 -3.1867e-5 -1 2.96228e-5 -5.3707e-6 -1 -1.38508e-5 1.64229e-5 -0.9875426 -0.1573525 -1.50258e-5 -0.978012 -0.2085487 -3.91807e-6 -0.950457 -0.3108564 -3.62634e-6 -0.9072802 -0.4205268 1.75273e-6 -0.9504511 -0.3108742 -4.18257e-6 -0.8933109 -0.4494394 1.33412e-6 -0.8128011 -0.5825414 -2.61437e-5 -0.7855753 -0.6187661 2.57541e-5 -0.7097936 -0.7044097 -5.40404e-5 -0.6187199 -0.7856118 -1.4442e-5 -0.5869856 -0.8095975 -9.19076e-6 -0.4205487 -0.90727 -1.84169e-6 -0.4488884 -0.8935879 -3.21562e-6 -0.3010328 -0.9536138 -7.51112e-6 -0.2085379 -0.9780144 -2.85025e-6 -0.1494728 -0.9887658 3.35912e-5 1.46916e-7 -1 0 0 -1 -2.96696e-6 0.1494728 -0.9887658 8.34628e-6 0.2085474 -0.9780123 3.31677e-5 0.3010291 -0.953615 -3.5723e-5 0.3681035 -0.9297849 -1.13626e-5 0.4488855 -0.8935893 -3.12561e-5 0.52251 -0.8526331 0 0.5870084 -0.809581 -8.94431e-6 0.6640615 -0.747678 2.57134e-5 0.7097917 -0.7044116 -4.56609e-5 0.7855529 -0.6187946 4.44348e-5 0.8128092 -0.58253 -6.1472e-5 0.8815512 -0.4720885 4.40385e-5 0.8933261 -0.4494092 2.40243e-5 0.9490737 -0.3150542 5.92368e-6 0.9504505 -0.310876 -2.29743e-6 0.9504655 -0.3108302 -5.36732e-5 0.9878405 -0.1554713 -2.19291e-7 0.9875364 -0.1573906 -3.1867e-5 1 -2.96205e-5 -5.37024e-6 1 1.38564e-5 -3.17721e-5 0.9833047 -0.1819667 -5.5097e-6 0.9297881 -0.3680954 4.41726e-6 0.8369954 -0.5472099 1.64825e-5 0.7071072 -0.7071064 -3.5381e-6 0.5472093 -0.8369959 -1.81934e-6 0.3680952 -0.9297881 6.00819e-6 -0.9833076 -0.1819512 -2.30875e-5 -0.9297931 -0.3680827 3.82308e-7 -0.8369954 -0.5472101 -3.86131e-5 -0.7071067 -0.707107 3.05008e-7 -0.54721 -0.8369954 -2.32277e-5 -0.3680828 -0.9297931 -1.82022e-5 -0.1819469 -0.9833084 -1.81143e-5 0.1819468 -0.9833084 -1.65914e-5 1 -1.18123e-5 2.19059e-6 1 1.92634e-5 -7.30786e-6 0.9833034 -0.1819741 1.74463e-7 0.9780154 -0.2085328 -1.31149e-5 0.9297864 -0.3680996 0 0.907267 -0.4205552 -3.47123e-5 0.8369927 -0.5472142 0 0.7854822 -0.6188843 -2.3318e-5 0.7071067 -0.707107 0 0.6187747 -0.7855685 1.10073e-5 0.5472084 -0.8369964 0 0.4204708 -0.9073061 -1.30413e-5 0.3680995 -0.9297864 -2.3836e-7 0.208549 -0.978012 2.88442e-6 0.1819581 -0.9833064 0 0 -1 0 0 -1 2.97895e-6 -0.1819581 -0.9833064 4.8324e-7 -0.208518 -0.9780186 -3.6289e-6 -0.3680973 -0.9297874 0 -0.3681356 -0.9297721 0 -0.5225753 -0.8525932 3.5062e-6 -0.3680974 -0.9297872 -3.0322e-5 -0.5472073 -0.8369972 -5.57563e-5 0.9832857 -0.1820694 1.3046e-5 0.9297864 -0.3680997 3.47528e-5 0.8369928 -0.547214 2.33222e-5 0.7071068 -0.7071068 -1.10287e-5 0.5472087 -0.8369962 1.30211e-5 0.3680998 -0.9297863 -2.91585e-6 0.1819581 -0.9833064 -2.83949e-6 -0.1819581 -0.9833064 0 -0.6640846 -0.7476575 5.83613e-6 -0.7071065 -0.7071071 0 -0.7851903 -0.6192547 2.64998e-5 -0.8369928 -0.5472139 0 -0.8814955 -0.4721924 3.9679e-6 -0.9297879 -0.3680958 0 -0.9490604 -0.3150945 8.48249e-6 -0.9833044 -0.1819683 0 -0.9878315 -0.1555283 2.19081e-6 -1 -1.92634e-5 -1.65908e-5 -1 1.18123e-5 -8.47527e-6 -0.9833044 -0.1819684 -3.92739e-6 -0.9297878 -0.368096 -2.65301e-5 -0.8369928 -0.5472138 -5.82123e-6 -0.7071064 -0.7071073 3.02992e-5 -0.5472071 -0.8369973 0 0 1 0 -1 0 -1 0 0 -1 0 0 -1 0 0 -1 0 0 -1 0 0 -1 0 0 -1 0 0 -1 0 0 -1 0 0 -1 0 0 -1 0 0 -1 0 0 -1 0 0 -1 0 0 -1 0 0 -1 0 0 -1 0 0 -1 0 0 -1 0 0 -1 0 0 -1 0 0 -1 0 0 -1 0 0 -1 0 0 -1 0 0 -1 0 0 -1 0 0 -1 0 0 -1 0 0 -1 0 0 -1 0 0 -1 0 0 -1 0 0 -1 0 0 -1 0 0 -1 0 0 -1 0 0 -1 0 0 -1 0 0 -1 0 0 -1 0 0 -1 0 0 -1 0 0 -1 0 0 -1 0 0 -1 0 0 -1 0 0 -1 0 0 -1 0 0 -1 0 0 -1 0 0 -1 0 0 -1 0 0 -1 0 0 -1 0 0 -1 0 0 -1 0 0 -1 0 0 -1 0 0 -1 0 0 -1 0 0 -1 0 0 -1 0 0 -1 0 0 -1 0 0 -1 0 0 -1 0 0 -1 0 0 -1 0 0 -1 0 0 -1 0 0 -1 0 0 -1 0 0 -1 0 0 -1 0 0 -1 0 0 -1 0 0 -1 0 0 -1 0 0 -1 0 0 -1 0 0 -1 0 0 -1 0 0 -1 0 0 -1 0 0 -1 0 0 -1 0 0 -1 0 0 -1 0 0 -1 0 0 -1 0 0 -1 0 0 -1 0 0 -1 0 0 -1 0 0 -1 0 0 -1 0 0 -1 0 0 -1 0 0 -1 0 0 -1 0 0 -1 0 0 -1 0 0 -1 0 0 0 1 0 -1 0 0 -1 0 0 -1 0 0 -1 0 0 -1 0 0 -1 0 0 -1 0 0 8.48202e-6 0.9833044 0.1819683 0 0.9878315 0.1555284 -8.47224e-6 0.9833044 0.1819684 0 0.9490604 0.3150945 -3.9232e-6 0.9297878 0.368096 3.35381e-7 0.8814734 0.4722337 -2.65301e-5 0.8369928 0.5472138 0 0.7851903 0.6192547 -5.82123e-6 0.7071064 0.7071073 1.49081e-7 0.6640846 0.7476575 3.02992e-5 0.5472071 0.8369973 0 0.5225753 0.8525932 -3.64287e-6 0.3680973 0.9297874 0 0.3681356 0.9297721 -9.42647e-7 0.2085179 0.9780185 3.46405e-6 0.3680974 0.9297872 -2.88442e-6 0.1819581 0.9833064 0 0 1 0 0 1 -2.97895e-6 -0.1819581 0.9833064 -1.19944e-7 -0.208549 0.9780119 1.30183e-5 -0.3680995 0.9297865 0 -0.4205554 0.9072669 -1.10744e-5 -0.5472087 0.8369962 0 -0.6187747 0.7855686 2.3318e-5 -0.7071068 0.7071068 0 -0.7854822 0.6188843 3.47355e-5 -0.8369926 0.5472141 0 -0.907267 0.4205552 1.30923e-5 -0.9297865 0.3680996 -3.00235e-7 -0.9780154 0.2085328 -5.57584e-5 -0.9832857 0.1820694 -7.30786e-6 -0.9833034 0.1819741 2.96312e-6 0.1819581 0.9833064 0 0 1 2.83949e-6 -0.1819581 0.9833064 -1.31181e-5 -0.3680995 0.9297864 1.09845e-5 -0.5472084 0.8369964 -2.33222e-5 -0.7071067 0.707107 -3.47146e-5 -0.8369927 0.5472142 -1.3116e-5 -0.9297864 0.3680996 -3.0322e-5 0.5472073 0.8369972 5.83613e-6 0.7071065 0.7071071 2.64998e-5 0.8369928 0.5472139 3.9679e-6 0.9297879 0.3680958 1.76989e-5 -0.9833058 0.1819609 -5.36602e-5 -0.9878404 0.1554713 -2.21633e-7 -0.9875364 0.1573906 -2.29717e-6 -0.9504655 0.3108302 2.4121e-5 -0.9490737 0.3150542 -5.5097e-6 -0.9297881 0.3680954 -1.59799e-4 -0.8815536 0.472084 4.41726e-6 -0.8369954 0.5472099 -4.56889e-5 -0.785553 0.6187946 1.64825e-5 -0.7071072 0.7071064 -9.00857e-6 -0.6640616 0.7476779 -3.5381e-6 -0.5472093 0.8369959 -3.11668e-5 -0.5225099 0.8526333 -1.81934e-6 -0.3680952 0.9297881 -3.55747e-5 -0.3681038 0.9297848 8.7386e-6 -0.2085471 0.9780124 3.31225e-5 -0.3010291 0.953615 -3.10247e-6 -0.1494728 0.9887658 5.96989e-6 -0.9504505 0.310876 4.39894e-5 -0.8933262 0.449409 4.45056e-5 -0.8128092 0.58253 2.56421e-5 -0.7097917 0.7044116 0 -0.5870084 0.809581 -1.14716e-5 -0.4488855 0.8935893 3.34904e-5 2.53597e-7 1 -3.1594e-6 0.1494729 0.9887658 -7.33906e-6 0.2085383 0.9780143 -3.10561e-6 0.3010328 0.9536138 -9.60281e-6 0.4205486 0.9072701 -1.84169e-6 0.4488884 0.8935879 -1.46017e-5 0.5869856 0.8095975 -2.56111e-5 0.6187517 0.7855867 2.57748e-5 0.7097936 0.7044097 -2.60993e-5 0.7855753 0.618766 1.33412e-6 0.8128011 0.5825414 -3.77791e-6 0.9072802 0.4205268 -4.16487e-6 0.8933109 0.4494394 1.77974e-6 0.9504511 0.3108742 -3.91668e-6 0.950457 0.3108564 -1.53454e-5 0.9780121 0.2085484 -2.3047e-5 0.9297931 0.3680827 5.99446e-6 0.9833076 0.1819511 1.64264e-5 0.9875426 0.1573525 3.32482e-7 0.8369954 0.5472101 -3.87668e-5 0.7071067 0.707107 2.90573e-7 0.54721 0.8369954 -2.31299e-5 0.3680828 0.9297931 -1.82022e-5 0.1819469 0.9833084 0 0 1 -1.81143e-5 -0.1819468 0.9833084 -1 0 0 -1 0 0 -1 0 0 -1 1.95624e-7 0 -1 0 0 -1 2.72182e-7 0 -1 -1.19567e-7 0 -1 3.62123e-7 0 -1 0 0 -1 -3.06633e-7 0 -1 0 0 -1 -1.68097e-7 0 -1 0 0 -1 2.30251e-7 0 -1 -2.30251e-7 0 -1 0 0 -1 1.68097e-7 0 -1 0 0 -1 3.06633e-7 0 -1 0 0 -1 -3.62123e-7 0 -1 0 0 -1 -2.82083e-7 0 -1 0 0 -1 -1.93145e-7 0 -1 0 0 -1 -1.95624e-7 0 -1 0 0 -1 -2.72182e-7 0 -1 1.19567e-7 0 -1 2.30249e-7 0 -1 0 0 -1 2.82083e-7 0 -1 0 0 -1 1.93145e-7 0 -1 0 0 1 -3.49712e-7 -1.39102e-5 0.9829331 -0.0191679 -0.1829625 1 -7.20192e-6 -2.88785e-5 0.9829274 -0.03838199 -0.179946 1 -1.38674e-5 -4.04567e-5 0.9829268 -0.0579825 -0.1746223 1 -7.57538e-6 -7.32392e-6 0.9829302 -0.07736694 -0.1669213 1 -2.66656e-5 -3.52263e-5 0.9829141 -0.096134 -0.1569657 1 -2.39052e-5 -3.51295e-5 0.9829322 -0.1138135 -0.144537 1 -1.11759e-5 -1.13994e-5 0.9829643 -0.1299638 -0.1299638 1 -3.70927e-5 -2.93478e-5 1 -1.29789e-5 -9.23127e-6 0.9829322 -0.1445372 -0.1138131 1 -3.66718e-5 -2.1968e-5 0.9829216 -0.1569193 -0.09613257 1 -3.98457e-5 -1.75983e-5 0.9829216 -0.1669647 -0.07738238 1 -1.10865e-5 1.97068e-6 0.9829267 -0.1746228 -0.05798274 1 -4.33326e-5 -4.07733e-6 0.9829276 -0.1799454 -0.03838127 1 -2.902e-5 -5.06453e-6 0.982931 -0.183003 -0.01889014 1 -1.52737e-5 5.72857e-6 0.9829289 -0.1839861 0 1 -2.30893e-5 5.38817e-6 1 -1.44839e-5 4.85126e-6 0.982931 -0.1830029 0.0188905 1 -2.86698e-5 7.12182e-6 0.9829338 -0.1799144 0.03836548 1 -7.59959e-6 6.26594e-6 0.9829298 -0.1761585 0.05307954 1 -1.55941e-5 7.94046e-6 0.9828813 -0.1712794 0.06788158 0.9829269 -0.16465 0.08212965 0.9282003 -0.3459551 0.1369656 0.928212 -0.3329141 0.1661048 0.8333089 -0.5139965 0.20348 0.8332991 -0.4946788 0.2467907 0.7008064 -0.6632608 0.2625941 0.7007226 -0.6383939 0.3184981 0.537948 -0.7837879 0.3103039 0.5379241 -0.7543238 0.376342 0.3560934 -0.8688402 0.3439684 0.3561012 -0.8361594 0.4171684 0.1678883 -0.9165908 0.3628705 0.1679317 -0.8821085 0.440095 -0.0152688 -0.9296491 0.3681297 -0.0152961 -0.8946908 0.4464241 -0.1960942 -0.9117355 0.3609509 -0.1960939 -0.8774442 0.4377659 -0.3801023 -0.8600019 0.3404688 -0.3801105 -0.8276532 0.4129242 -0.5564645 -0.7725353 0.3058376 -0.5565176 -0.7434449 0.3709149 -0.7134661 -0.6514905 0.2579271 -0.7134496 -0.6270035 0.31282 -0.840648 -0.5035537 0.1993608 -0.8406134 -0.4846664 0.241801 -0.9313691 -0.3385125 0.1340185 -0.931431 -0.3256228 0.1625001 -0.9836362 -0.167492 0.06637966 -0.9836624 -0.16111 0.08032298 -1 -3.09572e-5 1.10939e-5 -1 -1.02296e-5 -2.06381e-6 0.9282008 -0.03828954 -0.3701044 0.9282062 -0.07759761 -0.3638848 0.9282014 -0.1172472 -0.353122 0.9281907 -0.1564762 -0.3376051 0.9282087 -0.1944113 -0.3172271 0.9282193 -0.2302098 -0.2922539 0.9282063 -0.2630908 -0.26309 0.9281852 -0.2923237 -0.2302588 0.9282086 -0.3172272 -0.1944112 0.9281734 -0.3376474 -0.1564878 0.9282184 -0.3530788 -0.1172432 0.9281892 -0.3639289 -0.07759416 0.9281895 -0.3701331 -0.03828549 0.9281982 -0.3720863 4.72599e-7 0.9282062 -0.37009 0.03829646 0.9281975 -0.363913 0.07756805 0.9282358 -0.3561646 0.1073553 0.833311 -0.05687922 -0.5498705 0.8333227 -0.1152725 -0.5406346 0.8333085 -0.1741846 -0.5246491 0.833313 -0.2324598 -0.5015494 0.8333093 -0.2888482 -0.4713411 0.8333207 -0.3420548 -0.4342524 0.8333263 -0.3908759 -0.3908751 0.8332964 -0.4342824 -0.342076 0.8333086 -0.471342 -0.2888486 0.833287 -0.5015882 -0.23247 0.8333086 -0.5246489 -0.1741848 0.8333224 -0.5406351 -0.1152724 0.8333291 -0.549843 -0.05688065 0.8333353 -0.552768 4.737e-7 0.8333043 -0.5498816 0.05687099 0.8333327 -0.540622 0.1152588 0.8333141 -0.5292991 0.1594688 0.7007204 -0.07343882 -0.7096461 0.7007609 -0.148779 -0.6977099 0.7007632 -0.224802 -0.6770488 0.7007258 -0.3000113 -0.647284 0.7007459 -0.3727718 -0.6082734 0.700756 -0.4414402 -0.5604209 0.70076 -0.5044482 -0.5044476 0.700757 -0.56042 -0.4414399 0.7007117 -0.6083045 -0.3727852 0.7007578 -0.6472525 -0.3000046 0.7007636 -0.6770483 -0.2248021 0.7007592 -0.6977115 -0.1487789 0.7007818 -0.7095869 -0.07342684 0.700751 -0.713406 2.33813e-7 0.7007821 -0.7095865 0.07342731 0.7007372 -0.6977396 0.1487513 0.7007511 -0.6830738 0.2058108 0.5378906 -0.08677369 -0.8385369 0.3560785 -0.09618169 -0.929493 0.1678845 -0.1014465 -0.9805731 -0.01537692 -0.1029074 -0.9945722 -0.1960649 -0.1008912 -0.9753869 -0.3800932 -0.09519982 -0.9200361 -0.556479 -0.08548587 -0.8264522 -0.7134184 -0.07210397 -0.6970189 -0.5564679 -0.173263 -0.812603 -0.713452 -0.1461299 -0.6852973 -0.5564559 -0.2618079 -0.7885516 -0.7134228 -0.2208026 -0.6650369 -0.5564743 -0.3493952 -0.7538298 -0.713416 -0.2946734 -0.6357714 -0.5564854 -0.4341382 -0.7084124 -0.7134357 -0.3661397 -0.5974541 -0.5564908 -0.514117 -0.6526881 -0.7134156 -0.4336045 -0.5504775 -0.5564929 -0.5875012 -0.5875015 -0.7134181 -0.4954971 -0.4954969 -0.5564909 -0.6526879 -0.514117 -0.7134475 -0.5504506 -0.4335859 -0.5564848 -0.7084128 -0.4341384 -0.7134688 -0.5974228 -0.3661262 -0.5564345 -0.7538573 -0.3493993 -0.7134162 -0.6357713 -0.2946732 -0.5564942 -0.7885245 -0.2618083 -0.7134873 -0.6649688 -0.2207996 -0.5564696 -0.8126017 -0.1732631 -0.7134844 -0.6852626 -0.1461343 -0.556514 -0.8264266 -0.08550554 -0.713409 -0.6970289 -0.07209926 -0.5564728 -0.8308659 -1.60995e-7 -0.713443 -0.7007134 7.92741e-7 -0.5565131 -0.8264273 0.0855056 -0.7134088 -0.6970292 0.0720992 -0.5564777 -0.8125966 0.1732612 -0.713429 -0.6853228 0.1461227 -0.5564854 -0.795533 0.2396904 -0.7134433 -0.670921 0.2021479 -0.8406304 -0.05573439 -0.538734 -0.8406316 -0.1129485 -0.5296994 -0.8406435 -0.1706643 -0.5139964 -0.8406447 -0.2277545 -0.4913702 -0.8406417 -0.2829944 -0.4617747 -0.8406297 -0.3351384 -0.4254692 -0.8406336 -0.3829722 -0.382972 -0.8406296 -0.4254692 -0.3351384 -0.8406423 -0.4617738 -0.2829939 -0.8406462 -0.4913679 -0.2277538 -0.8405926 -0.5140775 -0.1706709 -0.8406559 -0.5296599 -0.112952 -0.8406625 -0.5386823 -0.05574911 -0.8406195 -0.5416262 0 -0.8406625 -0.5386823 0.05574882 -0.840627 -0.5297116 0.1129245 -0.840678 -0.5185058 0.1562444 -0.9313709 -0.0374673 -0.362139 -0.9313864 -0.07593023 -0.3560252 -0.9314152 -0.1147133 -0.3454079 -0.9313536 -0.1531141 -0.3303585 -0.9313719 -0.1902345 -0.310415 -0.9313648 -0.2252905 -0.286014 -0.9313682 -0.2574428 -0.2574423 -0.9313478 -0.2860497 -0.2253154 -0.9313713 -0.310416 -0.190235 -0.931371 -0.3303146 -0.1531022 -0.9313651 -0.345539 -0.1147257 -0.9313532 -0.3561137 -0.07592344 -0.9313871 -0.3620957 -0.03748035 -0.9313466 -0.3641341 1.69497e-7 -0.9313707 -0.3621391 0.03746938 -0.9313613 -0.3560877 0.07594627 -0.9314045 -0.3484985 0.1050445 -0.9836759 -0.01874148 -0.1789705 -0.9836665 -0.03757357 -0.1760354 -0.9836711 -0.05671632 -0.1708056 -0.9836651 -0.07569271 -0.163321 -0.9836589 -0.09403067 -0.1535364 -0.9836912 -0.1110579 -0.1414844 -0.9837129 -0.1271005 -0.1271004 -0.9836844 -0.1414294 -0.1111887 -0.9836736 -0.1534441 -0.09402757 -0.9836651 -0.1633205 -0.07569253 -0.9836627 -0.1708457 -0.05674004 -0.9836459 -0.1761279 -0.03767955 -0.9836757 -0.1789606 -0.01884919 -0.9837649 -0.1794622 -1.35703e-7 -0.9836757 -0.1789752 0.0187081 -0.9836654 -0.1760521 0.03752654 -0.9836592 -0.1723669 0.05200374 -1 -2.6403e-6 -3.81321e-5 -1 -1.75089e-7 -8.70228e-6 -1 2.25194e-6 -1.98036e-5 -1 -7.47666e-6 -3.32743e-5 -1 -6.4075e-6 -1.83135e-5 -1 -1.11274e-5 -1.58101e-5 -1 -1.19954e-6 -1.00881e-5 -1 -1.0781e-5 -1.89729e-5 -1 -3.2559e-6 -9.56282e-6 -1 -1.38953e-5 -1.25952e-5 -1 -1.38879e-5 -1.51023e-5 -1 -2.94745e-5 -1.62125e-5 -1 -1.7941e-5 -7.09854e-6 -1 -8.64267e-6 -2.26311e-6 -1 -1.26287e-5 -4.35719e-6 -1 -4.31016e-5 -5.27361e-6 -1 -1.32322e-5 -5.99213e-6 -1 -9.00775e-6 1.69501e-7 -1 0 -2.65613e-6 -0.98367 -0.1534623 0.09403586 -1 -9.83477e-6 -1.14366e-6 -0.9836745 -0.1445862 0.1071413 -1 -3.59043e-5 2.35662e-5 -0.9836694 -0.1345681 0.1195238 -1 -3.55802e-5 2.81408e-5 -0.9836755 -0.1234252 0.1309539 -1 -3.27826e-6 3.98606e-6 -0.9836562 -0.1113532 0.141496 -1 -2.83718e-5 2.9169e-5 -0.9836505 -0.09857612 0.1507133 -0.9836578 -0.08506619 0.1586853 -0.9314345 -0.1718319 0.3207863 -0.9313737 -0.1435922 0.3345509 -0.8406533 -0.2136028 0.4976704 -0.8406345 -0.1706651 0.514011 -0.7134466 -0.2208001 0.6650124 -0.7134609 -0.1647886 0.6810421 -0.5564743 -0.1953915 0.8075633 -0.5564504 -0.1291806 0.8207773 -0.3801171 -0.1438152 0.9136894 -0.3800833 -0.07108467 0.9222168 -0.196089 -0.07537293 0.9776851 -1 -1.90996e-5 2.58163e-5 -0.9836655 -0.07101035 0.1654079 -0.931361 -0.1147258 0.3455501 -0.8406633 -0.1273733 0.5263662 -0.7134354 -0.1089507 0.6921992 -0.5564655 -0.06385052 0.8284137 -1 -9.235e-6 1.32024e-5 -0.9836688 -0.05671888 0.1708179 -0.9313477 -0.08561247 0.3539237 -0.8406648 -0.08422195 0.534967 -0.7134556 -0.0538668 0.6986269 -1 -7.23079e-6 2.73511e-5 -0.9836719 -0.04232197 0.1749244 -0.9313794 -0.05662745 0.3596189 -0.8406374 -0.04162567 0.5399963 -1 -9.06084e-6 1.09598e-5 -0.9836584 -0.02797037 0.1778594 -0.9313572 -0.02798044 0.3630304 -1 -4.6948e-6 4.37349e-5 -0.9836757 -0.01382976 0.1794186 -0.01536214 -0.07689124 0.9969211 0.1679112 -0.07577502 0.9828856 0.3560934 -0.07182687 0.9316859 0.5378837 -0.06478947 0.8405258 0.7007339 -0.05483227 0.7113125 0.8333495 -0.04247874 0.5511118 0.7007749 -0.1109297 0.7047051 0.8333251 -0.08594512 0.5460611 0.7007327 -0.1677746 0.6934158 0.833374 -0.1299963 0.5372047 0.7007254 -0.2248041 0.6770872 0.8333213 -0.1741833 0.5246294 0.7007452 -0.2813693 0.6555818 0.8333138 -0.2180184 0.5079923 0.7007626 -0.3367915 0.6288905 0.8333293 -0.2609612 0.4873003 0.7007403 -0.3903895 0.5971257 0.8333165 -0.3024939 0.4626892 0.7007489 -0.4414437 0.560427 0.8333237 -0.3420524 0.4342486 0.700787 -0.4892878 0.5191293 0.8333531 -0.3791149 0.4022369 0.7007502 -0.5333963 0.4737487 0.8333785 -0.4132406 0.3670318 0.7007466 -0.5731867 0.4247485 0.8333212 -0.4441374 0.3291168 0.700737 -0.6082817 0.3727748 0.8333386 -0.4713009 0.2888295 0.9283074 -0.02851599 0.3707186 0.9281197 -0.05776435 0.3677735 0.9281772 -0.08749419 0.3617069 0.9281916 -0.1172485 0.3531479 0.9282036 -0.1467503 0.3419102 0.9281296 -0.1757092 0.3281795 0.9281376 -0.2036749 0.3115723 0.9281775 -0.230269 0.2923402 0.9281454 -0.2552955 0.2708699 0.9281798 -0.2782351 0.2471187 0.9282806 -0.2987733 0.2214267 0.9281697 -0.3173173 0.1944497 0.9829269 -0.01412856 0.1834536 0.9829245 -0.028602 0.1817733 0.9829311 -0.04326498 0.178815 0.9829284 -0.05797678 0.1746155 0.9829323 -0.07255429 0.169057 0.9829288 -0.08686566 0.16219 0.982896 -0.1008052 0.1541225 0.9829203 -0.1138438 0.144594 0.9829351 -0.1261749 0.1338607 0.9829301 -0.1375564 0.1221745 0.9829267 -0.1478336 0.1095463 0.9829293 -0.1568716 0.09613287 1 3.78024e-6 2.98768e-6 1 -8.15839e-7 3.81395e-5 1 4.24683e-7 9.71556e-6 1 -1.17384e-5 4.09037e-5 1 -1.91294e-5 3.89516e-5 1 -1.05165e-5 2.2389e-5 1 -1.17049e-5 1.38432e-5 1 -1.80677e-5 1.95242e-5 1 -1.69054e-5 2.21394e-5 1 -2.91988e-5 2.11857e-5 1 -1.47745e-5 1.63168e-5 -0.3801124 -0.1928892 -0.904604 -0.3800793 -0.2914546 -0.8778348 -0.3801242 -0.38896 -0.8391757 -0.3800794 -0.4833032 -0.7886429 -0.380078 -0.5723434 -0.7266112 -0.3800757 -0.6540424 -0.6540421 -0.3800781 -0.7266113 -0.5723431 -0.3800798 -0.7886425 -0.4833036 -0.3800816 -0.8391949 -0.3889603 -0.3800783 -0.8778355 -0.2914543 -0.3800716 -0.9046227 -0.1928814 -0.3801016 -0.9200345 -0.09518045 -0.3800957 -0.9249472 0 -0.3801434 -0.9200161 0.09519165 -0.3800889 -0.904615 0.1928837 -0.380094 -0.8856232 0.2668335 -0.1960665 -0.2044877 -0.9590322 -0.1960494 -0.3089846 -0.9306413 -0.196084 -0.4123595 -0.8896689 -0.1961154 -0.5123755 -0.8360683 -0.1961046 -0.6067675 -0.7703093 -0.1960506 -0.6933845 -0.6933845 -0.1961046 -0.770309 -0.6067677 -0.1960697 -0.8360791 -0.5123753 -0.1961302 -0.8896572 -0.4123627 -0.1960515 -0.9306406 -0.3089851 -0.1960665 -0.9590323 -0.2044872 -0.1960746 -0.9753835 -0.1009044 -0.1960701 -0.9805899 0 -0.1960744 -0.9753836 0.1009043 -0.1960787 -0.9590345 0.2044655 -0.1960934 -0.9388942 0.2828868 -0.01535969 -0.2085424 -0.9778928 -0.01531541 -0.3151584 -0.9489156 -0.0153867 -0.4204601 -0.9071807 -0.015271 -0.5225338 -0.8524819 -0.01490396 -0.6188732 -0.7853496 -0.01490235 -0.7070284 -0.7070282 -0.01490581 -0.7853494 -0.6188732 -0.01516097 -0.8524345 -0.5226145 -0.01532697 -0.9071506 -0.4205271 -0.01531583 -0.9489157 -0.315158 -0.01535922 -0.9778926 -0.2085431 -0.01536107 -0.994571 -0.1029207 -0.01489967 -0.999889 -2.94821e-7 -0.01531916 -0.9945628 0.1030066 -0.01537489 -0.9779044 0.2084861 -0.01524412 -0.9573389 0.2885652 0.1678869 -0.2055761 -0.9641331 0.1679172 -0.3106365 -0.9355794 0.1679035 -0.4145532 -0.8944016 0.1678833 -0.5151013 -0.8405272 0.1678727 -0.6099987 -0.7744161 0.1679161 -0.6970669 -0.6970667 0.1679165 -0.7744086 -0.6099961 0.1679317 -0.8405174 -0.5151014 0.1679002 -0.8944024 -0.4145528 0.1678712 -0.9355901 -0.3106291 0.1678862 -0.9641332 -0.2055758 0.1678512 -0.9805804 -0.1014299 0.1678507 -0.9858124 -1.49475e-7 0.167851 -0.9805804 0.1014302 0.1678899 -0.9641352 0.2055637 0.1678893 -0.9438939 0.28439 0.3560897 -0.1948708 -0.9139068 0.3560566 -0.2944499 -0.8868613 0.3560539 -0.392959 -0.8478259 0.3560954 -0.4882686 -0.7967371 0.3560951 -0.5782206 -0.7340691 0.3560941 -0.6607558 -0.6607562 0.3561357 -0.7340555 -0.5782127 0.3560968 -0.7967367 -0.4882683 0.3560536 -0.8478261 -0.392959 0.3560537 -0.8868626 -0.2944496 0.3560913 -0.9139062 -0.1948705 0.356078 -0.9294958 -0.09615707 0.3560775 -0.9344565 -1.21403e-7 0.3560785 -0.9294955 0.09615701 0.3560853 -0.9139146 0.1948419 0.3560848 -0.8947244 0.2695769 0.537908 -0.1758017 -0.8244688 0.5378958 -0.2656381 -0.8000654 0.5378721 -0.3545071 -0.764865 0.5378833 -0.4404919 -0.7187827 0.53789 -0.5216416 -0.662242 0.537892 -0.5961006 -0.5961009 0.5378887 -0.662243 -0.5216419 0.5379239 -0.718758 -0.4404824 0.537871 -0.7648658 -0.3545072 0.5378937 -0.8000671 -0.2656376 0.5379076 -0.8244692 -0.1758018 0.5378758 -0.8385495 -0.08674389 0.5379131 -0.8430004 0 0.5379148 -0.8385234 0.08675378 0.5379022 -0.8244806 0.175764 0.5378914 -0.807173 0.2431972 -0.9314406 -0.3102494 0.1901678 -0.9313966 -0.2924548 0.2167273 -0.9314517 -0.2720471 0.2416365 -0.931401 -0.2496584 0.2648828 -0.931347 -0.2253158 0.286052 -0.931308 -0.1992947 0.3048723 -0.8406769 -0.4617251 0.2829707 -0.8406612 -0.4351136 0.3224362 -0.8406914 -0.404875 0.3596028 -0.8406412 -0.3714683 0.3941239 -0.8406884 -0.3350862 0.4253943 -0.8406808 -0.2963388 0.4532541 -0.8406174 -0.2556977 0.4774737 -0.7134619 -0.5974297 0.3661281 -0.7134392 -0.5629886 0.417191 -0.713477 -0.5238791 0.4652969 -0.713411 -0.4806281 0.5099426 -0.7134082 -0.4336088 0.5504835 -0.7134 -0.3834589 0.586532 -0.7134535 -0.3307988 0.6177024 -0.7134716 -0.2763543 0.643884 -0.5565276 -0.7083866 0.4341263 -0.556497 -0.6675431 0.494669 -0.5565004 -0.6212036 0.5517367 -0.5565009 -0.5698626 0.6046184 -0.5564975 -0.5141141 0.6526846 -0.5564924 -0.4546519 0.6954193 -0.5564841 -0.3922421 0.7324423 -0.5564702 -0.3276903 0.7635183 -0.5564869 -0.2618077 0.7885297 -0.3801164 -0.7886281 0.4832983 -0.3801201 -0.7431371 0.5506868 -0.3800762 -0.6915663 0.6142297 -0.3801237 -0.6343961 0.673088 -0.3800759 -0.572344 0.7266118 -0.3801171 -0.5061373 0.774168 -0.380114 -0.4366583 0.815379 -0.3801066 -0.3647957 0.8499666 -0.3800989 -0.2914551 0.8778263 -0.3800854 -0.2175175 0.8990113 -0.1960467 -0.836084 0.5123764 -0.1960906 -0.7878484 0.5838181 -0.1960905 -0.7331595 0.6511725 -0.1960932 -0.6725649 0.7135854 -0.1960906 -0.6067679 0.7703124 -0.1960928 -0.5365874 0.8207446 -0.1960932 -0.4629279 0.8644335 -0.1960929 -0.3867419 0.9010985 -0.1960958 -0.3089893 0.93063 -0.196089 -0.2306047 0.9530848 -0.1960859 -0.1524657 0.9686613 -0.01489162 -0.8524159 0.5226524 -0.01534914 -0.8033477 0.5953126 -0.01489311 -0.7475536 0.6640346 -0.01537048 -0.6858004 0.7276274 -0.01521617 -0.6187389 0.7854493 -0.01533252 -0.547161 0.836887 -0.01530641 -0.4720722 0.8814271 -0.01527678 -0.3944169 0.9188047 -0.01525378 -0.3151682 0.9489133 -0.01533424 -0.2351805 0.9718307 -0.01521009 -0.1556382 0.9876971 0.1678856 -0.8405268 0.5151013 0.1679304 -0.7920361 0.5869227 0.1679294 -0.737057 0.6546348 0.1679297 -0.676141 0.7173793 0.1678827 -0.6099984 0.7744143 0.1679325 -0.5394415 0.8251071 0.1679319 -0.4653908 0.8690284 0.1678851 -0.3887984 0.9058976 0.1678872 -0.3106313 0.9355866 0.1679323 -0.2318339 0.9581502 0.1678855 -0.1532743 0.973818 0.3561066 -0.7967337 0.4882658 0.3561097 -0.7507756 0.556347 0.3560658 -0.6986733 0.6205424 0.3560677 -0.6409283 0.6800197 0.3561086 -0.5782174 0.734065 0.3561069 -0.5113397 0.7821249 0.3561043 -0.441147 0.8237591 0.3560944 -0.368546 0.8587029 0.3560894 -0.2944518 0.8868475 0.3560752 -0.2197543 0.9082503 0.3561061 -0.1452939 0.9230808 0.5379347 -0.7187526 0.4404783 0.5379428 -0.6772893 0.5018934 0.5379444 -0.6302747 0.5597944 0.5379489 -0.578183 0.6134456 0.5379425 -0.5216225 0.6622143 0.5378963 -0.4613044 0.7055962 0.5378903 -0.3979804 0.7431592 0.5379132 -0.3324795 0.7746656 0.5378991 -0.2656372 0.8000634 0.5378753 -0.1982496 0.8193823 0.537896 -0.1310738 0.8327592 -2.31958e-6 0.9959542 0.08986318 4.20026e-7 0.9970415 0.07686501 2.41911e-6 0.9959541 0.08986312 -2.78775e-6 0.9878368 0.1554945 1.02958e-5 0.9833047 0.181967 9.87283e-7 0.9719529 0.2351754 -1.42455e-5 0.9613991 0.2751579 0 0.9490668 0.3150749 2.06111e-5 0.9297912 0.3680874 0 0.9189447 0.3943864 9.46084e-6 0.8882941 0.4592754 0 0.8815415 0.4721066 -1.93361e-5 0.8369951 0.5472105 0 0.837073 0.5470913 1.33482e-6 0.7855649 0.6187793 -2.97707e-5 0.836996 0.547209 -1.09144e-5 0.7763388 0.6303159 -8.69622e-7 0.7277146 0.6858801 -2.71872e-5 0.7070996 0.707114 2.32016e-7 0.6640975 0.747646 -2.95192e-5 0.6302978 0.7763534 1.84984e-7 0.5953921 0.8034354 -7.79145e-6 0.5472115 0.8369945 -7.09202e-7 0.5224936 0.8526433 7.39936e-7 0.4592927 0.888285 -2.71015e-7 0.4464461 0.8948106 3.79379e-5 0.3680981 0.929787 0 0.3684426 0.9296506 -5.50644e-7 0.2884756 0.9574873 1.09128e-5 0.368094 0.9297886 -6.97468e-6 0.2751792 0.961393 1.12604e-5 0.7763386 0.6303161 2.76864e-5 0.7070996 0.707114 3.11546e-5 0.6302976 0.7763537 9.42871e-6 0.5472116 0.8369943 -1.07079e-6 0.4592927 0.8882851 7.62699e-7 0.2085295 0.9780161 7.46734e-6 0.181963 0.9833054 2.048e-6 0.1028954 0.9946923 1.61054e-5 0.08983439 0.9959567 0 0 1 1.65924e-5 -0.08983325 0.9959568 5.1105e-7 -0.1028954 0.9946923 7.42078e-6 -0.1819599 0.9833059 1.78278e-7 -0.2085295 0.9780161 -1.09524e-5 -0.2751596 0.9613987 0 -0.3150832 0.9490641 3.9503e-5 -0.3680942 0.9297886 3.32236e-7 -0.4204913 0.9072967 2.73399e-5 -0.4592982 0.8882822 8.06891e-7 -0.5225233 0.8526251 -3.65078e-7 -0.5472078 0.8369967 7.05018e-7 -0.6187784 0.7855657 1.69333e-5 -0.6303118 0.7763422 0 -0.7071073 0.7071063 0 -0.7071073 0.7071064 1.79578e-5 -0.7763412 0.6303129 -1.1944e-7 -0.7855655 0.6187785 -3.16277e-6 -0.8369967 0.5472081 0 -0.8526252 0.5225231 2.64794e-5 -0.888282 0.4592984 0 -0.9072972 0.4204902 3.97041e-5 -0.9297885 0.3680943 2.977e-7 -0.9490489 0.3151289 -9.0003e-6 -0.9613983 0.2751604 8.54868e-7 -0.978016 0.20853 6.16349e-6 -0.9833059 0.1819602 1.62324e-6 -0.9946892 0.102925 -3.23076e-6 -0.9959546 0.08985769 -1.51433e-6 -0.9959554 0.08984982 -7.36676e-6 -0.9833054 0.1819627 8.76561e-6 -0.9613984 0.2751604 -3.99016e-5 -0.9297884 0.3680946 -2.64756e-5 -0.8882818 0.4592991 2.73436e-6 -0.8369968 0.5472078 -1.82744e-5 -0.7763414 0.6303128 0 -0.7071075 0.7071061 -1.60355e-5 -0.6303128 0.7763414 -1.05798e-6 -0.5472077 0.836997 -2.73958e-5 -0.4592983 0.8882821 -3.95104e-5 -0.3680939 0.9297887 1.10306e-5 -0.2751591 0.9613987 -6.17281e-6 -0.1819602 0.9833059 -1.61044e-5 -0.08983445 0.9959567 -1.65924e-5 0.08983331 0.9959568 -7.52509e-6 0.1819602 0.9833059 -8.82219e-6 0.275135 0.9614056 -9.16328e-6 0.8882938 0.459276 -2.0613e-5 0.9297912 0.3680874 1.4171e-5 0.9613991 0.2751579 -1.04336e-5 0.9833047 0.1819671 1 0 0 1 0 0 1 0 0 1 0 0 -2.28244e-6 0.9959542 0.08986312 2.45962e-6 0.9970417 0.07686251 -1.6442e-5 0.9952722 0.09712612 6.79214e-6 0.9878422 0.1554601 -4.17512e-6 0.9833737 0.181594 -1.11582e-5 0.9719532 0.2351747 1.59815e-6 0.963649 0.2671717 -7.73417e-6 0.9490576 0.3151026 1.24797e-6 0.9356865 0.3528324 -7.65663e-7 0.9189366 0.3944053 -6.36838e-6 0.8992536 0.4374278 -2.20072e-5 0.8815382 0.4721128 -7.75419e-6 0.8543246 0.5197399 2.18144e-5 0.8369999 0.5472032 7.50367e-6 0.8011159 0.5985093 3.64613e-7 0.785564 0.6187805 2.26209e-5 0.7400871 0.6725112 3.0702e-5 0.7277132 0.6858816 8.42032e-7 0.6718875 0.7406533 2.86717e-5 0.6640616 0.7476779 -1.43668e-5 0.5974681 0.8018927 -1.4063e-5 0.5953789 0.8034452 2.09063e-5 0.5225152 0.8526301 -9.39518e-6 0.5472118 0.8369943 7.46688e-7 0.459293 0.888285 4.65381e-5 0.4464104 0.8948284 -1.09258e-5 0.3680941 0.9297886 -1.21482e-5 0.3681023 0.9297853 1.01244e-5 0.2884696 0.9574891 9.76771e-6 0.3479994 0.9374948 -2.34134e-6 0.2602726 0.9655352 -2.41492e-6 0.5178571 0.8554672 2.60724e-6 0.4342876 0.9007744 2.55817e-6 0.2085177 0.9780187 1.036e-5 0.1723011 0.9850444 -4.1303e-6 0.1029313 0.9946885 6.77444e-6 0.08520716 0.9963634 4.19004e-5 0 1 6.34417e-6 -0.08520829 0.9963632 -4.03321e-6 -0.1029313 0.9946885 1.03079e-5 -0.1723009 0.9850444 1.09768e-6 -0.2085281 0.9780164 2.93478e-5 -0.2602762 0.9655343 2.3446e-6 -0.3151031 0.9490576 -6.16536e-6 -0.3480023 0.9374937 2.64961e-5 -0.4205114 0.9072874 1.14087e-5 -0.4343034 0.9007667 -1.33617e-5 -0.5225194 0.8526275 1.06145e-5 -0.5178388 0.8554784 -1.1377e-5 -0.5974658 0.8018944 1.19298e-5 -0.6187819 0.7855628 2.80663e-5 -0.6718825 0.7406578 -1.69501e-7 -0.7071064 0.7071073 2.94223e-5 -0.7400738 0.6725258 -4.57768e-5 -0.785569 0.6187742 2.40095e-5 -0.8011202 0.5985036 1.96723e-5 -0.8526316 0.5225127 -2.7928e-6 -0.854319 0.5197489 -6.94394e-6 -0.8992552 0.4374243 1.25049e-5 -0.9072852 0.4205162 4.95464e-6 -0.9356864 0.3528329 2.87453e-6 -0.9490572 0.315104 3.13483e-5 -0.9636495 0.2671698 9.86969e-7 -0.9780143 0.2085382 -3.8743e-7 -0.983373 0.1815975 1.42958e-6 -0.9946916 0.1029015 2.50514e-6 -0.995272 0.09712707 -3.01004e-6 -0.9959552 0.08985131 -7.40029e-6 -0.9833055 0.1819629 8.86247e-6 -0.9613985 0.2751602 -3.97451e-5 -0.9297885 0.3680942 -2.64347e-5 -0.8882821 0.4592984 2.98023e-6 -0.8369968 0.5472079 -1.70749e-5 -0.7763406 0.6303138 0 -0.7071072 0.7071065 -1.58418e-5 -0.630313 0.7763411 -8.23289e-7 -0.5472083 0.8369966 -2.73138e-5 -0.4592987 0.888282 9.35793e-6 -0.3680937 0.9297888 -3.713e-5 -0.2751515 0.9614009 -1.60979e-5 -0.08983445 0.9959567 -1.65841e-5 0.08983325 0.9959568 -8.82172e-6 0.2751352 0.9614056 -3.10931e-5 0.6302989 0.7763527 -2.6796e-5 0.7071 0.7071136 -1.1222e-5 0.7763392 0.6303156 -2.96715e-5 0.8369963 0.5472086 -9.00519e-6 0.8882936 0.4592763 -2.05738e-5 0.9297914 0.3680872 1.42641e-5 0.9613988 0.2751589 -1.03647e-5 0.9833047 0.1819669</float_array>
          <technique_common>
            <accessor source="#Body1_001-mesh-normals-array" count="1814" stride="3">
              <param name="X" type="float"/>
              <param name="Y" type="float"/>
              <param name="Z" type="float"/>
            </accessor>
          </technique_common>
        </source>
        <source id="Body1_001-mesh-map-0">
          <float_array id="Body1_001-mesh-map-0-array" count="18720">0.07499998 0 -0.07499998 0 0.07499998 -0.381783 0.07499998 -0.381783 -0.07499998 0 0 -0.4040685 0.07499998 -0.381783 0 -0.4040685 0.07499998 -0.7057239 0.07499998 -0.7057239 0 -0.4040685 0 -0.8081371 0.07499998 -0.7057239 0 -0.8081371 0.07499998 -1.03042 0.07499998 -1.03042 0 -0.8081371 0 -1.212206 0.07499998 -1.03042 0 -1.212206 0.07499998 -1.355874 0.07499998 -1.355874 0 -1.212206 0 -1.616274 0.07499998 -1.355874 0 -1.616274 0.07499998 -1.682088 0.07499998 -1.682088 0 -1.616274 0 -2.020343 0.07499998 -1.682088 0 -2.020343 0.07499998 -2.009065 0.07499998 -2.009065 0 -2.020343 0.07499998 -2.336809 0.07499998 -2.336809 0 -2.020343 0 -2.424411 0.07499998 -2.336809 0 -2.424411 0.07499998 -2.66532 0.07499998 -2.66532 0 -2.424411 0 -2.82848 0.07499998 -2.66532 0 -2.82848 0.07499998 -2.994603 0.07499998 -2.994603 0 -2.82848 0 -3.232548 0.07499998 -2.994603 0 -3.232548 0.07499998 -3.32466 0.07499998 -3.32466 0 -3.232548 0 -3.636617 0.07499998 -3.32466 0 -3.636617 0.07499998 -3.655494 0.07499998 -3.655494 0 -3.636617 0.07499998 -3.987107 0.07499998 -3.987107 0 -3.636617 0 -4.040686 0.07499998 -3.987107 0 -4.040686 0.07499998 -4.319502 0.07499998 -4.319502 0 -4.040686 0 -4.444754 0.07499998 -4.319502 0 -4.444754 0.07499998 -4.652682 0.07499998 -4.652682 0 -4.444754 0 -4.848823 0.07499998 -4.652682 0 -4.848823 0.07499998 -4.986649 0.07499998 -4.986649 0 -4.848823 0 -5.252891 0.07499998 -4.986649 0 -5.252891 0.07499998 -5.321408 0.07499998 -5.321408 0 -5.252891 0 -5.65696 0.07499998 -5.321408 0 -5.65696 0.07499998 -5.65696 0.07499998 -5.65696 0 -5.65696 0.07499998 -5.992511 0.07499998 -5.992511 0 -5.65696 0 -6.061028 0.07499998 -5.992511 0 -6.061028 0.07499998 -6.32727 0.07499998 -6.32727 0 -6.061028 0 -6.465097 0.07499998 -6.32727 0 -6.465097 0.07499998 -6.661238 0.07499998 -6.661238 0 -6.465097 0 -6.768148 0.07499998 -6.661238 0 -6.768148 0.07499998 -6.994418 0.07499998 -6.994418 0 -6.768148 0 -7.071199 0.07499998 -6.994418 0 -7.071199 0.07499998 -7.326813 0.07499998 -7.326813 0 -7.071199 0 -7.374251 0.07499998 -7.326813 0 -7.374251 0.07499998 -7.658426 0.07499998 -7.658426 0 -7.374251 0 -7.677302 0.07499998 -7.658426 0 -7.677302 0.07499998 -7.989259 0.07499998 -7.989259 0 -7.677302 0 -7.980354 0.07499998 -7.989259 0 -7.980354 0 -8.283406 0 -8.283406 0 -7.980354 -0.07499998 -8.13188 0 -8.283406 -0.07499998 -8.13188 -0.07499998 -8.48544 -0.07499998 0 -0.07499998 -0.35356 0 -0.4040685 0 -0.4040685 -0.07499998 -0.35356 -0.07499998 -0.70712 0 -0.4040685 -0.07499998 -0.70712 0 -0.8081371 0 -0.8081371 -0.07499998 -0.70712 -0.07499998 -1.06068 0 -0.8081371 -0.07499998 -1.06068 0 -1.212206 0 -1.212206 -0.07499998 -1.06068 -0.07499998 -1.41424 0 -1.212206 -0.07499998 -1.41424 0 -1.616274 0 -1.616274 -0.07499998 -1.41424 -0.07499998 -1.7678 0 -1.616274 -0.07499998 -1.7678 0 -2.020343 0 -2.020343 -0.07499998 -1.7678 -0.07499998 -2.12136 0 -2.020343 -0.07499998 -2.12136 0 -2.424411 0 -2.424411 -0.07499998 -2.12136 -0.07499998 -2.47492 0 -2.424411 -0.07499998 -2.47492 0 -2.82848 0 -2.82848 -0.07499998 -2.47492 -0.07499998 -2.82848 0 -2.82848 -0.07499998 -2.82848 -0.07499998 -3.18204 0 -2.82848 -0.07499998 -3.18204 0 -3.232548 0 -3.232548 -0.07499998 -3.18204 -0.07499998 -3.5356 0 -3.232548 -0.07499998 -3.5356 0 -3.636617 0 -3.636617 -0.07499998 -3.5356 -0.07499998 -3.88916 0 -3.636617 -0.07499998 -3.88916 0 -4.040686 0 -4.040686 -0.07499998 -3.88916 -0.07499998 -4.24272 0 -4.040686 -0.07499998 -4.24272 0 -4.444754 0 -4.444754 -0.07499998 -4.24272 -0.07499998 -4.59628 0 -4.444754 -0.07499998 -4.59628 0 -4.848823 0 -4.848823 -0.07499998 -4.59628 -0.07499998 -4.94984 0 -4.848823 -0.07499998 -4.94984 0 -5.252891 0 -5.252891 -0.07499998 -4.94984 -0.07499998 -5.3034 0 -5.252891 -0.07499998 -5.3034 0 -5.65696 0 -5.65696 -0.07499998 -5.3034 -0.07499998 -5.65696 0 -5.65696 -0.07499998 -5.65696 -0.07499998 -6.010519 0 -5.65696 -0.07499998 -6.010519 0 -6.061028 0 -6.061028 -0.07499998 -6.010519 -0.07499998 -6.364079 0 -6.061028 -0.07499998 -6.364079 0 -6.465097 0 -6.465097 -0.07499998 -6.364079 -0.07499998 -6.717639 0 -6.465097 -0.07499998 -6.717639 0 -6.768148 0 -6.768148 -0.07499998 -6.717639 -0.07499998 -7.071199 0 -6.768148 -0.07499998 -7.071199 0 -7.071199 0 -7.071199 -0.07499998 -7.071199 0 -7.374251 -0.07499998 -7.071199 -0.07499998 -7.42476 0 -7.374251 0 -7.374251 -0.07499998 -7.42476 0 -7.677302 -0.07499998 -7.42476 -0.07499998 -7.77832 0 -7.677302 0 -7.677302 -0.07499998 -7.77832 0 -7.980354 -0.07499998 -7.77832 -0.07499998 -8.13188 0 -7.980354 0 -8.283406 -0.07499998 -8.48544 0 -8.586457 0 -8.586457 -0.07499998 -8.48544 -0.07499998 -8.839 0 -8.586457 -0.07499998 -8.839 0 -8.889509 0 -8.889509 -0.07499998 -8.839 -0.07499998 -9.19256 0 -8.889509 -0.07499998 -9.19256 0 -9.19256 0 -9.19256 -0.07499998 -9.19256 0 -9.495612 0 -9.19256 0 -9.495612 0.07499998 -9.304855 0.07499998 -9.304855 0 -9.495612 0.07499998 -9.631832 0.07499998 -9.631832 0 -9.495612 0 -9.798663 0.07499998 -9.631832 0 -9.798663 0.07499998 -9.958046 0.07499998 -9.958046 0 -9.798663 0 -10.10171 0.07499998 -9.958046 0 -10.10171 0.07499998 -10.2835 0.07499998 -10.2835 0 -10.10171 0 -10.40476 0.07499998 -10.2835 0 -10.40476 0.07499998 -10.6082 0.07499998 -10.6082 0 -10.40476 0 -10.70782 0.07499998 -10.6082 0 -10.70782 0.07499998 -10.93214 0.07499998 -10.93214 0 -10.70782 0 -11.01087 0.07499998 -10.93214 0 -11.01087 0.07499998 -11.31392 0.07499998 -11.31392 0 -11.01087 -0.07499998 -11.31392 -0.07499998 -11.31392 0 -11.01087 -0.07499998 -10.96036 -0.07499998 -10.96036 0 -11.01087 0 -10.70782 -0.07499998 -10.96036 0 -10.70782 -0.07499998 -10.6068 -0.07499998 -10.6068 0 -10.70782 0 -10.40476 -0.07499998 -10.6068 0 -10.40476 -0.07499998 -10.25324 -0.07499998 -10.25324 0 -10.40476 0 -10.10171 -0.07499998 -10.25324 0 -10.10171 -0.07499998 -9.89968 -0.07499998 -9.89968 0 -10.10171 0 -9.798663 -0.07499998 -9.89968 0 -9.798663 -0.07499998 -9.54612 -0.07499998 -9.54612 0 -9.798663 0 -9.495612 -0.07499998 -9.54612 0 -9.495612 -0.07499998 -9.19256 0.07499998 -9.304855 0.07499998 -8.977111 0 -9.19256 0 -9.19256 0.07499998 -8.977111 0 -8.889509 0.07499998 -8.977111 0.07499998 -8.648599 0 -8.889509 0 -8.889509 0.07499998 -8.648599 0 -8.586457 0.07499998 -8.648599 0.07499998 -8.319316 0 -8.586457 0 -8.586457 0.07499998 -8.319316 0 -8.283406 0.07499998 -8.319316 0.07499998 -7.989259 0 -8.283406 0.07499998 0 -0.07499998 0 0.07499998 -0.35356 0.07499998 -0.35356 -0.07499998 0 0 -0.4040685 0.07499998 -0.35356 0 -0.4040685 0.07499998 -0.70712 0.07499998 -0.70712 0 -0.4040685 0 -0.8081371 0.07499998 -0.70712 0 -0.8081371 0.07499998 -1.06068 0.07499998 -1.06068 0 -0.8081371 0 -1.212206 0.07499998 -1.06068 0 -1.212206 0.07499998 -1.41424 0.07499998 -1.41424 0 -1.212206 0 -1.616274 0.07499998 -1.41424 0 -1.616274 0.07499998 -1.7678 0.07499998 -1.7678 0 -1.616274 0 -2.020343 0.07499998 -1.7678 0 -2.020343 0.07499998 -2.12136 0.07499998 -2.12136 0 -2.020343 0 -2.424411 0.07499998 -2.12136 0 -2.424411 0.07499998 -2.47492 0.07499998 -2.47492 0 -2.424411 0 -2.82848 0.07499998 -2.47492 0 -2.82848 0.07499998 -2.82848 0.07499998 -2.82848 0 -2.82848 0.07499998 -3.18204 0.07499998 -3.18204 0 -2.82848 0 -3.232548 0.07499998 -3.18204 0 -3.232548 0.07499998 -3.5356 0.07499998 -3.5356 0 -3.232548 0 -3.636617 0.07499998 -3.5356 0 -3.636617 0.07499998 -3.88916 0.07499998 -3.88916 0 -3.636617 0 -4.040686 0.07499998 -3.88916 0 -4.040686 0.07499998 -4.24272 0.07499998 -4.24272 0 -4.040686 0 -4.444754 0.07499998 -4.24272 0 -4.444754 0.07499998 -4.59628 0.07499998 -4.59628 0 -4.444754 0 -4.848823 0.07499998 -4.59628 0 -4.848823 0.07499998 -4.94984 0.07499998 -4.94984 0 -4.848823 0 -5.252891 0.07499998 -4.94984 0 -5.252891 0.07499998 -5.3034 0.07499998 -5.3034 0 -5.252891 0 -5.65696 0.07499998 -5.3034 0 -5.65696 0.07499998 -5.65696 0.07499998 -5.65696 0 -5.65696 0.07499998 -6.010519 0.07499998 -6.010519 0 -5.65696 0 -6.061028 0.07499998 -6.010519 0 -6.061028 0.07499998 -6.364079 0.07499998 -6.364079 0 -6.061028 0 -6.465097 0.07499998 -6.364079 0 -6.465097 0.07499998 -6.717639 0.07499998 -6.717639 0 -6.465097 0 -6.768148 0.07499998 -6.717639 0 -6.768148 0.07499998 -7.071199 0.07499998 -7.071199 0 -6.768148 0 -7.071199 0.07499998 -7.071199 0 -7.071199 0 -7.374251 0 -7.374251 0 -7.071199 -0.07499998 -7.071199 0 -7.374251 -0.07499998 -7.071199 -0.07499998 -7.42476 -0.07499998 0 -0.07499998 -0.35356 0 -0.4040685 0 -0.4040685 -0.07499998 -0.35356 -0.07499998 -0.70712 0 -0.4040685 -0.07499998 -0.70712 0 -0.8081371 0 -0.8081371 -0.07499998 -0.70712 -0.07499998 -1.06068 0 -0.8081371 -0.07499998 -1.06068 0 -1.212206 0 -1.212206 -0.07499998 -1.06068 -0.07499998 -1.41424 0 -1.212206 -0.07499998 -1.41424 0 -1.616274 0 -1.616274 -0.07499998 -1.41424 -0.07499998 -1.7678 0 -1.616274 -0.07499998 -1.7678 0 -2.020343 0 -2.020343 -0.07499998 -1.7678 -0.07499998 -2.12136 0 -2.020343 -0.07499998 -2.12136 0 -2.424411 0 -2.424411 -0.07499998 -2.12136 -0.07499998 -2.47492 0 -2.424411 -0.07499998 -2.47492 0 -2.82848 0 -2.82848 -0.07499998 -2.47492 -0.07499998 -2.82848 0 -2.82848 -0.07499998 -2.82848 -0.07499998 -3.18204 0 -2.82848 -0.07499998 -3.18204 0 -3.232548 0 -3.232548 -0.07499998 -3.18204 -0.07499998 -3.5356 0 -3.232548 -0.07499998 -3.5356 0 -3.636617 0 -3.636617 -0.07499998 -3.5356 -0.07499998 -3.88916 0 -3.636617 -0.07499998 -3.88916 0 -4.040686 0 -4.040686 -0.07499998 -3.88916 -0.07499998 -4.24272 0 -4.040686 -0.07499998 -4.24272 0 -4.444754 0 -4.444754 -0.07499998 -4.24272 -0.07499998 -4.59628 0 -4.444754 -0.07499998 -4.59628 0 -4.848823 0 -4.848823 -0.07499998 -4.59628 -0.07499998 -4.94984 0 -4.848823 -0.07499998 -4.94984 0 -5.252891 0 -5.252891 -0.07499998 -4.94984 -0.07499998 -5.3034 0 -5.252891 -0.07499998 -5.3034 0 -5.65696 0 -5.65696 -0.07499998 -5.3034 -0.07499998 -5.65696 0 -5.65696 -0.07499998 -5.65696 -0.07499998 -6.010519 0 -5.65696 -0.07499998 -6.010519 0 -6.061028 0 -6.061028 -0.07499998 -6.010519 -0.07499998 -6.364079 0 -6.061028 -0.07499998 -6.364079 0 -6.465097 0 -6.465097 -0.07499998 -6.364079 -0.07499998 -6.717639 0 -6.465097 -0.07499998 -6.717639 0 -6.768148 0 -6.768148 -0.07499998 -6.717639 -0.07499998 -7.071199 0 -6.768148 -0.07499998 -7.071199 0 -7.071199 0 -7.374251 -0.07499998 -7.42476 0 -7.677302 0 -7.677302 -0.07499998 -7.42476 -0.07499998 -7.77832 0 -7.677302 -0.07499998 -7.77832 0 -7.980354 0 -7.980354 -0.07499998 -7.77832 -0.07499998 -8.13188 0 -7.980354 -0.07499998 -8.13188 0 -8.283406 0 -8.283406 -0.07499998 -8.13188 -0.07499998 -8.48544 0 -8.283406 -0.07499998 -8.48544 0 -8.586457 0 -8.586457 -0.07499998 -8.48544 -0.07499998 -8.839 0 -8.586457 -0.07499998 -8.839 0 -8.889509 0 -8.889509 -0.07499998 -8.839 -0.07499998 -9.19256 0 -8.889509 -0.07499998 -9.19256 0 -9.19256 0 -9.19256 -0.07499998 -9.19256 0 -9.495612 0 -9.19256 0 -9.495612 0.07499998 -9.19256 0.07499998 -9.19256 0 -9.495612 0.07499998 -9.54612 0.07499998 -9.54612 0 -9.495612 0 -9.798663 0.07499998 -9.54612 0 -9.798663 0.07499998 -9.89968 0.07499998 -9.89968 0 -9.798663 0 -10.10171 0.07499998 -9.89968 0 -10.10171 0.07499998 -10.25324 0.07499998 -10.25324 0 -10.10171 0 -10.40476 0.07499998 -10.25324 0 -10.40476 0.07499998 -10.6068 0.07499998 -10.6068 0 -10.40476 0 -10.70782 0.07499998 -10.6068 0 -10.70782 0.07499998 -10.96036 0.07499998 -10.96036 0 -10.70782 0 -11.01087 0.07499998 -10.96036 0 -11.01087 0.07499998 -11.31392 0.07499998 -11.31392 0 -11.01087 -0.07499998 -11.31392 -0.07499998 -11.31392 0 -11.01087 -0.07499998 -10.96036 -0.07499998 -10.96036 0 -11.01087 0 -10.70782 -0.07499998 -10.96036 0 -10.70782 -0.07499998 -10.6068 -0.07499998 -10.6068 0 -10.70782 0 -10.40476 -0.07499998 -10.6068 0 -10.40476 -0.07499998 -10.25324 -0.07499998 -10.25324 0 -10.40476 0 -10.10171 -0.07499998 -10.25324 0 -10.10171 -0.07499998 -9.89968 -0.07499998 -9.89968 0 -10.10171 0 -9.798663 -0.07499998 -9.89968 0 -9.798663 -0.07499998 -9.54612 -0.07499998 -9.54612 0 -9.798663 0 -9.495612 -0.07499998 -9.54612 0 -9.495612 -0.07499998 -9.19256 0 -9.19256 0.07499998 -9.19256 0 -8.889509 0 -8.889509 0.07499998 -9.19256 0.07499998 -8.839 0 -8.889509 0.07499998 -8.839 0 -8.586457 0 -8.586457 0.07499998 -8.839 0.07499998 -8.48544 0 -8.586457 0.07499998 -8.48544 0 -8.283406 0 -8.283406 0.07499998 -8.48544 0.07499998 -8.13188 0 -8.283406 0.07499998 -8.13188 0 -7.980354 0 -7.980354 0.07499998 -8.13188 0.07499998 -7.77832 0 -7.980354 0.07499998 -7.77832 0 -7.677302 0 -7.677302 0.07499998 -7.77832 0.07499998 -7.42476 0 -7.677302 0.07499998 -7.42476 0 -7.374251 0 -7.374251 0.07499998 -7.42476 0.07499998 -7.071199 0.494984 0.3226235 0.494984 0 0.5561863 0.2765344 0.5561863 0.2765344 0.494984 0 0.556857 0 0.5561863 0.2765344 0.556857 0 0.6173886 0.2765344 0.6173886 0.2765344 0.556857 0 0.61873 0 0.6173886 0.2765344 0.61873 0 0.678591 0.2765344 0.678591 0.2765344 0.61873 0 0.680603 0 0.678591 0.2765344 0.680603 0 0.7397933 0.2765344 0.7397933 0.2765344 0.680603 0 0.742476 0 0.7397933 0.2765344 0.742476 0 0.804349 0 0.7397933 0.2765344 0.804349 0 0.8009956 0.2765344 0.8009956 0.2765344 0.804349 0 0.866222 0 0.8009956 0.2765344 0.866222 0 0.8621979 0.2765344 0.8621979 0.2765344 0.866222 0 0.928095 0 0.8621979 0.2765344 0.928095 0 0.9234002 0.2765344 0.9234002 0.2765344 0.928095 0 0.989968 0 0.9234002 0.2765344 0.989968 0 0.9846026 0.2765344 0.9846026 0.2765344 0.989968 0 1.051841 0 0.9846026 0.2765344 1.051841 0 1.047146 0.2765344 1.047146 0.2765344 1.051841 0 1.113714 0 1.047146 0.2765344 1.113714 0 1.10969 0.2765344 1.10969 0.2765344 1.113714 0 1.175587 0 1.10969 0.2765344 1.175587 0 1.172234 0.2765344 1.172234 0.2765344 1.175587 0 1.23746 0 1.172234 0.2765344 1.23746 0 1.234777 0.2765344 1.234777 0.2765344 1.23746 0 1.297321 0.2765344 1.234777 0.2765344 1.297321 0.2765344 1.234777 0.5530688 1.234777 0.5530688 1.297321 0.2765344 1.297321 0.5530688 1.234777 0.5530688 1.297321 0.5530688 1.234777 0.8296033 1.234777 0.8296033 1.297321 0.5530688 1.297321 0.8296033 1.234777 0.8296033 1.297321 0.8296033 1.234777 1.106138 1.234777 1.106138 1.297321 0.8296033 1.297321 1.106138 1.234777 1.106138 1.297321 1.106138 1.234777 1.382672 1.234777 1.382672 1.297321 1.106138 1.297321 1.382672 1.234777 1.382672 1.297321 1.382672 1.234777 1.659206 1.234777 1.659206 1.297321 1.382672 1.297321 1.659206 1.234777 1.659206 1.297321 1.659206 1.234777 1.935741 1.234777 1.935741 1.297321 1.659206 1.297321 1.935741 1.234777 1.935741 1.297321 1.935741 1.234777 2.212275 1.234777 2.212275 1.297321 1.935741 1.297321 2.212275 1.234777 2.212275 1.297321 2.212275 1.234777 2.48881 1.234777 2.48881 1.297321 2.212275 1.297321 2.48881 1.234777 2.48881 1.297321 2.48881 1.234777 2.765344 1.234777 2.765344 1.297321 2.48881 1.297321 2.765344 1.234777 2.765344 1.297321 2.765344 1.234777 3.041878 1.234777 3.041878 1.297321 2.765344 1.297321 3.041878 1.234777 3.041878 1.297321 3.041878 1.234777 3.318413 1.234777 3.318413 1.297321 3.041878 1.297321 3.318413 1.234777 3.318413 1.297321 3.318413 1.234777 3.594947 1.234777 3.594947 1.297321 3.318413 1.297321 3.594947 1.234777 3.594947 1.297321 3.594947 1.234777 3.871482 1.234777 3.871482 1.297321 3.594947 1.297321 3.871482 1.234777 3.871482 1.297321 3.871482 1.234777 4.148016 1.234777 4.148016 1.297321 3.871482 1.297321 4.148016 1.234777 4.148016 1.297321 4.148016 1.234777 4.424551 1.234777 4.424551 1.297321 4.148016 1.297321 4.424551 1.234777 4.424551 1.297321 4.424551 1.234777 4.793263 1.234777 4.793263 1.297321 4.424551 1.297321 4.793263 1.234777 4.793263 1.297321 4.793263 1.234777 5.161976 1.234777 5.161976 1.297321 4.793263 1.297321 5.161976 1.234777 5.161976 1.297321 5.161976 1.234777 5.530688 1.234777 5.530688 1.297321 5.161976 1.297321 5.530688 1.234777 5.530688 1.297321 5.530688 1.234777 5.899401 1.234777 5.899401 1.297321 5.530688 1.297321 5.899401 1.234777 5.899401 1.297321 5.899401 1.234777 6.268114 1.234777 6.268114 1.297321 5.899401 1.297321 6.268114 1.234777 6.268114 1.297321 6.268114 1.234777 6.636826 1.234777 6.636826 1.297321 6.268114 1.297321 6.636826 1.234777 6.636826 1.297321 6.636826 1.234777 7.005538 1.234777 7.005538 1.297321 6.636826 1.297321 7.005538 1.234777 7.005538 1.297321 7.005538 1.234777 7.374251 1.234777 7.374251 1.297321 7.005538 1.297321 7.374251 1.234777 7.374251 1.297321 7.374251 1.234777 7.742964 1.234777 7.742964 1.297321 7.374251 1.297321 7.742964 1.234777 7.742964 1.297321 7.742964 1.234777 8.111677 1.234777 8.111677 1.297321 7.742964 1.297321 8.111677 1.234777 8.111677 1.297321 8.111677 1.234777 8.480389 1.234777 8.480389 1.297321 8.111677 1.297321 8.480389 1.234777 8.480389 1.297321 8.480389 1.234777 8.849102 1.234777 8.849102 1.297321 8.480389 1.297321 8.849102 1.234777 8.849102 1.297321 8.849102 1.234777 9.217814 1.234777 9.217814 1.297321 8.849102 1.297321 9.217814 1.234777 9.217814 1.297321 9.217814 1.234777 9.586526 1.234777 9.586526 1.297321 9.217814 1.297321 9.586526 1.234777 9.586526 1.297321 9.586526 1.234777 9.95524 1.234777 9.95524 1.297321 9.586526 1.297321 9.95524 1.234777 9.95524 1.297321 9.95524 1.23746 10.32395 1.23746 10.32395 1.297321 9.95524 1.299333 10.32395 1.299333 10.32395 1.297321 9.95524 1.359865 9.95524 1.299333 10.32395 1.359865 9.95524 1.361206 10.32395 1.361206 10.32395 1.359865 9.95524 1.422408 9.95524 1.361206 10.32395 1.422408 9.95524 1.423079 10.32395 1.423079 10.32395 1.422408 9.95524 1.484952 10.00133 1.423079 10.32395 1.484952 10.00133 1.484952 10.32395 1.23746 0 1.299333 0 1.297321 0.2765344 1.297321 0.2765344 1.299333 0 1.359865 0.2765344 1.297321 0.2765344 1.359865 0.2765344 1.297321 0.5530688 1.297321 0.5530688 1.359865 0.2765344 1.359865 0.5530688 1.297321 0.5530688 1.359865 0.5530688 1.297321 0.8296033 1.297321 0.8296033 1.359865 0.5530688 1.359865 0.8296033 1.297321 0.8296033 1.359865 0.8296033 1.297321 1.106138 1.297321 1.106138 1.359865 0.8296033 1.359865 1.106138 1.297321 1.106138 1.359865 1.106138 1.297321 1.382672 1.297321 1.382672 1.359865 1.106138 1.359865 1.382672 1.297321 1.382672 1.359865 1.382672 1.297321 1.659206 1.297321 1.659206 1.359865 1.382672 1.359865 1.659206 1.297321 1.659206 1.359865 1.659206 1.297321 1.935741 1.297321 1.935741 1.359865 1.659206 1.359865 1.935741 1.297321 1.935741 1.359865 1.935741 1.297321 2.212275 1.297321 2.212275 1.359865 1.935741 1.359865 2.212275 1.297321 2.212275 1.359865 2.212275 1.297321 2.48881 1.297321 2.48881 1.359865 2.212275 1.359865 2.48881 1.297321 2.48881 1.359865 2.48881 1.297321 2.765344 1.297321 2.765344 1.359865 2.48881 1.359865 2.765344 1.297321 2.765344 1.359865 2.765344 1.297321 3.041878 1.297321 3.041878 1.359865 2.765344 1.359865 3.041878 1.297321 3.041878 1.359865 3.041878 1.297321 3.318413 1.297321 3.318413 1.359865 3.041878 1.359865 3.318413 1.297321 3.318413 1.359865 3.318413 1.297321 3.594947 1.297321 3.594947 1.359865 3.318413 1.359865 3.594947 1.297321 3.594947 1.359865 3.594947 1.297321 3.871482 1.297321 3.871482 1.359865 3.594947 1.359865 3.871482 1.297321 3.871482 1.359865 3.871482 1.297321 4.148016 1.297321 4.148016 1.359865 3.871482 1.359865 4.148016 1.297321 4.148016 1.359865 4.148016 1.297321 4.424551 1.297321 4.424551 1.359865 4.148016 1.359865 4.424551 1.297321 4.424551 1.359865 4.424551 1.297321 4.793263 1.297321 4.793263 1.359865 4.424551 1.359865 4.793263 1.297321 4.793263 1.359865 4.793263 1.297321 5.161976 1.297321 5.161976 1.359865 4.793263 1.359865 5.161976 1.297321 5.161976 1.359865 5.161976 1.297321 5.530688 1.297321 5.530688 1.359865 5.161976 1.359865 5.530688 1.297321 5.530688 1.359865 5.530688 1.297321 5.899401 1.297321 5.899401 1.359865 5.530688 1.359865 5.899401 1.297321 5.899401 1.359865 5.899401 1.297321 6.268114 1.297321 6.268114 1.359865 5.899401 1.359865 6.268114 1.297321 6.268114 1.359865 6.268114 1.297321 6.636826 1.297321 6.636826 1.359865 6.268114 1.359865 6.636826 1.297321 6.636826 1.359865 6.636826 1.297321 7.005538 1.297321 7.005538 1.359865 6.636826 1.359865 7.005538 1.297321 7.005538 1.359865 7.005538 1.297321 7.374251 1.297321 7.374251 1.359865 7.005538 1.359865 7.374251 1.297321 7.374251 1.359865 7.374251 1.297321 7.742964 1.297321 7.742964 1.359865 7.374251 1.359865 7.742964 1.297321 7.742964 1.359865 7.742964 1.297321 8.111677 1.297321 8.111677 1.359865 7.742964 1.359865 8.111677 1.297321 8.111677 1.359865 8.111677 1.297321 8.480389 1.297321 8.480389 1.359865 8.111677 1.359865 8.480389 1.297321 8.480389 1.359865 8.480389 1.297321 8.849102 1.297321 8.849102 1.359865 8.480389 1.359865 8.849102 1.297321 8.849102 1.359865 8.849102 1.297321 9.217814 1.297321 9.217814 1.359865 8.849102 1.359865 9.217814 1.297321 9.217814 1.359865 9.217814 1.297321 9.586526 1.297321 9.586526 1.359865 9.217814 1.359865 9.586526 1.297321 9.586526 1.359865 9.586526 1.297321 9.95524 1.297321 9.95524 1.359865 9.586526 1.359865 9.95524 1.299333 0 1.361206 0 1.359865 0.2765344 1.359865 0.2765344 1.361206 0 1.422408 0.2765344 1.359865 0.2765344 1.422408 0.2765344 1.359865 0.5530688 1.359865 0.5530688 1.422408 0.2765344 1.422408 0.5530688 1.359865 0.5530688 1.422408 0.5530688 1.359865 0.8296033 1.359865 0.8296033 1.422408 0.5530688 1.422408 0.8296033 1.359865 0.8296033 1.422408 0.8296033 1.359865 1.106138 1.359865 1.106138 1.422408 0.8296033 1.422408 1.106138 1.359865 1.106138 1.422408 1.106138 1.359865 1.382672 1.359865 1.382672 1.422408 1.106138 1.422408 1.382672 1.359865 1.382672 1.422408 1.382672 1.359865 1.659206 1.359865 1.659206 1.422408 1.382672 1.422408 1.659206 1.359865 1.659206 1.422408 1.659206 1.359865 1.935741 1.359865 1.935741 1.422408 1.659206 1.422408 1.935741 1.359865 1.935741 1.422408 1.935741 1.359865 2.212275 1.359865 2.212275 1.422408 1.935741 1.422408 2.212275 1.359865 2.212275 1.422408 2.212275 1.359865 2.48881 1.359865 2.48881 1.422408 2.212275 1.422408 2.48881 1.359865 2.48881 1.422408 2.48881 1.359865 2.765344 1.359865 2.765344 1.422408 2.48881 1.422408 2.765344 1.359865 2.765344 1.422408 2.765344 1.359865 3.041878 1.359865 3.041878 1.422408 2.765344 1.422408 3.041878 1.359865 3.041878 1.422408 3.041878 1.359865 3.318413 1.359865 3.318413 1.422408 3.041878 1.422408 3.318413 1.359865 3.318413 1.422408 3.318413 1.359865 3.594947 1.359865 3.594947 1.422408 3.318413 1.422408 3.594947 1.359865 3.594947 1.422408 3.594947 1.359865 3.871482 1.359865 3.871482 1.422408 3.594947 1.422408 3.871482 1.359865 3.871482 1.422408 3.871482 1.359865 4.148016 1.359865 4.148016 1.422408 3.871482 1.422408 4.148016 1.359865 4.148016 1.422408 4.148016 1.359865 4.424551 1.359865 4.424551 1.422408 4.148016 1.422408 4.424551 1.359865 4.424551 1.422408 4.424551 1.359865 4.793263 1.359865 4.793263 1.422408 4.424551 1.422408 4.793263 1.359865 4.793263 1.422408 4.793263 1.359865 5.161976 1.359865 5.161976 1.422408 4.793263 1.422408 5.161976 1.359865 5.161976 1.422408 5.161976 1.359865 5.530688 1.359865 5.530688 1.422408 5.161976 1.422408 5.530688 1.359865 5.530688 1.422408 5.530688 1.359865 5.899401 1.359865 5.899401 1.422408 5.530688 1.422408 5.899401 1.359865 5.899401 1.422408 5.899401 1.359865 6.268114 1.359865 6.268114 1.422408 5.899401 1.422408 6.268114 1.359865 6.268114 1.422408 6.268114 1.359865 6.636826 1.359865 6.636826 1.422408 6.268114 1.422408 6.636826 1.359865 6.636826 1.422408 6.636826 1.359865 7.005538 1.359865 7.005538 1.422408 6.636826 1.422408 7.005538 1.359865 7.005538 1.422408 7.005538 1.359865 7.374251 1.359865 7.374251 1.422408 7.005538 1.422408 7.374251 1.359865 7.374251 1.422408 7.374251 1.359865 7.742964 1.359865 7.742964 1.422408 7.374251 1.422408 7.742964 1.359865 7.742964 1.422408 7.742964 1.359865 8.111677 1.359865 8.111677 1.422408 7.742964 1.422408 8.111677 1.359865 8.111677 1.422408 8.111677 1.359865 8.480389 1.359865 8.480389 1.422408 8.111677 1.422408 8.480389 1.359865 8.480389 1.422408 8.480389 1.359865 8.849102 1.359865 8.849102 1.422408 8.480389 1.422408 8.849102 1.359865 8.849102 1.422408 8.849102 1.359865 9.217814 1.359865 9.217814 1.422408 8.849102 1.422408 9.217814 1.359865 9.217814 1.422408 9.217814 1.359865 9.586526 1.359865 9.586526 1.422408 9.217814 1.422408 9.586526 1.359865 9.586526 1.422408 9.586526 1.359865 9.95524 1.359865 9.95524 1.422408 9.586526 1.422408 9.95524 1.361206 0 1.423079 0 1.422408 0.2765344 1.422408 0.2765344 1.423079 0 1.484952 0 1.422408 0.2765344 1.484952 0 1.484952 0.3226235 1.422408 0.2765344 1.484952 0.3226235 1.422408 0.5530688 1.422408 0.5530688 1.484952 0.3226235 1.484952 0.645247 1.422408 0.5530688 1.484952 0.645247 1.422408 0.8296033 1.422408 0.8296033 1.484952 0.645247 1.484952 0.9678705 1.422408 0.8296033 1.484952 0.9678705 1.422408 1.106138 1.422408 1.106138 1.484952 0.9678705 1.484952 1.290494 1.422408 1.106138 1.484952 1.290494 1.422408 1.382672 1.422408 1.382672 1.484952 1.290494 1.484952 1.613117 1.422408 1.382672 1.484952 1.613117 1.422408 1.659206 1.422408 1.659206 1.484952 1.613117 1.484952 1.935741 1.422408 1.659206 1.484952 1.935741 1.422408 1.935741 1.422408 1.935741 1.484952 1.935741 1.422408 2.212275 1.484952 1.935741 1.484952 2.258364 1.422408 2.212275 1.422408 2.212275 1.484952 2.258364 1.422408 2.48881 1.484952 2.258364 1.484952 2.580988 1.422408 2.48881 1.422408 2.48881 1.484952 2.580988 1.422408 2.765344 1.484952 2.580988 1.484952 2.903611 1.422408 2.765344 1.422408 2.765344 1.484952 2.903611 1.422408 3.041878 1.484952 2.903611 1.484952 3.226235 1.422408 3.041878 1.422408 3.041878 1.484952 3.226235 1.422408 3.318413 1.484952 3.226235 1.484952 3.548858 1.422408 3.318413 1.422408 3.318413 1.484952 3.548858 1.422408 3.594947 1.484952 3.548858 1.484952 3.871482 1.422408 3.594947 1.422408 3.594947 1.484952 3.871482 1.422408 3.871482 1.422408 3.871482 1.484952 3.871482 1.422408 4.148016 1.422408 4.148016 1.484952 3.871482 1.484952 4.194105 1.422408 4.148016 1.484952 4.194105 1.422408 4.424551 1.422408 4.424551 1.484952 4.194105 1.484952 4.516729 1.422408 4.424551 1.484952 4.516729 1.422408 4.793263 1.422408 4.793263 1.484952 4.516729 1.484952 4.839352 1.422408 4.793263 1.484952 4.839352 1.422408 5.161976 1.422408 5.161976 1.484952 4.839352 1.484952 5.161976 1.422408 5.161976 1.484952 5.161976 1.484952 5.484599 1.422408 5.161976 1.484952 5.484599 1.422408 5.530688 1.422408 5.530688 1.484952 5.484599 1.484952 5.807223 1.422408 5.530688 1.484952 5.807223 1.422408 5.899401 1.422408 5.899401 1.484952 5.807223 1.484952 6.129846 1.422408 5.899401 1.484952 6.129846 1.422408 6.268114 1.422408 6.268114 1.484952 6.129846 1.484952 6.45247 1.422408 6.268114 1.484952 6.45247 1.422408 6.636826 1.422408 6.636826 1.484952 6.45247 1.484952 6.775093 1.422408 6.636826 1.484952 6.775093 1.422408 7.005538 1.422408 7.005538 1.484952 6.775093 1.484952 7.097717 1.422408 7.005538 1.484952 7.097717 1.422408 7.374251 1.422408 7.374251 1.484952 7.097717 1.484952 7.42034 1.422408 7.374251 1.484952 7.42034 1.422408 7.742964 1.422408 7.742964 1.484952 7.42034 1.484952 7.742964 1.422408 7.742964 1.484952 7.742964 1.484952 8.065587 1.422408 7.742964 1.484952 8.065587 1.422408 8.111677 1.422408 8.111677 1.484952 8.065587 1.484952 8.388211 1.422408 8.111677 1.484952 8.388211 1.422408 8.480389 1.422408 8.480389 1.484952 8.388211 1.484952 8.710835 1.422408 8.480389 1.484952 8.710835 1.422408 8.849102 1.422408 8.849102 1.484952 8.710835 1.484952 9.033458 1.422408 8.849102 1.484952 9.033458 1.422408 9.217814 1.422408 9.217814 1.484952 9.033458 1.484952 9.356081 1.422408 9.217814 1.484952 9.356081 1.422408 9.586526 1.422408 9.586526 1.484952 9.356081 1.484952 9.678705 1.422408 9.586526 1.484952 9.678705 1.422408 9.95524 1.422408 9.95524 1.484952 9.678705 1.484952 10.00133 1.23746 10.32395 1.175587 10.32395 1.234777 9.95524 1.234777 9.95524 1.175587 10.32395 1.113714 10.32395 1.234777 9.95524 1.113714 10.32395 1.172234 9.95524 1.172234 9.95524 1.113714 10.32395 1.051841 10.32395 1.172234 9.95524 1.051841 10.32395 1.10969 9.95524 1.10969 9.95524 1.051841 10.32395 0.989968 10.32395 1.10969 9.95524 0.989968 10.32395 1.047146 9.95524 1.047146 9.95524 0.989968 10.32395 0.928095 10.32395 1.047146 9.95524 0.928095 10.32395 0.9846026 9.95524 0.9846026 9.95524 0.928095 10.32395 0.866222 10.32395 0.9846026 9.95524 0.866222 10.32395 0.9234002 9.95524 0.9234002 9.95524 0.866222 10.32395 0.804349 10.32395 0.9234002 9.95524 0.804349 10.32395 0.8621979 9.95524 0.8621979 9.95524 0.804349 10.32395 0.742476 10.32395 0.8621979 9.95524 0.742476 10.32395 0.8009956 9.95524 0.8009956 9.95524 0.742476 10.32395 0.7397933 9.95524 0.8009956 9.95524 0.7397933 9.95524 0.8009956 9.586526 0.8009956 9.586526 0.7397933 9.95524 0.7397933 9.586526 0.8009956 9.586526 0.7397933 9.586526 0.8009956 9.217814 0.8009956 9.217814 0.7397933 9.586526 0.7397933 9.217814 0.8009956 9.217814 0.7397933 9.217814 0.8009956 8.849102 0.8009956 8.849102 0.7397933 9.217814 0.7397933 8.849102 0.8009956 8.849102 0.7397933 8.849102 0.8009956 8.480389 0.8009956 8.480389 0.7397933 8.849102 0.7397933 8.480389 0.8009956 8.480389 0.7397933 8.480389 0.8009956 8.111677 0.8009956 8.111677 0.7397933 8.480389 0.7397933 8.111677 0.8009956 8.111677 0.7397933 8.111677 0.8009956 7.742964 0.8009956 7.742964 0.7397933 8.111677 0.7397933 7.742964 0.8009956 7.742964 0.7397933 7.742964 0.8009956 7.374251 0.8009956 7.374251 0.7397933 7.742964 0.7397933 7.374251 0.8009956 7.374251 0.7397933 7.374251 0.8009956 7.005538 0.8009956 7.005538 0.7397933 7.374251 0.7397933 7.005538 0.8009956 7.005538 0.7397933 7.005538 0.8009956 6.636826 0.8009956 6.636826 0.7397933 7.005538 0.7397933 6.636826 0.8009956 6.636826 0.7397933 6.636826 0.8009956 6.268114 0.8009956 6.268114 0.7397933 6.636826 0.7397933 6.268114 0.8009956 6.268114 0.7397933 6.268114 0.8009956 5.899401 0.8009956 5.899401 0.7397933 6.268114 0.7397933 5.899401 0.8009956 5.899401 0.7397933 5.899401 0.8009956 5.530688 0.8009956 5.530688 0.7397933 5.899401 0.7397933 5.530688 0.8009956 5.530688 0.7397933 5.530688 0.8009956 5.161976 0.8009956 5.161976 0.7397933 5.530688 0.7397933 5.161976 0.8009956 5.161976 0.7397933 5.161976 0.8009956 4.793263 0.8009956 4.793263 0.7397933 5.161976 0.7397933 4.793263 0.8009956 4.793263 0.7397933 4.793263 0.8009956 4.424551 0.8009956 4.424551 0.7397933 4.793263 0.7397933 4.424551 0.8009956 4.424551 0.7397933 4.424551 0.8009956 4.148016 0.8009956 4.148016 0.7397933 4.424551 0.7397933 4.148016 0.8009956 4.148016 0.7397933 4.148016 0.8009956 3.871482 0.8009956 3.871482 0.7397933 4.148016 0.7397933 3.871482 0.8009956 3.871482 0.7397933 3.871482 0.8009956 3.594947 0.8009956 3.594947 0.7397933 3.871482 0.7397933 3.594947 0.8009956 3.594947 0.7397933 3.594947 0.8009956 3.318413 0.8009956 3.318413 0.7397933 3.594947 0.7397933 3.318413 0.8009956 3.318413 0.7397933 3.318413 0.8009956 3.041878 0.8009956 3.041878 0.7397933 3.318413 0.7397933 3.041878 0.8009956 3.041878 0.7397933 3.041878 0.8009956 2.765344 0.8009956 2.765344 0.7397933 3.041878 0.7397933 2.765344 0.8009956 2.765344 0.7397933 2.765344 0.8009956 2.48881 0.8009956 2.48881 0.7397933 2.765344 0.7397933 2.48881 0.8009956 2.48881 0.7397933 2.48881 0.8009956 2.212275 0.8009956 2.212275 0.7397933 2.48881 0.7397933 2.212275 0.8009956 2.212275 0.7397933 2.212275 0.8009956 1.935741 0.8009956 1.935741 0.7397933 2.212275 0.7397933 1.935741 0.8009956 1.935741 0.7397933 1.935741 0.8009956 1.659206 0.8009956 1.659206 0.7397933 1.935741 0.7397933 1.659206 0.8009956 1.659206 0.7397933 1.659206 0.8009956 1.382672 0.8009956 1.382672 0.7397933 1.659206 0.7397933 1.382672 0.8009956 1.382672 0.7397933 1.382672 0.8009956 1.106138 0.8009956 1.106138 0.7397933 1.382672 0.7397933 1.106138 0.8009956 1.106138 0.7397933 1.106138 0.8009956 0.8296033 0.8009956 0.8296033 0.7397933 1.106138 0.7397933 0.8296033 0.8009956 0.8296033 0.7397933 0.8296033 0.8009956 0.5530688 0.8009956 0.5530688 0.7397933 0.8296033 0.7397933 0.5530688 0.8009956 0.5530688 0.7397933 0.5530688 0.8009956 0.2765344 0.8009956 0.2765344 0.7397933 0.5530688 0.7397933 0.2765344 0.742476 10.32395 0.680603 10.32395 0.7397933 9.95524 0.7397933 9.95524 0.680603 10.32395 0.678591 9.95524 0.7397933 9.95524 0.678591 9.95524 0.7397933 9.586526 0.7397933 9.586526 0.678591 9.95524 0.678591 9.586526 0.7397933 9.586526 0.678591 9.586526 0.7397933 9.217814 0.7397933 9.217814 0.678591 9.586526 0.678591 9.217814 0.7397933 9.217814 0.678591 9.217814 0.7397933 8.849102 0.7397933 8.849102 0.678591 9.217814 0.678591 8.849102 0.7397933 8.849102 0.678591 8.849102 0.7397933 8.480389 0.7397933 8.480389 0.678591 8.849102 0.678591 8.480389 0.7397933 8.480389 0.678591 8.480389 0.7397933 8.111677 0.7397933 8.111677 0.678591 8.480389 0.678591 8.111677 0.7397933 8.111677 0.678591 8.111677 0.7397933 7.742964 0.7397933 7.742964 0.678591 8.111677 0.678591 7.742964 0.7397933 7.742964 0.678591 7.742964 0.7397933 7.374251 0.7397933 7.374251 0.678591 7.742964 0.678591 7.374251 0.7397933 7.374251 0.678591 7.374251 0.7397933 7.005538 0.7397933 7.005538 0.678591 7.374251 0.678591 7.005538 0.7397933 7.005538 0.678591 7.005538 0.7397933 6.636826 0.7397933 6.636826 0.678591 7.005538 0.678591 6.636826 0.7397933 6.636826 0.678591 6.636826 0.7397933 6.268114 0.7397933 6.268114 0.678591 6.636826 0.678591 6.268114 0.7397933 6.268114 0.678591 6.268114 0.7397933 5.899401 0.7397933 5.899401 0.678591 6.268114 0.678591 5.899401 0.7397933 5.899401 0.678591 5.899401 0.7397933 5.530688 0.7397933 5.530688 0.678591 5.899401 0.678591 5.530688 0.7397933 5.530688 0.678591 5.530688 0.7397933 5.161976 0.7397933 5.161976 0.678591 5.530688 0.678591 5.161976 0.7397933 5.161976 0.678591 5.161976 0.7397933 4.793263 0.7397933 4.793263 0.678591 5.161976 0.678591 4.793263 0.7397933 4.793263 0.678591 4.793263 0.7397933 4.424551 0.7397933 4.424551 0.678591 4.793263 0.678591 4.424551 0.7397933 4.424551 0.678591 4.424551 0.7397933 4.148016 0.7397933 4.148016 0.678591 4.424551 0.678591 4.148016 0.7397933 4.148016 0.678591 4.148016 0.7397933 3.871482 0.7397933 3.871482 0.678591 4.148016 0.678591 3.871482 0.7397933 3.871482 0.678591 3.871482 0.7397933 3.594947 0.7397933 3.594947 0.678591 3.871482 0.678591 3.594947 0.7397933 3.594947 0.678591 3.594947 0.7397933 3.318413 0.7397933 3.318413 0.678591 3.594947 0.678591 3.318413 0.7397933 3.318413 0.678591 3.318413 0.7397933 3.041878 0.7397933 3.041878 0.678591 3.318413 0.678591 3.041878 0.7397933 3.041878 0.678591 3.041878 0.7397933 2.765344 0.7397933 2.765344 0.678591 3.041878 0.678591 2.765344 0.7397933 2.765344 0.678591 2.765344 0.7397933 2.48881 0.7397933 2.48881 0.678591 2.765344 0.678591 2.48881 0.7397933 2.48881 0.678591 2.48881 0.7397933 2.212275 0.7397933 2.212275 0.678591 2.48881 0.678591 2.212275 0.7397933 2.212275 0.678591 2.212275 0.7397933 1.935741 0.7397933 1.935741 0.678591 2.212275 0.678591 1.935741 0.7397933 1.935741 0.678591 1.935741 0.7397933 1.659206 0.7397933 1.659206 0.678591 1.935741 0.678591 1.659206 0.7397933 1.659206 0.678591 1.659206 0.7397933 1.382672 0.7397933 1.382672 0.678591 1.659206 0.678591 1.382672 0.7397933 1.382672 0.678591 1.382672 0.7397933 1.106138 0.7397933 1.106138 0.678591 1.382672 0.678591 1.106138 0.7397933 1.106138 0.678591 1.106138 0.7397933 0.8296033 0.7397933 0.8296033 0.678591 1.106138 0.678591 0.8296033 0.7397933 0.8296033 0.678591 0.8296033 0.7397933 0.5530688 0.7397933 0.5530688 0.678591 0.8296033 0.678591 0.5530688 0.7397933 0.5530688 0.678591 0.5530688 0.7397933 0.2765344 0.7397933 0.2765344 0.678591 0.5530688 0.678591 0.2765344 0.680603 10.32395 0.61873 10.32395 0.678591 9.95524 0.678591 9.95524 0.61873 10.32395 0.6173886 9.95524 0.678591 9.95524 0.6173886 9.95524 0.678591 9.586526 0.678591 9.586526 0.6173886 9.95524 0.6173886 9.586526 0.678591 9.586526 0.6173886 9.586526 0.678591 9.217814 0.678591 9.217814 0.6173886 9.586526 0.6173886 9.217814 0.678591 9.217814 0.6173886 9.217814 0.678591 8.849102 0.678591 8.849102 0.6173886 9.217814 0.6173886 8.849102 0.678591 8.849102 0.6173886 8.849102 0.678591 8.480389 0.678591 8.480389 0.6173886 8.849102 0.6173886 8.480389 0.678591 8.480389 0.6173886 8.480389 0.678591 8.111677 0.678591 8.111677 0.6173886 8.480389 0.6173886 8.111677 0.678591 8.111677 0.6173886 8.111677 0.678591 7.742964 0.678591 7.742964 0.6173886 8.111677 0.6173886 7.742964 0.678591 7.742964 0.6173886 7.742964 0.678591 7.374251 0.678591 7.374251 0.6173886 7.742964 0.6173886 7.374251 0.678591 7.374251 0.6173886 7.374251 0.678591 7.005538 0.678591 7.005538 0.6173886 7.374251 0.6173886 7.005538 0.678591 7.005538 0.6173886 7.005538 0.678591 6.636826 0.678591 6.636826 0.6173886 7.005538 0.6173886 6.636826 0.678591 6.636826 0.6173886 6.636826 0.678591 6.268114 0.678591 6.268114 0.6173886 6.636826 0.6173886 6.268114 0.678591 6.268114 0.6173886 6.268114 0.678591 5.899401 0.678591 5.899401 0.6173886 6.268114 0.6173886 5.899401 0.678591 5.899401 0.6173886 5.899401 0.678591 5.530688 0.678591 5.530688 0.6173886 5.899401 0.6173886 5.530688 0.678591 5.530688 0.6173886 5.530688 0.678591 5.161976 0.678591 5.161976 0.6173886 5.530688 0.6173886 5.161976 0.678591 5.161976 0.6173886 5.161976 0.678591 4.793263 0.678591 4.793263 0.6173886 5.161976 0.6173886 4.793263 0.678591 4.793263 0.6173886 4.793263 0.678591 4.424551 0.678591 4.424551 0.6173886 4.793263 0.6173886 4.424551 0.678591 4.424551 0.6173886 4.424551 0.678591 4.148016 0.678591 4.148016 0.6173886 4.424551 0.6173886 4.148016 0.678591 4.148016 0.6173886 4.148016 0.678591 3.871482 0.678591 3.871482 0.6173886 4.148016 0.6173886 3.871482 0.678591 3.871482 0.6173886 3.871482 0.678591 3.594947 0.678591 3.594947 0.6173886 3.871482 0.6173886 3.594947 0.678591 3.594947 0.6173886 3.594947 0.678591 3.318413 0.678591 3.318413 0.6173886 3.594947 0.6173886 3.318413 0.678591 3.318413 0.6173886 3.318413 0.678591 3.041878 0.678591 3.041878 0.6173886 3.318413 0.6173886 3.041878 0.678591 3.041878 0.6173886 3.041878 0.678591 2.765344 0.678591 2.765344 0.6173886 3.041878 0.6173886 2.765344 0.678591 2.765344 0.6173886 2.765344 0.678591 2.48881 0.678591 2.48881 0.6173886 2.765344 0.6173886 2.48881 0.678591 2.48881 0.6173886 2.48881 0.678591 2.212275 0.678591 2.212275 0.6173886 2.48881 0.6173886 2.212275 0.678591 2.212275 0.6173886 2.212275 0.678591 1.935741 0.678591 1.935741 0.6173886 2.212275 0.6173886 1.935741 0.678591 1.935741 0.6173886 1.935741 0.678591 1.659206 0.678591 1.659206 0.6173886 1.935741 0.6173886 1.659206 0.678591 1.659206 0.6173886 1.659206 0.678591 1.382672 0.678591 1.382672 0.6173886 1.659206 0.6173886 1.382672 0.678591 1.382672 0.6173886 1.382672 0.678591 1.106138 0.678591 1.106138 0.6173886 1.382672 0.6173886 1.106138 0.678591 1.106138 0.6173886 1.106138 0.678591 0.8296033 0.678591 0.8296033 0.6173886 1.106138 0.6173886 0.8296033 0.678591 0.8296033 0.6173886 0.8296033 0.678591 0.5530688 0.678591 0.5530688 0.6173886 0.8296033 0.6173886 0.5530688 0.678591 0.5530688 0.6173886 0.5530688 0.678591 0.2765344 0.678591 0.2765344 0.6173886 0.5530688 0.6173886 0.2765344 0.61873 10.32395 0.556857 10.32395 0.6173886 9.95524 0.6173886 9.95524 0.556857 10.32395 0.5561863 9.95524 0.6173886 9.95524 0.5561863 9.95524 0.6173886 9.586526 0.6173886 9.586526 0.5561863 9.95524 0.5561863 9.586526 0.6173886 9.586526 0.5561863 9.586526 0.6173886 9.217814 0.6173886 9.217814 0.5561863 9.586526 0.5561863 9.217814 0.6173886 9.217814 0.5561863 9.217814 0.6173886 8.849102 0.6173886 8.849102 0.5561863 9.217814 0.5561863 8.849102 0.6173886 8.849102 0.5561863 8.849102 0.6173886 8.480389 0.6173886 8.480389 0.5561863 8.849102 0.5561863 8.480389 0.6173886 8.480389 0.5561863 8.480389 0.6173886 8.111677 0.6173886 8.111677 0.5561863 8.480389 0.5561863 8.111677 0.6173886 8.111677 0.5561863 8.111677 0.6173886 7.742964 0.6173886 7.742964 0.5561863 8.111677 0.5561863 7.742964 0.6173886 7.742964 0.5561863 7.742964 0.6173886 7.374251 0.6173886 7.374251 0.5561863 7.742964 0.5561863 7.374251 0.6173886 7.374251 0.5561863 7.374251 0.6173886 7.005538 0.6173886 7.005538 0.5561863 7.374251 0.5561863 7.005538 0.6173886 7.005538 0.5561863 7.005538 0.6173886 6.636826 0.6173886 6.636826 0.5561863 7.005538 0.5561863 6.636826 0.6173886 6.636826 0.5561863 6.636826 0.6173886 6.268114 0.6173886 6.268114 0.5561863 6.636826 0.5561863 6.268114 0.6173886 6.268114 0.5561863 6.268114 0.6173886 5.899401 0.6173886 5.899401 0.5561863 6.268114 0.5561863 5.899401 0.6173886 5.899401 0.5561863 5.899401 0.6173886 5.530688 0.6173886 5.530688 0.5561863 5.899401 0.5561863 5.530688 0.6173886 5.530688 0.5561863 5.530688 0.6173886 5.161976 0.6173886 5.161976 0.5561863 5.530688 0.5561863 5.161976 0.6173886 5.161976 0.5561863 5.161976 0.6173886 4.793263 0.6173886 4.793263 0.5561863 5.161976 0.5561863 4.793263 0.6173886 4.793263 0.5561863 4.793263 0.6173886 4.424551 0.6173886 4.424551 0.5561863 4.793263 0.5561863 4.424551 0.6173886 4.424551 0.5561863 4.424551 0.6173886 4.148016 0.6173886 4.148016 0.5561863 4.424551 0.5561863 4.148016 0.6173886 4.148016 0.5561863 4.148016 0.6173886 3.871482 0.6173886 3.871482 0.5561863 4.148016 0.5561863 3.871482 0.6173886 3.871482 0.5561863 3.871482 0.6173886 3.594947 0.6173886 3.594947 0.5561863 3.871482 0.5561863 3.594947 0.6173886 3.594947 0.5561863 3.594947 0.6173886 3.318413 0.6173886 3.318413 0.5561863 3.594947 0.5561863 3.318413 0.6173886 3.318413 0.5561863 3.318413 0.6173886 3.041878 0.6173886 3.041878 0.5561863 3.318413 0.5561863 3.041878 0.6173886 3.041878 0.5561863 3.041878 0.6173886 2.765344 0.6173886 2.765344 0.5561863 3.041878 0.5561863 2.765344 0.6173886 2.765344 0.5561863 2.765344 0.6173886 2.48881 0.6173886 2.48881 0.5561863 2.765344 0.5561863 2.48881 0.6173886 2.48881 0.5561863 2.48881 0.6173886 2.212275 0.6173886 2.212275 0.5561863 2.48881 0.5561863 2.212275 0.6173886 2.212275 0.5561863 2.212275 0.6173886 1.935741 0.6173886 1.935741 0.5561863 2.212275 0.5561863 1.935741 0.6173886 1.935741 0.5561863 1.935741 0.6173886 1.659206 0.6173886 1.659206 0.5561863 1.935741 0.5561863 1.659206 0.6173886 1.659206 0.5561863 1.659206 0.6173886 1.382672 0.6173886 1.382672 0.5561863 1.659206 0.5561863 1.382672 0.6173886 1.382672 0.5561863 1.382672 0.6173886 1.106138 0.6173886 1.106138 0.5561863 1.382672 0.5561863 1.106138 0.6173886 1.106138 0.5561863 1.106138 0.6173886 0.8296033 0.6173886 0.8296033 0.5561863 1.106138 0.5561863 0.8296033 0.6173886 0.8296033 0.5561863 0.8296033 0.6173886 0.5530688 0.6173886 0.5530688 0.5561863 0.8296033 0.5561863 0.5530688 0.6173886 0.5530688 0.5561863 0.5530688 0.6173886 0.2765344 0.6173886 0.2765344 0.5561863 0.5530688 0.5561863 0.2765344 0.556857 10.32395 0.494984 10.32395 0.5561863 9.95524 0.5561863 9.95524 0.494984 10.32395 0.494984 10.00133 0.5561863 9.95524 0.494984 10.00133 0.494984 9.678705 0.5561863 9.95524 0.494984 9.678705 0.5561863 9.586526 0.5561863 9.586526 0.494984 9.678705 0.494984 9.356081 0.5561863 9.586526 0.494984 9.356081 0.5561863 9.217814 0.5561863 9.217814 0.494984 9.356081 0.494984 9.033458 0.5561863 9.217814 0.494984 9.033458 0.5561863 8.849102 0.5561863 8.849102 0.494984 9.033458 0.494984 8.710835 0.5561863 8.849102 0.494984 8.710835 0.5561863 8.480389 0.5561863 8.480389 0.494984 8.710835 0.494984 8.388211 0.5561863 8.480389 0.494984 8.388211 0.5561863 8.111677 0.5561863 8.111677 0.494984 8.388211 0.494984 8.065587 0.5561863 8.111677 0.494984 8.065587 0.5561863 7.742964 0.5561863 7.742964 0.494984 8.065587 0.494984 7.742964 0.5561863 7.742964 0.494984 7.742964 0.494984 7.42034 0.5561863 7.742964 0.494984 7.42034 0.5561863 7.374251 0.5561863 7.374251 0.494984 7.42034 0.494984 7.097717 0.5561863 7.374251 0.494984 7.097717 0.5561863 7.005538 0.5561863 7.005538 0.494984 7.097717 0.494984 6.775093 0.5561863 7.005538 0.494984 6.775093 0.5561863 6.636826 0.5561863 6.636826 0.494984 6.775093 0.494984 6.45247 0.5561863 6.636826 0.494984 6.45247 0.5561863 6.268114 0.5561863 6.268114 0.494984 6.45247 0.494984 6.129846 0.5561863 6.268114 0.494984 6.129846 0.5561863 5.899401 0.5561863 5.899401 0.494984 6.129846 0.494984 5.807223 0.5561863 5.899401 0.494984 5.807223 0.5561863 5.530688 0.5561863 5.530688 0.494984 5.807223 0.494984 5.484599 0.5561863 5.530688 0.494984 5.484599 0.5561863 5.161976 0.5561863 5.161976 0.494984 5.484599 0.494984 5.161976 0.5561863 5.161976 0.494984 5.161976 0.494984 4.839352 0.5561863 5.161976 0.494984 4.839352 0.5561863 4.793263 0.5561863 4.793263 0.494984 4.839352 0.494984 4.516729 0.5561863 4.793263 0.494984 4.516729 0.5561863 4.424551 0.5561863 4.424551 0.494984 4.516729 0.494984 4.194105 0.5561863 4.424551 0.494984 4.194105 0.5561863 4.148016 0.5561863 4.148016 0.494984 4.194105 0.494984 3.871482 0.5561863 4.148016 0.494984 3.871482 0.5561863 3.871482 0.5561863 3.871482 0.494984 3.871482 0.5561863 3.594947 0.494984 3.871482 0.494984 3.548858 0.5561863 3.594947 0.5561863 3.594947 0.494984 3.548858 0.5561863 3.318413 0.494984 3.548858 0.494984 3.226235 0.5561863 3.318413 0.5561863 3.318413 0.494984 3.226235 0.5561863 3.041878 0.494984 3.226235 0.494984 2.903611 0.5561863 3.041878 0.5561863 3.041878 0.494984 2.903611 0.5561863 2.765344 0.494984 2.903611 0.494984 2.580988 0.5561863 2.765344 0.5561863 2.765344 0.494984 2.580988 0.5561863 2.48881 0.494984 2.580988 0.494984 2.258364 0.5561863 2.48881 0.5561863 2.48881 0.494984 2.258364 0.5561863 2.212275 0.494984 2.258364 0.494984 1.935741 0.5561863 2.212275 0.5561863 2.212275 0.494984 1.935741 0.5561863 1.935741 0.5561863 1.935741 0.494984 1.935741 0.5561863 1.659206 0.5561863 1.659206 0.494984 1.935741 0.494984 1.613117 0.5561863 1.659206 0.494984 1.613117 0.5561863 1.382672 0.5561863 1.382672 0.494984 1.613117 0.494984 1.290494 0.5561863 1.382672 0.494984 1.290494 0.5561863 1.106138 0.5561863 1.106138 0.494984 1.290494 0.494984 0.9678705 0.5561863 1.106138 0.494984 0.9678705 0.5561863 0.8296033 0.5561863 0.8296033 0.494984 0.9678705 0.494984 0.645247 0.5561863 0.8296033 0.494984 0.645247 0.5561863 0.5530688 0.5561863 0.5530688 0.494984 0.645247 0.494984 0.3226235 0.5561863 0.5530688 0.494984 0.3226235 0.5561863 0.2765344 1.172234 0.2765344 1.234777 0.2765344 1.172234 0.5530688 1.172234 0.5530688 1.234777 0.2765344 1.234777 0.5530688 1.172234 0.5530688 1.234777 0.5530688 1.172234 0.8296033 1.172234 0.8296033 1.234777 0.5530688 1.234777 0.8296033 1.172234 0.8296033 1.234777 0.8296033 1.172234 1.106138 1.172234 1.106138 1.234777 0.8296033 1.234777 1.106138 1.172234 1.106138 1.234777 1.106138 1.172234 1.382672 1.172234 1.382672 1.234777 1.106138 1.234777 1.382672 1.172234 1.382672 1.234777 1.382672 1.172234 1.659206 1.172234 1.659206 1.234777 1.382672 1.234777 1.659206 1.172234 1.659206 1.234777 1.659206 1.172234 1.935741 1.172234 1.935741 1.234777 1.659206 1.234777 1.935741 1.172234 1.935741 1.234777 1.935741 1.172234 2.212275 1.172234 2.212275 1.234777 1.935741 1.234777 2.212275 1.172234 2.212275 1.234777 2.212275 1.172234 2.48881 1.172234 2.48881 1.234777 2.212275 1.234777 2.48881 1.172234 2.48881 1.234777 2.48881 1.172234 2.765344 1.172234 2.765344 1.234777 2.48881 1.234777 2.765344 1.172234 2.765344 1.234777 2.765344 1.172234 3.041878 1.172234 3.041878 1.234777 2.765344 1.234777 3.041878 1.172234 3.041878 1.234777 3.041878 1.172234 3.318413 1.172234 3.318413 1.234777 3.041878 1.234777 3.318413 1.172234 3.318413 1.234777 3.318413 1.172234 3.594947 1.172234 3.594947 1.234777 3.318413 1.234777 3.594947 1.172234 3.594947 1.234777 3.594947 1.172234 3.871482 1.172234 3.871482 1.234777 3.594947 1.234777 3.871482 1.172234 3.871482 1.234777 3.871482 1.172234 4.148016 1.172234 4.148016 1.234777 3.871482 1.234777 4.148016 1.172234 4.148016 1.234777 4.148016 1.172234 4.424551 1.172234 4.424551 1.234777 4.148016 1.234777 4.424551 1.172234 4.424551 1.234777 4.424551 1.172234 4.793263 1.172234 4.793263 1.234777 4.424551 1.234777 4.793263 1.172234 4.793263 1.234777 4.793263 1.172234 5.161976 1.172234 5.161976 1.234777 4.793263 1.234777 5.161976 1.172234 5.161976 1.234777 5.161976 1.172234 5.530688 1.172234 5.530688 1.234777 5.161976 1.234777 5.530688 1.172234 5.530688 1.234777 5.530688 1.172234 5.899401 1.172234 5.899401 1.234777 5.530688 1.234777 5.899401 1.172234 5.899401 1.234777 5.899401 1.172234 6.268114 1.172234 6.268114 1.234777 5.899401 1.234777 6.268114 1.172234 6.268114 1.234777 6.268114 1.172234 6.636826 1.172234 6.636826 1.234777 6.268114 1.234777 6.636826 1.172234 6.636826 1.234777 6.636826 1.172234 7.005538 1.172234 7.005538 1.234777 6.636826 1.234777 7.005538 1.172234 7.005538 1.234777 7.005538 1.172234 7.374251 1.172234 7.374251 1.234777 7.005538 1.234777 7.374251 1.172234 7.374251 1.234777 7.374251 1.172234 7.742964 1.172234 7.742964 1.234777 7.374251 1.234777 7.742964 1.172234 7.742964 1.234777 7.742964 1.172234 8.111677 1.172234 8.111677 1.234777 7.742964 1.234777 8.111677 1.172234 8.111677 1.234777 8.111677 1.172234 8.480389 1.172234 8.480389 1.234777 8.111677 1.234777 8.480389 1.172234 8.480389 1.234777 8.480389 1.172234 8.849102 1.172234 8.849102 1.234777 8.480389 1.234777 8.849102 1.172234 8.849102 1.234777 8.849102 1.172234 9.217814 1.172234 9.217814 1.234777 8.849102 1.234777 9.217814 1.172234 9.217814 1.234777 9.217814 1.172234 9.586526 1.172234 9.586526 1.234777 9.217814 1.234777 9.586526 1.172234 9.586526 1.234777 9.586526 1.172234 9.95524 1.172234 9.95524 1.234777 9.586526 1.234777 9.95524 1.10969 0.2765344 1.172234 0.2765344 1.10969 0.5530688 1.10969 0.5530688 1.172234 0.2765344 1.172234 0.5530688 1.10969 0.5530688 1.172234 0.5530688 1.10969 0.8296033 1.10969 0.8296033 1.172234 0.5530688 1.172234 0.8296033 1.10969 0.8296033 1.172234 0.8296033 1.10969 1.106138 1.10969 1.106138 1.172234 0.8296033 1.172234 1.106138 1.10969 1.106138 1.172234 1.106138 1.10969 1.382672 1.10969 1.382672 1.172234 1.106138 1.172234 1.382672 1.10969 1.382672 1.172234 1.382672 1.10969 1.659206 1.10969 1.659206 1.172234 1.382672 1.172234 1.659206 1.10969 1.659206 1.172234 1.659206 1.10969 1.935741 1.10969 1.935741 1.172234 1.659206 1.172234 1.935741 1.10969 1.935741 1.172234 1.935741 1.10969 2.212275 1.10969 2.212275 1.172234 1.935741 1.172234 2.212275 1.10969 2.212275 1.172234 2.212275 1.10969 2.48881 1.10969 2.48881 1.172234 2.212275 1.172234 2.48881 1.10969 2.48881 1.172234 2.48881 1.10969 2.765344 1.10969 2.765344 1.172234 2.48881 1.172234 2.765344 1.10969 2.765344 1.172234 2.765344 1.10969 3.041878 1.10969 3.041878 1.172234 2.765344 1.172234 3.041878 1.10969 3.041878 1.172234 3.041878 1.10969 3.318413 1.10969 3.318413 1.172234 3.041878 1.172234 3.318413 1.10969 3.318413 1.172234 3.318413 1.10969 3.594947 1.10969 3.594947 1.172234 3.318413 1.172234 3.594947 1.10969 3.594947 1.172234 3.594947 1.10969 3.871482 1.10969 3.871482 1.172234 3.594947 1.172234 3.871482 1.10969 3.871482 1.172234 3.871482 1.10969 4.148016 1.10969 4.148016 1.172234 3.871482 1.172234 4.148016 1.10969 4.148016 1.172234 4.148016 1.10969 4.424551 1.10969 4.424551 1.172234 4.148016 1.172234 4.424551 1.10969 4.424551 1.172234 4.424551 1.10969 4.793263 1.10969 4.793263 1.172234 4.424551 1.172234 4.793263 1.10969 4.793263 1.172234 4.793263 1.10969 5.161976 1.10969 5.161976 1.172234 4.793263 1.172234 5.161976 1.10969 5.161976 1.172234 5.161976 1.10969 5.530688 1.10969 5.530688 1.172234 5.161976 1.172234 5.530688 1.10969 5.530688 1.172234 5.530688 1.10969 5.899401 1.10969 5.899401 1.172234 5.530688 1.172234 5.899401 1.10969 5.899401 1.172234 5.899401 1.10969 6.268114 1.10969 6.268114 1.172234 5.899401 1.172234 6.268114 1.10969 6.268114 1.172234 6.268114 1.10969 6.636826 1.10969 6.636826 1.172234 6.268114 1.172234 6.636826 1.10969 6.636826 1.172234 6.636826 1.10969 7.005538 1.10969 7.005538 1.172234 6.636826 1.172234 7.005538 1.10969 7.005538 1.172234 7.005538 1.10969 7.374251 1.10969 7.374251 1.172234 7.005538 1.172234 7.374251 1.10969 7.374251 1.172234 7.374251 1.10969 7.742964 1.10969 7.742964 1.172234 7.374251 1.172234 7.742964 1.10969 7.742964 1.172234 7.742964 1.10969 8.111677 1.10969 8.111677 1.172234 7.742964 1.172234 8.111677 1.10969 8.111677 1.172234 8.111677 1.10969 8.480389 1.10969 8.480389 1.172234 8.111677 1.172234 8.480389 1.10969 8.480389 1.172234 8.480389 1.10969 8.849102 1.10969 8.849102 1.172234 8.480389 1.172234 8.849102 1.10969 8.849102 1.172234 8.849102 1.10969 9.217814 1.10969 9.217814 1.172234 8.849102 1.172234 9.217814 1.10969 9.217814 1.172234 9.217814 1.10969 9.586526 1.10969 9.586526 1.172234 9.217814 1.172234 9.586526 1.10969 9.586526 1.172234 9.586526 1.10969 9.95524 1.10969 9.95524 1.172234 9.586526 1.172234 9.95524 1.047146 0.2765344 1.10969 0.2765344 1.047146 0.5530688 1.047146 0.5530688 1.10969 0.2765344 1.10969 0.5530688 1.047146 0.5530688 1.10969 0.5530688 1.047146 0.8296033 1.047146 0.8296033 1.10969 0.5530688 1.10969 0.8296033 1.047146 0.8296033 1.10969 0.8296033 1.047146 1.106138 1.047146 1.106138 1.10969 0.8296033 1.10969 1.106138 1.047146 1.106138 1.10969 1.106138 1.047146 1.382672 1.047146 1.382672 1.10969 1.106138 1.10969 1.382672 1.047146 1.382672 1.10969 1.382672 1.047146 1.659206 1.047146 1.659206 1.10969 1.382672 1.10969 1.659206 1.047146 1.659206 1.10969 1.659206 1.047146 1.935741 1.047146 1.935741 1.10969 1.659206 1.10969 1.935741 1.047146 1.935741 1.10969 1.935741 1.047146 2.212275 1.047146 2.212275 1.10969 1.935741 1.10969 2.212275 1.047146 2.212275 1.10969 2.212275 1.047146 2.48881 1.047146 2.48881 1.10969 2.212275 1.10969 2.48881 1.047146 2.48881 1.10969 2.48881 1.047146 2.765344 1.047146 2.765344 1.10969 2.48881 1.10969 2.765344 1.047146 2.765344 1.10969 2.765344 1.047146 3.041878 1.047146 3.041878 1.10969 2.765344 1.10969 3.041878 1.047146 3.041878 1.10969 3.041878 1.047146 3.318413 1.047146 3.318413 1.10969 3.041878 1.10969 3.318413 1.047146 3.318413 1.10969 3.318413 1.047146 3.594947 1.047146 3.594947 1.10969 3.318413 1.10969 3.594947 1.047146 3.594947 1.10969 3.594947 1.047146 3.871482 1.047146 3.871482 1.10969 3.594947 1.10969 3.871482 1.047146 3.871482 1.10969 3.871482 1.047146 4.148016 1.047146 4.148016 1.10969 3.871482 1.10969 4.148016 1.047146 4.148016 1.10969 4.148016 1.047146 4.424551 1.047146 4.424551 1.10969 4.148016 1.10969 4.424551 1.047146 4.424551 1.10969 4.424551 1.047146 4.793263 1.047146 4.793263 1.10969 4.424551 1.10969 4.793263 1.047146 4.793263 1.10969 4.793263 1.047146 5.161976 1.047146 5.161976 1.10969 4.793263 1.10969 5.161976 1.047146 5.161976 1.10969 5.161976 1.047146 5.530688 1.047146 5.530688 1.10969 5.161976 1.10969 5.530688 1.047146 5.530688 1.10969 5.530688 1.047146 5.899401 1.047146 5.899401 1.10969 5.530688 1.10969 5.899401 1.047146 5.899401 1.10969 5.899401 1.047146 6.268114 1.047146 6.268114 1.10969 5.899401 1.10969 6.268114 1.047146 6.268114 1.10969 6.268114 1.047146 6.636826 1.047146 6.636826 1.10969 6.268114 1.10969 6.636826 1.047146 6.636826 1.10969 6.636826 1.047146 7.005538 1.047146 7.005538 1.10969 6.636826 1.10969 7.005538 1.047146 7.005538 1.10969 7.005538 1.047146 7.374251 1.047146 7.374251 1.10969 7.005538 1.10969 7.374251 1.047146 7.374251 1.10969 7.374251 1.047146 7.742964 1.047146 7.742964 1.10969 7.374251 1.10969 7.742964 1.047146 7.742964 1.10969 7.742964 1.047146 8.111677 1.047146 8.111677 1.10969 7.742964 1.10969 8.111677 1.047146 8.111677 1.10969 8.111677 1.047146 8.480389 1.047146 8.480389 1.10969 8.111677 1.10969 8.480389 1.047146 8.480389 1.10969 8.480389 1.047146 8.849102 1.047146 8.849102 1.10969 8.480389 1.10969 8.849102 1.047146 8.849102 1.10969 8.849102 1.047146 9.217814 1.047146 9.217814 1.10969 8.849102 1.10969 9.217814 1.047146 9.217814 1.10969 9.217814 1.047146 9.586526 1.047146 9.586526 1.10969 9.217814 1.10969 9.586526 1.047146 9.586526 1.10969 9.586526 1.047146 9.95524 1.047146 9.95524 1.10969 9.586526 1.10969 9.95524 0.9846026 0.2765344 1.047146 0.2765344 0.9846026 0.5530688 0.9846026 0.5530688 1.047146 0.2765344 1.047146 0.5530688 0.9846026 0.5530688 1.047146 0.5530688 0.9846026 0.8296033 0.9846026 0.8296033 1.047146 0.5530688 1.047146 0.8296033 0.9846026 0.8296033 1.047146 0.8296033 0.9846026 1.106138 0.9846026 1.106138 1.047146 0.8296033 1.047146 1.106138 0.9846026 1.106138 1.047146 1.106138 0.9846026 1.382672 0.9846026 1.382672 1.047146 1.106138 1.047146 1.382672 0.9846026 1.382672 1.047146 1.382672 0.9846026 1.659206 0.9846026 1.659206 1.047146 1.382672 1.047146 1.659206 0.9846026 1.659206 1.047146 1.659206 0.9846026 1.935741 0.9846026 1.935741 1.047146 1.659206 1.047146 1.935741 0.9846026 1.935741 1.047146 1.935741 0.9846026 2.212275 0.9846026 2.212275 1.047146 1.935741 1.047146 2.212275 0.9846026 2.212275 1.047146 2.212275 0.9846026 2.48881 0.9846026 2.48881 1.047146 2.212275 1.047146 2.48881 0.9846026 2.48881 1.047146 2.48881 0.9846026 2.765344 0.9846026 2.765344 1.047146 2.48881 1.047146 2.765344 0.9846026 2.765344 1.047146 2.765344 0.9846026 3.041878 0.9846026 3.041878 1.047146 2.765344 1.047146 3.041878 0.9846026 3.041878 1.047146 3.041878 0.9846026 3.318413 0.9846026 3.318413 1.047146 3.041878 1.047146 3.318413 0.9846026 3.318413 1.047146 3.318413 0.9846026 3.594947 0.9846026 3.594947 1.047146 3.318413 1.047146 3.594947 0.9846026 3.594947 1.047146 3.594947 0.9846026 3.871482 0.9846026 3.871482 1.047146 3.594947 1.047146 3.871482 0.9846026 3.871482 1.047146 3.871482 0.9846026 4.148016 0.9846026 4.148016 1.047146 3.871482 1.047146 4.148016 0.9846026 4.148016 1.047146 4.148016 0.9846026 4.424551 0.9846026 4.424551 1.047146 4.148016 1.047146 4.424551 0.9846026 4.424551 1.047146 4.424551 0.9846026 4.793263 0.9846026 4.793263 1.047146 4.424551 1.047146 4.793263 0.9846026 4.793263 1.047146 4.793263 0.9846026 5.161976 0.9846026 5.161976 1.047146 4.793263 1.047146 5.161976 0.9846026 5.161976 1.047146 5.161976 0.9846026 5.530688 0.9846026 5.530688 1.047146 5.161976 1.047146 5.530688 0.9846026 5.530688 1.047146 5.530688 0.9846026 5.899401 0.9846026 5.899401 1.047146 5.530688 1.047146 5.899401 0.9846026 5.899401 1.047146 5.899401 0.9846026 6.268114 0.9846026 6.268114 1.047146 5.899401 1.047146 6.268114 0.9846026 6.268114 1.047146 6.268114 0.9846026 6.636826 0.9846026 6.636826 1.047146 6.268114 1.047146 6.636826 0.9846026 6.636826 1.047146 6.636826 0.9846026 7.005538 0.9846026 7.005538 1.047146 6.636826 1.047146 7.005538 0.9846026 7.005538 1.047146 7.005538 0.9846026 7.374251 0.9846026 7.374251 1.047146 7.005538 1.047146 7.374251 0.9846026 7.374251 1.047146 7.374251 0.9846026 7.742964 0.9846026 7.742964 1.047146 7.374251 1.047146 7.742964 0.9846026 7.742964 1.047146 7.742964 0.9846026 8.111677 0.9846026 8.111677 1.047146 7.742964 1.047146 8.111677 0.9846026 8.111677 1.047146 8.111677 0.9846026 8.480389 0.9846026 8.480389 1.047146 8.111677 1.047146 8.480389 0.9846026 8.480389 1.047146 8.480389 0.9846026 8.849102 0.9846026 8.849102 1.047146 8.480389 1.047146 8.849102 0.9846026 8.849102 1.047146 8.849102 0.9846026 9.217814 0.9846026 9.217814 1.047146 8.849102 1.047146 9.217814 0.9846026 9.217814 1.047146 9.217814 0.9846026 9.586526 0.9846026 9.586526 1.047146 9.217814 1.047146 9.586526 0.9846026 9.586526 1.047146 9.586526 0.9846026 9.95524 0.9846026 9.95524 1.047146 9.586526 1.047146 9.95524 0.9234002 0.2765344 0.9846026 0.2765344 0.9234002 0.5530688 0.9234002 0.5530688 0.9846026 0.2765344 0.9846026 0.5530688 0.9234002 0.5530688 0.9846026 0.5530688 0.9234002 0.8296033 0.9234002 0.8296033 0.9846026 0.5530688 0.9846026 0.8296033 0.9234002 0.8296033 0.9846026 0.8296033 0.9234002 1.106138 0.9234002 1.106138 0.9846026 0.8296033 0.9846026 1.106138 0.9234002 1.106138 0.9846026 1.106138 0.9234002 1.382672 0.9234002 1.382672 0.9846026 1.106138 0.9846026 1.382672 0.9234002 1.382672 0.9846026 1.382672 0.9234002 1.659206 0.9234002 1.659206 0.9846026 1.382672 0.9846026 1.659206 0.9234002 1.659206 0.9846026 1.659206 0.9234002 1.935741 0.9234002 1.935741 0.9846026 1.659206 0.9846026 1.935741 0.9234002 1.935741 0.9846026 1.935741 0.9234002 2.212275 0.9234002 2.212275 0.9846026 1.935741 0.9846026 2.212275 0.9234002 2.212275 0.9846026 2.212275 0.9234002 2.48881 0.9234002 2.48881 0.9846026 2.212275 0.9846026 2.48881 0.9234002 2.48881 0.9846026 2.48881 0.9234002 2.765344 0.9234002 2.765344 0.9846026 2.48881 0.9846026 2.765344 0.9234002 2.765344 0.9846026 2.765344 0.9234002 3.041878 0.9234002 3.041878 0.9846026 2.765344 0.9846026 3.041878 0.9234002 3.041878 0.9846026 3.041878 0.9234002 3.318413 0.9234002 3.318413 0.9846026 3.041878 0.9846026 3.318413 0.9234002 3.318413 0.9846026 3.318413 0.9234002 3.594947 0.9234002 3.594947 0.9846026 3.318413 0.9846026 3.594947 0.9234002 3.594947 0.9846026 3.594947 0.9234002 3.871482 0.9234002 3.871482 0.9846026 3.594947 0.9846026 3.871482 0.9234002 3.871482 0.9846026 3.871482 0.9234002 4.148016 0.9234002 4.148016 0.9846026 3.871482 0.9846026 4.148016 0.9234002 4.148016 0.9846026 4.148016 0.9234002 4.424551 0.9234002 4.424551 0.9846026 4.148016 0.9846026 4.424551 0.9234002 4.424551 0.9846026 4.424551 0.9234002 4.793263 0.9234002 4.793263 0.9846026 4.424551 0.9846026 4.793263 0.9234002 4.793263 0.9846026 4.793263 0.9234002 5.161976 0.9234002 5.161976 0.9846026 4.793263 0.9846026 5.161976 0.9234002 5.161976 0.9846026 5.161976 0.9234002 5.530688 0.9234002 5.530688 0.9846026 5.161976 0.9846026 5.530688 0.9234002 5.530688 0.9846026 5.530688 0.9234002 5.899401 0.9234002 5.899401 0.9846026 5.530688 0.9846026 5.899401 0.9234002 5.899401 0.9846026 5.899401 0.9234002 6.268114 0.9234002 6.268114 0.9846026 5.899401 0.9846026 6.268114 0.9234002 6.268114 0.9846026 6.268114 0.9234002 6.636826 0.9234002 6.636826 0.9846026 6.268114 0.9846026 6.636826 0.9234002 6.636826 0.9846026 6.636826 0.9234002 7.005538 0.9234002 7.005538 0.9846026 6.636826 0.9846026 7.005538 0.9234002 7.005538 0.9846026 7.005538 0.9234002 7.374251 0.9234002 7.374251 0.9846026 7.005538 0.9846026 7.374251 0.9234002 7.374251 0.9846026 7.374251 0.9234002 7.742964 0.9234002 7.742964 0.9846026 7.374251 0.9846026 7.742964 0.9234002 7.742964 0.9846026 7.742964 0.9234002 8.111677 0.9234002 8.111677 0.9846026 7.742964 0.9846026 8.111677 0.9234002 8.111677 0.9846026 8.111677 0.9234002 8.480389 0.9234002 8.480389 0.9846026 8.111677 0.9846026 8.480389 0.9234002 8.480389 0.9846026 8.480389 0.9234002 8.849102 0.9234002 8.849102 0.9846026 8.480389 0.9846026 8.849102 0.9234002 8.849102 0.9846026 8.849102 0.9234002 9.217814 0.9234002 9.217814 0.9846026 8.849102 0.9846026 9.217814 0.9234002 9.217814 0.9846026 9.217814 0.9234002 9.586526 0.9234002 9.586526 0.9846026 9.217814 0.9846026 9.586526 0.9234002 9.586526 0.9846026 9.586526 0.9234002 9.95524 0.9234002 9.95524 0.9846026 9.586526 0.9846026 9.95524 0.8009956 0.5530688 0.8009956 0.2765344 0.8621979 0.2765344 0.8621979 0.2765344 0.9234002 0.2765344 0.8621979 0.5530688 0.8621979 0.5530688 0.9234002 0.2765344 0.9234002 0.5530688 0.8621979 0.5530688 0.9234002 0.5530688 0.8621979 0.8296033 0.8621979 0.8296033 0.9234002 0.5530688 0.9234002 0.8296033 0.8621979 0.8296033 0.9234002 0.8296033 0.8621979 1.106138 0.8621979 1.106138 0.9234002 0.8296033 0.9234002 1.106138 0.8621979 1.106138 0.9234002 1.106138 0.8621979 1.382672 0.8621979 1.382672 0.9234002 1.106138 0.9234002 1.382672 0.8621979 1.382672 0.9234002 1.382672 0.8621979 1.659206 0.8621979 1.659206 0.9234002 1.382672 0.9234002 1.659206 0.8621979 1.659206 0.9234002 1.659206 0.8621979 1.935741 0.8621979 1.935741 0.9234002 1.659206 0.9234002 1.935741 0.8621979 1.935741 0.9234002 1.935741 0.8621979 2.212275 0.8621979 2.212275 0.9234002 1.935741 0.9234002 2.212275 0.8621979 2.212275 0.9234002 2.212275 0.8621979 2.48881 0.8621979 2.48881 0.9234002 2.212275 0.9234002 2.48881 0.8621979 2.48881 0.9234002 2.48881 0.8621979 2.765344 0.8621979 2.765344 0.9234002 2.48881 0.9234002 2.765344 0.8621979 2.765344 0.9234002 2.765344 0.8621979 3.041878 0.8621979 3.041878 0.9234002 2.765344 0.9234002 3.041878 0.8621979 3.041878 0.9234002 3.041878 0.8621979 3.318413 0.8621979 3.318413 0.9234002 3.041878 0.9234002 3.318413 0.8621979 3.318413 0.9234002 3.318413 0.8621979 3.594947 0.8621979 3.594947 0.9234002 3.318413 0.9234002 3.594947 0.8621979 3.594947 0.9234002 3.594947 0.8621979 3.871482 0.8621979 3.871482 0.9234002 3.594947 0.9234002 3.871482 0.8621979 3.871482 0.9234002 3.871482 0.8621979 4.148016 0.8621979 4.148016 0.9234002 3.871482 0.9234002 4.148016 0.8621979 4.148016 0.9234002 4.148016 0.8621979 4.424551 0.8621979 4.424551 0.9234002 4.148016 0.9234002 4.424551 0.8621979 4.424551 0.9234002 4.424551 0.8621979 4.793263 0.8621979 4.793263 0.9234002 4.424551 0.9234002 4.793263 0.8621979 4.793263 0.9234002 4.793263 0.8621979 5.161976 0.8621979 5.161976 0.9234002 4.793263 0.9234002 5.161976 0.8621979 5.161976 0.9234002 5.161976 0.8621979 5.530688 0.8621979 5.530688 0.9234002 5.161976 0.9234002 5.530688 0.8621979 5.530688 0.9234002 5.530688 0.8621979 5.899401 0.8621979 5.899401 0.9234002 5.530688 0.9234002 5.899401 0.8621979 5.899401 0.9234002 5.899401 0.8621979 6.268114 0.8621979 6.268114 0.9234002 5.899401 0.9234002 6.268114 0.8621979 6.268114 0.9234002 6.268114 0.8621979 6.636826 0.8621979 6.636826 0.9234002 6.268114 0.9234002 6.636826 0.8621979 6.636826 0.9234002 6.636826 0.8621979 7.005538 0.8621979 7.005538 0.9234002 6.636826 0.9234002 7.005538 0.8621979 7.005538 0.9234002 7.005538 0.8621979 7.374251 0.8621979 7.374251 0.9234002 7.005538 0.9234002 7.374251 0.8621979 7.374251 0.9234002 7.374251 0.8621979 7.742964 0.8621979 7.742964 0.9234002 7.374251 0.9234002 7.742964 0.8621979 7.742964 0.9234002 7.742964 0.8621979 8.111677 0.8621979 8.111677 0.9234002 7.742964 0.9234002 8.111677 0.8621979 8.111677 0.9234002 8.111677 0.8621979 8.480389 0.8621979 8.480389 0.9234002 8.111677 0.9234002 8.480389 0.8621979 8.480389 0.9234002 8.480389 0.8621979 8.849102 0.8621979 8.849102 0.9234002 8.480389 0.9234002 8.849102 0.8621979 8.849102 0.9234002 8.849102 0.8621979 9.217814 0.8621979 9.217814 0.9234002 8.849102 0.9234002 9.217814 0.8621979 9.217814 0.9234002 9.217814 0.8621979 9.586526 0.8621979 9.586526 0.9234002 9.217814 0.9234002 9.586526 0.8621979 9.586526 0.9234002 9.586526 0.8621979 9.95524 0.8621979 9.95524 0.9234002 9.586526 0.9234002 9.95524 0.8009956 0.8296033 0.8009956 0.5530688 0.8621979 0.5530688 0.8621979 0.5530688 0.8009956 0.5530688 0.8621979 0.2765344 0.8009956 0.8296033 0.8621979 0.5530688 0.8621979 0.8296033 0.8009956 1.106138 0.8009956 0.8296033 0.8621979 0.8296033 0.8009956 1.106138 0.8621979 0.8296033 0.8621979 1.106138 0.8009956 1.382672 0.8009956 1.106138 0.8621979 1.106138 0.8009956 1.382672 0.8621979 1.106138 0.8621979 1.382672 0.8009956 1.659206 0.8009956 1.382672 0.8621979 1.382672 0.8009956 1.659206 0.8621979 1.382672 0.8621979 1.659206 0.8009956 1.935741 0.8009956 1.659206 0.8621979 1.659206 0.8009956 1.935741 0.8621979 1.659206 0.8621979 1.935741 0.8009956 1.935741 0.8621979 1.935741 0.8009956 2.212275 0.8009956 2.212275 0.8621979 1.935741 0.8621979 2.212275 0.8009956 2.212275 0.8621979 2.212275 0.8009956 2.48881 0.8009956 2.48881 0.8621979 2.212275 0.8621979 2.48881 0.8009956 2.48881 0.8621979 2.48881 0.8009956 2.765344 0.8009956 2.765344 0.8621979 2.48881 0.8621979 2.765344 0.8009956 2.765344 0.8621979 2.765344 0.8009956 3.041878 0.8009956 3.041878 0.8621979 2.765344 0.8621979 3.041878 0.8009956 3.041878 0.8621979 3.041878 0.8009956 3.318413 0.8009956 3.318413 0.8621979 3.041878 0.8621979 3.318413 0.8009956 3.318413 0.8621979 3.318413 0.8009956 3.594947 0.8009956 3.594947 0.8621979 3.318413 0.8621979 3.594947 0.8009956 3.594947 0.8621979 3.594947 0.8009956 3.871482 0.8009956 3.871482 0.8621979 3.594947 0.8621979 3.871482 0.8009956 3.871482 0.8621979 3.871482 0.8009956 4.148016 0.8009956 4.148016 0.8621979 3.871482 0.8621979 4.148016 0.8009956 4.148016 0.8621979 4.148016 0.8009956 4.424551 0.8009956 4.424551 0.8621979 4.148016 0.8621979 4.424551 0.8009956 4.424551 0.8621979 4.424551 0.8009956 4.793263 0.8009956 4.793263 0.8621979 4.424551 0.8621979 4.793263 0.8009956 4.793263 0.8621979 4.793263 0.8009956 5.161976 0.8009956 5.161976 0.8621979 4.793263 0.8621979 5.161976 0.8009956 5.161976 0.8621979 5.161976 0.8009956 5.530688 0.8009956 5.530688 0.8621979 5.161976 0.8621979 5.530688 0.8009956 5.530688 0.8621979 5.530688 0.8009956 5.899401 0.8009956 5.899401 0.8621979 5.530688 0.8621979 5.899401 0.8009956 5.899401 0.8621979 5.899401 0.8009956 6.268114 0.8009956 6.268114 0.8621979 5.899401 0.8621979 6.268114 0.8009956 6.268114 0.8621979 6.268114 0.8009956 6.636826 0.8009956 6.636826 0.8621979 6.268114 0.8621979 6.636826 0.8009956 6.636826 0.8621979 6.636826 0.8009956 7.005538 0.8009956 7.005538 0.8621979 6.636826 0.8621979 7.005538 0.8009956 7.005538 0.8621979 7.005538 0.8009956 7.374251 0.8009956 7.374251 0.8621979 7.005538 0.8621979 7.374251 0.8009956 7.374251 0.8621979 7.374251 0.8009956 7.742964 0.8009956 7.742964 0.8621979 7.374251 0.8621979 7.742964 0.8009956 7.742964 0.8621979 7.742964 0.8009956 8.111677 0.8009956 8.111677 0.8621979 7.742964 0.8621979 8.111677 0.8009956 8.111677 0.8621979 8.111677 0.8009956 8.480389 0.8009956 8.480389 0.8621979 8.111677 0.8621979 8.480389 0.8009956 8.480389 0.8621979 8.480389 0.8009956 8.849102 0.8009956 8.849102 0.8621979 8.480389 0.8621979 8.849102 0.8009956 8.849102 0.8621979 8.849102 0.8009956 9.217814 0.8009956 9.217814 0.8621979 8.849102 0.8621979 9.217814 0.8009956 9.217814 0.8621979 9.217814 0.8009956 9.586526 0.8009956 9.586526 0.8621979 9.217814 0.8621979 9.586526 0.8009956 9.586526 0.8621979 9.586526 0.8009956 9.95524 0.8009956 9.95524 0.8621979 9.586526 0.8621979 9.95524 -0.00999999 0 -0.5 0 -0.00999999 -0.1916788 -0.00999999 -0.1916788 -0.5 0 -0.25 -0.2525429 -0.00999999 -0.1916788 -0.25 -0.2525429 -0.00999999 -0.3737571 -0.00999999 -0.3737571 -0.25 -0.2525429 -0.25 -0.5050857 -0.00999999 -0.3737571 -0.25 -0.5050857 0 -0.3737571 0 -0.3737571 -0.25 -0.5050857 0 -0.5403274 0 -0.5403274 -0.25 -0.5050857 0 -0.70901 0 -0.70901 -0.25 -0.5050857 -0.25 -0.7576286 0 -0.70901 -0.25 -0.7576286 0 -0.8798451 0 -0.8798451 -0.25 -0.7576286 -0.25 -1.010171 0 -0.8798451 -0.25 -1.010171 0 -1.052874 0 -1.052874 -0.25 -1.010171 -0.25 -1.262714 0 -1.052874 -0.25 -1.262714 0 -1.22814 0 -1.22814 -0.25 -1.262714 0 -1.405686 0 -1.405686 -0.25 -1.262714 -0.25 -1.515257 0 -1.405686 -0.25 -1.515257 0 -1.585558 0 -1.585558 -0.25 -1.515257 -0.25 -1.7678 0 -1.585558 -0.25 -1.7678 0 -1.7678 0 -1.7678 -0.25 -1.7678 0 -1.950042 0 -1.950042 -0.25 -1.7678 -0.25 -2.020343 0 -1.950042 -0.25 -2.020343 0 -2.129914 0 -2.129914 -0.25 -2.020343 -0.25 -2.20975 0 -2.129914 -0.25 -2.20975 0 -2.30746 0 -2.30746 -0.25 -2.20975 -0.25 -2.399157 0 -2.30746 -0.25 -2.399157 0 -2.482725 0 -2.482725 -0.25 -2.399157 -0.25 -2.588564 0 -2.482725 -0.25 -2.588564 0 -2.655755 0 -2.655755 -0.25 -2.588564 -0.25 -2.777971 0 -2.655755 -0.25 -2.777971 0 -2.82659 0 -2.82659 -0.25 -2.777971 -0.25 -2.967378 0 -2.82659 -0.25 -2.967378 0 -2.995272 0 -2.995272 -0.25 -2.967378 -0.25 -3.156785 0 -2.995272 -0.25 -3.156785 0 -3.161843 0 -3.161843 -0.25 -3.156785 -0.00999999 -3.161843 -0.00999999 -3.161843 -0.25 -3.156785 -0.25 -3.346193 -0.00999999 -3.161843 -0.25 -3.346193 -0.00999999 -3.343921 -0.00999999 -3.343921 -0.25 -3.346193 -0.00999999 -3.5356 -0.00999999 -3.5356 -0.25 -3.346193 -0.5 -3.5356 -0.5 -3.5356 -0.25 -3.346193 -0.5 -3.314625 -0.5 -3.314625 -0.25 -3.346193 -0.25 -3.156785 -0.5 -3.314625 -0.25 -3.156785 -0.5 -3.09365 -0.5 -3.09365 -0.25 -3.156785 -0.25 -2.967378 -0.5 -3.09365 -0.25 -2.967378 -0.5 -2.872675 -0.5 -2.872675 -0.25 -2.967378 -0.25 -2.777971 -0.5 -2.872675 -0.25 -2.777971 -0.5 -2.6517 -0.5 -2.6517 -0.25 -2.777971 -0.25 -2.588564 -0.5 -2.6517 -0.25 -2.588564 -0.5 -2.430725 -0.5 -2.430725 -0.25 -2.588564 -0.25 -2.399157 -0.5 -2.430725 -0.25 -2.399157 -0.5 -2.20975 -0.5 -2.20975 -0.25 -2.399157 -0.25 -2.20975 -0.5 -2.20975 -0.25 -2.20975 -0.25 -2.020343 -0.5 0 -0.5 -0.2209749 -0.25 -0.2525429 -0.25 -0.2525429 -0.5 -0.2209749 -0.5 -0.44195 -0.25 -0.2525429 -0.5 -0.44195 -0.25 -0.5050857 -0.25 -0.5050857 -0.5 -0.44195 -0.5 -0.662925 -0.25 -0.5050857 -0.5 -0.662925 -0.25 -0.7576286 -0.25 -0.7576286 -0.5 -0.662925 -0.5 -0.8838999 -0.25 -0.7576286 -0.5 -0.8838999 -0.25 -1.010171 -0.25 -1.010171 -0.5 -0.8838999 -0.5 -1.104875 -0.25 -1.010171 -0.5 -1.104875 -0.25 -1.262714 -0.25 -1.262714 -0.5 -1.104875 -0.5 -1.32585 -0.25 -1.262714 -0.5 -1.32585 -0.25 -1.515257 -0.25 -1.515257 -0.5 -1.32585 -0.5 -1.546825 -0.25 -1.515257 -0.5 -1.546825 -0.25 -1.7678 -0.25 -1.7678 -0.5 -1.546825 -0.5 -1.7678 -0.25 -1.7678 -0.5 -1.7678 -0.5 -1.988775 -0.25 -1.7678 -0.5 -1.988775 -0.25 -2.020343 -0.25 -2.020343 -0.5 -1.988775 -0.5 -2.20975 0.5 0 0 0 0.5 -0.05303394 0.5 -0.05303394 0 0 0.25 -0.06061023 0.5 -0.05303394 0.25 -0.06061023 0.5 -0.106068 0.5 -0.106068 0.25 -0.06061023 0.25 -0.1212205 0.5 -0.106068 0.25 -0.1212205 0.5 -0.159102 0.5 -0.159102 0.25 -0.1212205 0.25 -0.1818308 0.5 -0.159102 0.25 -0.1818308 0.5 -0.212136 0.5 -0.212136 0.25 -0.1818308 0.25 -0.2424411 0.5 -0.212136 0.25 -0.2424411 0.5 -0.26517 0.5 -0.26517 0.25 -0.2424411 0.25 -0.3030514 0.5 -0.26517 0.25 -0.3030514 0.5 -0.318204 0.5 -0.318204 0.25 -0.3030514 0.25 -0.3636617 0.5 -0.318204 0.25 -0.3636617 0.5 -0.371238 0.5 -0.371238 0.25 -0.3636617 0.25 -0.424272 0.5 -0.371238 0.25 -0.424272 0.5 -0.424272 0.5 -0.424272 0.25 -0.424272 0.5 -0.477306 0.5 -0.477306 0.25 -0.424272 0.25 -0.4848822 0.5 -0.477306 0.25 -0.4848822 0.5 -0.53034 0.5 -0.53034 0.25 -0.4848822 0.25 -0.53034 0.5 -0.53034 0.25 -0.53034 0.25 -0.5757977 0.25 -0.5757977 0.25 -0.53034 0 -0.53034 0.25 -0.5757977 0 -0.53034 0 -0.583374 0 0 0 -0.05303394 0.25 -0.06061023 0.25 -0.06061023 0 -0.05303394 0 -0.106068 0.25 -0.06061023 0 -0.106068 0.25 -0.1212205 0.25 -0.1212205 0 -0.106068 0 -0.159102 0.25 -0.1212205 0 -0.159102 0.25 -0.1818308 0.25 -0.1818308 0 -0.159102 0 -0.212136 0.25 -0.1818308 0 -0.212136 0.25 -0.2424411 0.25 -0.2424411 0 -0.212136 0 -0.26517 0.25 -0.2424411 0 -0.26517 0.25 -0.3030514 0.25 -0.3030514 0 -0.26517 0 -0.318204 0.25 -0.3030514 0 -0.318204 0.25 -0.3636617 0.25 -0.3636617 0 -0.318204 0 -0.371238 0.25 -0.3636617 0 -0.371238 0.25 -0.424272 0.25 -0.424272 0 -0.371238 0 -0.424272 0.25 -0.424272 0 -0.424272 0 -0.477306 0.25 -0.424272 0 -0.477306 0.25 -0.4848822 0.25 -0.4848822 0 -0.477306 0 -0.53034 0.25 -0.4848822 0 -0.53034 0.25 -0.53034 0.25 -0.5757977 0 -0.583374 0.25 -0.6212554 0.25 -0.6212554 0 -0.583374 0 -0.636408 0.25 -0.6212554 0 -0.636408 0.25 -0.6667131 0.25 -0.6667131 0 -0.636408 0 -0.689442 0.25 -0.6667131 0 -0.689442 0.25 -0.7121708 0.25 -0.7121708 0 -0.689442 0 -0.742476 0.25 -0.7121708 0 -0.742476 0.25 -0.7576286 0.25 -0.7576286 0 -0.742476 0 -0.7955099 0.25 -0.7576286 0 -0.7955099 0.25 -0.8030862 0.25 -0.8030862 0 -0.7955099 0 -0.848544 0.25 -0.8030862 0 -0.848544 0.5 -0.848544 0.5 -0.848544 0.5 -0.7955099 0.25 -0.8030862 0.25 -0.8030862 0.5 -0.7955099 0.25 -0.7576286 0.5 -0.7955099 0.5 -0.742476 0.25 -0.7576286 0.25 -0.7576286 0.5 -0.742476 0.25 -0.7121708 0.5 -0.742476 0.5 -0.689442 0.25 -0.7121708 0.25 -0.7121708 0.5 -0.689442 0.25 -0.6667131 0.5 -0.689442 0.5 -0.636408 0.25 -0.6667131 0.25 -0.6667131 0.5 -0.636408 0.25 -0.6212554 0.5 -0.636408 0.5 -0.583374 0.25 -0.6212554 0.25 -0.6212554 0.5 -0.583374 0.25 -0.5757977 0.5 -0.583374 0.5 -0.53034 0.25 -0.5757977 0 0.00999999 0 0 1.396503 0.004999995 1.396503 0.004999995 0 0 2.793007 0 1.396503 0.004999995 2.793007 0 2.793007 0.00999999 2.793007 0.00999999 0 0.00999999 1.396503 0.004999995 0 0.00999999 0 0 1.396503 0.004999995 1.396503 0.004999995 0 0 2.793007 0 1.396503 0.004999995 2.793007 0 2.793007 0.00999999 2.793007 0.00999999 0 0.00999999 1.396503 0.004999995 0 0.00999999 0 0 0.3885537 0.004999995 0.3885537 0.004999995 0 0 0.7771075 0 0.3885537 0.004999995 0.7771075 0 0.7771075 0.00999999 0.7771075 0.00999999 0 0.00999999 0.3885537 0.004999995 -1.396503 -0.3885537 1.396503 -0.3885537 0 0 0 0 1.396503 -0.3885537 1.396503 0.3885537 0 0 1.396503 0.3885537 -1.396503 0.3885537 -1.396503 0.3885537 -1.350158 0.1967285 0 0 0 0 -1.350158 0.1967285 -1.33458 0 0 0 -1.33458 0 -1.350158 -0.1967285 -1.350158 -0.1967285 -1.396503 -0.3885537 0 0 0 -8 0.3885537 -7.981083 0 -7.990542 0 -7.990542 0.3885537 -7.981083 -0.3885537 -7.981083 0 -7.990542 -0.3885537 -7.981083 0 -8 -0.3885537 -7.981083 -0.3885537 -5.188076 -0.7263855 -7.933493 -0.7263855 -7.933493 -0.3885537 -5.188076 -0.5617883 -5.116644 -0.7263855 -7.933493 -0.5617883 -5.116644 -0.7281745 -5.016003 -0.7263855 -7.933493 -0.7281745 -5.016003 -1.068688 -7.854596 -1.068688 -7.854596 -0.7281745 -5.016003 -0.880518 -4.887236 -1.068688 -7.854596 -0.880518 -4.887236 -1.411326 -7.742747 -1.411326 -7.742747 -0.880518 -4.887236 -1.011976 -4.73376 -1.411326 -7.742747 -1.011976 -4.73376 -1.749711 -7.597014 -1.749711 -7.597014 -1.011976 -4.73376 -1.116986 -4.561107 -1.749711 -7.597014 -1.116986 -4.561107 -2.07895 -7.417304 -2.07895 -7.417304 -1.116986 -4.561107 -1.192019 -4.376284 -2.07895 -7.417304 -1.192019 -4.376284 -2.194277 -4 -2.194277 -4 -1.192019 -4.376284 -1.235955 -4.186857 -2.194277 -4 -1.235955 -4.186857 -1.25 -4 -1.25 -4 -1.235955 -3.813143 -2.194277 -4 -2.194277 -4 -1.235955 -3.813143 -1.192019 -3.623716 -2.194277 -4 -1.192019 -3.623716 -2.07895 -0.5826962 -2.07895 -0.5826962 -1.192019 -3.623716 -1.116986 -3.438893 -2.07895 -0.5826962 -1.116986 -3.438893 -1.749711 -0.4029856 -1.749711 -0.4029856 -1.116986 -3.438893 -1.011976 -3.26624 -1.749711 -0.4029856 -1.011976 -3.26624 -1.411326 -0.2572525 -1.411326 -0.2572525 -1.011976 -3.26624 -0.880518 -3.112764 -1.411326 -0.2572525 -0.880518 -3.112764 -1.068688 -0.1454045 -1.068688 -0.1454045 -0.880518 -3.112764 -0.7281745 -2.983997 -1.068688 -0.1454045 -0.7281745 -2.983997 -0.7263855 -0.06650739 -0.7263855 -0.06650739 -0.7281745 -2.983997 -0.5617883 -2.883356 -0.7263855 -0.06650739 -0.5617883 -2.883356 -0.3885537 -2.811923 -0.3885537 -2.811923 -0.3885537 -0.01891648 -0.7263855 -0.06650739 -2.07895 -0.5826962 -2.394046 -0.7955431 -2.194277 -4 -2.194277 -4 -2.394046 -0.7955431 -2.690113 -1.039714 -2.194277 -4 -2.690113 -1.039714 -2.962618 -1.312456 -2.962618 -1.312456 -3.207599 -1.610166 -2.194277 -4 -2.194277 -4 -3.207599 -1.610166 -3.421857 -1.928552 -2.194277 -4 -3.421857 -1.928552 -3.603089 -2.262833 -3.603089 -2.262833 -3.749968 -2.607972 -2.194277 -4 -2.194277 -4 -3.749968 -2.607972 -3.862142 -2.958913 -2.194277 -4 -3.862142 -2.958913 -3.940177 -3.310796 -3.940177 -3.310796 -3.98545 -3.659143 -2.194277 -4 -2.194277 -4 -3.98545 -3.659143 -4 -4 -2.194277 -4 -4 -4 -3.98545 -4.340857 -3.98545 -4.340857 -3.940177 -4.689205 -2.194277 -4 -2.194277 -4 -3.940177 -4.689205 -3.862142 -5.041087 -2.194277 -4 -3.862142 -5.041087 -3.749968 -5.392028 -3.749968 -5.392028 -3.603089 -5.737167 -2.194277 -4 -2.194277 -4 -3.603089 -5.737167 -3.421857 -6.071448 -2.194277 -4 -3.421857 -6.071448 -3.207599 -6.389834 -3.207599 -6.389834 -2.962618 -6.687544 -2.194277 -4 -2.194277 -4 -2.962618 -6.687544 -2.690113 -6.960286 -2.194277 -4 -2.690113 -6.960286 -2.394046 -7.204457 -2.394046 -7.204457 -2.07895 -7.417304 -2.194277 -4 0.3885537 -7.981083 0.7263855 -7.933493 0.3885537 -5.188076 0.3885537 -5.188076 0.7263855 -7.933493 0.5617883 -5.116644 0.5617883 -5.116644 0.7263855 -7.933493 0.7281745 -5.016003 0.7281745 -5.016003 0.7263855 -7.933493 1.068688 -7.854596 0.7281745 -5.016003 1.068688 -7.854596 0.880518 -4.887236 0.880518 -4.887236 1.068688 -7.854596 1.411326 -7.742747 0.880518 -4.887236 1.411326 -7.742747 1.011976 -4.73376 1.011976 -4.73376 1.411326 -7.742747 1.749711 -7.597014 1.011976 -4.73376 1.749711 -7.597014 1.116986 -4.561107 1.116986 -4.561107 1.749711 -7.597014 2.07895 -7.417304 1.116986 -4.561107 2.07895 -7.417304 1.192019 -4.376284 1.192019 -4.376284 2.07895 -7.417304 2.194277 -4 1.192019 -4.376284 2.194277 -4 1.235955 -4.186857 1.235955 -4.186857 2.194277 -4 1.25 -4 1.25 -4 2.194277 -4 1.235955 -3.813143 1.235955 -3.813143 2.194277 -4 1.192019 -3.623716 1.192019 -3.623716 2.194277 -4 2.07895 -0.5826962 1.192019 -3.623716 2.07895 -0.5826962 1.116986 -3.438893 1.116986 -3.438893 2.07895 -0.5826962 1.749711 -0.4029856 1.116986 -3.438893 1.749711 -0.4029856 1.011976 -3.26624 1.011976 -3.26624 1.749711 -0.4029856 1.411326 -0.2572525 1.011976 -3.26624 1.411326 -0.2572525 0.880518 -3.112764 0.880518 -3.112764 1.411326 -0.2572525 1.068688 -0.1454045 0.880518 -3.112764 1.068688 -0.1454045 0.7281745 -2.983997 0.7281745 -2.983997 1.068688 -0.1454045 0.7263855 -0.06650739 0.7281745 -2.983997 0.7263855 -0.06650739 0.5617883 -2.883356 0.5617883 -2.883356 0.7263855 -0.06650739 0.3885537 -2.811923 0.3885537 -2.811923 0.7263855 -0.06650739 0.3885537 -0.01891648 2.07895 -7.417304 2.394046 -7.204457 2.194277 -4 2.194277 -4 2.394046 -7.204457 2.690113 -6.960286 2.194277 -4 2.690113 -6.960286 2.962618 -6.687544 2.962618 -6.687544 3.207599 -6.389834 2.194277 -4 2.194277 -4 3.207599 -6.389834 3.421857 -6.071448 2.194277 -4 3.421857 -6.071448 3.603089 -5.737167 3.603089 -5.737167 3.749968 -5.392028 2.194277 -4 2.194277 -4 3.749968 -5.392028 3.862142 -5.041087 2.194277 -4 3.862142 -5.041087 3.940177 -4.689205 3.940177 -4.689205 3.98545 -4.340857 2.194277 -4 2.194277 -4 3.98545 -4.340857 4 -4 2.194277 -4 4 -4 3.98545 -3.659143 3.98545 -3.659143 3.940177 -3.310796 2.194277 -4 2.194277 -4 3.940177 -3.310796 3.862142 -2.958913 2.194277 -4 3.862142 -2.958913 3.749968 -2.607972 3.749968 -2.607972 3.603089 -2.262833 2.194277 -4 2.194277 -4 3.603089 -2.262833 3.421857 -1.928552 2.194277 -4 3.421857 -1.928552 3.207599 -1.610166 3.207599 -1.610166 2.962618 -1.312456 2.194277 -4 2.194277 -4 2.962618 -1.312456 2.690113 -1.039714 2.194277 -4 2.690113 -1.039714 2.394046 -0.7955431 2.394046 -0.7955431 2.07895 -0.5826962 2.194277 -4 0 0.00999999 0 0 0.3885537 0.004999995 0.3885537 0.004999995 0 0 0.7771075 0 0.3885537 0.004999995 0.7771075 0 0.7771075 0.00999999 0.7771075 0.00999999 0 0.00999999 0.3885537 0.004999995 0 0.00999999 0 0 1.396503 0.004999995 1.396503 0.004999995 0 0 2.793007 0 1.396503 0.004999995 2.793007 0 2.793007 0.00999999 2.793007 0.00999999 0 0.00999999 1.396503 0.004999995 0 0.00999999 0 0 1.396503 0.004999995 1.396503 0.004999995 0 0 2.793007 0 1.396503 0.004999995 2.793007 0 2.793007 0.00999999 2.793007 0.00999999 0 0.00999999 1.396503 0.004999995 -1.396503 0.3885537 -1.396503 -0.3885537 0 0 0 0 -1.396503 -0.3885537 1.396503 -0.3885537 0 0 1.396503 -0.3885537 1.350158 -0.1967285 1.350158 -0.1967285 1.33458 0 0 0 0 0 1.33458 0 1.350158 0.1967285 0 0 1.350158 0.1967285 1.396503 0.3885537 1.396503 0.3885537 -1.396503 0.3885537 0 0 0 0 -0.3885537 -0.01891648 0 -0.009458184 0 -0.009458184 -0.3885537 -0.01891648 0.3885537 -0.01891648 0 -0.009458184 0.3885537 -0.01891648 0 0 0 0.05303394 0 0 0.25 0.04545766 0.25 0.04545766 0 0 0.5 0 0.25 0.04545766 0.5 0 0.5 0.05303394 0.25 0.04545766 0.5 0.05303394 0.25 0.09091538 0.25 0.09091538 0.5 0.05303394 0.5 0.106068 0.25 0.09091538 0.5 0.106068 0.25 0.1363731 0.25 0.1363731 0.5 0.106068 0.5 0.159102 0.25 0.1363731 0.5 0.159102 0.25 0.1818308 0.25 0.1818308 0.5 0.159102 0.5 0.212136 0.25 0.1818308 0.5 0.212136 0.25 0.2272886 0.25 0.2272886 0.5 0.212136 0.5 0.26517 0.25 0.2272886 0.5 0.26517 0.25 0.2727463 0.25 0.2727463 0.5 0.26517 0.5 0.318204 0.25 0.2727463 0.5 0.318204 0.25 0.318204 0.25 0.318204 0.5 0.318204 0.25 0.3636617 0.25 0.318204 0.25 0.3636617 0 0.318204 0 0.318204 0.25 0.3636617 0 0.371238 0 0.371238 0.25 0.3636617 0.25 0.424272 0 0.371238 0.25 0.424272 0 0.424272 0 0.424272 0.25 0.424272 0 0.477306 0 0.477306 0.25 0.424272 0.25 0.4848822 0 0.477306 0.25 0.4848822 0 0.53034 0 0.53034 0.25 0.4848822 0.25 0.5454925 0 0.53034 0.25 0.5454925 0 0.583374 0 0.583374 0.25 0.5454925 0.25 0.6061028 0 0.583374 0.25 0.6061028 0 0.636408 0 0.636408 0.25 0.6061028 0.25 0.6667131 0 0.636408 0.25 0.6667131 0 0.689442 0 0.689442 0.25 0.6667131 0.25 0.7273234 0 0.689442 0.25 0.7273234 0 0.742476 0 0.742476 0.25 0.7273234 0.25 0.7879337 0 0.742476 0.25 0.7879337 0 0.7955099 0 0.7955099 0.25 0.7879337 0 0.848544 0 0.848544 0.25 0.7879337 0.5 0.7955099 0 0.848544 0.5 0.7955099 0.5 0.848544 0.5 0.318204 0.5 0.371238 0.25 0.3636617 0.25 0.3636617 0.5 0.371238 0.25 0.424272 0.5 0.371238 0.5 0.424272 0.25 0.424272 0.25 0.424272 0.5 0.424272 0.5 0.477306 0.25 0.424272 0.5 0.477306 0.25 0.4848822 0.25 0.4848822 0.5 0.477306 0.5 0.53034 0.25 0.4848822 0.5 0.53034 0.25 0.5454925 0.25 0.5454925 0.5 0.53034 0.5 0.583374 0.25 0.5454925 0.5 0.583374 0.25 0.6061028 0.25 0.6061028 0.5 0.583374 0.5 0.636408 0.25 0.6061028 0.5 0.636408 0.25 0.6667131 0.25 0.6667131 0.5 0.636408 0.5 0.689442 0.25 0.6667131 0.5 0.689442 0.25 0.7273234 0.25 0.7273234 0.5 0.689442 0.5 0.742476 0.25 0.7273234 0.5 0.742476 0.25 0.7879337 0.25 0.7879337 0.5 0.742476 0.5 0.7955099 0.25 0.318204 0 0.318204 0.25 0.2727463 0.25 0.2727463 0 0.318204 0 0.26517 0.25 0.2727463 0 0.26517 0.25 0.2272886 0.25 0.2272886 0 0.26517 0 0.212136 0.25 0.2272886 0 0.212136 0.25 0.1818308 0.25 0.1818308 0 0.212136 0 0.159102 0.25 0.1818308 0 0.159102 0.25 0.1363731 0.25 0.1363731 0 0.159102 0 0.106068 0.25 0.1363731 0 0.106068 0.25 0.09091538 0.25 0.09091538 0 0.106068 0 0.05303394 0.25 0.09091538 0 0.05303394 0.25 0.04545766 0.2949916 -0.05458891 0.3 0 0 0 0 0 0.3 0 0.2949916 0.05458891 0 0 0.2949916 0.05458891 0.2789365 0.1104284 0.2789365 0.1104284 0.2510986 0.1641629 0 0 0 0 0.2510986 0.1641629 0.212132 0.212132 0 0 0.212132 0.212132 0.1641629 0.2510986 0.1641629 0.2510986 0.1104284 0.2789365 0 0 0 0 0.1104284 0.2789365 0.05458891 0.2949916 0 0 0.05458891 0.2949916 0 0.3 0 0.3 -0.05458891 0.2949916 0 0 0 0 -0.05458891 0.2949916 -0.1104284 0.2789365 0 0 -0.1104284 0.2789365 -0.1641629 0.2510986 -0.1641629 0.2510986 -0.212132 0.212132 0 0 0 0 -0.212132 0.212132 -0.2510986 0.1641629 0 0 -0.2510986 0.1641629 -0.2789365 0.1104284 -0.2789365 0.1104284 -0.2949916 0.05458891 0 0 0 0 -0.2949916 0.05458891 -0.3 0 0 0 -0.3 0 -0.2949916 -0.05458891 -0.2949916 -0.05458891 -0.2789365 -0.1104284 0 0 0 0 -0.2789365 -0.1104284 -0.2510986 -0.1641629 0 0 -0.2510986 -0.1641629 -0.212132 -0.212132 -0.212132 -0.212132 -0.1641629 -0.2510986 0 0 0 0 -0.1641629 -0.2510986 -0.1104284 -0.2789365 0 0 -0.1104284 -0.2789365 -0.05458891 -0.2949916 -0.05458891 -0.2949916 0 -0.3 0 0 0 0 0 -0.3 0.05458891 -0.2949916 0 0 0.05458891 -0.2949916 0.1104284 -0.2789365 0.1104284 -0.2789365 0.1641629 -0.2510986 0 0 0 0 0.1641629 -0.2510986 0.212132 -0.212132 0 0 0.212132 -0.212132 0.2510986 -0.1641629 0.2510986 -0.1641629 0.2789365 -0.1104284 0 0 0 0 0.2789365 -0.1104284 0.2949916 -0.05458891 -0.5 0.2209749 -0.5 0 -0.25 0.1894071 -0.25 0.1894071 -0.5 0 -0.00999999 0 -0.25 0.1894071 -0.00999999 0 -0.00999999 0.1916788 -0.00999999 0.1916788 -0.00999999 0.3737571 -0.25 0.1894071 -0.25 0.1894071 -0.00999999 0.3737571 -0.25 0.3788143 -0.25 0.1894071 -0.25 0.3788143 -0.5 0.2209749 -0.5 0.2209749 -0.25 0.3788143 -0.5 0.44195 -0.5 0.44195 -0.25 0.3788143 -0.25 0.5682214 -0.5 0.44195 -0.25 0.5682214 -0.5 0.662925 -0.5 0.662925 -0.25 0.5682214 -0.25 0.7576286 -0.5 0.662925 -0.25 0.7576286 -0.5 0.8838999 -0.5 0.8838999 -0.25 0.7576286 -0.25 0.9470357 -0.5 0.8838999 -0.25 0.9470357 -0.5 1.104875 -0.5 1.104875 -0.25 0.9470357 -0.25 1.136443 -0.5 1.104875 -0.25 1.136443 -0.5 1.32585 -0.5 1.32585 -0.25 1.136443 -0.25 1.32585 -0.5 1.32585 -0.25 1.32585 -0.25 1.515257 -0.25 1.515257 -0.25 1.32585 0 1.405686 -0.25 1.515257 0 1.405686 0 1.585558 -0.00999999 0.3737571 0 0.3737571 -0.25 0.3788143 -0.25 0.3788143 0 0.3737571 0 0.5403274 -0.25 0.3788143 0 0.5403274 -0.25 0.5682214 -0.25 0.5682214 0 0.5403274 0 0.70901 -0.25 0.5682214 0 0.70901 -0.25 0.7576286 -0.25 0.7576286 0 0.70901 0 0.8798451 -0.25 0.7576286 0 0.8798451 -0.25 0.9470357 -0.25 0.9470357 0 0.8798451 0 1.052874 -0.25 0.9470357 0 1.052874 -0.25 1.136443 -0.25 1.136443 0 1.052874 0 1.22814 -0.25 1.136443 0 1.22814 -0.25 1.32585 -0.25 1.32585 0 1.22814 0 1.405686 -0.25 1.515257 0 1.585558 -0.25 1.7678 -0.25 1.7678 0 1.585558 0 1.7678 -0.25 1.7678 0 1.7678 0 1.950042 -0.25 1.7678 0 1.950042 -0.25 2.020343 -0.25 2.020343 0 1.950042 0 2.129914 -0.25 2.020343 0 2.129914 -0.25 2.272886 -0.25 2.272886 0 2.129914 0 2.30746 -0.25 2.272886 0 2.30746 0 2.482725 -0.25 2.272886 0 2.482725 -0.25 2.525429 -0.25 2.525429 0 2.482725 0 2.655755 -0.25 2.525429 0 2.655755 -0.25 2.777971 -0.25 2.777971 0 2.655755 0 2.82659 -0.25 2.777971 0 2.82659 -0.25 3.030514 -0.25 3.030514 0 2.82659 0 2.995272 -0.25 3.030514 0 2.995272 0 3.161843 0 3.161843 -0.00999999 3.161843 -0.25 3.030514 -0.25 3.030514 -0.00999999 3.161843 -0.25 3.283057 -0.25 3.030514 -0.25 3.283057 -0.5 3.09365 -0.5 3.09365 -0.25 3.283057 -0.5 3.314625 -0.5 3.314625 -0.25 3.283057 -0.5 3.5356 -0.5 3.5356 -0.25 3.283057 -0.00999999 3.343921 -0.5 3.5356 -0.00999999 3.343921 -0.00999999 3.5356 -0.00999999 3.161843 -0.00999999 3.343921 -0.25 3.283057 -0.5 3.09365 -0.5 2.872675 -0.25 3.030514 -0.25 3.030514 -0.5 2.872675 -0.25 2.777971 -0.5 2.872675 -0.5 2.6517 -0.25 2.777971 -0.25 2.777971 -0.5 2.6517 -0.25 2.525429 -0.5 2.6517 -0.5 2.430725 -0.25 2.525429 -0.25 2.525429 -0.5 2.430725 -0.25 2.272886 -0.5 2.430725 -0.5 2.20975 -0.25 2.272886 -0.25 2.272886 -0.5 2.20975 -0.25 2.020343 -0.5 2.20975 -0.5 1.988775 -0.25 2.020343 -0.25 2.020343 -0.5 1.988775 -0.25 1.7678 -0.5 1.988775 -0.5 1.7678 -0.25 1.7678 -0.25 1.7678 -0.5 1.7678 -0.5 1.546825 -0.25 1.7678 -0.5 1.546825 -0.25 1.515257 -0.25 1.515257 -0.5 1.546825 -0.5 1.32585 -0.2949916 -0.05458891 -0.3 0 -1.25 0 -1.25 0 -0.3 0 -0.2949916 0.05458891 -1.25 0 -0.2949916 0.05458891 -1.229132 0.2274538 -1.229132 0.2274538 -0.2949916 0.05458891 -0.2789365 0.1104284 -1.229132 0.2274538 -0.2789365 0.1104284 -1.162235 0.4601184 -1.162235 0.4601184 -0.2789365 0.1104284 -0.2510986 0.1641629 -1.162235 0.4601184 -0.2510986 0.1641629 -1.046244 0.6840122 -1.046244 0.6840122 -0.2510986 0.1641629 -0.212132 0.212132 -1.046244 0.6840122 -0.212132 0.212132 -0.8838835 0.8838835 -0.8838835 0.8838835 -0.212132 0.212132 -0.1641629 0.2510986 -0.8838835 0.8838835 -0.1641629 0.2510986 -0.6840122 1.046244 -0.6840122 1.046244 -0.1641629 0.2510986 -0.1104284 0.2789365 -0.6840122 1.046244 -0.1104284 0.2789365 -0.4601184 1.162235 -0.4601184 1.162235 -0.1104284 0.2789365 -0.05458891 0.2949916 -0.4601184 1.162235 -0.05458891 0.2949916 -0.2274538 1.229132 -0.2274538 1.229132 -0.05458891 0.2949916 0 0.3 -0.2274538 1.229132 0 0.3 0 1.25 0 1.25 0 0.3 0.2274538 1.229132 0.2274538 1.229132 0 0.3 0.05458891 0.2949916 0.2274538 1.229132 0.05458891 0.2949916 0.4601184 1.162235 0.4601184 1.162235 0.05458891 0.2949916 0.1104284 0.2789365 0.4601184 1.162235 0.1104284 0.2789365 0.6840122 1.046244 0.6840122 1.046244 0.1104284 0.2789365 0.1641629 0.2510986 0.6840122 1.046244 0.1641629 0.2510986 0.8838835 0.8838835 0.8838835 0.8838835 0.1641629 0.2510986 0.212132 0.212132 0.8838835 0.8838835 0.212132 0.212132 1.046244 0.6840122 1.046244 0.6840122 0.212132 0.212132 0.2510986 0.1641629 1.046244 0.6840122 0.2510986 0.1641629 1.162235 0.4601184 1.162235 0.4601184 0.2510986 0.1641629 0.2789365 0.1104284 1.162235 0.4601184 0.2789365 0.1104284 1.229132 0.2274538 1.229132 0.2274538 0.2789365 0.1104284 0.2949916 0.05458891 1.229132 0.2274538 0.2949916 0.05458891 1.25 0 1.25 0 0.2949916 0.05458891 0.3 0 1.25 0 0.3 0 1.229132 -0.2274538 1.229132 -0.2274538 0.3 0 0.2949916 -0.05458891 1.229132 -0.2274538 0.2949916 -0.05458891 0.2789365 -0.1104284 1.229132 -0.2274538 0.2789365 -0.1104284 1.162235 -0.4601184 1.162235 -0.4601184 0.2789365 -0.1104284 0.2510986 -0.1641629 1.162235 -0.4601184 0.2510986 -0.1641629 1.046244 -0.6840122 1.046244 -0.6840122 0.2510986 -0.1641629 0.212132 -0.212132 1.046244 -0.6840122 0.212132 -0.212132 0.8838835 -0.8838835 0.8838835 -0.8838835 0.212132 -0.212132 0.1641629 -0.2510986 0.8838835 -0.8838835 0.1641629 -0.2510986 0.6840122 -1.046244 0.6840122 -1.046244 0.1641629 -0.2510986 0.1104284 -0.2789365 0.6840122 -1.046244 0.1104284 -0.2789365 0.4601184 -1.162235 0.4601184 -1.162235 0.1104284 -0.2789365 0.05458891 -0.2949916 0.4601184 -1.162235 0.05458891 -0.2949916 0.2274538 -1.229132 0.2274538 -1.229132 0.05458891 -0.2949916 0 -0.3 0.2274538 -1.229132 0 -0.3 0 -1.25 0 -1.25 0 -0.3 -0.05458891 -0.2949916 0 -1.25 -0.05458891 -0.2949916 -0.2274538 -1.229132 -0.2274538 -1.229132 -0.05458891 -0.2949916 -0.4601184 -1.162235 -0.4601184 -1.162235 -0.05458891 -0.2949916 -0.1104284 -0.2789365 -0.4601184 -1.162235 -0.1104284 -0.2789365 -0.6840122 -1.046244 -0.6840122 -1.046244 -0.1104284 -0.2789365 -0.1641629 -0.2510986 -0.6840122 -1.046244 -0.1641629 -0.2510986 -0.8838835 -0.8838835 -0.8838835 -0.8838835 -0.1641629 -0.2510986 -0.212132 -0.212132 -0.8838835 -0.8838835 -0.212132 -0.212132 -1.046244 -0.6840122 -1.046244 -0.6840122 -0.212132 -0.212132 -0.2510986 -0.1641629 -1.046244 -0.6840122 -0.2510986 -0.1641629 -1.162235 -0.4601184 -1.162235 -0.4601184 -0.2510986 -0.1641629 -0.2789365 -0.1104284 -1.162235 -0.4601184 -0.2789365 -0.1104284 -1.229132 -0.2274538 -1.229132 -0.2274538 -0.2789365 -0.1104284 -0.2949916 -0.05458891 -1.229132 -0.2274538 -0.2949916 -0.05458891 -1.25 0 -0.494984 0 -0.556857 0 -0.494984 -0.3226235 -0.494984 -0.3226235 -0.556857 0 -0.5575277 -0.3687126 -0.494984 -0.3226235 -0.5575277 -0.3687126 -0.494984 -0.645247 -0.494984 -0.645247 -0.5575277 -0.3687126 -0.5575277 -0.7374251 -0.494984 -0.645247 -0.5575277 -0.7374251 -0.494984 -0.9678705 -0.494984 -0.9678705 -0.5575277 -0.7374251 -0.5575277 -1.106138 -0.494984 -0.9678705 -0.5575277 -1.106138 -0.494984 -1.290494 -0.494984 -1.290494 -0.5575277 -1.106138 -0.5575277 -1.47485 -0.494984 -1.290494 -0.5575277 -1.47485 -0.494984 -1.613117 -0.494984 -1.613117 -0.5575277 -1.47485 -0.5575277 -1.843563 -0.494984 -1.613117 -0.5575277 -1.843563 -0.494984 -1.935741 -0.494984 -1.935741 -0.5575277 -1.843563 -0.5575277 -2.212275 -0.494984 -1.935741 -0.5575277 -2.212275 -0.494984 -2.258364 -0.494984 -2.258364 -0.5575277 -2.212275 -0.5575277 -2.580988 -0.494984 -2.258364 -0.5575277 -2.580988 -0.494984 -2.580988 -0.494984 -2.580988 -0.5575277 -2.580988 -0.494984 -2.903611 -0.494984 -2.903611 -0.5575277 -2.580988 -0.5575277 -2.9497 -0.494984 -2.903611 -0.5575277 -2.9497 -0.494984 -3.226235 -0.494984 -3.226235 -0.5575277 -2.9497 -0.5575277 -3.318413 -0.494984 -3.226235 -0.5575277 -3.318413 -0.494984 -3.548858 -0.494984 -3.548858 -0.5575277 -3.318413 -0.5575277 -3.687125 -0.494984 -3.548858 -0.5575277 -3.687125 -0.494984 -3.871482 -0.494984 -3.871482 -0.5575277 -3.687125 -0.5575277 -4.055838 -0.494984 -3.871482 -0.5575277 -4.055838 -0.494984 -4.194105 -0.494984 -4.194105 -0.5575277 -4.055838 -0.5575277 -4.424551 -0.494984 -4.194105 -0.5575277 -4.424551 -0.494984 -4.516729 -0.494984 -4.516729 -0.5575277 -4.424551 -0.5575277 -4.793263 -0.494984 -4.516729 -0.5575277 -4.793263 -0.494984 -4.839352 -0.494984 -4.839352 -0.5575277 -4.793263 -0.5575277 -5.161976 -0.494984 -4.839352 -0.5575277 -5.161976 -0.494984 -5.161976 -0.494984 -5.161976 -0.5575277 -5.161976 -0.494984 -5.484599 -0.494984 -5.484599 -0.5575277 -5.161976 -0.5575277 -5.530688 -0.494984 -5.484599 -0.5575277 -5.530688 -0.494984 -5.807223 -0.494984 -5.807223 -0.5575277 -5.530688 -0.5575277 -5.899401 -0.494984 -5.807223 -0.5575277 -5.899401 -0.494984 -6.129846 -0.494984 -6.129846 -0.5575277 -5.899401 -0.5575277 -6.175935 -0.494984 -6.129846 -0.5575277 -6.175935 -0.494984 -6.45247 -0.494984 -6.45247 -0.5575277 -6.175935 -0.5575277 -6.45247 -0.494984 -6.45247 -0.5575277 -6.45247 -0.5575277 -6.729004 -0.5575277 -6.729004 -0.5575277 -6.45247 -0.6200713 -6.45247 -0.5575277 -6.729004 -0.6200713 -6.45247 -0.6200713 -6.729004 -0.6200713 -6.729004 -0.6200713 -6.45247 -0.682615 -6.45247 -0.6200713 -6.729004 -0.682615 -6.45247 -0.682615 -6.729004 -0.682615 -6.729004 -0.682615 -6.45247 -0.7451587 -6.45247 -0.682615 -6.729004 -0.7451587 -6.45247 -0.7451587 -6.729004 -0.7451587 -6.729004 -0.7451587 -6.45247 -0.8077024 -6.45247 -0.7451587 -6.729004 -0.8077024 -6.45247 -0.8077024 -6.729004 -0.8077024 -6.729004 -0.8077024 -6.45247 -0.870246 -6.45247 -0.8077024 -6.729004 -0.870246 -6.45247 -0.870246 -6.729004 -0.870246 -6.729004 -0.870246 -6.45247 -0.9327897 -6.45247 -0.870246 -6.729004 -0.9327897 -6.45247 -0.9327897 -6.729004 -0.9327897 -6.729004 -0.9327897 -6.45247 -0.9953334 -6.45247 -0.9327897 -6.729004 -0.9953334 -6.45247 -0.9953334 -6.729004 -0.9953334 -6.729004 -0.9953334 -6.45247 -1.056536 -6.45247 -0.9953334 -6.729004 -1.056536 -6.45247 -1.056536 -6.729004 -1.056536 -6.729004 -1.056536 -6.45247 -1.117738 -6.45247 -1.056536 -6.729004 -1.117738 -6.45247 -1.117738 -6.729004 -1.117738 -6.729004 -1.117738 -6.45247 -1.17894 -6.45247 -1.117738 -6.729004 -1.17894 -6.45247 -1.17894 -6.729004 -1.17894 -6.729004 -1.17894 -6.45247 -1.240143 -6.45247 -1.17894 -6.729004 -1.240143 -6.45247 -1.240143 -6.729004 -1.240143 -6.729004 -1.240143 -6.45247 -1.301345 -6.45247 -1.240143 -6.729004 -1.301345 -6.45247 -1.301345 -6.729004 -1.301345 -6.729004 -1.301345 -6.45247 -1.362547 -6.45247 -1.301345 -6.729004 -1.362547 -6.45247 -1.362547 -6.729004 -1.362547 -6.729004 -1.362547 -6.45247 -1.42375 -6.45247 -1.362547 -6.729004 -1.42375 -6.45247 -1.42375 -6.729004 -1.42375 -6.729004 -1.42375 -6.45247 -1.484952 -6.45247 -1.42375 -6.729004 -1.484952 -6.45247 -1.484952 -6.775093 -0.556857 0 -0.61873 0 -0.5575277 -0.3687126 -0.5575277 -0.3687126 -0.61873 0 -0.6200713 -0.3687126 -0.5575277 -0.3687126 -0.6200713 -0.3687126 -0.5575277 -0.7374251 -0.5575277 -0.7374251 -0.6200713 -0.3687126 -0.6200713 -0.7374251 -0.5575277 -0.7374251 -0.6200713 -0.7374251 -0.5575277 -1.106138 -0.5575277 -1.106138 -0.6200713 -0.7374251 -0.6200713 -1.106138 -0.5575277 -1.106138 -0.6200713 -1.106138 -0.5575277 -1.47485 -0.5575277 -1.47485 -0.6200713 -1.106138 -0.6200713 -1.47485 -0.5575277 -1.47485 -0.6200713 -1.47485 -0.5575277 -1.843563 -0.5575277 -1.843563 -0.6200713 -1.47485 -0.6200713 -1.843563 -0.5575277 -1.843563 -0.6200713 -1.843563 -0.5575277 -2.212275 -0.5575277 -2.212275 -0.6200713 -1.843563 -0.6200713 -2.212275 -0.5575277 -2.212275 -0.6200713 -2.212275 -0.5575277 -2.580988 -0.5575277 -2.580988 -0.6200713 -2.212275 -0.6200713 -2.580988 -0.5575277 -2.580988 -0.6200713 -2.580988 -0.5575277 -2.9497 -0.5575277 -2.9497 -0.6200713 -2.580988 -0.6200713 -2.9497 -0.5575277 -2.9497 -0.6200713 -2.9497 -0.5575277 -3.318413 -0.5575277 -3.318413 -0.6200713 -2.9497 -0.6200713 -3.318413 -0.5575277 -3.318413 -0.6200713 -3.318413 -0.5575277 -3.687125 -0.5575277 -3.687125 -0.6200713 -3.318413 -0.6200713 -3.687125 -0.5575277 -3.687125 -0.6200713 -3.687125 -0.5575277 -4.055838 -0.5575277 -4.055838 -0.6200713 -3.687125 -0.6200713 -4.055838 -0.5575277 -4.055838 -0.6200713 -4.055838 -0.5575277 -4.424551 -0.5575277 -4.424551 -0.6200713 -4.055838 -0.6200713 -4.424551 -0.5575277 -4.424551 -0.6200713 -4.424551 -0.5575277 -4.793263 -0.5575277 -4.793263 -0.6200713 -4.424551 -0.6200713 -4.793263 -0.5575277 -4.793263 -0.6200713 -4.793263 -0.5575277 -5.161976 -0.5575277 -5.161976 -0.6200713 -4.793263 -0.6200713 -5.161976 -0.5575277 -5.161976 -0.6200713 -5.161976 -0.5575277 -5.530688 -0.5575277 -5.530688 -0.6200713 -5.161976 -0.6200713 -5.530688 -0.5575277 -5.530688 -0.6200713 -5.530688 -0.5575277 -5.899401 -0.5575277 -5.899401 -0.6200713 -5.530688 -0.6200713 -5.899401 -0.5575277 -5.899401 -0.6200713 -5.899401 -0.5575277 -6.175935 -0.5575277 -6.175935 -0.6200713 -5.899401 -0.6200713 -6.175935 -0.5575277 -6.175935 -0.6200713 -6.175935 -0.5575277 -6.45247 -0.5575277 -6.45247 -0.6200713 -6.175935 -0.6200713 -6.45247 -0.61873 0 -0.680603 0 -0.6200713 -0.3687126 -0.6200713 -0.3687126 -0.680603 0 -0.682615 -0.3687126 -0.6200713 -0.3687126 -0.682615 -0.3687126 -0.6200713 -0.7374251 -0.6200713 -0.7374251 -0.682615 -0.3687126 -0.682615 -0.7374251 -0.6200713 -0.7374251 -0.682615 -0.7374251 -0.6200713 -1.106138 -0.6200713 -1.106138 -0.682615 -0.7374251 -0.682615 -1.106138 -0.6200713 -1.106138 -0.682615 -1.106138 -0.6200713 -1.47485 -0.6200713 -1.47485 -0.682615 -1.106138 -0.682615 -1.47485 -0.6200713 -1.47485 -0.682615 -1.47485 -0.6200713 -1.843563 -0.6200713 -1.843563 -0.682615 -1.47485 -0.682615 -1.843563 -0.6200713 -1.843563 -0.682615 -1.843563 -0.6200713 -2.212275 -0.6200713 -2.212275 -0.682615 -1.843563 -0.682615 -2.212275 -0.6200713 -2.212275 -0.682615 -2.212275 -0.6200713 -2.580988 -0.6200713 -2.580988 -0.682615 -2.212275 -0.682615 -2.580988 -0.6200713 -2.580988 -0.682615 -2.580988 -0.6200713 -2.9497 -0.6200713 -2.9497 -0.682615 -2.580988 -0.682615 -2.9497 -0.6200713 -2.9497 -0.682615 -2.9497 -0.6200713 -3.318413 -0.6200713 -3.318413 -0.682615 -2.9497 -0.682615 -3.318413 -0.6200713 -3.318413 -0.682615 -3.318413 -0.6200713 -3.687125 -0.6200713 -3.687125 -0.682615 -3.318413 -0.682615 -3.687125 -0.6200713 -3.687125 -0.682615 -3.687125 -0.6200713 -4.055838 -0.6200713 -4.055838 -0.682615 -3.687125 -0.682615 -4.055838 -0.6200713 -4.055838 -0.682615 -4.055838 -0.6200713 -4.424551 -0.6200713 -4.424551 -0.682615 -4.055838 -0.682615 -4.424551 -0.6200713 -4.424551 -0.682615 -4.424551 -0.6200713 -4.793263 -0.6200713 -4.793263 -0.682615 -4.424551 -0.682615 -4.793263 -0.6200713 -4.793263 -0.682615 -4.793263 -0.6200713 -5.161976 -0.6200713 -5.161976 -0.682615 -4.793263 -0.682615 -5.161976 -0.6200713 -5.161976 -0.682615 -5.161976 -0.6200713 -5.530688 -0.6200713 -5.530688 -0.682615 -5.161976 -0.682615 -5.530688 -0.6200713 -5.530688 -0.682615 -5.530688 -0.6200713 -5.899401 -0.6200713 -5.899401 -0.682615 -5.530688 -0.682615 -5.899401 -0.6200713 -5.899401 -0.682615 -5.899401 -0.6200713 -6.175935 -0.6200713 -6.175935 -0.682615 -5.899401 -0.682615 -6.175935 -0.6200713 -6.175935 -0.682615 -6.175935 -0.6200713 -6.45247 -0.6200713 -6.45247 -0.682615 -6.175935 -0.682615 -6.45247 -0.680603 0 -0.742476 0 -0.682615 -0.3687126 -0.682615 -0.3687126 -0.742476 0 -0.7451587 -0.3687126 -0.682615 -0.3687126 -0.7451587 -0.3687126 -0.682615 -0.7374251 -0.682615 -0.7374251 -0.7451587 -0.3687126 -0.7451587 -0.7374251 -0.682615 -0.7374251 -0.7451587 -0.7374251 -0.682615 -1.106138 -0.682615 -1.106138 -0.7451587 -0.7374251 -0.7451587 -1.106138 -0.682615 -1.106138 -0.7451587 -1.106138 -0.682615 -1.47485 -0.682615 -1.47485 -0.7451587 -1.106138 -0.7451587 -1.47485 -0.682615 -1.47485 -0.7451587 -1.47485 -0.682615 -1.843563 -0.682615 -1.843563 -0.7451587 -1.47485 -0.7451587 -1.843563 -0.682615 -1.843563 -0.7451587 -1.843563 -0.682615 -2.212275 -0.682615 -2.212275 -0.7451587 -1.843563 -0.7451587 -2.212275 -0.682615 -2.212275 -0.7451587 -2.212275 -0.682615 -2.580988 -0.682615 -2.580988 -0.7451587 -2.212275 -0.7451587 -2.580988 -0.682615 -2.580988 -0.7451587 -2.580988 -0.682615 -2.9497 -0.682615 -2.9497 -0.7451587 -2.580988 -0.7451587 -2.9497 -0.682615 -2.9497 -0.7451587 -2.9497 -0.682615 -3.318413 -0.682615 -3.318413 -0.7451587 -2.9497 -0.7451587 -3.318413 -0.682615 -3.318413 -0.7451587 -3.318413 -0.682615 -3.687125 -0.682615 -3.687125 -0.7451587 -3.318413 -0.7451587 -3.687125 -0.682615 -3.687125 -0.7451587 -3.687125 -0.682615 -4.055838 -0.682615 -4.055838 -0.7451587 -3.687125 -0.7451587 -4.055838 -0.682615 -4.055838 -0.7451587 -4.055838 -0.682615 -4.424551 -0.682615 -4.424551 -0.7451587 -4.055838 -0.7451587 -4.424551 -0.682615 -4.424551 -0.7451587 -4.424551 -0.682615 -4.793263 -0.682615 -4.793263 -0.7451587 -4.424551 -0.7451587 -4.793263 -0.682615 -4.793263 -0.7451587 -4.793263 -0.682615 -5.161976 -0.682615 -5.161976 -0.7451587 -4.793263 -0.7451587 -5.161976 -0.682615 -5.161976 -0.7451587 -5.161976 -0.682615 -5.530688 -0.682615 -5.530688 -0.7451587 -5.161976 -0.7451587 -5.530688 -0.682615 -5.530688 -0.7451587 -5.530688 -0.682615 -5.899401 -0.682615 -5.899401 -0.7451587 -5.530688 -0.7451587 -5.899401 -0.682615 -5.899401 -0.7451587 -5.899401 -0.682615 -6.175935 -0.682615 -6.175935 -0.7451587 -5.899401 -0.7451587 -6.175935 -0.682615 -6.175935 -0.7451587 -6.175935 -0.682615 -6.45247 -0.682615 -6.45247 -0.7451587 -6.175935 -0.7451587 -6.45247 -0.742476 0 -0.804349 0 -0.7451587 -0.3687126 -0.7451587 -0.3687126 -0.804349 0 -0.866222 0 -0.7451587 -0.3687126 -0.866222 0 -0.8077024 -0.3687126 -0.8077024 -0.3687126 -0.866222 0 -0.928095 0 -0.8077024 -0.3687126 -0.928095 0 -0.870246 -0.3687126 -0.870246 -0.3687126 -0.928095 0 -0.989968 0 -0.870246 -0.3687126 -0.989968 0 -0.9327897 -0.3687126 -0.9327897 -0.3687126 -0.989968 0 -1.051841 0 -0.9327897 -0.3687126 -1.051841 0 -0.9953334 -0.3687126 -0.9953334 -0.3687126 -1.051841 0 -1.113714 0 -0.9953334 -0.3687126 -1.113714 0 -1.056536 -0.3687126 -1.056536 -0.3687126 -1.113714 0 -1.175587 0 -1.056536 -0.3687126 -1.175587 0 -1.117738 -0.3687126 -1.117738 -0.3687126 -1.175587 0 -1.23746 0 -1.117738 -0.3687126 -1.23746 0 -1.17894 -0.3687126 -1.17894 -0.3687126 -1.23746 0 -1.240143 -0.3687126 -1.17894 -0.3687126 -1.240143 -0.3687126 -1.17894 -0.7374251 -1.17894 -0.7374251 -1.240143 -0.3687126 -1.240143 -0.7374251 -1.17894 -0.7374251 -1.240143 -0.7374251 -1.17894 -1.106138 -1.17894 -1.106138 -1.240143 -0.7374251 -1.240143 -1.106138 -1.17894 -1.106138 -1.240143 -1.106138 -1.17894 -1.47485 -1.17894 -1.47485 -1.240143 -1.106138 -1.240143 -1.47485 -1.17894 -1.47485 -1.240143 -1.47485 -1.17894 -1.843563 -1.17894 -1.843563 -1.240143 -1.47485 -1.240143 -1.843563 -1.17894 -1.843563 -1.240143 -1.843563 -1.17894 -2.212275 -1.17894 -2.212275 -1.240143 -1.843563 -1.240143 -2.212275 -1.17894 -2.212275 -1.240143 -2.212275 -1.17894 -2.580988 -1.17894 -2.580988 -1.240143 -2.212275 -1.240143 -2.580988 -1.17894 -2.580988 -1.240143 -2.580988 -1.17894 -2.9497 -1.17894 -2.9497 -1.240143 -2.580988 -1.240143 -2.9497 -1.17894 -2.9497 -1.240143 -2.9497 -1.17894 -3.318413 -1.17894 -3.318413 -1.240143 -2.9497 -1.240143 -3.318413 -1.17894 -3.318413 -1.240143 -3.318413 -1.17894 -3.687125 -1.17894 -3.687125 -1.240143 -3.318413 -1.240143 -3.687125 -1.17894 -3.687125 -1.240143 -3.687125 -1.17894 -4.055838 -1.17894 -4.055838 -1.240143 -3.687125 -1.240143 -4.055838 -1.17894 -4.055838 -1.240143 -4.055838 -1.17894 -4.424551 -1.17894 -4.424551 -1.240143 -4.055838 -1.240143 -4.424551 -1.17894 -4.424551 -1.240143 -4.424551 -1.17894 -4.793263 -1.17894 -4.793263 -1.240143 -4.424551 -1.240143 -4.793263 -1.17894 -4.793263 -1.240143 -4.793263 -1.17894 -5.161976 -1.17894 -5.161976 -1.240143 -4.793263 -1.240143 -5.161976 -1.17894 -5.161976 -1.240143 -5.161976 -1.17894 -5.530688 -1.17894 -5.530688 -1.240143 -5.161976 -1.240143 -5.530688 -1.17894 -5.530688 -1.240143 -5.530688 -1.17894 -5.899401 -1.17894 -5.899401 -1.240143 -5.530688 -1.240143 -5.899401 -1.17894 -5.899401 -1.240143 -5.899401 -1.17894 -6.175935 -1.17894 -6.175935 -1.240143 -5.899401 -1.240143 -6.175935 -1.17894 -6.175935 -1.240143 -6.175935 -1.17894 -6.45247 -1.17894 -6.45247 -1.240143 -6.175935 -1.240143 -6.45247 -1.23746 0 -1.299333 0 -1.240143 -0.3687126 -1.240143 -0.3687126 -1.299333 0 -1.301345 -0.3687126 -1.240143 -0.3687126 -1.301345 -0.3687126 -1.240143 -0.7374251 -1.240143 -0.7374251 -1.301345 -0.3687126 -1.301345 -0.7374251 -1.240143 -0.7374251 -1.301345 -0.7374251 -1.240143 -1.106138 -1.240143 -1.106138 -1.301345 -0.7374251 -1.301345 -1.106138 -1.240143 -1.106138 -1.301345 -1.106138 -1.240143 -1.47485 -1.240143 -1.47485 -1.301345 -1.106138 -1.301345 -1.47485 -1.240143 -1.47485 -1.301345 -1.47485 -1.240143 -1.843563 -1.240143 -1.843563 -1.301345 -1.47485 -1.301345 -1.843563 -1.240143 -1.843563 -1.301345 -1.843563 -1.240143 -2.212275 -1.240143 -2.212275 -1.301345 -1.843563 -1.301345 -2.212275 -1.240143 -2.212275 -1.301345 -2.212275 -1.240143 -2.580988 -1.240143 -2.580988 -1.301345 -2.212275 -1.301345 -2.580988 -1.240143 -2.580988 -1.301345 -2.580988 -1.240143 -2.9497 -1.240143 -2.9497 -1.301345 -2.580988 -1.301345 -2.9497 -1.240143 -2.9497 -1.301345 -2.9497 -1.240143 -3.318413 -1.240143 -3.318413 -1.301345 -2.9497 -1.301345 -3.318413 -1.240143 -3.318413 -1.301345 -3.318413 -1.240143 -3.687125 -1.240143 -3.687125 -1.301345 -3.318413 -1.301345 -3.687125 -1.240143 -3.687125 -1.301345 -3.687125 -1.240143 -4.055838 -1.240143 -4.055838 -1.301345 -3.687125 -1.301345 -4.055838 -1.240143 -4.055838 -1.301345 -4.055838 -1.240143 -4.424551 -1.240143 -4.424551 -1.301345 -4.055838 -1.301345 -4.424551 -1.240143 -4.424551 -1.301345 -4.424551 -1.240143 -4.793263 -1.240143 -4.793263 -1.301345 -4.424551 -1.301345 -4.793263 -1.240143 -4.793263 -1.301345 -4.793263 -1.240143 -5.161976 -1.240143 -5.161976 -1.301345 -4.793263 -1.301345 -5.161976 -1.240143 -5.161976 -1.301345 -5.161976 -1.240143 -5.530688 -1.240143 -5.530688 -1.301345 -5.161976 -1.301345 -5.530688 -1.240143 -5.530688 -1.301345 -5.530688 -1.240143 -5.899401 -1.240143 -5.899401 -1.301345 -5.530688 -1.301345 -5.899401 -1.240143 -5.899401 -1.301345 -5.899401 -1.240143 -6.175935 -1.240143 -6.175935 -1.301345 -5.899401 -1.301345 -6.175935 -1.240143 -6.175935 -1.301345 -6.175935 -1.240143 -6.45247 -1.240143 -6.45247 -1.301345 -6.175935 -1.301345 -6.45247 -1.299333 0 -1.361206 0 -1.301345 -0.3687126 -1.301345 -0.3687126 -1.361206 0 -1.362547 -0.3687126 -1.301345 -0.3687126 -1.362547 -0.3687126 -1.301345 -0.7374251 -1.301345 -0.7374251 -1.362547 -0.3687126 -1.362547 -0.7374251 -1.301345 -0.7374251 -1.362547 -0.7374251 -1.301345 -1.106138 -1.301345 -1.106138 -1.362547 -0.7374251 -1.362547 -1.106138 -1.301345 -1.106138 -1.362547 -1.106138 -1.301345 -1.47485 -1.301345 -1.47485 -1.362547 -1.106138 -1.362547 -1.47485 -1.301345 -1.47485 -1.362547 -1.47485 -1.301345 -1.843563 -1.301345 -1.843563 -1.362547 -1.47485 -1.362547 -1.843563 -1.301345 -1.843563 -1.362547 -1.843563 -1.301345 -2.212275 -1.301345 -2.212275 -1.362547 -1.843563 -1.362547 -2.212275 -1.301345 -2.212275 -1.362547 -2.212275 -1.301345 -2.580988 -1.301345 -2.580988 -1.362547 -2.212275 -1.362547 -2.580988 -1.301345 -2.580988 -1.362547 -2.580988 -1.301345 -2.9497 -1.301345 -2.9497 -1.362547 -2.580988 -1.362547 -2.9497 -1.301345 -2.9497 -1.362547 -2.9497 -1.301345 -3.318413 -1.301345 -3.318413 -1.362547 -2.9497 -1.362547 -3.318413 -1.301345 -3.318413 -1.362547 -3.318413 -1.301345 -3.687125 -1.301345 -3.687125 -1.362547 -3.318413 -1.362547 -3.687125 -1.301345 -3.687125 -1.362547 -3.687125 -1.301345 -4.055838 -1.301345 -4.055838 -1.362547 -3.687125 -1.362547 -4.055838 -1.301345 -4.055838 -1.362547 -4.055838 -1.301345 -4.424551 -1.301345 -4.424551 -1.362547 -4.055838 -1.362547 -4.424551 -1.301345 -4.424551 -1.362547 -4.424551 -1.301345 -4.793263 -1.301345 -4.793263 -1.362547 -4.424551 -1.362547 -4.793263 -1.301345 -4.793263 -1.362547 -4.793263 -1.301345 -5.161976 -1.301345 -5.161976 -1.362547 -4.793263 -1.362547 -5.161976 -1.301345 -5.161976 -1.362547 -5.161976 -1.301345 -5.530688 -1.301345 -5.530688 -1.362547 -5.161976 -1.362547 -5.530688 -1.301345 -5.530688 -1.362547 -5.530688 -1.301345 -5.899401 -1.301345 -5.899401 -1.362547 -5.530688 -1.362547 -5.899401 -1.301345 -5.899401 -1.362547 -5.899401 -1.301345 -6.175935 -1.301345 -6.175935 -1.362547 -5.899401 -1.362547 -6.175935 -1.301345 -6.175935 -1.362547 -6.175935 -1.301345 -6.45247 -1.301345 -6.45247 -1.362547 -6.175935 -1.362547 -6.45247 -1.361206 0 -1.423079 0 -1.362547 -0.3687126 -1.362547 -0.3687126 -1.423079 0 -1.42375 -0.3687126 -1.362547 -0.3687126 -1.42375 -0.3687126 -1.362547 -0.7374251 -1.362547 -0.7374251 -1.42375 -0.3687126 -1.42375 -0.7374251 -1.362547 -0.7374251 -1.42375 -0.7374251 -1.362547 -1.106138 -1.362547 -1.106138 -1.42375 -0.7374251 -1.42375 -1.106138 -1.362547 -1.106138 -1.42375 -1.106138 -1.362547 -1.47485 -1.362547 -1.47485 -1.42375 -1.106138 -1.42375 -1.47485 -1.362547 -1.47485 -1.42375 -1.47485 -1.362547 -1.843563 -1.362547 -1.843563 -1.42375 -1.47485 -1.42375 -1.843563 -1.362547 -1.843563 -1.42375 -1.843563 -1.362547 -2.212275 -1.362547 -2.212275 -1.42375 -1.843563 -1.42375 -2.212275 -1.362547 -2.212275 -1.42375 -2.212275 -1.362547 -2.580988 -1.362547 -2.580988 -1.42375 -2.212275 -1.42375 -2.580988 -1.362547 -2.580988 -1.42375 -2.580988 -1.362547 -2.9497 -1.362547 -2.9497 -1.42375 -2.580988 -1.42375 -2.9497 -1.362547 -2.9497 -1.42375 -2.9497 -1.362547 -3.318413 -1.362547 -3.318413 -1.42375 -2.9497 -1.42375 -3.318413 -1.362547 -3.318413 -1.42375 -3.318413 -1.362547 -3.687125 -1.362547 -3.687125 -1.42375 -3.318413 -1.42375 -3.687125 -1.362547 -3.687125 -1.42375 -3.687125 -1.362547 -4.055838 -1.362547 -4.055838 -1.42375 -3.687125 -1.42375 -4.055838 -1.362547 -4.055838 -1.42375 -4.055838 -1.362547 -4.424551 -1.362547 -4.424551 -1.42375 -4.055838 -1.42375 -4.424551 -1.362547 -4.424551 -1.42375 -4.424551 -1.362547 -4.793263 -1.362547 -4.793263 -1.42375 -4.424551 -1.42375 -4.793263 -1.362547 -4.793263 -1.42375 -4.793263 -1.362547 -5.161976 -1.362547 -5.161976 -1.42375 -4.793263 -1.42375 -5.161976 -1.362547 -5.161976 -1.42375 -5.161976 -1.362547 -5.530688 -1.362547 -5.530688 -1.42375 -5.161976 -1.42375 -5.530688 -1.362547 -5.530688 -1.42375 -5.530688 -1.362547 -5.899401 -1.362547 -5.899401 -1.42375 -5.530688 -1.42375 -5.899401 -1.362547 -5.899401 -1.42375 -5.899401 -1.362547 -6.175935 -1.362547 -6.175935 -1.42375 -5.899401 -1.42375 -6.175935 -1.362547 -6.175935 -1.42375 -6.175935 -1.362547 -6.45247 -1.362547 -6.45247 -1.42375 -6.175935 -1.42375 -6.45247 -1.423079 0 -1.484952 0 -1.42375 -0.3687126 -1.42375 -0.3687126 -1.484952 0 -1.484952 -0.3226235 -1.42375 -0.3687126 -1.484952 -0.3226235 -1.484952 -0.645247 -1.42375 -0.3687126 -1.484952 -0.645247 -1.42375 -0.7374251 -1.42375 -0.7374251 -1.484952 -0.645247 -1.484952 -0.9678705 -1.42375 -0.7374251 -1.484952 -0.9678705 -1.42375 -1.106138 -1.42375 -1.106138 -1.484952 -0.9678705 -1.484952 -1.290494 -1.42375 -1.106138 -1.484952 -1.290494 -1.42375 -1.47485 -1.42375 -1.47485 -1.484952 -1.290494 -1.484952 -1.613117 -1.42375 -1.47485 -1.484952 -1.613117 -1.42375 -1.843563 -1.42375 -1.843563 -1.484952 -1.613117 -1.484952 -1.935741 -1.42375 -1.843563 -1.484952 -1.935741 -1.42375 -2.212275 -1.42375 -2.212275 -1.484952 -1.935741 -1.484952 -2.258364 -1.42375 -2.212275 -1.484952 -2.258364 -1.42375 -2.580988 -1.42375 -2.580988 -1.484952 -2.258364 -1.484952 -2.580988 -1.42375 -2.580988 -1.484952 -2.580988 -1.484952 -2.903611 -1.42375 -2.580988 -1.484952 -2.903611 -1.42375 -2.9497 -1.42375 -2.9497 -1.484952 -2.903611 -1.484952 -3.226235 -1.42375 -2.9497 -1.484952 -3.226235 -1.42375 -3.318413 -1.42375 -3.318413 -1.484952 -3.226235 -1.484952 -3.548858 -1.42375 -3.318413 -1.484952 -3.548858 -1.42375 -3.687125 -1.42375 -3.687125 -1.484952 -3.548858 -1.484952 -3.871482 -1.42375 -3.687125 -1.484952 -3.871482 -1.42375 -4.055838 -1.42375 -4.055838 -1.484952 -3.871482 -1.484952 -4.194105 -1.42375 -4.055838 -1.484952 -4.194105 -1.42375 -4.424551 -1.42375 -4.424551 -1.484952 -4.194105 -1.484952 -4.516729 -1.42375 -4.424551 -1.484952 -4.516729 -1.42375 -4.793263 -1.42375 -4.793263 -1.484952 -4.516729 -1.484952 -4.839352 -1.42375 -4.793263 -1.484952 -4.839352 -1.42375 -5.161976 -1.42375 -5.161976 -1.484952 -4.839352 -1.484952 -5.161976 -1.42375 -5.161976 -1.484952 -5.161976 -1.484952 -5.484599 -1.42375 -5.161976 -1.484952 -5.484599 -1.42375 -5.530688 -1.42375 -5.530688 -1.484952 -5.484599 -1.484952 -5.807223 -1.42375 -5.530688 -1.484952 -5.807223 -1.42375 -5.899401 -1.42375 -5.899401 -1.484952 -5.807223 -1.484952 -6.129846 -1.42375 -5.899401 -1.484952 -6.129846 -1.42375 -6.175935 -1.42375 -6.175935 -1.484952 -6.129846 -1.484952 -6.45247 -1.42375 -6.175935 -1.484952 -6.45247 -1.42375 -6.45247 -1.42375 -6.729004 -1.484952 -6.775093 -1.42375 -7.005538 -1.42375 -7.005538 -1.484952 -6.775093 -1.484952 -7.097717 -1.42375 -7.005538 -1.484952 -7.097717 -1.42375 -7.282073 -1.42375 -7.282073 -1.484952 -7.097717 -1.484952 -7.42034 -1.42375 -7.282073 -1.484952 -7.42034 -1.42375 -7.558608 -1.42375 -7.558608 -1.484952 -7.42034 -1.484952 -7.742964 -1.42375 -7.558608 -1.484952 -7.742964 -1.42375 -7.835142 -1.42375 -7.835142 -1.484952 -7.742964 -1.484952 -8.065587 -1.42375 -7.835142 -1.484952 -8.065587 -1.42375 -8.111677 -1.42375 -8.111677 -1.484952 -8.065587 -1.484952 -8.388211 -1.42375 -8.111677 -1.484952 -8.388211 -1.42375 -8.388211 -1.42375 -8.388211 -1.484952 -8.388211 -1.42375 -8.664746 -1.42375 -8.388211 -1.42375 -8.664746 -1.362547 -8.664746 -1.362547 -8.664746 -1.42375 -8.664746 -1.362547 -8.94128 -1.362547 -8.664746 -1.362547 -8.94128 -1.301345 -8.94128 -1.301345 -8.94128 -1.362547 -8.94128 -1.301345 -9.217814 -1.301345 -8.94128 -1.301345 -9.217814 -1.240143 -9.217814 -1.240143 -9.217814 -1.301345 -9.217814 -1.240143 -9.494349 -1.240143 -9.217814 -1.240143 -9.494349 -1.17894 -9.494349 -1.17894 -9.494349 -1.240143 -9.494349 -1.17894 -9.770883 -1.17894 -9.494349 -1.17894 -9.770883 -1.117738 -9.770883 -1.117738 -9.770883 -1.17894 -9.770883 -1.117738 -10.04742 -1.117738 -9.770883 -1.117738 -10.04742 -1.056536 -10.04742 -1.056536 -10.04742 -1.117738 -10.04742 -1.051841 -10.32395 -1.056536 -10.04742 -1.051841 -10.32395 -0.989968 -10.32395 -1.484952 -8.388211 -1.484952 -8.710835 -1.42375 -8.664746 -1.42375 -8.664746 -1.484952 -8.710835 -1.42375 -8.94128 -1.42375 -8.664746 -1.42375 -8.94128 -1.362547 -8.94128 -1.362547 -8.94128 -1.42375 -8.94128 -1.362547 -9.217814 -1.362547 -8.94128 -1.362547 -9.217814 -1.301345 -9.217814 -1.301345 -9.217814 -1.362547 -9.217814 -1.301345 -9.494349 -1.301345 -9.217814 -1.301345 -9.494349 -1.240143 -9.494349 -1.240143 -9.494349 -1.301345 -9.494349 -1.240143 -9.770883 -1.240143 -9.494349 -1.240143 -9.770883 -1.17894 -9.770883 -1.17894 -9.770883 -1.240143 -9.770883 -1.17894 -10.04742 -1.17894 -9.770883 -1.17894 -10.04742 -1.117738 -10.04742 -1.117738 -10.04742 -1.17894 -10.04742 -1.113714 -10.32395 -1.117738 -10.04742 -1.113714 -10.32395 -1.051841 -10.32395 -1.484952 -8.710835 -1.484952 -9.033458 -1.42375 -8.94128 -1.42375 -8.94128 -1.484952 -9.033458 -1.42375 -9.217814 -1.42375 -8.94128 -1.42375 -9.217814 -1.362547 -9.217814 -1.362547 -9.217814 -1.42375 -9.217814 -1.362547 -9.494349 -1.362547 -9.217814 -1.362547 -9.494349 -1.301345 -9.494349 -1.301345 -9.494349 -1.362547 -9.494349 -1.301345 -9.770883 -1.301345 -9.494349 -1.301345 -9.770883 -1.240143 -9.770883 -1.240143 -9.770883 -1.301345 -9.770883 -1.240143 -10.04742 -1.240143 -9.770883 -1.240143 -10.04742 -1.17894 -10.04742 -1.17894 -10.04742 -1.240143 -10.04742 -1.175587 -10.32395 -1.17894 -10.04742 -1.175587 -10.32395 -1.113714 -10.32395 -1.484952 -9.033458 -1.484952 -9.356081 -1.42375 -9.217814 -1.42375 -9.217814 -1.484952 -9.356081 -1.42375 -9.494349 -1.42375 -9.217814 -1.42375 -9.494349 -1.362547 -9.494349 -1.362547 -9.494349 -1.42375 -9.494349 -1.362547 -9.770883 -1.362547 -9.494349 -1.362547 -9.770883 -1.301345 -9.770883 -1.301345 -9.770883 -1.362547 -9.770883 -1.301345 -10.04742 -1.301345 -9.770883 -1.301345 -10.04742 -1.240143 -10.04742 -1.240143 -10.04742 -1.301345 -10.04742 -1.299333 -10.32395 -1.240143 -10.04742 -1.299333 -10.32395 -1.23746 -10.32395 -1.484952 -9.356081 -1.484952 -9.678705 -1.42375 -9.494349 -1.42375 -9.494349 -1.484952 -9.678705 -1.42375 -9.770883 -1.42375 -9.494349 -1.42375 -9.770883 -1.362547 -9.770883 -1.362547 -9.770883 -1.42375 -9.770883 -1.362547 -10.04742 -1.362547 -9.770883 -1.362547 -10.04742 -1.301345 -10.04742 -1.301345 -10.04742 -1.362547 -10.04742 -1.361206 -10.32395 -1.301345 -10.04742 -1.361206 -10.32395 -1.299333 -10.32395 -1.484952 -9.678705 -1.484952 -10.00133 -1.42375 -9.770883 -1.42375 -9.770883 -1.484952 -10.00133 -1.42375 -10.04742 -1.42375 -9.770883 -1.42375 -10.04742 -1.362547 -10.04742 -1.362547 -10.04742 -1.42375 -10.04742 -1.423079 -10.32395 -1.362547 -10.04742 -1.423079 -10.32395 -1.361206 -10.32395 -1.484952 -10.00133 -1.484952 -10.32395 -1.42375 -10.04742 -1.42375 -10.04742 -1.484952 -10.32395 -1.423079 -10.32395 -1.23746 -10.32395 -1.175587 -10.32395 -1.240143 -10.04742 -1.056536 -10.04742 -0.989968 -10.32395 -0.9953334 -10.04742 -0.9953334 -10.04742 -0.989968 -10.32395 -0.928095 -10.32395 -0.9953334 -10.04742 -0.928095 -10.32395 -0.9327897 -10.04742 -0.9327897 -10.04742 -0.928095 -10.32395 -0.866222 -10.32395 -0.9327897 -10.04742 -0.866222 -10.32395 -0.870246 -10.04742 -0.870246 -10.04742 -0.866222 -10.32395 -0.804349 -10.32395 -0.870246 -10.04742 -0.804349 -10.32395 -0.8077024 -10.04742 -0.8077024 -10.04742 -0.804349 -10.32395 -0.742476 -10.32395 -0.8077024 -10.04742 -0.742476 -10.32395 -0.7451587 -10.04742 -0.7451587 -10.04742 -0.742476 -10.32395 -0.682615 -10.04742 -0.7451587 -10.04742 -0.682615 -10.04742 -0.7451587 -9.770883 -0.7451587 -9.770883 -0.682615 -10.04742 -0.682615 -9.770883 -0.7451587 -9.770883 -0.682615 -9.770883 -0.7451587 -9.494349 -0.7451587 -9.494349 -0.682615 -9.770883 -0.682615 -9.494349 -0.7451587 -9.494349 -0.682615 -9.494349 -0.7451587 -9.217814 -0.7451587 -9.217814 -0.682615 -9.494349 -0.682615 -9.217814 -0.7451587 -9.217814 -0.682615 -9.217814 -0.7451587 -8.94128 -0.7451587 -8.94128 -0.682615 -9.217814 -0.682615 -8.94128 -0.7451587 -8.94128 -0.682615 -8.94128 -0.7451587 -8.664746 -0.7451587 -8.664746 -0.682615 -8.94128 -0.682615 -8.664746 -0.7451587 -8.664746 -0.682615 -8.664746 -0.7451587 -8.388211 -0.7451587 -8.388211 -0.682615 -8.664746 -0.682615 -8.388211 -0.7451587 -8.388211 -0.682615 -8.388211 -0.7451587 -8.111677 -0.7451587 -8.111677 -0.682615 -8.388211 -0.682615 -8.111677 -0.7451587 -8.111677 -0.682615 -8.111677 -0.7451587 -7.835142 -0.7451587 -7.835142 -0.682615 -8.111677 -0.682615 -7.835142 -0.7451587 -7.835142 -0.682615 -7.835142 -0.7451587 -7.558608 -0.7451587 -7.558608 -0.682615 -7.835142 -0.682615 -7.558608 -0.7451587 -7.558608 -0.682615 -7.558608 -0.7451587 -7.282073 -0.7451587 -7.282073 -0.682615 -7.558608 -0.682615 -7.282073 -0.7451587 -7.282073 -0.682615 -7.282073 -0.7451587 -7.005538 -0.7451587 -7.005538 -0.682615 -7.282073 -0.682615 -7.005538 -0.7451587 -7.005538 -0.682615 -7.005538 -0.7451587 -6.729004 -0.7451587 -6.729004 -0.682615 -7.005538 -0.682615 -6.729004 -0.742476 -10.32395 -0.680603 -10.32395 -0.682615 -10.04742 -0.682615 -10.04742 -0.680603 -10.32395 -0.6200713 -10.04742 -0.682615 -10.04742 -0.6200713 -10.04742 -0.682615 -9.770883 -0.682615 -9.770883 -0.6200713 -10.04742 -0.6200713 -9.770883 -0.682615 -9.770883 -0.6200713 -9.770883 -0.682615 -9.494349 -0.682615 -9.494349 -0.6200713 -9.770883 -0.6200713 -9.494349 -0.682615 -9.494349 -0.6200713 -9.494349 -0.682615 -9.217814 -0.682615 -9.217814 -0.6200713 -9.494349 -0.6200713 -9.217814 -0.682615 -9.217814 -0.6200713 -9.217814 -0.682615 -8.94128 -0.682615 -8.94128 -0.6200713 -9.217814 -0.6200713 -8.94128 -0.682615 -8.94128 -0.6200713 -8.94128 -0.682615 -8.664746 -0.682615 -8.664746 -0.6200713 -8.94128 -0.6200713 -8.664746 -0.682615 -8.664746 -0.6200713 -8.664746 -0.682615 -8.388211 -0.682615 -8.388211 -0.6200713 -8.664746 -0.6200713 -8.388211 -0.682615 -8.388211 -0.6200713 -8.388211 -0.682615 -8.111677 -0.682615 -8.111677 -0.6200713 -8.388211 -0.6200713 -8.111677 -0.682615 -8.111677 -0.6200713 -8.111677 -0.682615 -7.835142 -0.682615 -7.835142 -0.6200713 -8.111677 -0.6200713 -7.835142 -0.682615 -7.835142 -0.6200713 -7.835142 -0.682615 -7.558608 -0.682615 -7.558608 -0.6200713 -7.835142 -0.6200713 -7.558608 -0.682615 -7.558608 -0.6200713 -7.558608 -0.682615 -7.282073 -0.682615 -7.282073 -0.6200713 -7.558608 -0.6200713 -7.282073 -0.682615 -7.282073 -0.6200713 -7.282073 -0.682615 -7.005538 -0.682615 -7.005538 -0.6200713 -7.282073 -0.6200713 -7.005538 -0.682615 -7.005538 -0.6200713 -7.005538 -0.682615 -6.729004 -0.682615 -6.729004 -0.6200713 -7.005538 -0.6200713 -6.729004 -0.680603 -10.32395 -0.61873 -10.32395 -0.6200713 -10.04742 -0.6200713 -10.04742 -0.61873 -10.32395 -0.5575277 -10.04742 -0.6200713 -10.04742 -0.5575277 -10.04742 -0.6200713 -9.770883 -0.6200713 -9.770883 -0.5575277 -10.04742 -0.5575277 -9.770883 -0.6200713 -9.770883 -0.5575277 -9.770883 -0.6200713 -9.494349 -0.6200713 -9.494349 -0.5575277 -9.770883 -0.5575277 -9.494349 -0.6200713 -9.494349 -0.5575277 -9.494349 -0.6200713 -9.217814 -0.6200713 -9.217814 -0.5575277 -9.494349 -0.5575277 -9.217814 -0.6200713 -9.217814 -0.5575277 -9.217814 -0.6200713 -8.94128 -0.6200713 -8.94128 -0.5575277 -9.217814 -0.5575277 -8.94128 -0.6200713 -8.94128 -0.5575277 -8.94128 -0.6200713 -8.664746 -0.6200713 -8.664746 -0.5575277 -8.94128 -0.5575277 -8.664746 -0.6200713 -8.664746 -0.5575277 -8.664746 -0.6200713 -8.388211 -0.6200713 -8.388211 -0.5575277 -8.664746 -0.5575277 -8.388211 -0.6200713 -8.388211 -0.5575277 -8.388211 -0.6200713 -8.111677 -0.6200713 -8.111677 -0.5575277 -8.388211 -0.5575277 -8.111677 -0.6200713 -8.111677 -0.5575277 -8.111677 -0.6200713 -7.835142 -0.6200713 -7.835142 -0.5575277 -8.111677 -0.5575277 -7.835142 -0.6200713 -7.835142 -0.5575277 -7.835142 -0.6200713 -7.558608 -0.6200713 -7.558608 -0.5575277 -7.835142 -0.5575277 -7.558608 -0.6200713 -7.558608 -0.5575277 -7.558608 -0.6200713 -7.282073 -0.6200713 -7.282073 -0.5575277 -7.558608 -0.5575277 -7.282073 -0.6200713 -7.282073 -0.5575277 -7.282073 -0.6200713 -7.005538 -0.6200713 -7.005538 -0.5575277 -7.282073 -0.5575277 -7.005538 -0.6200713 -7.005538 -0.5575277 -7.005538 -0.6200713 -6.729004 -0.6200713 -6.729004 -0.5575277 -7.005538 -0.5575277 -6.729004 -0.61873 -10.32395 -0.556857 -10.32395 -0.5575277 -10.04742 -0.5575277 -10.04742 -0.556857 -10.32395 -0.494984 -10.32395 -0.5575277 -10.04742 -0.494984 -10.32395 -0.494984 -10.00133 -0.5575277 -10.04742 -0.494984 -10.00133 -0.5575277 -9.770883 -0.5575277 -9.770883 -0.494984 -10.00133 -0.494984 -9.678705 -0.5575277 -9.770883 -0.494984 -9.678705 -0.5575277 -9.494349 -0.5575277 -9.494349 -0.494984 -9.678705 -0.494984 -9.356081 -0.5575277 -9.494349 -0.494984 -9.356081 -0.5575277 -9.217814 -0.5575277 -9.217814 -0.494984 -9.356081 -0.494984 -9.033458 -0.5575277 -9.217814 -0.494984 -9.033458 -0.5575277 -8.94128 -0.5575277 -8.94128 -0.494984 -9.033458 -0.494984 -8.710835 -0.5575277 -8.94128 -0.494984 -8.710835 -0.5575277 -8.664746 -0.5575277 -8.664746 -0.494984 -8.710835 -0.494984 -8.388211 -0.5575277 -8.664746 -0.494984 -8.388211 -0.5575277 -8.388211 -0.5575277 -8.388211 -0.494984 -8.388211 -0.5575277 -8.111677 -0.494984 -8.388211 -0.494984 -8.065587 -0.5575277 -8.111677 -0.5575277 -8.111677 -0.494984 -8.065587 -0.5575277 -7.835142 -0.494984 -8.065587 -0.494984 -7.742964 -0.5575277 -7.835142 -0.5575277 -7.835142 -0.494984 -7.742964 -0.5575277 -7.558608 -0.494984 -7.742964 -0.494984 -7.42034 -0.5575277 -7.558608 -0.5575277 -7.558608 -0.494984 -7.42034 -0.5575277 -7.282073 -0.494984 -7.42034 -0.494984 -7.097717 -0.5575277 -7.282073 -0.5575277 -7.282073 -0.494984 -7.097717 -0.5575277 -7.005538 -0.494984 -7.097717 -0.494984 -6.775093 -0.5575277 -7.005538 -0.5575277 -7.005538 -0.494984 -6.775093 -0.5575277 -6.729004 -0.494984 -6.775093 -0.494984 -6.45247 -0.5575277 -6.729004 -1.117738 -0.3687126 -1.17894 -0.3687126 -1.117738 -0.7374251 -1.117738 -0.7374251 -1.17894 -0.3687126 -1.17894 -0.7374251 -1.117738 -0.7374251 -1.17894 -0.7374251 -1.117738 -1.106138 -1.117738 -1.106138 -1.17894 -0.7374251 -1.17894 -1.106138 -1.117738 -1.106138 -1.17894 -1.106138 -1.117738 -1.47485 -1.117738 -1.47485 -1.17894 -1.106138 -1.17894 -1.47485 -1.117738 -1.47485 -1.17894 -1.47485 -1.117738 -1.843563 -1.117738 -1.843563 -1.17894 -1.47485 -1.17894 -1.843563 -1.117738 -1.843563 -1.17894 -1.843563 -1.117738 -2.212275 -1.117738 -2.212275 -1.17894 -1.843563 -1.17894 -2.212275 -1.117738 -2.212275 -1.17894 -2.212275 -1.117738 -2.580988 -1.117738 -2.580988 -1.17894 -2.212275 -1.17894 -2.580988 -1.117738 -2.580988 -1.17894 -2.580988 -1.117738 -2.9497 -1.117738 -2.9497 -1.17894 -2.580988 -1.17894 -2.9497 -1.117738 -2.9497 -1.17894 -2.9497 -1.117738 -3.318413 -1.117738 -3.318413 -1.17894 -2.9497 -1.17894 -3.318413 -1.117738 -3.318413 -1.17894 -3.318413 -1.117738 -3.687125 -1.117738 -3.687125 -1.17894 -3.318413 -1.17894 -3.687125 -1.117738 -3.687125 -1.17894 -3.687125 -1.117738 -4.055838 -1.117738 -4.055838 -1.17894 -3.687125 -1.17894 -4.055838 -1.117738 -4.055838 -1.17894 -4.055838 -1.117738 -4.424551 -1.117738 -4.424551 -1.17894 -4.055838 -1.17894 -4.424551 -1.117738 -4.424551 -1.17894 -4.424551 -1.117738 -4.793263 -1.117738 -4.793263 -1.17894 -4.424551 -1.17894 -4.793263 -1.117738 -4.793263 -1.17894 -4.793263 -1.117738 -5.161976 -1.117738 -5.161976 -1.17894 -4.793263 -1.17894 -5.161976 -1.117738 -5.161976 -1.17894 -5.161976 -1.117738 -5.530688 -1.117738 -5.530688 -1.17894 -5.161976 -1.17894 -5.530688 -1.117738 -5.530688 -1.17894 -5.530688 -1.117738 -5.899401 -1.117738 -5.899401 -1.17894 -5.530688 -1.17894 -5.899401 -1.117738 -5.899401 -1.17894 -5.899401 -1.117738 -6.175935 -1.117738 -6.175935 -1.17894 -5.899401 -1.17894 -6.175935 -1.117738 -6.175935 -1.17894 -6.175935 -1.117738 -6.45247 -1.117738 -6.45247 -1.17894 -6.175935 -1.17894 -6.45247 -1.056536 -0.3687126 -1.117738 -0.3687126 -1.056536 -0.7374251 -1.056536 -0.7374251 -1.117738 -0.3687126 -1.117738 -0.7374251 -1.056536 -0.7374251 -1.117738 -0.7374251 -1.056536 -1.106138 -1.056536 -1.106138 -1.117738 -0.7374251 -1.117738 -1.106138 -1.056536 -1.106138 -1.117738 -1.106138 -1.056536 -1.47485 -1.056536 -1.47485 -1.117738 -1.106138 -1.117738 -1.47485 -1.056536 -1.47485 -1.117738 -1.47485 -1.056536 -1.843563 -1.056536 -1.843563 -1.117738 -1.47485 -1.117738 -1.843563 -1.056536 -1.843563 -1.117738 -1.843563 -1.056536 -2.212275 -1.056536 -2.212275 -1.117738 -1.843563 -1.117738 -2.212275 -1.056536 -2.212275 -1.117738 -2.212275 -1.056536 -2.580988 -1.056536 -2.580988 -1.117738 -2.212275 -1.117738 -2.580988 -1.056536 -2.580988 -1.117738 -2.580988 -1.056536 -2.9497 -1.056536 -2.9497 -1.117738 -2.580988 -1.117738 -2.9497 -1.056536 -2.9497 -1.117738 -2.9497 -1.056536 -3.318413 -1.056536 -3.318413 -1.117738 -2.9497 -1.117738 -3.318413 -1.056536 -3.318413 -1.117738 -3.318413 -1.056536 -3.687125 -1.056536 -3.687125 -1.117738 -3.318413 -1.117738 -3.687125 -1.056536 -3.687125 -1.117738 -3.687125 -1.056536 -4.055838 -1.056536 -4.055838 -1.117738 -3.687125 -1.117738 -4.055838 -1.056536 -4.055838 -1.117738 -4.055838 -1.056536 -4.424551 -1.056536 -4.424551 -1.117738 -4.055838 -1.117738 -4.424551 -1.056536 -4.424551 -1.117738 -4.424551 -1.056536 -4.793263 -1.056536 -4.793263 -1.117738 -4.424551 -1.117738 -4.793263 -1.056536 -4.793263 -1.117738 -4.793263 -1.056536 -5.161976 -1.056536 -5.161976 -1.117738 -4.793263 -1.117738 -5.161976 -1.056536 -5.161976 -1.117738 -5.161976 -1.056536 -5.530688 -1.056536 -5.530688 -1.117738 -5.161976 -1.117738 -5.530688 -1.056536 -5.530688 -1.117738 -5.530688 -1.056536 -5.899401 -1.056536 -5.899401 -1.117738 -5.530688 -1.117738 -5.899401 -1.056536 -5.899401 -1.117738 -5.899401 -1.056536 -6.175935 -1.056536 -6.175935 -1.117738 -5.899401 -1.117738 -6.175935 -1.056536 -6.175935 -1.117738 -6.175935 -1.056536 -6.45247 -1.056536 -6.45247 -1.117738 -6.175935 -1.117738 -6.45247 -0.9953334 -0.3687126 -1.056536 -0.3687126 -0.9953334 -0.7374251 -0.9953334 -0.7374251 -1.056536 -0.3687126 -1.056536 -0.7374251 -0.9953334 -0.7374251 -1.056536 -0.7374251 -0.9953334 -1.106138 -0.9953334 -1.106138 -1.056536 -0.7374251 -1.056536 -1.106138 -0.9953334 -1.106138 -1.056536 -1.106138 -0.9953334 -1.47485 -0.9953334 -1.47485 -1.056536 -1.106138 -1.056536 -1.47485 -0.9953334 -1.47485 -1.056536 -1.47485 -0.9953334 -1.843563 -0.9953334 -1.843563 -1.056536 -1.47485 -1.056536 -1.843563 -0.9953334 -1.843563 -1.056536 -1.843563 -0.9953334 -2.212275 -0.9953334 -2.212275 -1.056536 -1.843563 -1.056536 -2.212275 -0.9953334 -2.212275 -1.056536 -2.212275 -0.9953334 -2.580988 -0.9953334 -2.580988 -1.056536 -2.212275 -1.056536 -2.580988 -0.9953334 -2.580988 -1.056536 -2.580988 -0.9953334 -2.9497 -0.9953334 -2.9497 -1.056536 -2.580988 -1.056536 -2.9497 -0.9953334 -2.9497 -1.056536 -2.9497 -0.9953334 -3.318413 -0.9953334 -3.318413 -1.056536 -2.9497 -1.056536 -3.318413 -0.9953334 -3.318413 -1.056536 -3.318413 -0.9953334 -3.687125 -0.9953334 -3.687125 -1.056536 -3.318413 -1.056536 -3.687125 -0.9953334 -3.687125 -1.056536 -3.687125 -0.9953334 -4.055838 -0.9953334 -4.055838 -1.056536 -3.687125 -1.056536 -4.055838 -0.9953334 -4.055838 -1.056536 -4.055838 -0.9953334 -4.424551 -0.9953334 -4.424551 -1.056536 -4.055838 -1.056536 -4.424551 -0.9953334 -4.424551 -1.056536 -4.424551 -0.9953334 -4.793263 -0.9953334 -4.793263 -1.056536 -4.424551 -1.056536 -4.793263 -0.9953334 -4.793263 -1.056536 -4.793263 -0.9953334 -5.161976 -0.9953334 -5.161976 -1.056536 -4.793263 -1.056536 -5.161976 -0.9953334 -5.161976 -1.056536 -5.161976 -0.9953334 -5.530688 -0.9953334 -5.530688 -1.056536 -5.161976 -1.056536 -5.530688 -0.9953334 -5.530688 -1.056536 -5.530688 -0.9953334 -5.899401 -0.9953334 -5.899401 -1.056536 -5.530688 -1.056536 -5.899401 -0.9953334 -5.899401 -1.056536 -5.899401 -0.9953334 -6.175935 -0.9953334 -6.175935 -1.056536 -5.899401 -1.056536 -6.175935 -0.9953334 -6.175935 -1.056536 -6.175935 -0.9953334 -6.45247 -0.9953334 -6.45247 -1.056536 -6.175935 -1.056536 -6.45247 -0.9327897 -0.3687126 -0.9953334 -0.3687126 -0.9327897 -0.7374251 -0.9327897 -0.7374251 -0.9953334 -0.3687126 -0.9953334 -0.7374251 -0.9327897 -0.7374251 -0.9953334 -0.7374251 -0.9327897 -1.106138 -0.9327897 -1.106138 -0.9953334 -0.7374251 -0.9953334 -1.106138 -0.9327897 -1.106138 -0.9953334 -1.106138 -0.9327897 -1.47485 -0.9327897 -1.47485 -0.9953334 -1.106138 -0.9953334 -1.47485 -0.9327897 -1.47485 -0.9953334 -1.47485 -0.9327897 -1.843563 -0.9327897 -1.843563 -0.9953334 -1.47485 -0.9953334 -1.843563 -0.9327897 -1.843563 -0.9953334 -1.843563 -0.9327897 -2.212275 -0.9327897 -2.212275 -0.9953334 -1.843563 -0.9953334 -2.212275 -0.9327897 -2.212275 -0.9953334 -2.212275 -0.9327897 -2.580988 -0.9327897 -2.580988 -0.9953334 -2.212275 -0.9953334 -2.580988 -0.9327897 -2.580988 -0.9953334 -2.580988 -0.9327897 -2.9497 -0.9327897 -2.9497 -0.9953334 -2.580988 -0.9953334 -2.9497 -0.9327897 -2.9497 -0.9953334 -2.9497 -0.9327897 -3.318413 -0.9327897 -3.318413 -0.9953334 -2.9497 -0.9953334 -3.318413 -0.9327897 -3.318413 -0.9953334 -3.318413 -0.9327897 -3.687125 -0.9327897 -3.687125 -0.9953334 -3.318413 -0.9953334 -3.687125 -0.9327897 -3.687125 -0.9953334 -3.687125 -0.9327897 -4.055838 -0.9327897 -4.055838 -0.9953334 -3.687125 -0.9953334 -4.055838 -0.9327897 -4.055838 -0.9953334 -4.055838 -0.9327897 -4.424551 -0.9327897 -4.424551 -0.9953334 -4.055838 -0.9953334 -4.424551 -0.9327897 -4.424551 -0.9953334 -4.424551 -0.9327897 -4.793263 -0.9327897 -4.793263 -0.9953334 -4.424551 -0.9953334 -4.793263 -0.9327897 -4.793263 -0.9953334 -4.793263 -0.9327897 -5.161976 -0.9327897 -5.161976 -0.9953334 -4.793263 -0.9953334 -5.161976 -0.9327897 -5.161976 -0.9953334 -5.161976 -0.9327897 -5.530688 -0.9327897 -5.530688 -0.9953334 -5.161976 -0.9953334 -5.530688 -0.9327897 -5.530688 -0.9953334 -5.530688 -0.9327897 -5.899401 -0.9327897 -5.899401 -0.9953334 -5.530688 -0.9953334 -5.899401 -0.9327897 -5.899401 -0.9953334 -5.899401 -0.9327897 -6.175935 -0.9327897 -6.175935 -0.9953334 -5.899401 -0.9953334 -6.175935 -0.9327897 -6.175935 -0.9953334 -6.175935 -0.9327897 -6.45247 -0.9327897 -6.45247 -0.9953334 -6.175935 -0.9953334 -6.45247 -0.870246 -0.3687126 -0.9327897 -0.3687126 -0.870246 -0.7374251 -0.870246 -0.7374251 -0.9327897 -0.3687126 -0.9327897 -0.7374251 -0.870246 -0.7374251 -0.9327897 -0.7374251 -0.870246 -1.106138 -0.870246 -1.106138 -0.9327897 -0.7374251 -0.9327897 -1.106138 -0.870246 -1.106138 -0.9327897 -1.106138 -0.870246 -1.47485 -0.870246 -1.47485 -0.9327897 -1.106138 -0.9327897 -1.47485 -0.870246 -1.47485 -0.9327897 -1.47485 -0.870246 -1.843563 -0.870246 -1.843563 -0.9327897 -1.47485 -0.9327897 -1.843563 -0.870246 -1.843563 -0.9327897 -1.843563 -0.870246 -2.212275 -0.870246 -2.212275 -0.9327897 -1.843563 -0.9327897 -2.212275 -0.870246 -2.212275 -0.9327897 -2.212275 -0.870246 -2.580988 -0.870246 -2.580988 -0.9327897 -2.212275 -0.9327897 -2.580988 -0.870246 -2.580988 -0.9327897 -2.580988 -0.870246 -2.9497 -0.870246 -2.9497 -0.9327897 -2.580988 -0.9327897 -2.9497 -0.870246 -2.9497 -0.9327897 -2.9497 -0.870246 -3.318413 -0.870246 -3.318413 -0.9327897 -2.9497 -0.9327897 -3.318413 -0.870246 -3.318413 -0.9327897 -3.318413 -0.870246 -3.687125 -0.870246 -3.687125 -0.9327897 -3.318413 -0.9327897 -3.687125 -0.870246 -3.687125 -0.9327897 -3.687125 -0.870246 -4.055838 -0.870246 -4.055838 -0.9327897 -3.687125 -0.9327897 -4.055838 -0.870246 -4.055838 -0.9327897 -4.055838 -0.870246 -4.424551 -0.870246 -4.424551 -0.9327897 -4.055838 -0.9327897 -4.424551 -0.870246 -4.424551 -0.9327897 -4.424551 -0.870246 -4.793263 -0.870246 -4.793263 -0.9327897 -4.424551 -0.9327897 -4.793263 -0.870246 -4.793263 -0.9327897 -4.793263 -0.870246 -5.161976 -0.870246 -5.161976 -0.9327897 -4.793263 -0.9327897 -5.161976 -0.870246 -5.161976 -0.9327897 -5.161976 -0.870246 -5.530688 -0.870246 -5.530688 -0.9327897 -5.161976 -0.9327897 -5.530688 -0.870246 -5.530688 -0.9327897 -5.530688 -0.870246 -5.899401 -0.870246 -5.899401 -0.9327897 -5.530688 -0.9327897 -5.899401 -0.870246 -5.899401 -0.9327897 -5.899401 -0.870246 -6.175935 -0.870246 -6.175935 -0.9327897 -5.899401 -0.9327897 -6.175935 -0.870246 -6.175935 -0.9327897 -6.175935 -0.870246 -6.45247 -0.870246 -6.45247 -0.9327897 -6.175935 -0.9327897 -6.45247 -0.7451587 -0.7374251 -0.7451587 -0.3687126 -0.8077024 -0.3687126 -0.8077024 -0.3687126 -0.870246 -0.3687126 -0.8077024 -0.7374251 -0.8077024 -0.7374251 -0.870246 -0.3687126 -0.870246 -0.7374251 -0.8077024 -0.7374251 -0.870246 -0.7374251 -0.8077024 -1.106138 -0.8077024 -1.106138 -0.870246 -0.7374251 -0.870246 -1.106138 -0.8077024 -1.106138 -0.870246 -1.106138 -0.8077024 -1.47485 -0.8077024 -1.47485 -0.870246 -1.106138 -0.870246 -1.47485 -0.8077024 -1.47485 -0.870246 -1.47485 -0.8077024 -1.843563 -0.8077024 -1.843563 -0.870246 -1.47485 -0.870246 -1.843563 -0.8077024 -1.843563 -0.870246 -1.843563 -0.8077024 -2.212275 -0.8077024 -2.212275 -0.870246 -1.843563 -0.870246 -2.212275 -0.8077024 -2.212275 -0.870246 -2.212275 -0.8077024 -2.580988 -0.8077024 -2.580988 -0.870246 -2.212275 -0.870246 -2.580988 -0.8077024 -2.580988 -0.870246 -2.580988 -0.8077024 -2.9497 -0.8077024 -2.9497 -0.870246 -2.580988 -0.870246 -2.9497 -0.8077024 -2.9497 -0.870246 -2.9497 -0.8077024 -3.318413 -0.8077024 -3.318413 -0.870246 -2.9497 -0.870246 -3.318413 -0.8077024 -3.318413 -0.870246 -3.318413 -0.8077024 -3.687125 -0.8077024 -3.687125 -0.870246 -3.318413 -0.870246 -3.687125 -0.8077024 -3.687125 -0.870246 -3.687125 -0.8077024 -4.055838 -0.8077024 -4.055838 -0.870246 -3.687125 -0.870246 -4.055838 -0.8077024 -4.055838 -0.870246 -4.055838 -0.8077024 -4.424551 -0.8077024 -4.424551 -0.870246 -4.055838 -0.870246 -4.424551 -0.8077024 -4.424551 -0.870246 -4.424551 -0.8077024 -4.793263 -0.8077024 -4.793263 -0.870246 -4.424551 -0.870246 -4.793263 -0.8077024 -4.793263 -0.870246 -4.793263 -0.8077024 -5.161976 -0.8077024 -5.161976 -0.870246 -4.793263 -0.870246 -5.161976 -0.8077024 -5.161976 -0.870246 -5.161976 -0.8077024 -5.530688 -0.8077024 -5.530688 -0.870246 -5.161976 -0.870246 -5.530688 -0.8077024 -5.530688 -0.870246 -5.530688 -0.8077024 -5.899401 -0.8077024 -5.899401 -0.870246 -5.530688 -0.870246 -5.899401 -0.8077024 -5.899401 -0.870246 -5.899401 -0.8077024 -6.175935 -0.8077024 -6.175935 -0.870246 -5.899401 -0.870246 -6.175935 -0.8077024 -6.175935 -0.870246 -6.175935 -0.8077024 -6.45247 -0.8077024 -6.45247 -0.870246 -6.175935 -0.870246 -6.45247 -0.7451587 -1.106138 -0.7451587 -0.7374251 -0.8077024 -0.7374251 -0.8077024 -0.7374251 -0.7451587 -0.7374251 -0.8077024 -0.3687126 -0.7451587 -1.106138 -0.8077024 -0.7374251 -0.8077024 -1.106138 -0.7451587 -1.47485 -0.7451587 -1.106138 -0.8077024 -1.106138 -0.7451587 -1.47485 -0.8077024 -1.106138 -0.8077024 -1.47485 -0.7451587 -1.843563 -0.7451587 -1.47485 -0.8077024 -1.47485 -0.7451587 -1.843563 -0.8077024 -1.47485 -0.8077024 -1.843563 -0.7451587 -2.212275 -0.7451587 -1.843563 -0.8077024 -1.843563 -0.7451587 -2.212275 -0.8077024 -1.843563 -0.8077024 -2.212275 -0.7451587 -2.580988 -0.7451587 -2.212275 -0.8077024 -2.212275 -0.7451587 -2.580988 -0.8077024 -2.212275 -0.8077024 -2.580988 -0.7451587 -2.9497 -0.7451587 -2.580988 -0.8077024 -2.580988 -0.7451587 -2.9497 -0.8077024 -2.580988 -0.8077024 -2.9497 -0.7451587 -3.318413 -0.7451587 -2.9497 -0.8077024 -2.9497 -0.7451587 -3.318413 -0.8077024 -2.9497 -0.8077024 -3.318413 -0.7451587 -3.687125 -0.7451587 -3.318413 -0.8077024 -3.318413 -0.7451587 -3.687125 -0.8077024 -3.318413 -0.8077024 -3.687125 -0.7451587 -4.055838 -0.7451587 -3.687125 -0.8077024 -3.687125 -0.7451587 -4.055838 -0.8077024 -3.687125 -0.8077024 -4.055838 -0.7451587 -4.424551 -0.7451587 -4.055838 -0.8077024 -4.055838 -0.7451587 -4.424551 -0.8077024 -4.055838 -0.8077024 -4.424551 -0.7451587 -4.793263 -0.7451587 -4.424551 -0.8077024 -4.424551 -0.7451587 -4.793263 -0.8077024 -4.424551 -0.8077024 -4.793263 -0.7451587 -5.161976 -0.7451587 -4.793263 -0.8077024 -4.793263 -0.7451587 -5.161976 -0.8077024 -4.793263 -0.8077024 -5.161976 -0.7451587 -5.530688 -0.7451587 -5.161976 -0.8077024 -5.161976 -0.7451587 -5.530688 -0.8077024 -5.161976 -0.8077024 -5.530688 -0.7451587 -5.899401 -0.7451587 -5.530688 -0.8077024 -5.530688 -0.7451587 -5.899401 -0.8077024 -5.530688 -0.8077024 -5.899401 -0.7451587 -6.175935 -0.7451587 -5.899401 -0.8077024 -5.899401 -0.7451587 -6.175935 -0.8077024 -5.899401 -0.8077024 -6.175935 -0.7451587 -6.45247 -0.7451587 -6.175935 -0.8077024 -6.175935 -0.7451587 -6.45247 -0.8077024 -6.175935 -0.8077024 -6.45247 -1.362547 -6.729004 -1.42375 -6.729004 -1.362547 -7.005538 -1.362547 -7.005538 -1.42375 -6.729004 -1.42375 -7.005538 -1.362547 -7.005538 -1.42375 -7.005538 -1.362547 -7.282073 -1.362547 -7.282073 -1.42375 -7.005538 -1.42375 -7.282073 -1.362547 -7.282073 -1.42375 -7.282073 -1.362547 -7.558608 -1.362547 -7.558608 -1.42375 -7.282073 -1.42375 -7.558608 -1.362547 -7.558608 -1.42375 -7.558608 -1.362547 -7.835142 -1.362547 -7.835142 -1.42375 -7.558608 -1.42375 -7.835142 -1.362547 -7.835142 -1.42375 -7.835142 -1.362547 -8.111677 -1.362547 -8.111677 -1.42375 -7.835142 -1.42375 -8.111677 -1.362547 -8.111677 -1.42375 -8.111677 -1.362547 -8.388211 -1.362547 -8.388211 -1.42375 -8.111677 -1.42375 -8.388211 -1.362547 -8.388211 -1.42375 -8.388211 -1.362547 -8.664746 -1.301345 -6.729004 -1.362547 -6.729004 -1.301345 -7.005538 -1.301345 -7.005538 -1.362547 -6.729004 -1.362547 -7.005538 -1.301345 -7.005538 -1.362547 -7.005538 -1.301345 -7.282073 -1.301345 -7.282073 -1.362547 -7.005538 -1.362547 -7.282073 -1.301345 -7.282073 -1.362547 -7.282073 -1.301345 -7.558608 -1.301345 -7.558608 -1.362547 -7.282073 -1.362547 -7.558608 -1.301345 -7.558608 -1.362547 -7.558608 -1.301345 -7.835142 -1.301345 -7.835142 -1.362547 -7.558608 -1.362547 -7.835142 -1.301345 -7.835142 -1.362547 -7.835142 -1.301345 -8.111677 -1.301345 -8.111677 -1.362547 -7.835142 -1.362547 -8.111677 -1.301345 -8.111677 -1.362547 -8.111677 -1.301345 -8.388211 -1.301345 -8.388211 -1.362547 -8.111677 -1.362547 -8.388211 -1.301345 -8.388211 -1.362547 -8.388211 -1.301345 -8.664746 -1.301345 -8.664746 -1.362547 -8.388211 -1.362547 -8.664746 -1.301345 -8.664746 -1.362547 -8.664746 -1.301345 -8.94128 -1.240143 -6.729004 -1.301345 -6.729004 -1.240143 -7.005538 -1.240143 -7.005538 -1.301345 -6.729004 -1.301345 -7.005538 -1.240143 -7.005538 -1.301345 -7.005538 -1.240143 -7.282073 -1.240143 -7.282073 -1.301345 -7.005538 -1.301345 -7.282073 -1.240143 -7.282073 -1.301345 -7.282073 -1.240143 -7.558608 -1.240143 -7.558608 -1.301345 -7.282073 -1.301345 -7.558608 -1.240143 -7.558608 -1.301345 -7.558608 -1.240143 -7.835142 -1.240143 -7.835142 -1.301345 -7.558608 -1.301345 -7.835142 -1.240143 -7.835142 -1.301345 -7.835142 -1.240143 -8.111677 -1.240143 -8.111677 -1.301345 -7.835142 -1.301345 -8.111677 -1.240143 -8.111677 -1.301345 -8.111677 -1.240143 -8.388211 -1.240143 -8.388211 -1.301345 -8.111677 -1.301345 -8.388211 -1.240143 -8.388211 -1.301345 -8.388211 -1.240143 -8.664746 -1.240143 -8.664746 -1.301345 -8.388211 -1.301345 -8.664746 -1.240143 -8.664746 -1.301345 -8.664746 -1.240143 -8.94128 -1.240143 -8.94128 -1.301345 -8.664746 -1.301345 -8.94128 -1.240143 -8.94128 -1.301345 -8.94128 -1.240143 -9.217814 -1.17894 -6.729004 -1.240143 -6.729004 -1.17894 -7.005538 -1.17894 -7.005538 -1.240143 -6.729004 -1.240143 -7.005538 -1.17894 -7.005538 -1.240143 -7.005538 -1.17894 -7.282073 -1.17894 -7.282073 -1.240143 -7.005538 -1.240143 -7.282073 -1.17894 -7.282073 -1.240143 -7.282073 -1.17894 -7.558608 -1.17894 -7.558608 -1.240143 -7.282073 -1.240143 -7.558608 -1.17894 -7.558608 -1.240143 -7.558608 -1.17894 -7.835142 -1.17894 -7.835142 -1.240143 -7.558608 -1.240143 -7.835142 -1.17894 -7.835142 -1.240143 -7.835142 -1.17894 -8.111677 -1.17894 -8.111677 -1.240143 -7.835142 -1.240143 -8.111677 -1.17894 -8.111677 -1.240143 -8.111677 -1.17894 -8.388211 -1.17894 -8.388211 -1.240143 -8.111677 -1.240143 -8.388211 -1.17894 -8.388211 -1.240143 -8.388211 -1.17894 -8.664746 -1.17894 -8.664746 -1.240143 -8.388211 -1.240143 -8.664746 -1.17894 -8.664746 -1.240143 -8.664746 -1.17894 -8.94128 -1.17894 -8.94128 -1.240143 -8.664746 -1.240143 -8.94128 -1.17894 -8.94128 -1.240143 -8.94128 -1.17894 -9.217814 -1.17894 -9.217814 -1.240143 -8.94128 -1.240143 -9.217814 -1.17894 -9.217814 -1.240143 -9.217814 -1.17894 -9.494349 -1.117738 -6.729004 -1.17894 -6.729004 -1.117738 -7.005538 -1.117738 -7.005538 -1.17894 -6.729004 -1.17894 -7.005538 -1.117738 -7.005538 -1.17894 -7.005538 -1.117738 -7.282073 -1.117738 -7.282073 -1.17894 -7.005538 -1.17894 -7.282073 -1.117738 -7.282073 -1.17894 -7.282073 -1.117738 -7.558608 -1.117738 -7.558608 -1.17894 -7.282073 -1.17894 -7.558608 -1.117738 -7.558608 -1.17894 -7.558608 -1.117738 -7.835142 -1.117738 -7.835142 -1.17894 -7.558608 -1.17894 -7.835142 -1.117738 -7.835142 -1.17894 -7.835142 -1.117738 -8.111677 -1.117738 -8.111677 -1.17894 -7.835142 -1.17894 -8.111677 -1.117738 -8.111677 -1.17894 -8.111677 -1.117738 -8.388211 -1.117738 -8.388211 -1.17894 -8.111677 -1.17894 -8.388211 -1.117738 -8.388211 -1.17894 -8.388211 -1.117738 -8.664746 -1.117738 -8.664746 -1.17894 -8.388211 -1.17894 -8.664746 -1.117738 -8.664746 -1.17894 -8.664746 -1.117738 -8.94128 -1.117738 -8.94128 -1.17894 -8.664746 -1.17894 -8.94128 -1.117738 -8.94128 -1.17894 -8.94128 -1.117738 -9.217814 -1.117738 -9.217814 -1.17894 -8.94128 -1.17894 -9.217814 -1.117738 -9.217814 -1.17894 -9.217814 -1.117738 -9.494349 -1.117738 -9.494349 -1.17894 -9.217814 -1.17894 -9.494349 -1.117738 -9.494349 -1.17894 -9.494349 -1.117738 -9.770883 -1.056536 -6.729004 -1.117738 -6.729004 -1.056536 -7.005538 -1.056536 -7.005538 -1.117738 -6.729004 -1.117738 -7.005538 -1.056536 -7.005538 -1.117738 -7.005538 -1.056536 -7.282073 -1.056536 -7.282073 -1.117738 -7.005538 -1.117738 -7.282073 -1.056536 -7.282073 -1.117738 -7.282073 -1.056536 -7.558608 -1.056536 -7.558608 -1.117738 -7.282073 -1.117738 -7.558608 -1.056536 -7.558608 -1.117738 -7.558608 -1.056536 -7.835142 -1.056536 -7.835142 -1.117738 -7.558608 -1.117738 -7.835142 -1.056536 -7.835142 -1.117738 -7.835142 -1.056536 -8.111677 -1.056536 -8.111677 -1.117738 -7.835142 -1.117738 -8.111677 -1.056536 -8.111677 -1.117738 -8.111677 -1.056536 -8.388211 -1.056536 -8.388211 -1.117738 -8.111677 -1.117738 -8.388211 -1.056536 -8.388211 -1.117738 -8.388211 -1.056536 -8.664746 -1.056536 -8.664746 -1.117738 -8.388211 -1.117738 -8.664746 -1.056536 -8.664746 -1.117738 -8.664746 -1.056536 -8.94128 -1.056536 -8.94128 -1.117738 -8.664746 -1.117738 -8.94128 -1.056536 -8.94128 -1.117738 -8.94128 -1.056536 -9.217814 -1.056536 -9.217814 -1.117738 -8.94128 -1.117738 -9.217814 -1.056536 -9.217814 -1.117738 -9.217814 -1.056536 -9.494349 -1.056536 -9.494349 -1.117738 -9.217814 -1.117738 -9.494349 -1.056536 -9.494349 -1.117738 -9.494349 -1.056536 -9.770883 -1.056536 -9.770883 -1.117738 -9.494349 -1.117738 -9.770883 -1.056536 -9.770883 -1.117738 -9.770883 -1.056536 -10.04742 -0.9953334 -6.729004 -1.056536 -6.729004 -0.9953334 -7.005538 -0.9953334 -7.005538 -1.056536 -6.729004 -1.056536 -7.005538 -0.9953334 -7.005538 -1.056536 -7.005538 -0.9953334 -7.282073 -0.9953334 -7.282073 -1.056536 -7.005538 -1.056536 -7.282073 -0.9953334 -7.282073 -1.056536 -7.282073 -0.9953334 -7.558608 -0.9953334 -7.558608 -1.056536 -7.282073 -1.056536 -7.558608 -0.9953334 -7.558608 -1.056536 -7.558608 -0.9953334 -7.835142 -0.9953334 -7.835142 -1.056536 -7.558608 -1.056536 -7.835142 -0.9953334 -7.835142 -1.056536 -7.835142 -0.9953334 -8.111677 -0.9953334 -8.111677 -1.056536 -7.835142 -1.056536 -8.111677 -0.9953334 -8.111677 -1.056536 -8.111677 -0.9953334 -8.388211 -0.9953334 -8.388211 -1.056536 -8.111677 -1.056536 -8.388211 -0.9953334 -8.388211 -1.056536 -8.388211 -0.9953334 -8.664746 -0.9953334 -8.664746 -1.056536 -8.388211 -1.056536 -8.664746 -0.9953334 -8.664746 -1.056536 -8.664746 -0.9953334 -8.94128 -0.9953334 -8.94128 -1.056536 -8.664746 -1.056536 -8.94128 -0.9953334 -8.94128 -1.056536 -8.94128 -0.9953334 -9.217814 -0.9953334 -9.217814 -1.056536 -8.94128 -1.056536 -9.217814 -0.9953334 -9.217814 -1.056536 -9.217814 -0.9953334 -9.494349 -0.9953334 -9.494349 -1.056536 -9.217814 -1.056536 -9.494349 -0.9953334 -9.494349 -1.056536 -9.494349 -0.9953334 -9.770883 -0.9953334 -9.770883 -1.056536 -9.494349 -1.056536 -9.770883 -0.9953334 -9.770883 -1.056536 -9.770883 -0.9953334 -10.04742 -0.9953334 -10.04742 -1.056536 -9.770883 -1.056536 -10.04742 -0.9327897 -6.729004 -0.9953334 -6.729004 -0.9327897 -7.005538 -0.9327897 -7.005538 -0.9953334 -6.729004 -0.9953334 -7.005538 -0.9327897 -7.005538 -0.9953334 -7.005538 -0.9327897 -7.282073 -0.9327897 -7.282073 -0.9953334 -7.005538 -0.9953334 -7.282073 -0.9327897 -7.282073 -0.9953334 -7.282073 -0.9327897 -7.558608 -0.9327897 -7.558608 -0.9953334 -7.282073 -0.9953334 -7.558608 -0.9327897 -7.558608 -0.9953334 -7.558608 -0.9327897 -7.835142 -0.9327897 -7.835142 -0.9953334 -7.558608 -0.9953334 -7.835142 -0.9327897 -7.835142 -0.9953334 -7.835142 -0.9327897 -8.111677 -0.9327897 -8.111677 -0.9953334 -7.835142 -0.9953334 -8.111677 -0.9327897 -8.111677 -0.9953334 -8.111677 -0.9327897 -8.388211 -0.9327897 -8.388211 -0.9953334 -8.111677 -0.9953334 -8.388211 -0.9327897 -8.388211 -0.9953334 -8.388211 -0.9327897 -8.664746 -0.9327897 -8.664746 -0.9953334 -8.388211 -0.9953334 -8.664746 -0.9327897 -8.664746 -0.9953334 -8.664746 -0.9327897 -8.94128 -0.9327897 -8.94128 -0.9953334 -8.664746 -0.9953334 -8.94128 -0.9327897 -8.94128 -0.9953334 -8.94128 -0.9327897 -9.217814 -0.9327897 -9.217814 -0.9953334 -8.94128 -0.9953334 -9.217814 -0.9327897 -9.217814 -0.9953334 -9.217814 -0.9327897 -9.494349 -0.9327897 -9.494349 -0.9953334 -9.217814 -0.9953334 -9.494349 -0.9327897 -9.494349 -0.9953334 -9.494349 -0.9327897 -9.770883 -0.9327897 -9.770883 -0.9953334 -9.494349 -0.9953334 -9.770883 -0.9327897 -9.770883 -0.9953334 -9.770883 -0.9327897 -10.04742 -0.9327897 -10.04742 -0.9953334 -9.770883 -0.9953334 -10.04742 -0.870246 -6.729004 -0.9327897 -6.729004 -0.870246 -7.005538 -0.870246 -7.005538 -0.9327897 -6.729004 -0.9327897 -7.005538 -0.870246 -7.005538 -0.9327897 -7.005538 -0.870246 -7.282073 -0.870246 -7.282073 -0.9327897 -7.005538 -0.9327897 -7.282073 -0.870246 -7.282073 -0.9327897 -7.282073 -0.870246 -7.558608 -0.870246 -7.558608 -0.9327897 -7.282073 -0.9327897 -7.558608 -0.870246 -7.558608 -0.9327897 -7.558608 -0.870246 -7.835142 -0.870246 -7.835142 -0.9327897 -7.558608 -0.9327897 -7.835142 -0.870246 -7.835142 -0.9327897 -7.835142 -0.870246 -8.111677 -0.870246 -8.111677 -0.9327897 -7.835142 -0.9327897 -8.111677 -0.870246 -8.111677 -0.9327897 -8.111677 -0.870246 -8.388211 -0.870246 -8.388211 -0.9327897 -8.111677 -0.9327897 -8.388211 -0.870246 -8.388211 -0.9327897 -8.388211 -0.870246 -8.664746 -0.870246 -8.664746 -0.9327897 -8.388211 -0.9327897 -8.664746 -0.870246 -8.664746 -0.9327897 -8.664746 -0.870246 -8.94128 -0.870246 -8.94128 -0.9327897 -8.664746 -0.9327897 -8.94128 -0.870246 -8.94128 -0.9327897 -8.94128 -0.870246 -9.217814 -0.870246 -9.217814 -0.9327897 -8.94128 -0.9327897 -9.217814 -0.870246 -9.217814 -0.9327897 -9.217814 -0.870246 -9.494349 -0.870246 -9.494349 -0.9327897 -9.217814 -0.9327897 -9.494349 -0.870246 -9.494349 -0.9327897 -9.494349 -0.870246 -9.770883 -0.870246 -9.770883 -0.9327897 -9.494349 -0.9327897 -9.770883 -0.870246 -9.770883 -0.9327897 -9.770883 -0.870246 -10.04742 -0.870246 -10.04742 -0.9327897 -9.770883 -0.9327897 -10.04742 -0.7451587 -7.005538 -0.7451587 -6.729004 -0.8077024 -6.729004 -0.8077024 -6.729004 -0.870246 -6.729004 -0.8077024 -7.005538 -0.8077024 -7.005538 -0.870246 -6.729004 -0.870246 -7.005538 -0.8077024 -7.005538 -0.870246 -7.005538 -0.8077024 -7.282073 -0.8077024 -7.282073 -0.870246 -7.005538 -0.870246 -7.282073 -0.8077024 -7.282073 -0.870246 -7.282073 -0.8077024 -7.558608 -0.8077024 -7.558608 -0.870246 -7.282073 -0.870246 -7.558608 -0.8077024 -7.558608 -0.870246 -7.558608 -0.8077024 -7.835142 -0.8077024 -7.835142 -0.870246 -7.558608 -0.870246 -7.835142 -0.8077024 -7.835142 -0.870246 -7.835142 -0.8077024 -8.111677 -0.8077024 -8.111677 -0.870246 -7.835142 -0.870246 -8.111677 -0.8077024 -8.111677 -0.870246 -8.111677 -0.8077024 -8.388211 -0.8077024 -8.388211 -0.870246 -8.111677 -0.870246 -8.388211 -0.8077024 -8.388211 -0.870246 -8.388211 -0.8077024 -8.664746 -0.8077024 -8.664746 -0.870246 -8.388211 -0.870246 -8.664746 -0.8077024 -8.664746 -0.870246 -8.664746 -0.8077024 -8.94128 -0.8077024 -8.94128 -0.870246 -8.664746 -0.870246 -8.94128 -0.8077024 -8.94128 -0.870246 -8.94128 -0.8077024 -9.217814 -0.8077024 -9.217814 -0.870246 -8.94128 -0.870246 -9.217814 -0.8077024 -9.217814 -0.870246 -9.217814 -0.8077024 -9.494349 -0.8077024 -9.494349 -0.870246 -9.217814 -0.870246 -9.494349 -0.8077024 -9.494349 -0.870246 -9.494349 -0.8077024 -9.770883 -0.8077024 -9.770883 -0.870246 -9.494349 -0.870246 -9.770883 -0.8077024 -9.770883 -0.870246 -9.770883 -0.8077024 -10.04742 -0.8077024 -10.04742 -0.870246 -9.770883 -0.870246 -10.04742 -0.7451587 -7.282073 -0.7451587 -7.005538 -0.8077024 -7.005538 -0.8077024 -7.005538 -0.7451587 -7.005538 -0.8077024 -6.729004 -0.7451587 -7.282073 -0.8077024 -7.005538 -0.8077024 -7.282073 -0.7451587 -7.558608 -0.7451587 -7.282073 -0.8077024 -7.282073 -0.7451587 -7.558608 -0.8077024 -7.282073 -0.8077024 -7.558608 -0.7451587 -7.835142 -0.7451587 -7.558608 -0.8077024 -7.558608 -0.7451587 -7.835142 -0.8077024 -7.558608 -0.8077024 -7.835142 -0.7451587 -8.111677 -0.7451587 -7.835142 -0.8077024 -7.835142 -0.7451587 -8.111677 -0.8077024 -7.835142 -0.8077024 -8.111677 -0.7451587 -8.388211 -0.7451587 -8.111677 -0.8077024 -8.111677 -0.7451587 -8.388211 -0.8077024 -8.111677 -0.8077024 -8.388211 -0.7451587 -8.388211 -0.8077024 -8.388211 -0.7451587 -8.664746 -0.7451587 -8.664746 -0.8077024 -8.388211 -0.8077024 -8.664746 -0.7451587 -8.664746 -0.8077024 -8.664746 -0.7451587 -8.94128 -0.7451587 -8.94128 -0.8077024 -8.664746 -0.8077024 -8.94128 -0.7451587 -8.94128 -0.8077024 -8.94128 -0.7451587 -9.217814 -0.7451587 -9.217814 -0.8077024 -8.94128 -0.8077024 -9.217814 -0.7451587 -9.217814 -0.8077024 -9.217814 -0.7451587 -9.494349 -0.7451587 -9.494349 -0.8077024 -9.217814 -0.8077024 -9.494349 -0.7451587 -9.494349 -0.8077024 -9.494349 -0.7451587 -9.770883 -0.7451587 -9.770883 -0.8077024 -9.494349 -0.8077024 -9.770883 -0.7451587 -9.770883 -0.8077024 -9.770883 -0.7451587 -10.04742 -0.7451587 -10.04742 -0.8077024 -9.770883 -0.8077024 -10.04742 -0.07499998 0.35356 -0.07499998 0 0 0.3030514 0 0.3030514 -0.07499998 0 0.07499998 0 0 0.3030514 0.07499998 0 0.07499998 0.35356 0 0.3030514 0.07499998 0.35356 0 0.6061028 0 0.6061028 0.07499998 0.35356 0.07499998 0.70712 0 0.6061028 0.07499998 0.70712 0 0.9091542 0 0.9091542 0.07499998 0.70712 0.07499998 1.06068 0 0.9091542 0.07499998 1.06068 0 1.212206 0 1.212206 0.07499998 1.06068 0.07499998 1.41424 0 1.212206 0.07499998 1.41424 0 1.515257 0 1.515257 0.07499998 1.41424 0.07499998 1.7678 0 1.515257 0.07499998 1.7678 0 1.818308 0 1.818308 0.07499998 1.7678 0.07499998 2.12136 0 1.818308 0.07499998 2.12136 0 2.12136 0 2.12136 0.07499998 2.12136 0 2.424411 0 2.12136 0 2.424411 -0.07499998 2.12136 -0.07499998 2.12136 0 2.424411 -0.07499998 2.47492 -0.07499998 2.47492 0 2.424411 0 2.727463 -0.07499998 2.47492 0 2.727463 -0.07499998 2.82848 -0.07499998 2.82848 0 2.727463 0 3.030514 -0.07499998 2.82848 0 3.030514 -0.07499998 3.18204 -0.07499998 3.18204 0 3.030514 0 3.333565 -0.07499998 3.18204 0 3.333565 -0.07499998 3.5356 -0.07499998 3.5356 0 3.333565 0 3.636617 -0.07499998 3.5356 0 3.636617 -0.07499998 3.88916 -0.07499998 3.88916 0 3.636617 0 3.939668 -0.07499998 3.88916 0 3.939668 -0.07499998 4.24272 -0.07499998 4.24272 0 3.939668 0 4.24272 -0.07499998 4.24272 0 4.24272 0 4.545771 0 4.545771 0 4.24272 0.07499998 4.24272 0 4.545771 0.07499998 4.24272 0.07499998 4.59628 0.07499998 2.12136 0.07499998 2.47492 0 2.424411 0 2.424411 0.07499998 2.47492 0 2.727463 0.07499998 2.47492 0.07499998 2.82848 0 2.727463 0 2.727463 0.07499998 2.82848 0 3.030514 0.07499998 2.82848 0.07499998 3.18204 0 3.030514 0 3.030514 0.07499998 3.18204 0 3.333565 0.07499998 3.18204 0.07499998 3.5356 0 3.333565 0 3.333565 0.07499998 3.5356 0 3.636617 0.07499998 3.5356 0.07499998 3.88916 0 3.636617 0 3.636617 0.07499998 3.88916 0 3.939668 0.07499998 3.88916 0.07499998 4.24272 0 3.939668 0 3.939668 0.07499998 4.24272 0 4.24272 0 4.545771 0.07499998 4.59628 0 4.848823 0 4.848823 0.07499998 4.59628 0.07499998 4.94984 0 4.848823 0.07499998 4.94984 0 5.252891 0 5.252891 0.07499998 4.94984 0.07499998 5.3034 0 5.252891 0.07499998 5.3034 0 5.65696 0 5.65696 0.07499998 5.3034 0.07499998 5.65696 0 5.65696 0.07499998 5.65696 0.07499998 6.010519 0 5.65696 0.07499998 6.010519 0 6.061028 0 6.061028 0.07499998 6.010519 0.07499998 6.364079 0 6.061028 0.07499998 6.364079 0 6.465097 0 6.465097 0.07499998 6.364079 0.07499998 6.717639 0 6.465097 0.07499998 6.717639 0 6.869165 0 6.869165 0.07499998 6.717639 0.07499998 7.071199 0 6.869165 0.07499998 7.071199 0 7.273234 0 7.273234 0.07499998 7.071199 0.07499998 7.42476 0 7.273234 0.07499998 7.42476 0 7.677302 0 7.677302 0.07499998 7.42476 0.07499998 7.77832 0 7.677302 0.07499998 7.77832 0 8.081372 0 8.081372 0.07499998 7.77832 0.07499998 8.13188 0 8.081372 0.07499998 8.13188 0 8.48544 0 8.48544 0.07499998 8.13188 0.07499998 8.48544 0 8.48544 0.07499998 8.48544 0.07499998 8.839 0 8.48544 0.07499998 8.839 0 8.889509 0 8.889509 0.07499998 8.839 0.07499998 9.19256 0 8.889509 0.07499998 9.19256 0 9.293577 0 9.293577 0.07499998 9.19256 0.07499998 9.54612 0 9.293577 0.07499998 9.54612 0 9.697646 0 9.697646 0.07499998 9.54612 0.07499998 9.89968 0 9.697646 0.07499998 9.89968 0 10.10171 0 10.10171 0.07499998 9.89968 0.07499998 10.25324 0 10.10171 0.07499998 10.25324 0 10.50578 0 10.50578 0.07499998 10.25324 0.07499998 10.6068 0 10.50578 0.07499998 10.6068 0 10.90985 0 10.90985 0.07499998 10.6068 0.07499998 10.96036 0 10.90985 0.07499998 10.96036 -0.07499998 11.31392 -0.07499998 11.31392 0.07499998 10.96036 0.07499998 11.31392 -0.07499998 11.31392 -0.07499998 10.96036 0 10.90985 0 10.90985 -0.07499998 10.96036 -0.07499998 10.6068 0 10.90985 -0.07499998 10.6068 0 10.50578 0 10.50578 -0.07499998 10.6068 -0.07499998 10.25324 0 10.50578 -0.07499998 10.25324 0 10.10171 0 10.10171 -0.07499998 10.25324 -0.07499998 9.89968 0 10.10171 -0.07499998 9.89968 0 9.697646 0 9.697646 -0.07499998 9.89968 -0.07499998 9.54612 0 9.697646 -0.07499998 9.54612 0 9.293577 0 9.293577 -0.07499998 9.54612 -0.07499998 9.19256 0 9.293577 -0.07499998 9.19256 0 8.889509 0 8.889509 -0.07499998 9.19256 -0.07499998 8.839 0 8.889509 -0.07499998 8.839 0 8.48544 0 8.48544 -0.07499998 8.839 -0.07499998 8.48544 0 8.48544 -0.07499998 8.48544 -0.07499998 8.13188 0 8.48544 -0.07499998 8.13188 0 8.081372 0 8.081372 -0.07499998 8.13188 -0.07499998 7.77832 0 8.081372 -0.07499998 7.77832 0 7.677302 0 7.677302 -0.07499998 7.77832 -0.07499998 7.42476 0 7.677302 -0.07499998 7.42476 0 7.273234 0 7.273234 -0.07499998 7.42476 -0.07499998 7.071199 0 7.273234 -0.07499998 7.071199 0 6.869165 0 6.869165 -0.07499998 7.071199 -0.07499998 6.717639 0 6.869165 -0.07499998 6.717639 0 6.465097 0 6.465097 -0.07499998 6.717639 -0.07499998 6.364079 0 6.465097 -0.07499998 6.364079 0 6.061028 0 6.061028 -0.07499998 6.364079 -0.07499998 6.010519 0 6.061028 -0.07499998 6.010519 0 5.65696 0 5.65696 -0.07499998 6.010519 -0.07499998 5.65696 0 5.65696 -0.07499998 5.65696 -0.07499998 5.3034 0 5.65696 -0.07499998 5.3034 0 5.252891 0 5.252891 -0.07499998 5.3034 -0.07499998 4.94984 0 5.252891 -0.07499998 4.94984 0 4.848823 0 4.848823 -0.07499998 4.94984 -0.07499998 4.59628 0 4.848823 -0.07499998 4.59628 0 4.545771 0 4.545771 -0.07499998 4.59628 -0.07499998 4.24272 0 2.12136 -0.07499998 2.12136 0 1.818308 0 1.818308 -0.07499998 2.12136 -0.07499998 1.7678 0 1.818308 -0.07499998 1.7678 0 1.515257 0 1.515257 -0.07499998 1.7678 -0.07499998 1.41424 0 1.515257 -0.07499998 1.41424 0 1.212206 0 1.212206 -0.07499998 1.41424 -0.07499998 1.06068 0 1.212206 -0.07499998 1.06068 0 0.9091542 0 0.9091542 -0.07499998 1.06068 -0.07499998 0.70712 0 0.9091542 -0.07499998 0.70712 0 0.6061028 0 0.6061028 -0.07499998 0.70712 -0.07499998 0.35356 0 0.6061028 -0.07499998 0.35356 0 0.3030514 0.3594177 3.98382 0 4 0 0 0 0 0 4 -0.3594177 3.98382 0 0 -0.3594177 3.98382 -0.7278522 3.933222 -0.7278522 3.933222 -1.100633 3.845596 0 0 0 0 -1.100633 3.845596 -1.472379 3.719153 0 0 -1.472379 3.719153 -1.837178 3.553136 -1.837178 3.553136 -2.188839 3.347982 0 0 0 0 -2.188839 3.347982 -2.521193 3.105413 0 0 -2.521193 3.105413 -2.828427 2.828427 -2.828427 2.828427 -3.105413 2.521193 0 0 0 0 -3.105413 2.521193 -3.347982 2.188839 0 0 -3.347982 2.188839 -3.553136 1.837178 -3.553136 1.837178 -3.719153 1.472379 0 0 0 0 -3.719153 1.472379 -3.845596 1.100633 0 0 -3.845596 1.100633 -3.933222 0.7278522 -3.933222 0.7278522 -3.98382 0.3594177 0 0 0 0 -3.98382 0.3594177 -4 0 0 0 -4 0 -3.98382 -0.3594177 -3.98382 -0.3594177 -3.933222 -0.7278522 0 0 0 0 -3.933222 -0.7278522 -3.845596 -1.100633 0 0 -3.845596 -1.100633 -3.719153 -1.472379 -3.719153 -1.472379 -3.553136 -1.837178 0 0 0 0 -3.553136 -1.837178 -3.347982 -2.188839 0 0 -3.347982 -2.188839 -3.105413 -2.521193 -3.105413 -2.521193 -2.828427 -2.828427 0 0 0 0 -2.828427 -2.828427 -2.521193 -3.105413 0 0 -2.521193 -3.105413 -2.188839 -3.347982 -2.188839 -3.347982 -1.837178 -3.553136 0 0 0 0 -1.837178 -3.553136 -1.472379 -3.719153 0 0 -1.472379 -3.719153 -1.100633 -3.845596 -1.100633 -3.845596 -0.7278522 -3.933222 0 0 0 0 -0.7278522 -3.933222 -0.3594177 -3.98382 0 0 -0.3594177 -3.98382 0 -4 0 -4 0.3594177 -3.98382 0 0 0 0 0.3594177 -3.98382 0.7278522 -3.933222 0 0 0.7278522 -3.933222 1.100633 -3.845596 1.100633 -3.845596 1.472379 -3.719153 0 0 0 0 1.472379 -3.719153 1.837178 -3.553136 0 0 1.837178 -3.553136 2.188839 -3.347982 2.188839 -3.347982 2.521193 -3.105413 0 0 0 0 2.521193 -3.105413 2.828427 -2.828427 0 0 2.828427 -2.828427 3.105413 -2.521193 3.105413 -2.521193 3.347982 -2.188839 0 0 0 0 3.347982 -2.188839 3.553136 -1.837178 0 0 3.553136 -1.837178 3.719153 -1.472379 3.719153 -1.472379 3.845596 -1.100633 0 0 0 0 3.845596 -1.100633 3.933222 -0.7278522 0 0 3.933222 -0.7278522 3.98382 -0.3594177 3.98382 -0.3594177 4 0 0 0 0 0 4 0 3.98382 0.3594177 0 0 3.98382 0.3594177 3.933222 0.7278522 3.933222 0.7278522 3.845596 1.100633 0 0 0 0 3.845596 1.100633 3.719153 1.472379 0 0 3.719153 1.472379 3.553136 1.837178 3.553136 1.837178 3.347982 2.188839 0 0 0 0 3.347982 2.188839 3.105413 2.521193 0 0 3.105413 2.521193 2.828427 2.828427 2.828427 2.828427 2.521193 3.105413 0 0 0 0 2.521193 3.105413 2.188839 3.347982 0 0 2.188839 3.347982 1.837178 3.553136 1.837178 3.553136 1.472379 3.719153 0 0 0 0 1.472379 3.719153 1.100633 3.845596 0 0 1.100633 3.845596 0.7278522 3.933222 0.7278522 3.933222 0.3594177 3.98382 0 0 -0.07499998 0.35356 -0.07499998 0 0 0.3030514 0 0.3030514 -0.07499998 0 0.07499998 0 0 0.3030514 0.07499998 0 0.07499998 0.381783 0 0.3030514 0.07499998 0.381783 0 0.6061028 0 0.6061028 0.07499998 0.381783 0.07499998 0.7057239 0 0.6061028 0.07499998 0.7057239 0 0.9091542 0 0.9091542 0.07499998 0.7057239 0.07499998 1.03042 0 0.9091542 0.07499998 1.03042 0 1.212206 0 1.212206 0.07499998 1.03042 0.07499998 1.355874 0 1.212206 0.07499998 1.355874 0 1.515257 0 1.515257 0.07499998 1.355874 0.07499998 1.682088 0 1.515257 0.07499998 1.682088 0 1.818308 0 1.818308 0.07499998 1.682088 0.07499998 2.009065 0 1.818308 0.07499998 2.009065 0 2.12136 0 2.12136 0.07499998 2.009065 0.07499998 2.336809 0 2.12136 0.07499998 2.336809 0 2.424411 0 2.424411 0.07499998 2.336809 0.07499998 2.66532 0 2.424411 0.07499998 2.66532 0 2.727463 0 2.727463 0.07499998 2.66532 0.07499998 2.994603 0 2.727463 0.07499998 2.994603 0 3.030514 0 3.030514 0.07499998 2.994603 0.07499998 3.32466 0 3.030514 0.07499998 3.32466 0 3.333565 0 3.333565 0.07499998 3.32466 0 3.636617 0 3.333565 0 3.636617 -0.07499998 3.5356 -0.07499998 3.5356 0 3.636617 -0.07499998 3.88916 -0.07499998 3.88916 0 3.636617 0 3.939668 -0.07499998 3.88916 0 3.939668 -0.07499998 4.24272 -0.07499998 4.24272 0 3.939668 0 4.24272 -0.07499998 4.24272 0 4.24272 0 4.545771 0 4.545771 0 4.24272 0.07499998 4.319502 0 4.545771 0.07499998 4.319502 0.07499998 4.652682 0.07499998 3.32466 0.07499998 3.655494 0 3.636617 0 3.636617 0.07499998 3.655494 0 3.939668 0.07499998 3.655494 0.07499998 3.987107 0 3.939668 0 3.939668 0.07499998 3.987107 0 4.24272 0.07499998 3.987107 0.07499998 4.319502 0 4.24272 0 4.545771 0.07499998 4.652682 0 4.848823 0 4.848823 0.07499998 4.652682 0.07499998 4.986649 0 4.848823 0.07499998 4.986649 0 5.252891 0 5.252891 0.07499998 4.986649 0.07499998 5.321408 0 5.252891 0.07499998 5.321408 0 5.65696 0 5.65696 0.07499998 5.321408 0.07499998 5.65696 0 5.65696 0.07499998 5.65696 0.07499998 5.992511 0 5.65696 0.07499998 5.992511 0 6.061028 0 6.061028 0.07499998 5.992511 0.07499998 6.32727 0 6.061028 0.07499998 6.32727 0 6.465097 0 6.465097 0.07499998 6.32727 0.07499998 6.661238 0 6.465097 0.07499998 6.661238 0 6.869165 0 6.869165 0.07499998 6.661238 0.07499998 6.994418 0 6.869165 0.07499998 6.994418 0 7.273234 0 7.273234 0.07499998 6.994418 0.07499998 7.326813 0 7.273234 0.07499998 7.326813 0 7.677302 0 7.677302 0.07499998 7.326813 0.07499998 7.658426 0 7.677302 0.07499998 7.658426 0.07499998 7.989259 0 7.677302 0.07499998 7.989259 0 8.081372 0 8.081372 0.07499998 7.989259 0.07499998 8.319316 0 8.081372 0.07499998 8.319316 0 8.48544 0 8.48544 0.07499998 8.319316 0.07499998 8.648599 0 8.48544 0.07499998 8.648599 0 8.889509 0 8.889509 0.07499998 8.648599 0.07499998 8.977111 0 8.889509 0.07499998 8.977111 0 9.293577 0 9.293577 0.07499998 8.977111 0.07499998 9.304855 0 9.293577 0.07499998 9.304855 0.07499998 9.631832 0 9.293577 0.07499998 9.631832 0 9.697646 0 9.697646 0.07499998 9.631832 0.07499998 9.958046 0 9.697646 0.07499998 9.958046 0 10.10171 0 10.10171 0.07499998 9.958046 0.07499998 10.2835 0 10.10171 0.07499998 10.2835 0 10.50578 0 10.50578 0.07499998 10.2835 0.07499998 10.6082 0 10.50578 0.07499998 10.6082 0 10.90985 0 10.90985 0.07499998 10.6082 0.07499998 10.93214 0 10.90985 0.07499998 10.93214 -0.07499998 11.31392 -0.07499998 11.31392 0.07499998 10.93214 0.07499998 11.31392 -0.07499998 11.31392 -0.07499998 10.96036 0 10.90985 0 10.90985 -0.07499998 10.96036 -0.07499998 10.6068 0 10.90985 -0.07499998 10.6068 0 10.50578 0 10.50578 -0.07499998 10.6068 -0.07499998 10.25324 0 10.50578 -0.07499998 10.25324 0 10.10171 0 10.10171 -0.07499998 10.25324 -0.07499998 9.89968 0 10.10171 -0.07499998 9.89968 0 9.697646 0 9.697646 -0.07499998 9.89968 -0.07499998 9.54612 0 9.697646 -0.07499998 9.54612 0 9.293577 0 9.293577 -0.07499998 9.54612 -0.07499998 9.19256 0 9.293577 -0.07499998 9.19256 0 8.889509 0 8.889509 -0.07499998 9.19256 -0.07499998 8.839 0 8.889509 -0.07499998 8.839 0 8.48544 0 8.48544 -0.07499998 8.839 -0.07499998 8.48544 0 8.48544 -0.07499998 8.48544 -0.07499998 8.13188 0 8.48544 -0.07499998 8.13188 0 8.081372 0 8.081372 -0.07499998 8.13188 -0.07499998 7.77832 0 8.081372 -0.07499998 7.77832 0 7.677302 0 7.677302 -0.07499998 7.77832 -0.07499998 7.42476 0 7.677302 -0.07499998 7.42476 0 7.273234 0 7.273234 -0.07499998 7.42476 -0.07499998 7.071199 0 7.273234 -0.07499998 7.071199 0 6.869165 0 6.869165 -0.07499998 7.071199 -0.07499998 6.717639 0 6.869165 -0.07499998 6.717639 0 6.465097 0 6.465097 -0.07499998 6.717639 -0.07499998 6.364079 0 6.465097 -0.07499998 6.364079 0 6.061028 0 6.061028 -0.07499998 6.364079 -0.07499998 6.010519 0 6.061028 -0.07499998 6.010519 0 5.65696 0 5.65696 -0.07499998 6.010519 -0.07499998 5.65696 0 5.65696 -0.07499998 5.65696 -0.07499998 5.3034 0 5.65696 -0.07499998 5.3034 0 5.252891 0 5.252891 -0.07499998 5.3034 -0.07499998 4.94984 0 5.252891 -0.07499998 4.94984 0 4.848823 0 4.848823 -0.07499998 4.94984 -0.07499998 4.59628 0 4.848823 -0.07499998 4.59628 0 4.545771 0 4.545771 -0.07499998 4.59628 -0.07499998 4.24272 -0.07499998 3.5356 -0.07499998 3.18204 0 3.333565 0 3.333565 -0.07499998 3.18204 0 3.030514 -0.07499998 3.18204 -0.07499998 2.82848 0 3.030514 0 3.030514 -0.07499998 2.82848 0 2.727463 -0.07499998 2.82848 -0.07499998 2.47492 0 2.727463 0 2.727463 -0.07499998 2.47492 0 2.424411 -0.07499998 2.47492 -0.07499998 2.12136 0 2.424411 0 2.424411 -0.07499998 2.12136 0 2.12136 0 2.12136 -0.07499998 2.12136 0 1.818308 0 1.818308 -0.07499998 2.12136 -0.07499998 1.7678 0 1.818308 -0.07499998 1.7678 0 1.515257 0 1.515257 -0.07499998 1.7678 -0.07499998 1.41424 0 1.515257 -0.07499998 1.41424 0 1.212206 0 1.212206 -0.07499998 1.41424 -0.07499998 1.06068 0 1.212206 -0.07499998 1.06068 0 0.9091542 0 0.9091542 -0.07499998 1.06068 -0.07499998 0.70712 0 0.9091542 -0.07499998 0.70712 0 0.6061028 0 0.6061028 -0.07499998 0.70712 -0.07499998 0.35356 0 0.6061028 -0.07499998 0.35356 0 0.3030514</float_array>
          <technique_common>
            <accessor source="#Body1_001-mesh-map-0-array" count="9360" stride="2">
              <param name="S" type="float"/>
              <param name="T" type="float"/>
            </accessor>
          </technique_common>
        </source>
        <vertices id="Body1_001-mesh-vertices">
          <input semantic="POSITION" source="#Body1_001-mesh-positions"/>
        </vertices>
        <triangles material="Powder_Coat__Blue_-material" count="2956">
          <input semantic="VERTEX" source="#Body1_001-mesh-vertices" offset="0"/>
          <input semantic="NORMAL" source="#Body1_001-mesh-normals" offset="1"/>
          <input semantic="TEXCOORD" source="#Body1_001-mesh-map-0" offset="2" set="0"/>
          <p>0 0 0 1 1 1 67 2 2 67 2 3 1 1 4 69 3 5 67 2 6 69 3 7 66 4 8 66 4 9 69 3 10 70 5 11 66 4 12 70 5 13 65 6 14 65 6 15 70 5 16 71 7 17 65 6 18 71 7 19 64 8 20 64 8 21 71 7 22 72 9 23 64 8 24 72 9 25 63 10 26 63 10 27 72 9 28 73 11 29 63 10 30 73 11 31 62 12 32 62 12 33 73 11 34 61 13 35 61 13 36 73 11 37 74 14 38 61 13 39 74 14 40 60 15 41 60 15 42 74 14 43 75 16 44 60 15 45 75 16 46 59 17 47 59 17 48 75 16 49 76 18 50 59 17 51 76 18 52 58 19 53 58 19 54 76 18 55 77 20 56 58 19 57 77 20 58 57 21 59 57 21 60 77 20 61 56 22 62 56 22 63 77 20 64 78 23 65 56 22 66 78 23 67 55 24 68 55 24 69 78 23 70 79 25 71 55 24 72 79 25 73 54 26 74 54 26 75 79 25 76 80 27 77 54 26 78 80 27 79 53 28 80 53 28 81 80 27 82 81 29 83 53 28 84 81 29 85 52 30 86 52 30 87 81 29 88 82 31 89 52 30 90 82 31 91 51 32 92 51 32 93 82 31 94 50 33 95 50 33 96 82 31 97 83 34 98 50 33 99 83 34 100 49 35 101 49 35 102 83 34 103 84 36 104 49 35 105 84 36 106 48 37 107 48 37 108 84 36 109 85 38 110 48 37 111 85 38 112 47 39 113 47 39 114 85 38 115 86 40 116 47 39 117 86 40 118 46 41 119 46 41 120 86 40 121 87 42 122 46 41 123 87 42 124 45 43 125 45 43 126 87 42 127 68 44 128 45 43 129 68 44 130 44 45 131 44 45 132 68 44 133 88 46 134 44 45 135 88 46 136 89 47 137 89 47 138 88 46 139 24 48 140 89 47 141 24 48 142 25 49 143 1 1 144 2 50 145 69 3 146 69 3 147 2 50 148 3 51 149 69 3 150 3 51 151 70 5 152 70 5 153 3 51 154 4 52 155 70 5 156 4 52 157 71 7 158 71 7 159 4 52 160 5 53 161 71 7 162 5 53 163 72 9 164 72 9 165 5 53 166 6 54 167 72 9 168 6 54 169 73 11 170 73 11 171 6 54 172 7 55 173 73 11 174 7 55 175 74 14 176 74 14 177 7 55 178 8 56 179 74 14 180 8 56 181 75 16 182 75 16 183 8 56 184 9 57 185 75 16 186 9 57 187 10 58 188 75 16 189 10 58 190 76 18 191 76 18 192 10 58 193 11 59 194 76 18 195 11 59 196 77 20 197 77 20 198 11 59 199 12 60 200 77 20 201 12 60 202 78 23 203 78 23 204 12 60 205 13 61 206 78 23 207 13 61 208 79 25 209 79 25 210 13 61 211 14 62 212 79 25 213 14 62 214 80 27 215 80 27 216 14 62 217 15 63 218 80 27 219 15 63 220 81 29 221 81 29 222 15 63 223 16 64 224 81 29 225 16 64 226 82 31 227 82 31 228 16 64 229 17 65 230 82 31 231 17 65 232 18 66 233 82 31 234 18 66 235 83 34 236 83 34 237 18 66 238 19 67 239 83 34 240 19 67 241 84 36 242 84 36 243 19 67 244 20 68 245 84 36 246 20 68 247 85 38 248 85 38 249 20 68 250 21 69 251 85 38 252 21 69 253 86 40 254 86 40 255 21 69 256 87 42 257 21 69 258 22 70 259 87 42 260 87 42 261 22 70 262 68 44 263 22 70 264 23 71 265 68 44 266 68 44 267 23 71 268 88 46 269 23 71 270 24 48 271 88 46 272 89 47 273 25 49 274 90 72 275 90 72 276 25 49 277 26 73 278 90 72 279 26 73 280 91 74 281 91 74 282 26 73 283 27 75 284 91 74 285 27 75 286 92 76 287 92 76 288 27 75 289 93 77 290 92 76 291 93 77 292 40 78 293 40 78 294 93 77 295 39 79 296 39 79 297 93 77 298 94 80 299 39 79 300 94 80 301 38 81 302 38 81 303 94 80 304 95 82 305 38 81 306 95 82 307 37 83 308 37 83 309 95 82 310 96 84 311 37 83 312 96 84 313 36 85 314 36 85 315 96 84 316 97 86 317 36 85 318 97 86 319 35 87 320 35 87 321 97 86 322 98 88 323 35 87 324 98 88 325 34 89 326 34 89 327 98 88 328 33 90 329 33 90 330 98 88 331 32 91 332 32 91 333 98 88 334 97 86 335 32 91 336 97 86 337 31 92 338 31 92 339 97 86 340 96 84 341 31 92 342 96 84 343 30 93 344 30 93 345 96 84 346 95 82 347 30 93 348 95 82 349 29 94 350 29 94 351 95 82 352 94 80 353 29 94 354 94 80 355 28 95 356 28 95 357 94 80 358 93 77 359 28 95 360 93 77 361 27 75 362 40 78 363 41 96 364 92 76 365 92 76 366 41 96 367 91 74 368 41 96 369 42 97 370 91 74 371 91 74 372 42 97 373 90 72 374 42 97 375 43 98 376 90 72 377 90 72 378 43 98 379 89 47 380 43 98 381 44 45 382 89 47 383 99 99 384 100 100 385 164 101 386 164 101 387 100 100 388 165 102 389 164 101 390 165 102 391 163 103 392 163 103 393 165 102 394 166 104 395 163 103 396 166 104 397 162 105 398 162 105 399 166 104 400 167 106 401 162 105 402 167 106 403 161 107 404 161 107 405 167 106 406 168 108 407 161 107 408 168 108 409 160 109 410 160 109 411 168 108 412 169 110 413 160 109 414 169 110 415 159 111 416 159 111 417 169 110 418 170 112 419 159 111 420 170 112 421 158 113 422 158 113 423 170 112 424 171 114 425 158 113 426 171 114 427 157 115 428 157 115 429 171 114 430 156 116 431 156 116 432 171 114 433 172 117 434 156 116 435 172 117 436 155 118 437 155 118 438 172 117 439 173 119 440 155 118 441 173 119 442 154 120 443 154 120 444 173 119 445 174 121 446 154 120 447 174 121 448 153 122 449 153 122 450 174 121 451 175 123 452 153 122 453 175 123 454 152 124 455 152 124 456 175 123 457 176 125 458 152 124 459 176 125 460 151 126 461 151 126 462 176 125 463 177 127 464 151 126 465 177 127 466 150 128 467 150 128 468 177 127 469 178 129 470 150 128 471 178 129 472 149 130 473 149 130 474 178 129 475 148 131 476 148 131 477 178 129 478 179 132 479 148 131 480 179 132 481 147 133 482 147 133 483 179 132 484 180 134 485 147 133 486 180 134 487 146 135 488 146 135 489 180 134 490 181 136 491 146 135 492 181 136 493 145 137 494 145 137 495 181 136 496 182 138 497 145 137 498 182 138 499 183 139 500 183 139 501 182 138 502 120 140 503 183 139 504 120 140 505 121 141 506 100 100 507 101 142 508 165 102 509 165 102 510 101 142 511 102 143 512 165 102 513 102 143 514 166 104 515 166 104 516 102 143 517 103 144 518 166 104 519 103 144 520 167 106 521 167 106 522 103 144 523 104 145 524 167 106 525 104 145 526 168 108 527 168 108 528 104 145 529 105 146 530 168 108 531 105 146 532 169 110 533 169 110 534 105 146 535 106 147 536 169 110 537 106 147 538 170 112 539 170 112 540 106 147 541 107 148 542 170 112 543 107 148 544 171 114 545 171 114 546 107 148 547 108 149 548 171 114 549 108 149 550 109 150 551 171 114 552 109 150 553 172 117 554 172 117 555 109 150 556 110 151 557 172 117 558 110 151 559 173 119 560 173 119 561 110 151 562 111 152 563 173 119 564 111 152 565 174 121 566 174 121 567 111 152 568 112 153 569 174 121 570 112 153 571 175 123 572 175 123 573 112 153 574 113 154 575 175 123 576 113 154 577 176 125 578 176 125 579 113 154 580 114 63 581 176 125 582 114 63 583 177 127 584 177 127 585 114 63 586 115 155 587 177 127 588 115 155 589 178 129 590 178 129 591 115 155 592 116 65 593 178 129 594 116 65 595 117 156 596 178 129 597 117 156 598 179 132 599 179 132 600 117 156 601 118 67 602 179 132 603 118 67 604 180 134 605 180 134 606 118 67 607 119 157 608 180 134 609 119 157 610 181 136 611 181 136 612 119 157 613 120 140 614 181 136 615 120 140 616 182 138 617 183 139 618 121 141 619 184 158 620 184 158 621 121 141 622 122 159 623 184 158 624 122 159 625 185 160 626 185 160 627 122 159 628 123 161 629 185 160 630 123 161 631 186 162 632 186 162 633 123 161 634 124 163 635 186 162 636 124 163 637 187 164 638 187 164 639 124 163 640 125 165 641 187 164 642 125 165 643 188 166 644 188 166 645 125 165 646 126 167 647 188 166 648 126 167 649 189 168 650 189 168 651 126 167 652 190 169 653 189 168 654 190 169 655 139 170 656 139 170 657 190 169 658 138 171 659 138 171 660 190 169 661 191 172 662 138 171 663 191 172 664 137 173 665 137 173 666 191 172 667 192 174 668 137 173 669 192 174 670 136 175 671 136 175 672 192 174 673 193 176 674 136 175 675 193 176 676 135 177 677 135 177 678 193 176 679 194 178 680 135 177 681 194 178 682 134 179 683 134 179 684 194 178 685 195 180 686 134 179 687 195 180 688 133 181 689 133 181 690 195 180 691 132 182 692 132 182 693 195 180 694 131 183 695 131 183 696 195 180 697 194 178 698 131 183 699 194 178 700 130 184 701 130 184 702 194 178 703 193 176 704 130 184 705 193 176 706 129 185 707 129 185 708 193 176 709 192 174 710 129 185 711 192 174 712 128 186 713 128 186 714 192 174 715 191 172 716 128 186 717 191 172 718 127 187 719 127 187 720 191 172 721 190 169 722 127 187 723 190 169 724 126 167 725 189 168 726 139 170 727 188 166 728 188 166 729 139 170 730 140 188 731 188 166 732 140 188 733 187 164 734 187 164 735 140 188 736 141 189 737 187 164 738 141 189 739 186 162 740 186 162 741 141 189 742 142 190 743 186 162 744 142 190 745 185 160 746 185 160 747 142 190 748 143 191 749 185 160 750 143 191 751 184 158 752 184 158 753 143 191 754 144 192 755 184 158 756 144 192 757 183 139 758 183 139 759 144 192 760 145 137 761 150 193 762 149 194 763 272 195 764 272 195 765 149 194 766 196 196 767 272 195 768 196 196 769 271 197 770 271 197 771 196 196 772 197 198 773 271 197 774 197 198 775 270 199 776 270 199 777 197 198 778 198 200 779 270 199 780 198 200 781 269 201 782 269 201 783 198 200 784 199 202 785 269 201 786 199 202 787 200 203 788 269 201 789 200 203 790 268 204 791 268 204 792 200 203 793 201 205 794 268 204 795 201 205 796 267 206 797 267 206 798 201 205 799 202 207 800 267 206 801 202 207 802 266 208 803 266 208 804 202 207 805 203 209 806 266 208 807 203 209 808 265 210 809 265 210 810 203 209 811 204 211 812 265 210 813 204 211 814 264 212 815 264 212 816 204 211 817 205 213 818 264 212 819 205 213 820 263 214 821 263 214 822 205 213 823 206 215 824 263 214 825 206 215 826 262 216 827 262 216 828 206 215 829 207 217 830 262 216 831 207 217 832 261 218 833 261 218 834 207 217 835 260 219 836 261 218 837 260 219 838 276 220 839 276 220 840 260 219 841 275 221 842 276 220 843 275 221 844 291 222 845 291 222 846 275 221 847 290 223 848 291 222 849 290 223 850 306 224 851 306 224 852 290 223 853 305 225 854 306 224 855 305 225 856 321 226 857 321 226 858 305 225 859 320 227 860 321 226 861 320 227 862 336 228 863 336 228 864 320 227 865 335 229 866 336 228 867 335 229 868 374 230 869 374 230 870 335 229 871 375 231 872 374 230 873 375 231 874 351 232 875 351 232 876 375 231 877 350 233 878 351 232 879 350 233 880 381 234 881 381 234 882 350 233 883 380 235 884 381 234 885 380 235 886 396 236 887 396 236 888 380 235 889 395 237 890 396 236 891 395 237 892 411 238 893 411 238 894 395 237 895 410 239 896 411 238 897 410 239 898 426 240 899 426 240 900 410 239 901 425 241 902 426 240 903 425 241 904 441 242 905 441 242 906 425 241 907 440 243 908 441 242 909 440 243 910 479 244 911 479 244 912 440 243 913 480 245 914 479 244 915 480 245 916 456 246 917 456 246 918 480 245 919 455 247 920 456 246 921 455 247 922 486 248 923 486 248 924 455 247 925 485 249 926 486 248 927 485 249 928 501 250 929 501 250 930 485 249 931 500 251 932 501 250 933 500 251 934 516 252 935 516 252 936 500 251 937 515 253 938 516 252 939 515 253 940 531 254 941 531 254 942 515 253 943 530 255 944 531 254 945 530 255 946 546 256 947 546 256 948 530 255 949 545 257 950 546 256 951 545 257 952 561 258 953 561 258 954 545 257 955 560 259 956 561 258 957 560 259 958 576 260 959 576 260 960 560 259 961 575 261 962 576 260 963 575 261 964 591 262 965 591 262 966 575 261 967 590 263 968 591 262 969 590 263 970 606 264 971 606 264 972 590 263 973 605 265 974 606 264 975 605 265 976 621 266 977 621 266 978 605 265 979 620 267 980 621 266 981 620 267 982 636 268 983 636 268 984 620 267 985 635 269 986 636 268 987 635 269 988 651 270 989 651 270 990 635 269 991 650 271 992 651 270 993 650 271 994 666 272 995 666 272 996 650 271 997 665 273 998 666 272 999 665 273 1000 681 274 1001 681 274 1002 665 273 1003 680 275 1004 681 274 1005 680 275 1006 696 276 1007 696 276 1008 680 275 1009 695 277 1010 696 276 1011 695 277 1012 711 278 1013 711 278 1014 695 277 1015 710 279 1016 711 278 1017 710 279 1018 230 280 1019 230 280 1020 710 279 1021 229 281 1022 229 281 1023 710 279 1024 709 282 1025 229 281 1026 709 282 1027 228 283 1028 228 283 1029 709 282 1030 708 284 1031 228 283 1032 708 284 1033 227 285 1034 227 285 1035 708 284 1036 225 286 1037 227 285 1038 225 286 1039 226 287 1040 207 217 1041 208 288 1042 260 219 1043 260 219 1044 208 288 1045 259 289 1046 260 219 1047 259 289 1048 275 221 1049 275 221 1050 259 289 1051 274 290 1052 275 221 1053 274 290 1054 290 223 1055 290 223 1056 274 290 1057 289 291 1058 290 223 1059 289 291 1060 305 225 1061 305 225 1062 289 291 1063 304 292 1064 305 225 1065 304 292 1066 320 227 1067 320 227 1068 304 292 1069 319 293 1070 320 227 1071 319 293 1072 335 229 1073 335 229 1074 319 293 1075 334 294 1076 335 229 1077 334 294 1078 375 231 1079 375 231 1080 334 294 1081 376 295 1082 375 231 1083 376 295 1084 350 233 1085 350 233 1086 376 295 1087 349 296 1088 350 233 1089 349 296 1090 380 235 1091 380 235 1092 349 296 1093 379 297 1094 380 235 1095 379 297 1096 395 237 1097 395 237 1098 379 297 1099 394 298 1100 395 237 1101 394 298 1102 410 239 1103 410 239 1104 394 298 1105 409 299 1106 410 239 1107 409 299 1108 425 241 1109 425 241 1110 409 299 1111 424 300 1112 425 241 1113 424 300 1114 440 243 1115 440 243 1116 424 300 1117 439 301 1118 440 243 1119 439 301 1120 480 245 1121 480 245 1122 439 301 1123 481 302 1124 480 245 1125 481 302 1126 455 247 1127 455 247 1128 481 302 1129 454 303 1130 455 247 1131 454 303 1132 485 249 1133 485 249 1134 454 303 1135 484 304 1136 485 249 1137 484 304 1138 500 251 1139 500 251 1140 484 304 1141 499 305 1142 500 251 1143 499 305 1144 515 253 1145 515 253 1146 499 305 1147 514 306 1148 515 253 1149 514 306 1150 530 255 1151 530 255 1152 514 306 1153 529 307 1154 530 255 1155 529 307 1156 545 257 1157 545 257 1158 529 307 1159 544 308 1160 545 257 1161 544 308 1162 560 259 1163 560 259 1164 544 308 1165 559 309 1166 560 259 1167 559 309 1168 575 261 1169 575 261 1170 559 309 1171 574 310 1172 575 261 1173 574 310 1174 590 263 1175 590 263 1176 574 310 1177 589 311 1178 590 263 1179 589 311 1180 605 265 1181 605 265 1182 589 311 1183 604 312 1184 605 265 1185 604 312 1186 620 267 1187 620 267 1188 604 312 1189 619 313 1190 620 267 1191 619 313 1192 635 269 1193 635 269 1194 619 313 1195 634 314 1196 635 269 1197 634 314 1198 650 271 1199 650 271 1200 634 314 1201 649 315 1202 650 271 1203 649 315 1204 665 273 1205 665 273 1206 649 315 1207 664 316 1208 665 273 1209 664 316 1210 680 275 1211 680 275 1212 664 316 1213 679 317 1214 680 275 1215 679 317 1216 695 277 1217 695 277 1218 679 317 1219 694 318 1220 695 277 1221 694 318 1222 710 279 1223 710 279 1224 694 318 1225 709 282 1226 208 288 1227 209 319 1228 259 289 1229 259 289 1230 209 319 1231 258 320 1232 259 289 1233 258 320 1234 274 290 1235 274 290 1236 258 320 1237 273 321 1238 274 290 1239 273 321 1240 289 291 1241 289 291 1242 273 321 1243 288 322 1244 289 291 1245 288 322 1246 304 292 1247 304 292 1248 288 322 1249 303 323 1250 304 292 1251 303 323 1252 319 293 1253 319 293 1254 303 323 1255 318 324 1256 319 293 1257 318 324 1258 334 294 1259 334 294 1260 318 324 1261 333 325 1262 334 294 1263 333 325 1264 376 295 1265 376 295 1266 333 325 1267 377 326 1268 376 295 1269 377 326 1270 349 296 1271 349 296 1272 377 326 1273 348 327 1274 349 296 1275 348 327 1276 379 297 1277 379 297 1278 348 327 1279 378 328 1280 379 297 1281 378 328 1282 394 298 1283 394 298 1284 378 328 1285 393 329 1286 394 298 1287 393 329 1288 409 299 1289 409 299 1290 393 329 1291 408 330 1292 409 299 1293 408 330 1294 424 300 1295 424 300 1296 408 330 1297 423 331 1298 424 300 1299 423 331 1300 439 301 1301 439 301 1302 423 331 1303 438 332 1304 439 301 1305 438 332 1306 481 302 1307 481 302 1308 438 332 1309 482 333 1310 481 302 1311 482 333 1312 454 303 1313 454 303 1314 482 333 1315 453 334 1316 454 303 1317 453 334 1318 484 304 1319 484 304 1320 453 334 1321 483 335 1322 484 304 1323 483 335 1324 499 305 1325 499 305 1326 483 335 1327 498 336 1328 499 305 1329 498 336 1330 514 306 1331 514 306 1332 498 336 1333 513 337 1334 514 306 1335 513 337 1336 529 307 1337 529 307 1338 513 337 1339 528 338 1340 529 307 1341 528 338 1342 544 308 1343 544 308 1344 528 338 1345 543 339 1346 544 308 1347 543 339 1348 559 309 1349 559 309 1350 543 339 1351 558 340 1352 559 309 1353 558 340 1354 574 310 1355 574 310 1356 558 340 1357 573 341 1358 574 310 1359 573 341 1360 589 311 1361 589 311 1362 573 341 1363 588 342 1364 589 311 1365 588 342 1366 604 312 1367 604 312 1368 588 342 1369 603 343 1370 604 312 1371 603 343 1372 619 313 1373 619 313 1374 603 343 1375 618 344 1376 619 313 1377 618 344 1378 634 314 1379 634 314 1380 618 344 1381 633 345 1382 634 314 1383 633 345 1384 649 315 1385 649 315 1386 633 345 1387 648 346 1388 649 315 1389 648 346 1390 664 316 1391 664 316 1392 648 346 1393 663 347 1394 664 316 1395 663 347 1396 679 317 1397 679 317 1398 663 347 1399 678 348 1400 679 317 1401 678 348 1402 694 318 1403 694 318 1404 678 348 1405 693 349 1406 694 318 1407 693 349 1408 709 282 1409 709 282 1410 693 349 1411 708 284 1412 209 319 1413 210 350 1414 258 320 1415 258 320 1416 210 350 1417 17 351 1418 258 320 1419 17 351 1420 16 352 1421 258 320 1422 16 352 1423 273 321 1424 273 321 1425 16 352 1426 15 353 1427 273 321 1428 15 353 1429 288 322 1430 288 322 1431 15 353 1432 14 354 1433 288 322 1434 14 354 1435 303 323 1436 303 323 1437 14 354 1438 13 355 1439 303 323 1440 13 355 1441 318 324 1442 318 324 1443 13 355 1444 12 356 1445 318 324 1446 12 356 1447 333 325 1448 333 325 1449 12 356 1450 11 357 1451 333 325 1452 11 357 1453 377 326 1454 377 326 1455 11 357 1456 348 327 1457 11 357 1458 10 358 1459 348 327 1460 348 327 1461 10 358 1462 378 328 1463 10 358 1464 9 359 1465 378 328 1466 378 328 1467 9 359 1468 393 329 1469 9 359 1470 8 360 1471 393 329 1472 393 329 1473 8 360 1474 408 330 1475 8 360 1476 7 361 1477 408 330 1478 408 330 1479 7 361 1480 423 331 1481 7 361 1482 6 362 1483 423 331 1484 423 331 1485 6 362 1486 438 332 1487 6 362 1488 5 363 1489 438 332 1490 438 332 1491 5 363 1492 482 333 1493 482 333 1494 5 363 1495 453 334 1496 453 334 1497 5 363 1498 4 364 1499 453 334 1500 4 364 1501 483 335 1502 483 335 1503 4 364 1504 3 365 1505 483 335 1506 3 365 1507 498 336 1508 498 336 1509 3 365 1510 2 366 1511 498 336 1512 2 366 1513 513 337 1514 513 337 1515 2 366 1516 1 367 1517 513 337 1518 1 367 1519 211 368 1520 513 337 1521 211 368 1522 528 338 1523 528 338 1524 211 368 1525 212 369 1526 528 338 1527 212 369 1528 543 339 1529 543 339 1530 212 369 1531 213 370 1532 543 339 1533 213 370 1534 558 340 1535 558 340 1536 213 370 1537 214 371 1538 558 340 1539 214 371 1540 573 341 1541 573 341 1542 214 371 1543 215 372 1544 573 341 1545 215 372 1546 588 342 1547 588 342 1548 215 372 1549 216 373 1550 588 342 1551 216 373 1552 603 343 1553 603 343 1554 216 373 1555 217 374 1556 603 343 1557 217 374 1558 618 344 1559 618 344 1560 217 374 1561 218 375 1562 618 344 1563 218 375 1564 219 376 1565 618 344 1566 219 376 1567 633 345 1568 633 345 1569 219 376 1570 220 377 1571 633 345 1572 220 377 1573 648 346 1574 648 346 1575 220 377 1576 221 378 1577 648 346 1578 221 378 1579 663 347 1580 663 347 1581 221 378 1582 222 379 1583 663 347 1584 222 379 1585 678 348 1586 678 348 1587 222 379 1588 223 380 1589 678 348 1590 223 380 1591 693 349 1592 693 349 1593 223 380 1594 224 381 1595 693 349 1596 224 381 1597 708 284 1598 708 284 1599 224 381 1600 225 286 1601 230 280 1602 231 382 1603 711 278 1604 711 278 1605 231 382 1606 232 383 1607 711 278 1608 232 383 1609 712 384 1610 712 384 1611 232 383 1612 233 385 1613 712 384 1614 233 385 1615 713 386 1616 713 386 1617 233 385 1618 234 387 1619 713 386 1620 234 387 1621 714 388 1622 714 388 1623 234 387 1624 235 389 1625 714 388 1626 235 389 1627 715 390 1628 715 390 1629 235 389 1630 236 391 1631 715 390 1632 236 391 1633 716 392 1634 716 392 1635 236 391 1636 237 393 1637 716 392 1638 237 393 1639 717 394 1640 717 394 1641 237 393 1642 238 395 1643 717 394 1644 238 395 1645 718 396 1646 718 396 1647 238 395 1648 719 397 1649 718 396 1650 719 397 1651 703 398 1652 703 398 1653 719 397 1654 704 399 1655 703 398 1656 704 399 1657 688 400 1658 688 400 1659 704 399 1660 689 401 1661 688 400 1662 689 401 1663 673 402 1664 673 402 1665 689 401 1666 674 403 1667 673 402 1668 674 403 1669 658 404 1670 658 404 1671 674 403 1672 659 405 1673 658 404 1674 659 405 1675 643 406 1676 643 406 1677 659 405 1678 644 407 1679 643 406 1680 644 407 1681 628 408 1682 628 408 1683 644 407 1684 629 409 1685 628 408 1686 629 409 1687 613 410 1688 613 410 1689 629 409 1690 614 411 1691 613 410 1692 614 411 1693 598 412 1694 598 412 1695 614 411 1696 599 413 1697 598 412 1698 599 413 1699 583 414 1700 583 414 1701 599 413 1702 584 415 1703 583 414 1704 584 415 1705 568 416 1706 568 416 1707 584 415 1708 569 417 1709 568 416 1710 569 417 1711 553 418 1712 553 418 1713 569 417 1714 554 419 1715 553 418 1716 554 419 1717 538 420 1718 538 420 1719 554 419 1720 539 421 1721 538 420 1722 539 421 1723 523 422 1724 523 422 1725 539 421 1726 524 423 1727 523 422 1728 524 423 1729 508 424 1730 508 424 1731 524 423 1732 509 425 1733 508 424 1734 509 425 1735 493 426 1736 493 426 1737 509 425 1738 494 427 1739 493 426 1740 494 427 1741 463 428 1742 463 428 1743 494 427 1744 464 429 1745 463 428 1746 464 429 1747 472 430 1748 472 430 1749 464 429 1750 471 431 1751 472 430 1752 471 431 1753 448 432 1754 448 432 1755 471 431 1756 449 433 1757 448 432 1758 449 433 1759 433 434 1760 433 434 1761 449 433 1762 434 435 1763 433 434 1764 434 435 1765 418 436 1766 418 436 1767 434 435 1768 419 437 1769 418 436 1770 419 437 1771 403 438 1772 403 438 1773 419 437 1774 404 439 1775 403 438 1776 404 439 1777 388 440 1778 388 440 1779 404 439 1780 389 441 1781 388 440 1782 389 441 1783 358 442 1784 358 442 1785 389 441 1786 359 443 1787 358 442 1788 359 443 1789 367 444 1790 367 444 1791 359 443 1792 366 445 1793 367 444 1794 366 445 1795 343 446 1796 343 446 1797 366 445 1798 344 447 1799 343 446 1800 344 447 1801 328 448 1802 328 448 1803 344 447 1804 329 449 1805 328 448 1806 329 449 1807 313 450 1808 313 450 1809 329 449 1810 314 451 1811 313 450 1812 314 451 1813 298 452 1814 298 452 1815 314 451 1816 299 453 1817 298 452 1818 299 453 1819 283 454 1820 283 454 1821 299 453 1822 284 455 1823 283 454 1824 284 455 1825 268 204 1826 268 204 1827 284 455 1828 269 201 1829 238 395 1830 239 456 1831 719 397 1832 719 397 1833 239 456 1834 720 457 1835 719 397 1836 720 457 1837 704 399 1838 704 399 1839 720 457 1840 705 458 1841 704 399 1842 705 458 1843 689 401 1844 689 401 1845 705 458 1846 690 459 1847 689 401 1848 690 459 1849 674 403 1850 674 403 1851 690 459 1852 675 460 1853 674 403 1854 675 460 1855 659 405 1856 659 405 1857 675 460 1858 660 461 1859 659 405 1860 660 461 1861 644 407 1862 644 407 1863 660 461 1864 645 462 1865 644 407 1866 645 462 1867 629 409 1868 629 409 1869 645 462 1870 630 463 1871 629 409 1872 630 463 1873 614 411 1874 614 411 1875 630 463 1876 615 464 1877 614 411 1878 615 464 1879 599 413 1880 599 413 1881 615 464 1882 600 465 1883 599 413 1884 600 465 1885 584 415 1886 584 415 1887 600 465 1888 585 466 1889 584 415 1890 585 466 1891 569 417 1892 569 417 1893 585 466 1894 570 467 1895 569 417 1896 570 467 1897 554 419 1898 554 419 1899 570 467 1900 555 468 1901 554 419 1902 555 468 1903 539 421 1904 539 421 1905 555 468 1906 540 469 1907 539 421 1908 540 469 1909 524 423 1910 524 423 1911 540 469 1912 525 470 1913 524 423 1914 525 470 1915 509 425 1916 509 425 1917 525 470 1918 510 471 1919 509 425 1920 510 471 1921 494 427 1922 494 427 1923 510 471 1924 495 472 1925 494 427 1926 495 472 1927 464 429 1928 464 429 1929 495 472 1930 465 473 1931 464 429 1932 465 473 1933 471 431 1934 471 431 1935 465 473 1936 470 474 1937 471 431 1938 470 474 1939 449 433 1940 449 433 1941 470 474 1942 450 475 1943 449 433 1944 450 475 1945 434 435 1946 434 435 1947 450 475 1948 435 476 1949 434 435 1950 435 476 1951 419 437 1952 419 437 1953 435 476 1954 420 477 1955 419 437 1956 420 477 1957 404 439 1958 404 439 1959 420 477 1960 405 478 1961 404 439 1962 405 478 1963 389 441 1964 389 441 1965 405 478 1966 390 479 1967 389 441 1968 390 479 1969 359 443 1970 359 443 1971 390 479 1972 360 480 1973 359 443 1974 360 480 1975 366 445 1976 366 445 1977 360 480 1978 365 481 1979 366 445 1980 365 481 1981 344 447 1982 344 447 1983 365 481 1984 345 482 1985 344 447 1986 345 482 1987 329 449 1988 329 449 1989 345 482 1990 330 483 1991 329 449 1992 330 483 1993 314 451 1994 314 451 1995 330 483 1996 315 484 1997 314 451 1998 315 484 1999 299 453 2000 299 453 2001 315 484 2002 300 485 2003 299 453 2004 300 485 2005 284 455 2006 284 455 2007 300 485 2008 285 486 2009 284 455 2010 285 486 2011 269 201 2012 269 201 2013 285 486 2014 270 199 2015 239 456 2016 240 487 2017 720 457 2018 720 457 2019 240 487 2020 721 488 2021 720 457 2022 721 488 2023 705 458 2024 705 458 2025 721 488 2026 706 489 2027 705 458 2028 706 489 2029 690 459 2030 690 459 2031 706 489 2032 691 490 2033 690 459 2034 691 490 2035 675 460 2036 675 460 2037 691 490 2038 676 491 2039 675 460 2040 676 491 2041 660 461 2042 660 461 2043 676 491 2044 661 492 2045 660 461 2046 661 492 2047 645 462 2048 645 462 2049 661 492 2050 646 493 2051 645 462 2052 646 493 2053 630 463 2054 630 463 2055 646 493 2056 631 494 2057 630 463 2058 631 494 2059 615 464 2060 615 464 2061 631 494 2062 616 495 2063 615 464 2064 616 495 2065 600 465 2066 600 465 2067 616 495 2068 601 496 2069 600 465 2070 601 496 2071 585 466 2072 585 466 2073 601 496 2074 586 497 2075 585 466 2076 586 497 2077 570 467 2078 570 467 2079 586 497 2080 571 498 2081 570 467 2082 571 498 2083 555 468 2084 555 468 2085 571 498 2086 556 499 2087 555 468 2088 556 499 2089 540 469 2090 540 469 2091 556 499 2092 541 500 2093 540 469 2094 541 500 2095 525 470 2096 525 470 2097 541 500 2098 526 501 2099 525 470 2100 526 501 2101 510 471 2102 510 471 2103 526 501 2104 511 502 2105 510 471 2106 511 502 2107 495 472 2108 495 472 2109 511 502 2110 496 503 2111 495 472 2112 496 503 2113 465 473 2114 465 473 2115 496 503 2116 466 504 2117 465 473 2118 466 504 2119 470 474 2120 470 474 2121 466 504 2122 469 505 2123 470 474 2124 469 505 2125 450 475 2126 450 475 2127 469 505 2128 451 506 2129 450 475 2130 451 506 2131 435 476 2132 435 476 2133 451 506 2134 436 507 2135 435 476 2136 436 507 2137 420 477 2138 420 477 2139 436 507 2140 421 508 2141 420 477 2142 421 508 2143 405 478 2144 405 478 2145 421 508 2146 406 509 2147 405 478 2148 406 509 2149 390 479 2150 390 479 2151 406 509 2152 391 510 2153 390 479 2154 391 510 2155 360 480 2156 360 480 2157 391 510 2158 361 511 2159 360 480 2160 361 511 2161 365 481 2162 365 481 2163 361 511 2164 364 512 2165 365 481 2166 364 512 2167 345 482 2168 345 482 2169 364 512 2170 346 513 2171 345 482 2172 346 513 2173 330 483 2174 330 483 2175 346 513 2176 331 514 2177 330 483 2178 331 514 2179 315 484 2180 315 484 2181 331 514 2182 316 515 2183 315 484 2184 316 515 2185 300 485 2186 300 485 2187 316 515 2188 301 516 2189 300 485 2190 301 516 2191 285 486 2192 285 486 2193 301 516 2194 286 517 2195 285 486 2196 286 517 2197 270 199 2198 270 199 2199 286 517 2200 271 197 2201 240 487 2202 241 518 2203 721 488 2204 721 488 2205 241 518 2206 722 519 2207 721 488 2208 722 519 2209 706 489 2210 706 489 2211 722 519 2212 707 520 2213 706 489 2214 707 520 2215 691 490 2216 691 490 2217 707 520 2218 692 521 2219 691 490 2220 692 521 2221 676 491 2222 676 491 2223 692 521 2224 677 522 2225 676 491 2226 677 522 2227 661 492 2228 661 492 2229 677 522 2230 662 523 2231 661 492 2232 662 523 2233 646 493 2234 646 493 2235 662 523 2236 647 524 2237 646 493 2238 647 524 2239 631 494 2240 631 494 2241 647 524 2242 632 525 2243 631 494 2244 632 525 2245 616 495 2246 616 495 2247 632 525 2248 617 526 2249 616 495 2250 617 526 2251 601 496 2252 601 496 2253 617 526 2254 602 527 2255 601 496 2256 602 527 2257 586 497 2258 586 497 2259 602 527 2260 587 528 2261 586 497 2262 587 528 2263 571 498 2264 571 498 2265 587 528 2266 572 529 2267 571 498 2268 572 529 2269 556 499 2270 556 499 2271 572 529 2272 557 530 2273 556 499 2274 557 530 2275 541 500 2276 541 500 2277 557 530 2278 542 531 2279 541 500 2280 542 531 2281 526 501 2282 526 501 2283 542 531 2284 527 532 2285 526 501 2286 527 532 2287 511 502 2288 511 502 2289 527 532 2290 512 533 2291 511 502 2292 512 533 2293 496 503 2294 496 503 2295 512 533 2296 497 534 2297 496 503 2298 497 534 2299 466 504 2300 466 504 2301 497 534 2302 467 535 2303 466 504 2304 467 535 2305 469 505 2306 469 505 2307 467 535 2308 468 536 2309 469 505 2310 468 536 2311 451 506 2312 451 506 2313 468 536 2314 452 537 2315 451 506 2316 452 537 2317 436 507 2318 436 507 2319 452 537 2320 437 538 2321 436 507 2322 437 538 2323 421 508 2324 421 508 2325 437 538 2326 422 539 2327 421 508 2328 422 539 2329 406 509 2330 406 509 2331 422 539 2332 407 540 2333 406 509 2334 407 540 2335 391 510 2336 391 510 2337 407 540 2338 392 541 2339 391 510 2340 392 541 2341 361 511 2342 361 511 2343 392 541 2344 362 542 2345 361 511 2346 362 542 2347 364 512 2348 364 512 2349 362 542 2350 363 543 2351 364 512 2352 363 543 2353 346 513 2354 346 513 2355 363 543 2356 347 544 2357 346 513 2358 347 544 2359 331 514 2360 331 514 2361 347 544 2362 332 545 2363 331 514 2364 332 545 2365 316 515 2366 316 515 2367 332 545 2368 317 546 2369 316 515 2370 317 546 2371 301 516 2372 301 516 2373 317 546 2374 302 547 2375 301 516 2376 302 547 2377 286 517 2378 286 517 2379 302 547 2380 287 548 2381 286 517 2382 287 548 2383 271 197 2384 271 197 2385 287 548 2386 272 195 2387 241 518 2388 242 549 2389 722 519 2390 722 519 2391 242 549 2392 243 550 2393 722 519 2394 243 550 2395 244 551 2396 722 519 2397 244 551 2398 707 520 2399 707 520 2400 244 551 2401 245 552 2402 707 520 2403 245 552 2404 692 521 2405 692 521 2406 245 552 2407 246 553 2408 692 521 2409 246 553 2410 677 522 2411 677 522 2412 246 553 2413 247 554 2414 677 522 2415 247 554 2416 662 523 2417 662 523 2418 247 554 2419 248 555 2420 662 523 2421 248 555 2422 647 524 2423 647 524 2424 248 555 2425 249 556 2426 647 524 2427 249 556 2428 632 525 2429 632 525 2430 249 556 2431 250 557 2432 632 525 2433 250 557 2434 251 558 2435 632 525 2436 251 558 2437 617 526 2438 617 526 2439 251 558 2440 252 559 2441 617 526 2442 252 559 2443 602 527 2444 602 527 2445 252 559 2446 253 560 2447 602 527 2448 253 560 2449 587 528 2450 587 528 2451 253 560 2452 254 561 2453 587 528 2454 254 561 2455 572 529 2456 572 529 2457 254 561 2458 255 562 2459 572 529 2460 255 562 2461 557 530 2462 557 530 2463 255 562 2464 256 563 2465 557 530 2466 256 563 2467 542 531 2468 542 531 2469 256 563 2470 257 564 2471 542 531 2472 257 564 2473 527 532 2474 527 532 2475 257 564 2476 99 565 2477 527 532 2478 99 565 2479 164 566 2480 527 532 2481 164 566 2482 512 533 2483 512 533 2484 164 566 2485 163 567 2486 512 533 2487 163 567 2488 497 534 2489 497 534 2490 163 567 2491 162 568 2492 497 534 2493 162 568 2494 467 535 2495 467 535 2496 162 568 2497 161 569 2498 467 535 2499 161 569 2500 468 536 2501 468 536 2502 161 569 2503 452 537 2504 161 569 2505 160 570 2506 452 537 2507 452 537 2508 160 570 2509 437 538 2510 160 570 2511 159 571 2512 437 538 2513 437 538 2514 159 571 2515 422 539 2516 159 571 2517 158 572 2518 422 539 2519 422 539 2520 158 572 2521 407 540 2522 158 572 2523 157 573 2524 407 540 2525 407 540 2526 157 573 2527 392 541 2528 157 573 2529 156 574 2530 392 541 2531 392 541 2532 156 574 2533 362 542 2534 156 574 2535 155 575 2536 362 542 2537 362 542 2538 155 575 2539 363 543 2540 363 543 2541 155 575 2542 347 544 2543 347 544 2544 155 575 2545 154 576 2546 347 544 2547 154 576 2548 332 545 2549 332 545 2550 154 576 2551 153 577 2552 332 545 2553 153 577 2554 317 546 2555 317 546 2556 153 577 2557 152 578 2558 317 546 2559 152 578 2560 302 547 2561 302 547 2562 152 578 2563 151 579 2564 302 547 2565 151 579 2566 287 548 2567 287 548 2568 151 579 2569 150 193 2570 287 548 2571 150 193 2572 272 195 2573 262 216 2574 261 218 2575 277 580 2576 277 580 2577 261 218 2578 276 220 2579 277 580 2580 276 220 2581 292 581 2582 292 581 2583 276 220 2584 291 222 2585 292 581 2586 291 222 2587 307 582 2588 307 582 2589 291 222 2590 306 224 2591 307 582 2592 306 224 2593 322 583 2594 322 583 2595 306 224 2596 321 226 2597 322 583 2598 321 226 2599 337 584 2600 337 584 2601 321 226 2602 336 228 2603 337 584 2604 336 228 2605 373 585 2606 373 585 2607 336 228 2608 374 230 2609 373 585 2610 374 230 2611 352 586 2612 352 586 2613 374 230 2614 351 232 2615 352 586 2616 351 232 2617 382 587 2618 382 587 2619 351 232 2620 381 234 2621 382 587 2622 381 234 2623 397 588 2624 397 588 2625 381 234 2626 396 236 2627 397 588 2628 396 236 2629 412 589 2630 412 589 2631 396 236 2632 411 238 2633 412 589 2634 411 238 2635 427 590 2636 427 590 2637 411 238 2638 426 240 2639 427 590 2640 426 240 2641 442 591 2642 442 591 2643 426 240 2644 441 242 2645 442 591 2646 441 242 2647 478 592 2648 478 592 2649 441 242 2650 479 244 2651 478 592 2652 479 244 2653 457 593 2654 457 593 2655 479 244 2656 456 246 2657 457 593 2658 456 246 2659 487 594 2660 487 594 2661 456 246 2662 486 248 2663 487 594 2664 486 248 2665 502 595 2666 502 595 2667 486 248 2668 501 250 2669 502 595 2670 501 250 2671 517 596 2672 517 596 2673 501 250 2674 516 252 2675 517 596 2676 516 252 2677 532 597 2678 532 597 2679 516 252 2680 531 254 2681 532 597 2682 531 254 2683 547 598 2684 547 598 2685 531 254 2686 546 256 2687 547 598 2688 546 256 2689 562 599 2690 562 599 2691 546 256 2692 561 258 2693 562 599 2694 561 258 2695 577 600 2696 577 600 2697 561 258 2698 576 260 2699 577 600 2700 576 260 2701 592 601 2702 592 601 2703 576 260 2704 591 262 2705 592 601 2706 591 262 2707 607 602 2708 607 602 2709 591 262 2710 606 264 2711 607 602 2712 606 264 2713 622 603 2714 622 603 2715 606 264 2716 621 266 2717 622 603 2718 621 266 2719 637 604 2720 637 604 2721 621 266 2722 636 268 2723 637 604 2724 636 268 2725 652 605 2726 652 605 2727 636 268 2728 651 270 2729 652 605 2730 651 270 2731 667 606 2732 667 606 2733 651 270 2734 666 272 2735 667 606 2736 666 272 2737 682 607 2738 682 607 2739 666 272 2740 681 274 2741 682 607 2742 681 274 2743 697 608 2744 697 608 2745 681 274 2746 696 276 2747 697 608 2748 696 276 2749 712 384 2750 712 384 2751 696 276 2752 711 278 2753 263 214 2754 262 216 2755 278 609 2756 278 609 2757 262 216 2758 277 580 2759 278 609 2760 277 580 2761 293 610 2762 293 610 2763 277 580 2764 292 581 2765 293 610 2766 292 581 2767 308 611 2768 308 611 2769 292 581 2770 307 582 2771 308 611 2772 307 582 2773 323 612 2774 323 612 2775 307 582 2776 322 583 2777 323 612 2778 322 583 2779 338 613 2780 338 613 2781 322 583 2782 337 584 2783 338 613 2784 337 584 2785 372 614 2786 372 614 2787 337 584 2788 373 585 2789 372 614 2790 373 585 2791 353 615 2792 353 615 2793 373 585 2794 352 586 2795 353 615 2796 352 586 2797 383 616 2798 383 616 2799 352 586 2800 382 587 2801 383 616 2802 382 587 2803 398 617 2804 398 617 2805 382 587 2806 397 588 2807 398 617 2808 397 588 2809 413 618 2810 413 618 2811 397 588 2812 412 589 2813 413 618 2814 412 589 2815 428 619 2816 428 619 2817 412 589 2818 427 590 2819 428 619 2820 427 590 2821 443 620 2822 443 620 2823 427 590 2824 442 591 2825 443 620 2826 442 591 2827 477 621 2828 477 621 2829 442 591 2830 478 592 2831 477 621 2832 478 592 2833 458 622 2834 458 622 2835 478 592 2836 457 593 2837 458 622 2838 457 593 2839 488 623 2840 488 623 2841 457 593 2842 487 594 2843 488 623 2844 487 594 2845 503 624 2846 503 624 2847 487 594 2848 502 595 2849 503 624 2850 502 595 2851 518 625 2852 518 625 2853 502 595 2854 517 596 2855 518 625 2856 517 596 2857 533 626 2858 533 626 2859 517 596 2860 532 597 2861 533 626 2862 532 597 2863 548 627 2864 548 627 2865 532 597 2866 547 598 2867 548 627 2868 547 598 2869 563 628 2870 563 628 2871 547 598 2872 562 599 2873 563 628 2874 562 599 2875 578 629 2876 578 629 2877 562 599 2878 577 600 2879 578 629 2880 577 600 2881 593 630 2882 593 630 2883 577 600 2884 592 601 2885 593 630 2886 592 601 2887 608 631 2888 608 631 2889 592 601 2890 607 602 2891 608 631 2892 607 602 2893 623 632 2894 623 632 2895 607 602 2896 622 603 2897 623 632 2898 622 603 2899 638 633 2900 638 633 2901 622 603 2902 637 604 2903 638 633 2904 637 604 2905 653 634 2906 653 634 2907 637 604 2908 652 605 2909 653 634 2910 652 605 2911 668 635 2912 668 635 2913 652 605 2914 667 606 2915 668 635 2916 667 606 2917 683 636 2918 683 636 2919 667 606 2920 682 607 2921 683 636 2922 682 607 2923 698 637 2924 698 637 2925 682 607 2926 697 608 2927 698 637 2928 697 608 2929 713 386 2930 713 386 2931 697 608 2932 712 384 2933 264 212 2934 263 214 2935 279 638 2936 279 638 2937 263 214 2938 278 609 2939 279 638 2940 278 609 2941 294 639 2942 294 639 2943 278 609 2944 293 610 2945 294 639 2946 293 610 2947 309 640 2948 309 640 2949 293 610 2950 308 611 2951 309 640 2952 308 611 2953 324 641 2954 324 641 2955 308 611 2956 323 612 2957 324 641 2958 323 612 2959 339 642 2960 339 642 2961 323 612 2962 338 613 2963 339 642 2964 338 613 2965 371 643 2966 371 643 2967 338 613 2968 372 614 2969 371 643 2970 372 614 2971 354 644 2972 354 644 2973 372 614 2974 353 615 2975 354 644 2976 353 615 2977 384 645 2978 384 645 2979 353 615 2980 383 616 2981 384 645 2982 383 616 2983 399 646 2984 399 646 2985 383 616 2986 398 617 2987 399 646 2988 398 617 2989 414 647 2990 414 647 2991 398 617 2992 413 618 2993 414 647 2994 413 618 2995 429 648 2996 429 648 2997 413 618 2998 428 619 2999 429 648 3000 428 619 3001 444 649 3002 444 649 3003 428 619 3004 443 620 3005 444 649 3006 443 620 3007 476 650 3008 476 650 3009 443 620 3010 477 621 3011 476 650 3012 477 621 3013 459 651 3014 459 651 3015 477 621 3016 458 622 3017 459 651 3018 458 622 3019 489 652 3020 489 652 3021 458 622 3022 488 623 3023 489 652 3024 488 623 3025 504 653 3026 504 653 3027 488 623 3028 503 624 3029 504 653 3030 503 624 3031 519 654 3032 519 654 3033 503 624 3034 518 625 3035 519 654 3036 518 625 3037 534 655 3038 534 655 3039 518 625 3040 533 626 3041 534 655 3042 533 626 3043 549 656 3044 549 656 3045 533 626 3046 548 627 3047 549 656 3048 548 627 3049 564 657 3050 564 657 3051 548 627 3052 563 628 3053 564 657 3054 563 628 3055 579 658 3056 579 658 3057 563 628 3058 578 629 3059 579 658 3060 578 629 3061 594 659 3062 594 659 3063 578 629 3064 593 630 3065 594 659 3066 593 630 3067 609 660 3068 609 660 3069 593 630 3070 608 631 3071 609 660 3072 608 631 3073 624 661 3074 624 661 3075 608 631 3076 623 632 3077 624 661 3078 623 632 3079 639 662 3080 639 662 3081 623 632 3082 638 633 3083 639 662 3084 638 633 3085 654 663 3086 654 663 3087 638 633 3088 653 634 3089 654 663 3090 653 634 3091 669 664 3092 669 664 3093 653 634 3094 668 635 3095 669 664 3096 668 635 3097 684 665 3098 684 665 3099 668 635 3100 683 636 3101 684 665 3102 683 636 3103 699 666 3104 699 666 3105 683 636 3106 698 637 3107 699 666 3108 698 637 3109 714 388 3110 714 388 3111 698 637 3112 713 386 3113 265 210 3114 264 212 3115 280 667 3116 280 667 3117 264 212 3118 279 638 3119 280 667 3120 279 638 3121 295 668 3122 295 668 3123 279 638 3124 294 639 3125 295 668 3126 294 639 3127 310 669 3128 310 669 3129 294 639 3130 309 640 3131 310 669 3132 309 640 3133 325 670 3134 325 670 3135 309 640 3136 324 641 3137 325 670 3138 324 641 3139 340 671 3140 340 671 3141 324 641 3142 339 642 3143 340 671 3144 339 642 3145 370 672 3146 370 672 3147 339 642 3148 371 643 3149 370 672 3150 371 643 3151 355 673 3152 355 673 3153 371 643 3154 354 644 3155 355 673 3156 354 644 3157 385 674 3158 385 674 3159 354 644 3160 384 645 3161 385 674 3162 384 645 3163 400 675 3164 400 675 3165 384 645 3166 399 646 3167 400 675 3168 399 646 3169 415 676 3170 415 676 3171 399 646 3172 414 647 3173 415 676 3174 414 647 3175 430 677 3176 430 677 3177 414 647 3178 429 648 3179 430 677 3180 429 648 3181 445 678 3182 445 678 3183 429 648 3184 444 649 3185 445 678 3186 444 649 3187 475 679 3188 475 679 3189 444 649 3190 476 650 3191 475 679 3192 476 650 3193 460 680 3194 460 680 3195 476 650 3196 459 651 3197 460 680 3198 459 651 3199 490 681 3200 490 681 3201 459 651 3202 489 652 3203 490 681 3204 489 652 3205 505 682 3206 505 682 3207 489 652 3208 504 653 3209 505 682 3210 504 653 3211 520 683 3212 520 683 3213 504 653 3214 519 654 3215 520 683 3216 519 654 3217 535 684 3218 535 684 3219 519 654 3220 534 655 3221 535 684 3222 534 655 3223 550 685 3224 550 685 3225 534 655 3226 549 656 3227 550 685 3228 549 656 3229 565 686 3230 565 686 3231 549 656 3232 564 657 3233 565 686 3234 564 657 3235 580 687 3236 580 687 3237 564 657 3238 579 658 3239 580 687 3240 579 658 3241 595 688 3242 595 688 3243 579 658 3244 594 659 3245 595 688 3246 594 659 3247 610 689 3248 610 689 3249 594 659 3250 609 660 3251 610 689 3252 609 660 3253 625 690 3254 625 690 3255 609 660 3256 624 661 3257 625 690 3258 624 661 3259 640 691 3260 640 691 3261 624 661 3262 639 662 3263 640 691 3264 639 662 3265 655 692 3266 655 692 3267 639 662 3268 654 663 3269 655 692 3270 654 663 3271 670 693 3272 670 693 3273 654 663 3274 669 664 3275 670 693 3276 669 664 3277 685 694 3278 685 694 3279 669 664 3280 684 665 3281 685 694 3282 684 665 3283 700 695 3284 700 695 3285 684 665 3286 699 666 3287 700 695 3288 699 666 3289 715 390 3290 715 390 3291 699 666 3292 714 388 3293 266 208 3294 265 210 3295 281 696 3296 281 696 3297 265 210 3298 280 667 3299 281 696 3300 280 667 3301 296 697 3302 296 697 3303 280 667 3304 295 668 3305 296 697 3306 295 668 3307 311 698 3308 311 698 3309 295 668 3310 310 669 3311 311 698 3312 310 669 3313 326 699 3314 326 699 3315 310 669 3316 325 670 3317 326 699 3318 325 670 3319 341 700 3320 341 700 3321 325 670 3322 340 671 3323 341 700 3324 340 671 3325 369 701 3326 369 701 3327 340 671 3328 370 672 3329 369 701 3330 370 672 3331 356 702 3332 356 702 3333 370 672 3334 355 673 3335 356 702 3336 355 673 3337 386 703 3338 386 703 3339 355 673 3340 385 674 3341 386 703 3342 385 674 3343 401 704 3344 401 704 3345 385 674 3346 400 675 3347 401 704 3348 400 675 3349 416 705 3350 416 705 3351 400 675 3352 415 676 3353 416 705 3354 415 676 3355 431 706 3356 431 706 3357 415 676 3358 430 677 3359 431 706 3360 430 677 3361 446 707 3362 446 707 3363 430 677 3364 445 678 3365 446 707 3366 445 678 3367 474 708 3368 474 708 3369 445 678 3370 475 679 3371 474 708 3372 475 679 3373 461 709 3374 461 709 3375 475 679 3376 460 680 3377 461 709 3378 460 680 3379 491 710 3380 491 710 3381 460 680 3382 490 681 3383 491 710 3384 490 681 3385 506 711 3386 506 711 3387 490 681 3388 505 682 3389 506 711 3390 505 682 3391 521 712 3392 521 712 3393 505 682 3394 520 683 3395 521 712 3396 520 683 3397 536 713 3398 536 713 3399 520 683 3400 535 684 3401 536 713 3402 535 684 3403 551 714 3404 551 714 3405 535 684 3406 550 685 3407 551 714 3408 550 685 3409 566 715 3410 566 715 3411 550 685 3412 565 686 3413 566 715 3414 565 686 3415 581 716 3416 581 716 3417 565 686 3418 580 687 3419 581 716 3420 580 687 3421 596 717 3422 596 717 3423 580 687 3424 595 688 3425 596 717 3426 595 688 3427 611 718 3428 611 718 3429 595 688 3430 610 689 3431 611 718 3432 610 689 3433 626 719 3434 626 719 3435 610 689 3436 625 690 3437 626 719 3438 625 690 3439 641 720 3440 641 720 3441 625 690 3442 640 691 3443 641 720 3444 640 691 3445 656 721 3446 656 721 3447 640 691 3448 655 692 3449 656 721 3450 655 692 3451 671 722 3452 671 722 3453 655 692 3454 670 693 3455 671 722 3456 670 693 3457 686 723 3458 686 723 3459 670 693 3460 685 694 3461 686 723 3462 685 694 3463 701 724 3464 701 724 3465 685 694 3466 700 695 3467 701 724 3468 700 695 3469 716 392 3470 716 392 3471 700 695 3472 715 390 3473 283 454 3474 268 204 3475 267 206 3476 267 206 3477 266 208 3478 282 725 3479 282 725 3480 266 208 3481 281 696 3482 282 725 3483 281 696 3484 297 726 3485 297 726 3486 281 696 3487 296 697 3488 297 726 3489 296 697 3490 312 727 3491 312 727 3492 296 697 3493 311 698 3494 312 727 3495 311 698 3496 327 728 3497 327 728 3498 311 698 3499 326 699 3500 327 728 3501 326 699 3502 342 729 3503 342 729 3504 326 699 3505 341 700 3506 342 729 3507 341 700 3508 368 730 3509 368 730 3510 341 700 3511 369 701 3512 368 730 3513 369 701 3514 357 731 3515 357 731 3516 369 701 3517 356 702 3518 357 731 3519 356 702 3520 387 732 3521 387 732 3522 356 702 3523 386 703 3524 387 732 3525 386 703 3526 402 733 3527 402 733 3528 386 703 3529 401 704 3530 402 733 3531 401 704 3532 417 734 3533 417 734 3534 401 704 3535 416 705 3536 417 734 3537 416 705 3538 432 735 3539 432 735 3540 416 705 3541 431 706 3542 432 735 3543 431 706 3544 447 736 3545 447 736 3546 431 706 3547 446 707 3548 447 736 3549 446 707 3550 473 737 3551 473 737 3552 446 707 3553 474 708 3554 473 737 3555 474 708 3556 462 738 3557 462 738 3558 474 708 3559 461 709 3560 462 738 3561 461 709 3562 492 739 3563 492 739 3564 461 709 3565 491 710 3566 492 739 3567 491 710 3568 507 740 3569 507 740 3570 491 710 3571 506 711 3572 507 740 3573 506 711 3574 522 741 3575 522 741 3576 506 711 3577 521 712 3578 522 741 3579 521 712 3580 537 742 3581 537 742 3582 521 712 3583 536 713 3584 537 742 3585 536 713 3586 552 743 3587 552 743 3588 536 713 3589 551 714 3590 552 743 3591 551 714 3592 567 744 3593 567 744 3594 551 714 3595 566 715 3596 567 744 3597 566 715 3598 582 745 3599 582 745 3600 566 715 3601 581 716 3602 582 745 3603 581 716 3604 597 746 3605 597 746 3606 581 716 3607 596 717 3608 597 746 3609 596 717 3610 612 747 3611 612 747 3612 596 717 3613 611 718 3614 612 747 3615 611 718 3616 627 748 3617 627 748 3618 611 718 3619 626 719 3620 627 748 3621 626 719 3622 642 749 3623 642 749 3624 626 719 3625 641 720 3626 642 749 3627 641 720 3628 657 750 3629 657 750 3630 641 720 3631 656 721 3632 657 750 3633 656 721 3634 672 751 3635 672 751 3636 656 721 3637 671 722 3638 672 751 3639 671 722 3640 687 752 3641 687 752 3642 671 722 3643 686 723 3644 687 752 3645 686 723 3646 702 753 3647 702 753 3648 686 723 3649 701 724 3650 702 753 3651 701 724 3652 717 394 3653 717 394 3654 701 724 3655 716 392 3656 298 452 3657 283 454 3658 282 725 3659 282 725 3660 283 454 3661 267 206 3662 298 452 3663 282 725 3664 297 726 3665 313 450 3666 298 452 3667 297 726 3668 313 450 3669 297 726 3670 312 727 3671 328 448 3672 313 450 3673 312 727 3674 328 448 3675 312 727 3676 327 728 3677 343 446 3678 328 448 3679 327 728 3680 343 446 3681 327 728 3682 342 729 3683 367 444 3684 343 446 3685 342 729 3686 367 444 3687 342 729 3688 368 730 3689 367 444 3690 368 730 3691 358 442 3692 358 442 3693 368 730 3694 357 731 3695 358 442 3696 357 731 3697 388 440 3698 388 440 3699 357 731 3700 387 732 3701 388 440 3702 387 732 3703 403 438 3704 403 438 3705 387 732 3706 402 733 3707 403 438 3708 402 733 3709 418 436 3710 418 436 3711 402 733 3712 417 734 3713 418 436 3714 417 734 3715 433 434 3716 433 434 3717 417 734 3718 432 735 3719 433 434 3720 432 735 3721 448 432 3722 448 432 3723 432 735 3724 447 736 3725 448 432 3726 447 736 3727 472 430 3728 472 430 3729 447 736 3730 473 737 3731 472 430 3732 473 737 3733 463 428 3734 463 428 3735 473 737 3736 462 738 3737 463 428 3738 462 738 3739 493 426 3740 493 426 3741 462 738 3742 492 739 3743 493 426 3744 492 739 3745 508 424 3746 508 424 3747 492 739 3748 507 740 3749 508 424 3750 507 740 3751 523 422 3752 523 422 3753 507 740 3754 522 741 3755 523 422 3756 522 741 3757 538 420 3758 538 420 3759 522 741 3760 537 742 3761 538 420 3762 537 742 3763 553 418 3764 553 418 3765 537 742 3766 552 743 3767 553 418 3768 552 743 3769 568 416 3770 568 416 3771 552 743 3772 567 744 3773 568 416 3774 567 744 3775 583 414 3776 583 414 3777 567 744 3778 582 745 3779 583 414 3780 582 745 3781 598 412 3782 598 412 3783 582 745 3784 597 746 3785 598 412 3786 597 746 3787 613 410 3788 613 410 3789 597 746 3790 612 747 3791 613 410 3792 612 747 3793 628 408 3794 628 408 3795 612 747 3796 627 748 3797 628 408 3798 627 748 3799 643 406 3800 643 406 3801 627 748 3802 642 749 3803 643 406 3804 642 749 3805 658 404 3806 658 404 3807 642 749 3808 657 750 3809 658 404 3810 657 750 3811 673 402 3812 673 402 3813 657 750 3814 672 751 3815 673 402 3816 672 751 3817 688 400 3818 688 400 3819 672 751 3820 687 752 3821 688 400 3822 687 752 3823 703 398 3824 703 398 3825 687 752 3826 702 753 3827 703 398 3828 702 753 3829 718 396 3830 718 396 3831 702 753 3832 717 394 3833 723 754 3834 724 755 3835 762 756 3836 762 756 3837 724 755 3838 763 757 3839 762 756 3840 763 757 3841 761 758 3842 761 758 3843 763 757 3844 764 759 3845 761 758 3846 764 759 3847 760 760 3848 760 760 3849 764 759 3850 759 761 3851 759 761 3852 764 759 3853 758 762 3854 758 762 3855 764 759 3856 765 763 3857 758 762 3858 765 763 3859 757 764 3860 757 764 3861 765 763 3862 766 765 3863 757 764 3864 766 765 3865 756 766 3866 756 766 3867 766 765 3868 767 767 3869 756 766 3870 767 767 3871 755 768 3872 755 768 3873 767 767 3874 754 769 3875 754 769 3876 767 767 3877 768 770 3878 754 769 3879 768 770 3880 753 771 3881 753 771 3882 768 770 3883 769 772 3884 753 771 3885 769 772 3886 752 773 3887 752 773 3888 769 772 3889 751 774 3890 751 774 3891 769 772 3892 770 775 3893 751 774 3894 770 775 3895 750 776 3896 750 776 3897 770 775 3898 771 777 3899 750 776 3900 771 777 3901 749 778 3902 749 778 3903 771 777 3904 772 779 3905 749 778 3906 772 779 3907 748 780 3908 748 780 3909 772 779 3910 773 781 3911 748 780 3912 773 781 3913 747 782 3914 747 782 3915 773 781 3916 774 783 3917 747 782 3918 774 783 3919 746 784 3920 746 784 3921 774 783 3922 775 785 3923 746 784 3924 775 785 3925 745 786 3926 745 786 3927 775 785 3928 776 787 3929 745 786 3930 776 787 3931 744 788 3932 744 788 3933 776 787 3934 743 789 3935 743 789 3936 776 787 3937 777 790 3938 743 789 3939 777 790 3940 742 791 3941 742 791 3942 777 790 3943 741 792 3944 741 792 3945 777 790 3946 740 793 3947 740 793 3948 777 790 3949 739 794 3950 739 794 3951 777 790 3952 776 787 3953 739 794 3954 776 787 3955 738 795 3956 738 795 3957 776 787 3958 775 785 3959 738 795 3960 775 785 3961 737 796 3962 737 796 3963 775 785 3964 774 783 3965 737 796 3966 774 783 3967 736 797 3968 736 797 3969 774 783 3970 773 781 3971 736 797 3972 773 781 3973 735 798 3974 735 798 3975 773 781 3976 772 779 3977 735 798 3978 772 779 3979 734 799 3980 734 799 3981 772 779 3982 771 777 3983 734 799 3984 771 777 3985 770 775 3986 724 755 3987 725 800 3988 763 757 3989 763 757 3990 725 800 3991 726 801 3992 763 757 3993 726 801 3994 764 759 3995 764 759 3996 726 801 3997 727 802 3998 764 759 3999 727 802 4000 765 763 4001 765 763 4002 727 802 4003 728 803 4004 765 763 4005 728 803 4006 766 765 4007 766 765 4008 728 803 4009 729 804 4010 766 765 4011 729 804 4012 767 767 4013 767 767 4014 729 804 4015 730 805 4016 767 767 4017 730 805 4018 768 770 4019 768 770 4020 730 805 4021 731 806 4022 768 770 4023 731 806 4024 769 772 4025 769 772 4026 731 806 4027 732 65 4028 769 772 4029 732 65 4030 733 807 4031 769 772 4032 733 807 4033 770 775 4034 770 775 4035 733 807 4036 734 799 4037 778 808 4038 779 809 4039 811 810 4040 811 810 4041 779 809 4042 812 811 4043 811 810 4044 812 811 4045 810 812 4046 810 812 4047 812 811 4048 813 813 4049 810 812 4050 813 813 4051 809 814 4052 809 814 4053 813 813 4054 814 815 4055 809 814 4056 814 815 4057 808 816 4058 808 816 4059 814 815 4060 815 817 4061 808 816 4062 815 817 4063 807 818 4064 807 818 4065 815 817 4066 816 819 4067 807 818 4068 816 819 4069 806 820 4070 806 820 4071 816 819 4072 817 821 4073 806 820 4074 817 821 4075 805 822 4076 805 822 4077 817 821 4078 818 823 4079 805 822 4080 818 823 4081 804 824 4082 804 824 4083 818 823 4084 803 825 4085 803 825 4086 818 823 4087 819 826 4088 803 825 4089 819 826 4090 802 827 4091 802 827 4092 819 826 4093 820 828 4094 802 827 4095 820 828 4096 821 829 4097 821 829 4098 820 828 4099 789 830 4100 821 829 4101 789 830 4102 790 831 4103 779 809 4104 780 832 4105 812 811 4106 812 811 4107 780 832 4108 781 833 4109 812 811 4110 781 833 4111 813 813 4112 813 813 4113 781 833 4114 782 834 4115 813 813 4116 782 834 4117 814 815 4118 814 815 4119 782 834 4120 783 835 4121 814 815 4122 783 835 4123 815 817 4124 815 817 4125 783 835 4126 784 836 4127 815 817 4128 784 836 4129 816 819 4130 816 819 4131 784 836 4132 785 837 4133 816 819 4134 785 837 4135 817 821 4136 817 821 4137 785 837 4138 786 838 4139 817 821 4140 786 838 4141 818 823 4142 818 823 4143 786 838 4144 787 65 4145 818 823 4146 787 65 4147 788 839 4148 818 823 4149 788 839 4150 819 826 4151 819 826 4152 788 839 4153 789 830 4154 819 826 4155 789 830 4156 820 828 4157 821 829 4158 790 831 4159 822 840 4160 822 840 4161 790 831 4162 791 841 4163 822 840 4164 791 841 4165 823 842 4166 823 842 4167 791 841 4168 792 843 4169 823 842 4170 792 843 4171 824 844 4172 824 844 4173 792 843 4174 793 845 4175 824 844 4176 793 845 4177 825 846 4178 825 846 4179 793 845 4180 794 847 4181 825 846 4182 794 847 4183 826 848 4184 826 848 4185 794 847 4186 795 849 4187 826 848 4188 795 849 4189 796 850 4190 796 850 4191 797 851 4192 826 848 4193 826 848 4194 797 851 4195 825 846 4196 797 851 4197 798 852 4198 825 846 4199 825 846 4200 798 852 4201 824 844 4202 798 852 4203 799 853 4204 824 844 4205 824 844 4206 799 853 4207 823 842 4208 799 853 4209 800 854 4210 823 842 4211 823 842 4212 800 854 4213 822 840 4214 800 854 4215 801 855 4216 822 840 4217 822 840 4218 801 855 4219 821 829 4220 801 855 4221 802 827 4222 821 829 4223 761 65 4224 760 65 4225 828 65 4226 828 65 4227 760 65 4228 35 65 4229 828 65 4230 35 65 4231 827 65 4232 827 65 4233 761 65 4234 828 65 4235 832 856 4236 829 856 4237 833 856 4238 833 856 4239 829 856 4240 830 856 4241 833 856 4242 830 856 4243 831 856 4244 831 856 4245 832 856 4246 833 856 4247 827 857 4248 35 857 4249 834 857 4250 834 857 4251 35 857 4252 829 857 4253 834 857 4254 829 857 4255 832 857 4256 832 857 4257 827 857 4258 834 857 4259 761 858 4260 827 858 4261 836 858 4262 836 858 4263 827 858 4264 832 858 4265 836 858 4266 832 858 4267 831 858 4268 831 858 4269 835 858 4270 836 858 4271 836 858 4272 835 858 4273 723 858 4274 836 858 4275 723 858 4276 762 858 4277 762 858 4278 761 858 4279 836 858 4280 34 859 4281 829 860 4282 837 861 4283 837 861 4284 829 860 4285 35 862 4286 837 861 4287 35 862 4288 34 859 4289 889 962 4590 870 962 4591 890 962 4592 890 962 4593 870 962 4594 67 962 4595 890 962 4596 67 962 4597 888 962 4598 888 962 4599 889 962 4600 890 962 4601 891 856 4602 871 856 4603 892 856 4604 892 856 4605 871 856 4606 870 856 4607 892 856 4608 870 856 4609 889 856 4610 889 856 4611 891 856 4612 892 856 4613 888 65 4614 67 65 4615 893 65 4616 893 65 4617 67 65 4618 744 65 4619 893 65 4620 744 65 4621 743 65 4622 743 65 4623 888 65 4624 893 65 4625 889 858 4626 888 858 4627 895 963 4628 895 963 4629 888 858 4630 743 858 4631 895 963 4632 743 858 4633 742 964 4634 742 964 4635 741 965 4636 895 963 4637 895 963 4638 741 965 4639 894 858 4640 895 963 4641 894 858 4642 891 858 4643 891 858 4644 889 858 4645 895 963 4646 0 966 4647 67 967 4648 896 968 4649 896 968 4650 67 967 4651 870 969 4652 896 968 4653 870 969 4654 0 966 4655 926 970 4656 779 809 4657 928 971 4658 928 971 4659 779 809 4660 778 808 4661 928 971 4662 778 808 4663 897 972 4664 928 971 4665 897 972 4666 927 973 4667 927 973 4668 897 972 4669 898 974 4670 927 973 4671 898 974 4672 929 975 4673 929 975 4674 898 974 4675 899 976 4676 929 975 4677 899 976 4678 930 977 4679 930 977 4680 899 976 4681 900 978 4682 930 977 4683 900 978 4684 931 979 4685 931 979 4686 900 978 4687 901 980 4688 931 979 4689 901 980 4690 932 981 4691 932 981 4692 901 980 4693 902 982 4694 932 981 4695 902 982 4696 933 983 4697 933 983 4698 902 982 4699 934 984 4700 933 983 4701 934 984 4702 921 985 4703 921 985 4704 934 984 4705 920 986 4706 920 986 4707 934 984 4708 935 987 4709 920 986 4710 935 987 4711 919 988 4712 919 988 4713 935 987 4714 918 989 4715 918 989 4716 935 987 4717 936 990 4718 918 989 4719 936 990 4720 917 991 4721 917 991 4722 936 990 4723 937 992 4724 917 991 4725 937 992 4726 916 993 4727 916 993 4728 937 992 4729 938 994 4730 916 993 4731 938 994 4732 915 995 4733 915 995 4734 938 994 4735 939 996 4736 915 995 4737 939 996 4738 914 997 4739 914 997 4740 939 996 4741 940 998 4742 914 997 4743 940 998 4744 913 999 4745 913 999 4746 940 998 4747 941 1000 4748 913 999 4749 941 1000 4750 912 1001 4751 912 1001 4752 941 1000 4753 795 849 4754 795 849 4755 941 1000 4756 911 1002 4757 795 849 4758 911 1002 4759 796 850 4760 902 982 4761 903 1003 4762 934 984 4763 934 984 4764 903 1003 4765 935 987 4766 903 1003 4767 904 1004 4768 935 987 4769 935 987 4770 904 1004 4771 905 1005 4772 935 987 4773 905 1005 4774 936 990 4775 936 990 4776 905 1005 4777 906 1006 4778 936 990 4779 906 1006 4780 937 992 4781 937 992 4782 906 1006 4783 907 1007 4784 937 992 4785 907 1007 4786 938 994 4787 938 994 4788 907 1007 4789 908 1008 4790 938 994 4791 908 1008 4792 939 996 4793 939 996 4794 908 1008 4795 909 1009 4796 939 996 4797 909 1009 4798 940 998 4799 940 998 4800 909 1009 4801 910 1010 4802 940 998 4803 910 1010 4804 941 1000 4805 941 1000 4806 910 1010 4807 911 1002 4808 933 983 4809 921 985 4810 932 981 4811 932 981 4812 921 985 4813 922 1011 4814 932 981 4815 922 1011 4816 931 979 4817 931 979 4818 922 1011 4819 923 1012 4820 931 979 4821 923 1012 4822 930 977 4823 930 977 4824 923 1012 4825 924 1013 4826 930 977 4827 924 1013 4828 929 975 4829 929 975 4830 924 1013 4831 925 1014 4832 929 975 4833 925 1014 4834 927 973 4835 927 973 4836 925 1014 4837 926 970 4838 927 973 4839 926 970 4840 928 971 4841 897 858 4842 778 858 4843 942 858 4844 942 858 4845 778 858 4846 811 858 4847 942 858 4848 811 858 4849 810 858 4850 810 858 4851 809 858 4852 942 858 4853 942 858 4854 809 858 4855 808 858 4856 942 858 4857 808 858 4858 807 858 4859 807 858 4860 806 858 4861 942 858 4862 942 858 4863 806 858 4864 805 858 4865 942 858 4866 805 858 4867 804 858 4868 804 858 4869 803 858 4870 942 858 4871 942 858 4872 803 858 4873 802 858 4874 942 858 4875 802 858 4876 801 858 4877 801 858 4878 800 858 4879 942 858 4880 942 858 4881 800 858 4882 799 858 4883 942 858 4884 799 858 4885 798 858 4886 798 858 4887 797 858 4888 942 858 4889 942 858 4890 797 858 4891 796 858 4892 942 858 4893 796 858 4894 911 858 4895 911 858 4896 910 858 4897 942 858 4898 942 858 4899 910 858 4900 909 858 4901 942 858 4902 909 858 4903 908 858 4904 908 858 4905 907 858 4906 942 858 4907 942 858 4908 907 858 4909 906 858 4910 942 858 4911 906 858 4912 905 858 4913 905 858 4914 904 858 4915 942 858 4916 942 858 4917 904 858 4918 903 858 4919 942 858 4920 903 858 4921 902 858 4922 902 858 4923 901 858 4924 942 858 4925 942 858 4926 901 858 4927 900 858 4928 942 858 4929 900 858 4930 899 858 4931 899 858 4932 898 858 4933 942 858 4934 942 858 4935 898 858 4936 897 858 4937 957 1015 4938 724 755 4939 959 1016 4940 959 1016 4941 724 755 4942 723 754 4943 959 1016 4944 723 754 4945 835 1017 4946 835 1017 4947 831 1018 4948 959 1016 4949 959 1016 4950 831 1018 4951 958 1019 4952 959 1016 4953 958 1019 4954 957 1015 4955 957 1015 4956 958 1019 4957 956 1020 4958 956 1020 4959 958 1019 4960 960 1021 4961 956 1020 4962 960 1021 4963 955 1022 4964 955 1022 4965 960 1021 4966 961 1023 4967 955 1022 4968 961 1023 4969 954 1024 4970 954 1024 4971 961 1023 4972 962 1025 4973 954 1024 4974 962 1025 4975 953 1026 4976 953 1026 4977 962 1025 4978 963 1027 4979 953 1026 4980 963 1027 4981 952 1028 4982 952 1028 4983 963 1027 4984 964 1029 4985 952 1028 4986 964 1029 4987 965 1030 4988 965 1030 4989 964 1029 4990 881 1031 4991 965 1030 4992 881 1031 4993 880 1032 4994 831 1018 4995 830 1033 4996 958 1019 4997 958 1019 4998 830 1033 4999 886 1034 5000 958 1019 5001 886 1034 5002 960 1021 5003 960 1021 5004 886 1034 5005 885 1035 5006 960 1021 5007 885 1035 5008 961 1023 5009 961 1023 5010 885 1035 5011 884 1036 5012 961 1023 5013 884 1036 5014 962 1025 5015 962 1025 5016 884 1036 5017 883 1037 5018 962 1025 5019 883 1037 5020 963 1027 5021 963 1027 5022 883 1037 5023 882 1038 5024 963 1027 5025 882 1038 5026 964 1029 5027 964 1029 5028 882 1038 5029 881 1031 5030 965 1030 5031 880 1032 5032 966 1039 5033 966 1039 5034 880 1032 5035 879 856 5036 966 1039 5037 879 856 5038 878 1040 5039 966 1039 5040 878 1040 5041 967 1041 5042 967 1041 5043 878 1040 5044 877 1042 5045 967 1041 5046 877 1042 5047 968 1043 5048 968 1043 5049 877 1042 5050 876 1044 5051 968 1043 5052 876 1044 5053 875 1045 5054 968 1043 5055 875 1045 5056 969 1046 5057 969 1046 5058 875 1045 5059 874 1047 5060 969 1046 5061 874 1047 5062 970 1048 5063 970 1048 5064 874 1047 5065 873 1049 5066 970 1048 5067 873 1049 5068 971 1050 5069 971 1050 5070 873 1049 5071 872 1051 5072 971 1050 5073 872 1051 5074 871 1052 5075 871 1052 5076 891 1053 5077 971 1050 5078 971 1050 5079 891 1053 5080 972 1054 5081 971 1050 5082 972 1054 5083 944 1055 5084 944 1055 5085 972 1054 5086 943 1056 5087 943 1056 5088 972 1054 5089 740 793 5090 740 793 5091 972 1054 5092 894 1057 5093 740 793 5094 894 1057 5095 741 792 5096 891 1053 5097 894 1057 5098 972 1054 5099 944 1055 5100 945 1058 5101 971 1050 5102 971 1050 5103 945 1058 5104 970 1048 5105 945 1058 5106 946 1059 5107 970 1048 5108 970 1048 5109 946 1059 5110 969 1046 5111 946 1059 5112 947 1060 5113 969 1046 5114 969 1046 5115 947 1060 5116 968 1043 5117 947 1060 5118 948 1061 5119 968 1043 5120 968 1043 5121 948 1061 5122 967 1041 5123 948 1061 5124 949 1062 5125 967 1041 5126 967 1041 5127 949 1062 5128 966 1039 5129 949 1062 5130 950 1063 5131 966 1039 5132 966 1039 5133 950 1063 5134 951 1064 5135 966 1039 5136 951 1064 5137 965 1030 5138 965 1030 5139 951 1064 5140 952 1028 5141 17 351 5334 210 350 5335 18 1101 5336 18 1101 5337 210 350 5338 1017 1102 5339 18 1101 5340 1017 1102 5341 19 1103 5342 19 1103 5343 1017 1102 5344 1032 1104 5345 19 1103 5346 1032 1104 5347 20 1105 5348 20 1105 5349 1032 1104 5350 1047 1106 5351 20 1105 5352 1047 1106 5353 21 1107 5354 21 1107 5355 1047 1106 5356 1062 1108 5357 21 1107 5358 1062 1108 5359 22 1109 5360 22 1109 5361 1062 1108 5362 1077 1110 5363 22 1109 5364 1077 1110 5365 23 1111 5366 23 1111 5367 1077 1110 5368 1092 1112 5369 23 1111 5370 1092 1112 5371 24 1113 5372 24 1113 5373 1092 1112 5374 1107 1114 5375 24 1113 5376 1107 1114 5377 25 1115 5378 25 1115 5379 1107 1114 5380 26 1116 5381 26 1116 5382 1107 1114 5383 1122 1117 5384 26 1116 5385 1122 1117 5386 27 1118 5387 27 1118 5388 1122 1117 5389 1137 1119 5390 27 1118 5391 1137 1119 5392 28 1120 5393 28 1120 5394 1137 1119 5395 1152 1121 5396 28 1120 5397 1152 1121 5398 29 1122 5399 29 1122 5400 1152 1121 5401 1167 1123 5402 29 1122 5403 1167 1123 5404 30 1124 5405 30 1124 5406 1167 1123 5407 1182 1125 5408 30 1124 5409 1182 1125 5410 31 1126 5411 31 1126 5412 1182 1125 5413 1197 1127 5414 31 1126 5415 1197 1127 5416 32 1128 5417 32 1128 5418 1197 1127 5419 1212 1129 5420 32 1128 5421 1212 1129 5422 33 1130 5423 33 1130 5424 1212 1129 5425 1002 1131 5426 1002 1131 5427 1212 1129 5428 1227 1132 5429 1002 1131 5430 1227 1132 5431 1001 1133 5432 1001 1133 5433 1227 1132 5434 1242 1134 5435 1001 1133 5436 1242 1134 5437 1000 1135 5438 1000 1135 5439 1242 1134 5440 1257 1136 5441 1000 1135 5442 1257 1136 5443 999 1137 5444 999 1137 5445 1257 1136 5446 1273 1138 5447 999 1137 5448 1273 1138 5449 1272 1139 5450 1272 1139 5451 1273 1138 5452 1274 1140 5453 1272 1139 5454 1274 1140 5455 1271 1141 5456 1271 1141 5457 1274 1140 5458 1275 1142 5459 1271 1141 5460 1275 1142 5461 1270 1143 5462 1270 1143 5463 1275 1142 5464 1276 1144 5465 1270 1143 5466 1276 1144 5467 1269 1145 5468 1269 1145 5469 1276 1144 5470 1277 1146 5471 1269 1145 5472 1277 1146 5473 1268 1147 5474 1268 1147 5475 1277 1146 5476 1278 1148 5477 1268 1147 5478 1278 1148 5479 1267 1149 5480 1267 1149 5481 1278 1148 5482 1279 1150 5483 1267 1149 5484 1279 1150 5485 1266 1151 5486 1266 1151 5487 1279 1150 5488 1280 1152 5489 1266 1151 5490 1280 1152 5491 1265 1153 5492 1265 1153 5493 1280 1152 5494 1281 1154 5495 1265 1153 5496 1281 1154 5497 1264 1155 5498 1264 1155 5499 1281 1154 5500 1282 1156 5501 1264 1155 5502 1282 1156 5503 1263 1157 5504 1263 1157 5505 1282 1156 5506 1283 1158 5507 1263 1157 5508 1283 1158 5509 1262 1159 5510 1262 1159 5511 1283 1158 5512 1284 1160 5513 1262 1159 5514 1284 1160 5515 1261 1161 5516 1261 1161 5517 1284 1160 5518 1285 1162 5519 1261 1161 5520 1285 1162 5521 1260 1163 5522 1260 1163 5523 1285 1162 5524 1286 1164 5525 1260 1163 5526 1286 1164 5527 1259 1165 5528 1259 1165 5529 1286 1164 5530 1287 1166 5531 1259 1165 5532 1287 1166 5533 1258 1167 5534 1258 1167 5535 1287 1166 5536 976 1168 5537 1258 1167 5538 976 1168 5539 977 1169 5540 210 350 5541 209 319 5542 1017 1102 5543 1017 1102 5544 209 319 5545 1016 1170 5546 1017 1102 5547 1016 1170 5548 1032 1104 5549 1032 1104 5550 1016 1170 5551 1031 1171 5552 1032 1104 5553 1031 1171 5554 1047 1106 5555 1047 1106 5556 1031 1171 5557 1046 1172 5558 1047 1106 5559 1046 1172 5560 1062 1108 5561 1062 1108 5562 1046 1172 5563 1061 1173 5564 1062 1108 5565 1061 1173 5566 1077 1110 5567 1077 1110 5568 1061 1173 5569 1076 1174 5570 1077 1110 5571 1076 1174 5572 1092 1112 5573 1092 1112 5574 1076 1174 5575 1091 1175 5576 1092 1112 5577 1091 1175 5578 1107 1114 5579 1107 1114 5580 1091 1175 5581 1106 1176 5582 1107 1114 5583 1106 1176 5584 1122 1117 5585 1122 1117 5586 1106 1176 5587 1121 1177 5588 1122 1117 5589 1121 1177 5590 1137 1119 5591 1137 1119 5592 1121 1177 5593 1136 1178 5594 1137 1119 5595 1136 1178 5596 1152 1121 5597 1152 1121 5598 1136 1178 5599 1151 1179 5600 1152 1121 5601 1151 1179 5602 1167 1123 5603 1167 1123 5604 1151 1179 5605 1166 1180 5606 1167 1123 5607 1166 1180 5608 1182 1125 5609 1182 1125 5610 1166 1180 5611 1181 1181 5612 1182 1125 5613 1181 1181 5614 1197 1127 5615 1197 1127 5616 1181 1181 5617 1196 1182 5618 1197 1127 5619 1196 1182 5620 1212 1129 5621 1212 1129 5622 1196 1182 5623 1211 1183 5624 1212 1129 5625 1211 1183 5626 1227 1132 5627 1227 1132 5628 1211 1183 5629 1226 1184 5630 1227 1132 5631 1226 1184 5632 1242 1134 5633 1242 1134 5634 1226 1184 5635 1241 1185 5636 1242 1134 5637 1241 1185 5638 1257 1136 5639 1257 1136 5640 1241 1185 5641 1256 1186 5642 1257 1136 5643 1256 1186 5644 1273 1138 5645 1273 1138 5646 1256 1186 5647 1274 1140 5648 209 319 5649 208 288 5650 1016 1170 5651 1016 1170 5652 208 288 5653 1015 1187 5654 1016 1170 5655 1015 1187 5656 1031 1171 5657 1031 1171 5658 1015 1187 5659 1030 1188 5660 1031 1171 5661 1030 1188 5662 1046 1172 5663 1046 1172 5664 1030 1188 5665 1045 1189 5666 1046 1172 5667 1045 1189 5668 1061 1173 5669 1061 1173 5670 1045 1189 5671 1060 1190 5672 1061 1173 5673 1060 1190 5674 1076 1174 5675 1076 1174 5676 1060 1190 5677 1075 1191 5678 1076 1174 5679 1075 1191 5680 1091 1175 5681 1091 1175 5682 1075 1191 5683 1090 1192 5684 1091 1175 5685 1090 1192 5686 1106 1176 5687 1106 1176 5688 1090 1192 5689 1105 1193 5690 1106 1176 5691 1105 1193 5692 1121 1177 5693 1121 1177 5694 1105 1193 5695 1120 1194 5696 1121 1177 5697 1120 1194 5698 1136 1178 5699 1136 1178 5700 1120 1194 5701 1135 1195 5702 1136 1178 5703 1135 1195 5704 1151 1179 5705 1151 1179 5706 1135 1195 5707 1150 1196 5708 1151 1179 5709 1150 1196 5710 1166 1180 5711 1166 1180 5712 1150 1196 5713 1165 1197 5714 1166 1180 5715 1165 1197 5716 1181 1181 5717 1181 1181 5718 1165 1197 5719 1180 1198 5720 1181 1181 5721 1180 1198 5722 1196 1182 5723 1196 1182 5724 1180 1198 5725 1195 1199 5726 1196 1182 5727 1195 1199 5728 1211 1183 5729 1211 1183 5730 1195 1199 5731 1210 1200 5732 1211 1183 5733 1210 1200 5734 1226 1184 5735 1226 1184 5736 1210 1200 5737 1225 1201 5738 1226 1184 5739 1225 1201 5740 1241 1185 5741 1241 1185 5742 1225 1201 5743 1240 1202 5744 1241 1185 5745 1240 1202 5746 1256 1186 5747 1256 1186 5748 1240 1202 5749 1255 1203 5750 1256 1186 5751 1255 1203 5752 1274 1140 5753 1274 1140 5754 1255 1203 5755 1275 1142 5756 208 288 5757 207 217 5758 1015 1187 5759 1015 1187 5760 207 217 5761 1014 1204 5762 1015 1187 5763 1014 1204 5764 1030 1188 5765 1030 1188 5766 1014 1204 5767 1029 1205 5768 1030 1188 5769 1029 1205 5770 1045 1189 5771 1045 1189 5772 1029 1205 5773 1044 1206 5774 1045 1189 5775 1044 1206 5776 1060 1190 5777 1060 1190 5778 1044 1206 5779 1059 1207 5780 1060 1190 5781 1059 1207 5782 1075 1191 5783 1075 1191 5784 1059 1207 5785 1074 1208 5786 1075 1191 5787 1074 1208 5788 1090 1192 5789 1090 1192 5790 1074 1208 5791 1089 1209 5792 1090 1192 5793 1089 1209 5794 1105 1193 5795 1105 1193 5796 1089 1209 5797 1104 1210 5798 1105 1193 5799 1104 1210 5800 1120 1194 5801 1120 1194 5802 1104 1210 5803 1119 1211 5804 1120 1194 5805 1119 1211 5806 1135 1195 5807 1135 1195 5808 1119 1211 5809 1134 1212 5810 1135 1195 5811 1134 1212 5812 1150 1196 5813 1150 1196 5814 1134 1212 5815 1149 1213 5816 1150 1196 5817 1149 1213 5818 1165 1197 5819 1165 1197 5820 1149 1213 5821 1164 1214 5822 1165 1197 5823 1164 1214 5824 1180 1198 5825 1180 1198 5826 1164 1214 5827 1179 1215 5828 1180 1198 5829 1179 1215 5830 1195 1199 5831 1195 1199 5832 1179 1215 5833 1194 1216 5834 1195 1199 5835 1194 1216 5836 1210 1200 5837 1210 1200 5838 1194 1216 5839 1209 1217 5840 1210 1200 5841 1209 1217 5842 1225 1201 5843 1225 1201 5844 1209 1217 5845 1224 1218 5846 1225 1201 5847 1224 1218 5848 1240 1202 5849 1240 1202 5850 1224 1218 5851 1239 1219 5852 1240 1202 5853 1239 1219 5854 1255 1203 5855 1255 1203 5856 1239 1219 5857 1254 1220 5858 1255 1203 5859 1254 1220 5860 1275 1142 5861 1275 1142 5862 1254 1220 5863 1276 1144 5864 207 217 5865 206 215 5866 1014 1204 5867 1014 1204 5868 206 215 5869 205 213 5870 1014 1204 5871 205 213 5872 1013 1221 5873 1013 1221 5874 205 213 5875 204 211 5876 1013 1221 5877 204 211 5878 1012 1222 5879 1012 1222 5880 204 211 5881 203 209 5882 1012 1222 5883 203 209 5884 1011 1223 5885 1011 1223 5886 203 209 5887 202 207 5888 1011 1223 5889 202 207 5890 1010 1224 5891 1010 1224 5892 202 207 5893 201 205 5894 1010 1224 5895 201 205 5896 1009 1225 5897 1009 1225 5898 201 205 5899 200 203 5900 1009 1225 5901 200 203 5902 1008 1226 5903 1008 1226 5904 200 203 5905 199 202 5906 1008 1226 5907 199 202 5908 1007 1227 5909 1007 1227 5910 199 202 5911 1006 1228 5912 1007 1227 5913 1006 1228 5914 1022 1229 5915 1022 1229 5916 1006 1228 5917 1021 1230 5918 1022 1229 5919 1021 1230 5920 1037 1231 5921 1037 1231 5922 1021 1230 5923 1036 1232 5924 1037 1231 5925 1036 1232 5926 1052 1233 5927 1052 1233 5928 1036 1232 5929 1051 1234 5930 1052 1233 5931 1051 1234 5932 1067 1235 5933 1067 1235 5934 1051 1234 5935 1066 1236 5936 1067 1235 5937 1066 1236 5938 1082 1237 5939 1082 1237 5940 1066 1236 5941 1081 1238 5942 1082 1237 5943 1081 1238 5944 1097 1239 5945 1097 1239 5946 1081 1238 5947 1096 1240 5948 1097 1239 5949 1096 1240 5950 1112 1241 5951 1112 1241 5952 1096 1240 5953 1111 1242 5954 1112 1241 5955 1111 1242 5956 1127 1243 5957 1127 1243 5958 1111 1242 5959 1126 1244 5960 1127 1243 5961 1126 1244 5962 1142 1245 5963 1142 1245 5964 1126 1244 5965 1141 1246 5966 1142 1245 5967 1141 1246 5968 1157 1247 5969 1157 1247 5970 1141 1246 5971 1156 1248 5972 1157 1247 5973 1156 1248 5974 1172 1249 5975 1172 1249 5976 1156 1248 5977 1171 1250 5978 1172 1249 5979 1171 1250 5980 1187 1251 5981 1187 1251 5982 1171 1250 5983 1186 1252 5984 1187 1251 5985 1186 1252 5986 1202 1253 5987 1202 1253 5988 1186 1252 5989 1201 1254 5990 1202 1253 5991 1201 1254 5992 1217 1255 5993 1217 1255 5994 1201 1254 5995 1216 1256 5996 1217 1255 5997 1216 1256 5998 1232 1257 5999 1232 1257 6000 1216 1256 6001 1231 1258 6002 1232 1257 6003 1231 1258 6004 1247 1259 6005 1247 1259 6006 1231 1258 6007 1246 1260 6008 1247 1259 6009 1246 1260 6010 1283 1158 6011 1283 1158 6012 1246 1260 6013 1284 1160 6014 199 202 6015 198 200 6016 1006 1228 6017 1006 1228 6018 198 200 6019 1005 1261 6020 1006 1228 6021 1005 1261 6022 1021 1230 6023 1021 1230 6024 1005 1261 6025 1020 1262 6026 1021 1230 6027 1020 1262 6028 1036 1232 6029 1036 1232 6030 1020 1262 6031 1035 1263 6032 1036 1232 6033 1035 1263 6034 1051 1234 6035 1051 1234 6036 1035 1263 6037 1050 1264 6038 1051 1234 6039 1050 1264 6040 1066 1236 6041 1066 1236 6042 1050 1264 6043 1065 1265 6044 1066 1236 6045 1065 1265 6046 1081 1238 6047 1081 1238 6048 1065 1265 6049 1080 1266 6050 1081 1238 6051 1080 1266 6052 1096 1240 6053 1096 1240 6054 1080 1266 6055 1095 1267 6056 1096 1240 6057 1095 1267 6058 1111 1242 6059 1111 1242 6060 1095 1267 6061 1110 1268 6062 1111 1242 6063 1110 1268 6064 1126 1244 6065 1126 1244 6066 1110 1268 6067 1125 1269 6068 1126 1244 6069 1125 1269 6070 1141 1246 6071 1141 1246 6072 1125 1269 6073 1140 1270 6074 1141 1246 6075 1140 1270 6076 1156 1248 6077 1156 1248 6078 1140 1270 6079 1155 1271 6080 1156 1248 6081 1155 1271 6082 1171 1250 6083 1171 1250 6084 1155 1271 6085 1170 1272 6086 1171 1250 6087 1170 1272 6088 1186 1252 6089 1186 1252 6090 1170 1272 6091 1185 1273 6092 1186 1252 6093 1185 1273 6094 1201 1254 6095 1201 1254 6096 1185 1273 6097 1200 1274 6098 1201 1254 6099 1200 1274 6100 1216 1256 6101 1216 1256 6102 1200 1274 6103 1215 1275 6104 1216 1256 6105 1215 1275 6106 1231 1258 6107 1231 1258 6108 1215 1275 6109 1230 1276 6110 1231 1258 6111 1230 1276 6112 1246 1260 6113 1246 1260 6114 1230 1276 6115 1245 1277 6116 1246 1260 6117 1245 1277 6118 1284 1160 6119 1284 1160 6120 1245 1277 6121 1285 1162 6122 198 200 6123 197 198 6124 1005 1261 6125 1005 1261 6126 197 198 6127 1004 1278 6128 1005 1261 6129 1004 1278 6130 1020 1262 6131 1020 1262 6132 1004 1278 6133 1019 1279 6134 1020 1262 6135 1019 1279 6136 1035 1263 6137 1035 1263 6138 1019 1279 6139 1034 1280 6140 1035 1263 6141 1034 1280 6142 1050 1264 6143 1050 1264 6144 1034 1280 6145 1049 1281 6146 1050 1264 6147 1049 1281 6148 1065 1265 6149 1065 1265 6150 1049 1281 6151 1064 1282 6152 1065 1265 6153 1064 1282 6154 1080 1266 6155 1080 1266 6156 1064 1282 6157 1079 1283 6158 1080 1266 6159 1079 1283 6160 1095 1267 6161 1095 1267 6162 1079 1283 6163 1094 1284 6164 1095 1267 6165 1094 1284 6166 1110 1268 6167 1110 1268 6168 1094 1284 6169 1109 1285 6170 1110 1268 6171 1109 1285 6172 1125 1269 6173 1125 1269 6174 1109 1285 6175 1124 1286 6176 1125 1269 6177 1124 1286 6178 1140 1270 6179 1140 1270 6180 1124 1286 6181 1139 1287 6182 1140 1270 6183 1139 1287 6184 1155 1271 6185 1155 1271 6186 1139 1287 6187 1154 1288 6188 1155 1271 6189 1154 1288 6190 1170 1272 6191 1170 1272 6192 1154 1288 6193 1169 1289 6194 1170 1272 6195 1169 1289 6196 1185 1273 6197 1185 1273 6198 1169 1289 6199 1184 1290 6200 1185 1273 6201 1184 1290 6202 1200 1274 6203 1200 1274 6204 1184 1290 6205 1199 1291 6206 1200 1274 6207 1199 1291 6208 1215 1275 6209 1215 1275 6210 1199 1291 6211 1214 1292 6212 1215 1275 6213 1214 1292 6214 1230 1276 6215 1230 1276 6216 1214 1292 6217 1229 1293 6218 1230 1276 6219 1229 1293 6220 1245 1277 6221 1245 1277 6222 1229 1293 6223 1244 1294 6224 1245 1277 6225 1244 1294 6226 1285 1162 6227 1285 1162 6228 1244 1294 6229 1286 1164 6230 197 198 6231 196 196 6232 1004 1278 6233 1004 1278 6234 196 196 6235 1003 1295 6236 1004 1278 6237 1003 1295 6238 1019 1279 6239 1019 1279 6240 1003 1295 6241 1018 1296 6242 1019 1279 6243 1018 1296 6244 1034 1280 6245 1034 1280 6246 1018 1296 6247 1033 1297 6248 1034 1280 6249 1033 1297 6250 1049 1281 6251 1049 1281 6252 1033 1297 6253 1048 1298 6254 1049 1281 6255 1048 1298 6256 1064 1282 6257 1064 1282 6258 1048 1298 6259 1063 1299 6260 1064 1282 6261 1063 1299 6262 1079 1283 6263 1079 1283 6264 1063 1299 6265 1078 1300 6266 1079 1283 6267 1078 1300 6268 1094 1284 6269 1094 1284 6270 1078 1300 6271 1093 1301 6272 1094 1284 6273 1093 1301 6274 1109 1285 6275 1109 1285 6276 1093 1301 6277 1108 1302 6278 1109 1285 6279 1108 1302 6280 1124 1286 6281 1124 1286 6282 1108 1302 6283 1123 1303 6284 1124 1286 6285 1123 1303 6286 1139 1287 6287 1139 1287 6288 1123 1303 6289 1138 1304 6290 1139 1287 6291 1138 1304 6292 1154 1288 6293 1154 1288 6294 1138 1304 6295 1153 1305 6296 1154 1288 6297 1153 1305 6298 1169 1289 6299 1169 1289 6300 1153 1305 6301 1168 1306 6302 1169 1289 6303 1168 1306 6304 1184 1290 6305 1184 1290 6306 1168 1306 6307 1183 1307 6308 1184 1290 6309 1183 1307 6310 1199 1291 6311 1199 1291 6312 1183 1307 6313 1198 1308 6314 1199 1291 6315 1198 1308 6316 1214 1292 6317 1214 1292 6318 1198 1308 6319 1213 1309 6320 1214 1292 6321 1213 1309 6322 1229 1293 6323 1229 1293 6324 1213 1309 6325 1228 1310 6326 1229 1293 6327 1228 1310 6328 1244 1294 6329 1244 1294 6330 1228 1310 6331 1243 1311 6332 1244 1294 6333 1243 1311 6334 1286 1164 6335 1286 1164 6336 1243 1311 6337 1287 1166 6338 196 196 6339 149 194 6340 1003 1295 6341 1003 1295 6342 149 194 6343 148 1312 6344 1003 1295 6345 148 1312 6346 147 1313 6347 1003 1295 6348 147 1313 6349 1018 1296 6350 1018 1296 6351 147 1313 6352 146 1314 6353 1018 1296 6354 146 1314 6355 1033 1297 6356 1033 1297 6357 146 1314 6358 145 1315 6359 1033 1297 6360 145 1315 6361 1048 1298 6362 1048 1298 6363 145 1315 6364 144 1316 6365 1048 1298 6366 144 1316 6367 1063 1299 6368 1063 1299 6369 144 1316 6370 143 1317 6371 1063 1299 6372 143 1317 6373 1078 1300 6374 1078 1300 6375 143 1317 6376 142 1318 6377 1078 1300 6378 142 1318 6379 1093 1301 6380 1093 1301 6381 142 1318 6382 141 1319 6383 1093 1301 6384 141 1319 6385 140 1320 6386 1093 1301 6387 140 1320 6388 1108 1302 6389 1108 1302 6390 140 1320 6391 139 1321 6392 1108 1302 6393 139 1321 6394 1123 1303 6395 1123 1303 6396 139 1321 6397 138 1322 6398 1123 1303 6399 138 1322 6400 1138 1304 6401 1138 1304 6402 138 1322 6403 137 1323 6404 1138 1304 6405 137 1323 6406 1153 1305 6407 1153 1305 6408 137 1323 6409 136 1324 6410 1153 1305 6411 136 1324 6412 1168 1306 6413 1168 1306 6414 136 1324 6415 135 1325 6416 1168 1306 6417 135 1325 6418 1183 1307 6419 1183 1307 6420 135 1325 6421 134 1326 6422 1183 1307 6423 134 1326 6424 1198 1308 6425 1198 1308 6426 134 1326 6427 133 1327 6428 1198 1308 6429 133 1327 6430 973 1328 6431 1198 1308 6432 973 1328 6433 1213 1309 6434 1213 1309 6435 973 1328 6436 974 1329 6437 1213 1309 6438 974 1329 6439 1228 1310 6440 1228 1310 6441 974 1329 6442 975 1330 6443 1228 1310 6444 975 1330 6445 1243 1311 6446 1243 1311 6447 975 1330 6448 976 1168 6449 1243 1311 6450 976 1168 6451 1287 1166 6452 1258 1167 6453 977 1169 6454 1288 1331 6455 1288 1331 6456 977 1169 6457 978 1332 6458 1288 1331 6459 978 1332 6460 1303 1333 6461 1303 1333 6462 978 1332 6463 979 1334 6464 1303 1333 6465 979 1334 6466 1318 1335 6467 1318 1335 6468 979 1334 6469 980 1336 6470 1318 1335 6471 980 1336 6472 1333 1337 6473 1333 1337 6474 980 1336 6475 981 1338 6476 1333 1337 6477 981 1338 6478 1348 1339 6479 1348 1339 6480 981 1338 6481 982 1340 6482 1348 1339 6483 982 1340 6484 1392 1341 6485 1392 1341 6486 982 1340 6487 1363 1342 6488 1392 1341 6489 1363 1342 6490 1364 1343 6491 1364 1343 6492 1363 1342 6493 1394 1344 6494 1364 1343 6495 1394 1344 6496 1395 1345 6497 1395 1345 6498 1394 1344 6499 1410 1346 6500 1395 1345 6501 1410 1346 6502 1411 1347 6503 1411 1347 6504 1410 1346 6505 1426 1348 6506 1411 1347 6507 1426 1348 6508 1427 1349 6509 1427 1349 6510 1426 1348 6511 1442 1350 6512 1427 1349 6513 1442 1350 6514 1443 1351 6515 1443 1351 6516 1442 1350 6517 1458 1352 6518 1443 1351 6519 1458 1352 6520 1459 1353 6521 1459 1353 6522 1458 1352 6523 235 389 6524 1459 1353 6525 235 389 6526 234 387 6527 982 1340 6528 983 1354 6529 1363 1342 6530 1363 1342 6531 983 1354 6532 1393 1355 6533 1363 1342 6534 1393 1355 6535 1394 1344 6536 1394 1344 6537 1393 1355 6538 1409 1356 6539 1394 1344 6540 1409 1356 6541 1410 1346 6542 1410 1346 6543 1409 1356 6544 1425 1357 6545 1410 1346 6546 1425 1357 6547 1426 1348 6548 1426 1348 6549 1425 1357 6550 1441 1358 6551 1426 1348 6552 1441 1358 6553 1442 1350 6554 1442 1350 6555 1441 1358 6556 1457 1359 6557 1442 1350 6558 1457 1359 6559 1458 1352 6560 1458 1352 6561 1457 1359 6562 236 391 6563 1458 1352 6564 236 391 6565 235 389 6566 983 1354 6567 984 1360 6568 1393 1355 6569 1393 1355 6570 984 1360 6571 1408 1361 6572 1393 1355 6573 1408 1361 6574 1409 1356 6575 1409 1356 6576 1408 1361 6577 1424 1362 6578 1409 1356 6579 1424 1362 6580 1425 1357 6581 1425 1357 6582 1424 1362 6583 1440 1363 6584 1425 1357 6585 1440 1363 6586 1441 1358 6587 1441 1358 6588 1440 1363 6589 1456 1364 6590 1441 1358 6591 1456 1364 6592 1457 1359 6593 1457 1359 6594 1456 1364 6595 237 393 6596 1457 1359 6597 237 393 6598 236 391 6599 984 1360 6600 985 1365 6601 1408 1361 6602 1408 1361 6603 985 1365 6604 1423 1366 6605 1408 1361 6606 1423 1366 6607 1424 1362 6608 1424 1362 6609 1423 1366 6610 1439 1367 6611 1424 1362 6612 1439 1367 6613 1440 1363 6614 1440 1363 6615 1439 1367 6616 1455 1368 6617 1440 1363 6618 1455 1368 6619 1456 1364 6620 1456 1364 6621 1455 1368 6622 239 456 6623 1456 1364 6624 239 456 6625 238 395 6626 985 1365 6627 986 1369 6628 1423 1366 6629 1423 1366 6630 986 1369 6631 1438 1370 6632 1423 1366 6633 1438 1370 6634 1439 1367 6635 1439 1367 6636 1438 1370 6637 1454 1371 6638 1439 1367 6639 1454 1371 6640 1455 1368 6641 1455 1368 6642 1454 1371 6643 240 487 6644 1455 1368 6645 240 487 6646 239 456 6647 986 1369 6648 987 1372 6649 1438 1370 6650 1438 1370 6651 987 1372 6652 1453 1373 6653 1438 1370 6654 1453 1373 6655 1454 1371 6656 1454 1371 6657 1453 1373 6658 241 518 6659 1454 1371 6660 241 518 6661 240 487 6662 987 1372 6663 242 549 6664 1453 1373 6665 1453 1373 6666 242 549 6667 241 518 6668 238 395 6669 237 393 6670 1456 1364 6671 1459 1353 6672 234 387 6673 1460 1374 6674 1460 1374 6675 234 387 6676 233 385 6677 1460 1374 6678 233 385 6679 1461 1375 6680 1461 1375 6681 233 385 6682 232 383 6683 1461 1375 6684 232 383 6685 1462 1376 6686 1462 1376 6687 232 383 6688 231 382 6689 1462 1376 6690 231 382 6691 1463 1377 6692 1463 1377 6693 231 382 6694 230 280 6695 1463 1377 6696 230 280 6697 1464 1378 6698 1464 1378 6699 230 280 6700 1465 1379 6701 1464 1378 6702 1465 1379 6703 1449 1380 6704 1449 1380 6705 1465 1379 6706 1450 1381 6707 1449 1380 6708 1450 1381 6709 1434 1382 6710 1434 1382 6711 1450 1381 6712 1435 1383 6713 1434 1382 6714 1435 1383 6715 1419 1384 6716 1419 1384 6717 1435 1383 6718 1420 1385 6719 1419 1384 6720 1420 1385 6721 1404 1386 6722 1404 1386 6723 1420 1385 6724 1405 1387 6725 1404 1386 6726 1405 1387 6727 1374 1388 6728 1374 1388 6729 1405 1387 6730 1375 1389 6731 1374 1388 6732 1375 1389 6733 1381 1390 6734 1381 1390 6735 1375 1389 6736 1380 1391 6737 1381 1390 6738 1380 1391 6739 1359 1392 6740 1359 1392 6741 1380 1391 6742 1360 1393 6743 1359 1392 6744 1360 1393 6745 1344 1394 6746 1344 1394 6747 1360 1393 6748 1345 1395 6749 1344 1394 6750 1345 1395 6751 1329 1396 6752 1329 1396 6753 1345 1395 6754 1330 1397 6755 1329 1396 6756 1330 1397 6757 1314 1398 6758 1314 1398 6759 1330 1397 6760 1315 1399 6761 1314 1398 6762 1315 1399 6763 1299 1400 6764 1299 1400 6765 1315 1399 6766 1300 1401 6767 1299 1400 6768 1300 1401 6769 1269 1145 6770 1269 1145 6771 1300 1401 6772 1270 1143 6773 230 280 6774 229 281 6775 1465 1379 6776 1465 1379 6777 229 281 6778 1466 1402 6779 1465 1379 6780 1466 1402 6781 1450 1381 6782 1450 1381 6783 1466 1402 6784 1451 1403 6785 1450 1381 6786 1451 1403 6787 1435 1383 6788 1435 1383 6789 1451 1403 6790 1436 1404 6791 1435 1383 6792 1436 1404 6793 1420 1385 6794 1420 1385 6795 1436 1404 6796 1421 1405 6797 1420 1385 6798 1421 1405 6799 1405 1387 6800 1405 1387 6801 1421 1405 6802 1406 1406 6803 1405 1387 6804 1406 1406 6805 1375 1389 6806 1375 1389 6807 1406 1406 6808 1376 1407 6809 1375 1389 6810 1376 1407 6811 1380 1391 6812 1380 1391 6813 1376 1407 6814 1379 1408 6815 1380 1391 6816 1379 1408 6817 1360 1393 6818 1360 1393 6819 1379 1408 6820 1361 1409 6821 1360 1393 6822 1361 1409 6823 1345 1395 6824 1345 1395 6825 1361 1409 6826 1346 1410 6827 1345 1395 6828 1346 1410 6829 1330 1397 6830 1330 1397 6831 1346 1410 6832 1331 1411 6833 1330 1397 6834 1331 1411 6835 1315 1399 6836 1315 1399 6837 1331 1411 6838 1316 1412 6839 1315 1399 6840 1316 1412 6841 1300 1401 6842 1300 1401 6843 1316 1412 6844 1301 1413 6845 1300 1401 6846 1301 1413 6847 1270 1143 6848 1270 1143 6849 1301 1413 6850 1271 1141 6851 229 281 6852 228 283 6853 1466 1402 6854 1466 1402 6855 228 283 6856 1467 1414 6857 1466 1402 6858 1467 1414 6859 1451 1403 6860 1451 1403 6861 1467 1414 6862 1452 1415 6863 1451 1403 6864 1452 1415 6865 1436 1404 6866 1436 1404 6867 1452 1415 6868 1437 1416 6869 1436 1404 6870 1437 1416 6871 1421 1405 6872 1421 1405 6873 1437 1416 6874 1422 1417 6875 1421 1405 6876 1422 1417 6877 1406 1406 6878 1406 1406 6879 1422 1417 6880 1407 1418 6881 1406 1406 6882 1407 1418 6883 1376 1407 6884 1376 1407 6885 1407 1418 6886 1377 1419 6887 1376 1407 6888 1377 1419 6889 1379 1408 6890 1379 1408 6891 1377 1419 6892 1378 1420 6893 1379 1408 6894 1378 1420 6895 1361 1409 6896 1361 1409 6897 1378 1420 6898 1362 1421 6899 1361 1409 6900 1362 1421 6901 1346 1410 6902 1346 1410 6903 1362 1421 6904 1347 1422 6905 1346 1410 6906 1347 1422 6907 1331 1411 6908 1331 1411 6909 1347 1422 6910 1332 1423 6911 1331 1411 6912 1332 1423 6913 1316 1412 6914 1316 1412 6915 1332 1423 6916 1317 1424 6917 1316 1412 6918 1317 1424 6919 1301 1413 6920 1301 1413 6921 1317 1424 6922 1302 1425 6923 1301 1413 6924 1302 1425 6925 1271 1141 6926 1271 1141 6927 1302 1425 6928 1272 1139 6929 228 283 6930 227 285 6931 1467 1414 6932 1467 1414 6933 227 285 6934 226 287 6935 1467 1414 6936 226 287 6937 988 1426 6938 1467 1414 6939 988 1426 6940 1452 1415 6941 1452 1415 6942 988 1426 6943 989 1427 6944 1452 1415 6945 989 1427 6946 1437 1416 6947 1437 1416 6948 989 1427 6949 990 1428 6950 1437 1416 6951 990 1428 6952 1422 1417 6953 1422 1417 6954 990 1428 6955 991 1429 6956 1422 1417 6957 991 1429 6958 1407 1418 6959 1407 1418 6960 991 1429 6961 992 1430 6962 1407 1418 6963 992 1430 6964 1377 1419 6965 1377 1419 6966 992 1430 6967 993 1431 6968 1377 1419 6969 993 1431 6970 1378 1420 6971 1378 1420 6972 993 1431 6973 1362 1421 6974 993 1431 6975 994 1432 6976 1362 1421 6977 1362 1421 6978 994 1432 6979 1347 1422 6980 994 1432 6981 995 1433 6982 1347 1422 6983 1347 1422 6984 995 1433 6985 1332 1423 6986 995 1433 6987 996 1434 6988 1332 1423 6989 1332 1423 6990 996 1434 6991 1317 1424 6992 996 1434 6993 997 1435 6994 1317 1424 6995 1317 1424 6996 997 1435 6997 1302 1425 6998 997 1435 6999 998 1436 7000 1302 1425 7001 1302 1425 7002 998 1436 7003 1272 1139 7004 998 1436 7005 999 1137 7006 1272 1139 7007 1008 1226 7008 1007 1227 7009 1023 1437 7010 1023 1437 7011 1007 1227 7012 1022 1229 7013 1023 1437 7014 1022 1229 7015 1038 1438 7016 1038 1438 7017 1022 1229 7018 1037 1231 7019 1038 1438 7020 1037 1231 7021 1053 1439 7022 1053 1439 7023 1037 1231 7024 1052 1233 7025 1053 1439 7026 1052 1233 7027 1068 1440 7028 1068 1440 7029 1052 1233 7030 1067 1235 7031 1068 1440 7032 1067 1235 7033 1083 1441 7034 1083 1441 7035 1067 1235 7036 1082 1237 7037 1083 1441 7038 1082 1237 7039 1098 1442 7040 1098 1442 7041 1082 1237 7042 1097 1239 7043 1098 1442 7044 1097 1239 7045 1113 1443 7046 1113 1443 7047 1097 1239 7048 1112 1241 7049 1113 1443 7050 1112 1241 7051 1128 1444 7052 1128 1444 7053 1112 1241 7054 1127 1243 7055 1128 1444 7056 1127 1243 7057 1143 1445 7058 1143 1445 7059 1127 1243 7060 1142 1245 7061 1143 1445 7062 1142 1245 7063 1158 1446 7064 1158 1446 7065 1142 1245 7066 1157 1247 7067 1158 1446 7068 1157 1247 7069 1173 1447 7070 1173 1447 7071 1157 1247 7072 1172 1249 7073 1173 1447 7074 1172 1249 7075 1188 1448 7076 1188 1448 7077 1172 1249 7078 1187 1251 7079 1188 1448 7080 1187 1251 7081 1203 1449 7082 1203 1449 7083 1187 1251 7084 1202 1253 7085 1203 1449 7086 1202 1253 7087 1218 1450 7088 1218 1450 7089 1202 1253 7090 1217 1255 7091 1218 1450 7092 1217 1255 7093 1233 1451 7094 1233 1451 7095 1217 1255 7096 1232 1257 7097 1233 1451 7098 1232 1257 7099 1248 1452 7100 1248 1452 7101 1232 1257 7102 1247 1259 7103 1248 1452 7104 1247 1259 7105 1282 1156 7106 1282 1156 7107 1247 1259 7108 1283 1158 7109 1009 1225 7110 1008 1226 7111 1024 1453 7112 1024 1453 7113 1008 1226 7114 1023 1437 7115 1024 1453 7116 1023 1437 7117 1039 1454 7118 1039 1454 7119 1023 1437 7120 1038 1438 7121 1039 1454 7122 1038 1438 7123 1054 1455 7124 1054 1455 7125 1038 1438 7126 1053 1439 7127 1054 1455 7128 1053 1439 7129 1069 1456 7130 1069 1456 7131 1053 1439 7132 1068 1440 7133 1069 1456 7134 1068 1440 7135 1084 1457 7136 1084 1457 7137 1068 1440 7138 1083 1441 7139 1084 1457 7140 1083 1441 7141 1099 1458 7142 1099 1458 7143 1083 1441 7144 1098 1442 7145 1099 1458 7146 1098 1442 7147 1114 1459 7148 1114 1459 7149 1098 1442 7150 1113 1443 7151 1114 1459 7152 1113 1443 7153 1129 1460 7154 1129 1460 7155 1113 1443 7156 1128 1444 7157 1129 1460 7158 1128 1444 7159 1144 1461 7160 1144 1461 7161 1128 1444 7162 1143 1445 7163 1144 1461 7164 1143 1445 7165 1159 1462 7166 1159 1462 7167 1143 1445 7168 1158 1446 7169 1159 1462 7170 1158 1446 7171 1174 1463 7172 1174 1463 7173 1158 1446 7174 1173 1447 7175 1174 1463 7176 1173 1447 7177 1189 1464 7178 1189 1464 7179 1173 1447 7180 1188 1448 7181 1189 1464 7182 1188 1448 7183 1204 1465 7184 1204 1465 7185 1188 1448 7186 1203 1449 7187 1204 1465 7188 1203 1449 7189 1219 1466 7190 1219 1466 7191 1203 1449 7192 1218 1450 7193 1219 1466 7194 1218 1450 7195 1234 1467 7196 1234 1467 7197 1218 1450 7198 1233 1451 7199 1234 1467 7200 1233 1451 7201 1249 1468 7202 1249 1468 7203 1233 1451 7204 1248 1452 7205 1249 1468 7206 1248 1452 7207 1281 1154 7208 1281 1154 7209 1248 1452 7210 1282 1156 7211 1010 1224 7212 1009 1225 7213 1025 1469 7214 1025 1469 7215 1009 1225 7216 1024 1453 7217 1025 1469 7218 1024 1453 7219 1040 1470 7220 1040 1470 7221 1024 1453 7222 1039 1454 7223 1040 1470 7224 1039 1454 7225 1055 1471 7226 1055 1471 7227 1039 1454 7228 1054 1455 7229 1055 1471 7230 1054 1455 7231 1070 1472 7232 1070 1472 7233 1054 1455 7234 1069 1456 7235 1070 1472 7236 1069 1456 7237 1085 1473 7238 1085 1473 7239 1069 1456 7240 1084 1457 7241 1085 1473 7242 1084 1457 7243 1100 1474 7244 1100 1474 7245 1084 1457 7246 1099 1458 7247 1100 1474 7248 1099 1458 7249 1115 1475 7250 1115 1475 7251 1099 1458 7252 1114 1459 7253 1115 1475 7254 1114 1459 7255 1130 1476 7256 1130 1476 7257 1114 1459 7258 1129 1460 7259 1130 1476 7260 1129 1460 7261 1145 1477 7262 1145 1477 7263 1129 1460 7264 1144 1461 7265 1145 1477 7266 1144 1461 7267 1160 1478 7268 1160 1478 7269 1144 1461 7270 1159 1462 7271 1160 1478 7272 1159 1462 7273 1175 1479 7274 1175 1479 7275 1159 1462 7276 1174 1463 7277 1175 1479 7278 1174 1463 7279 1190 1480 7280 1190 1480 7281 1174 1463 7282 1189 1464 7283 1190 1480 7284 1189 1464 7285 1205 1481 7286 1205 1481 7287 1189 1464 7288 1204 1465 7289 1205 1481 7290 1204 1465 7291 1220 1482 7292 1220 1482 7293 1204 1465 7294 1219 1466 7295 1220 1482 7296 1219 1466 7297 1235 1483 7298 1235 1483 7299 1219 1466 7300 1234 1467 7301 1235 1483 7302 1234 1467 7303 1250 1484 7304 1250 1484 7305 1234 1467 7306 1249 1468 7307 1250 1484 7308 1249 1468 7309 1280 1152 7310 1280 1152 7311 1249 1468 7312 1281 1154 7313 1011 1223 7314 1010 1224 7315 1026 1485 7316 1026 1485 7317 1010 1224 7318 1025 1469 7319 1026 1485 7320 1025 1469 7321 1041 1486 7322 1041 1486 7323 1025 1469 7324 1040 1470 7325 1041 1486 7326 1040 1470 7327 1056 1487 7328 1056 1487 7329 1040 1470 7330 1055 1471 7331 1056 1487 7332 1055 1471 7333 1071 1488 7334 1071 1488 7335 1055 1471 7336 1070 1472 7337 1071 1488 7338 1070 1472 7339 1086 1489 7340 1086 1489 7341 1070 1472 7342 1085 1473 7343 1086 1489 7344 1085 1473 7345 1101 1490 7346 1101 1490 7347 1085 1473 7348 1100 1474 7349 1101 1490 7350 1100 1474 7351 1116 1491 7352 1116 1491 7353 1100 1474 7354 1115 1475 7355 1116 1491 7356 1115 1475 7357 1131 1492 7358 1131 1492 7359 1115 1475 7360 1130 1476 7361 1131 1492 7362 1130 1476 7363 1146 1493 7364 1146 1493 7365 1130 1476 7366 1145 1477 7367 1146 1493 7368 1145 1477 7369 1161 1494 7370 1161 1494 7371 1145 1477 7372 1160 1478 7373 1161 1494 7374 1160 1478 7375 1176 1495 7376 1176 1495 7377 1160 1478 7378 1175 1479 7379 1176 1495 7380 1175 1479 7381 1191 1496 7382 1191 1496 7383 1175 1479 7384 1190 1480 7385 1191 1496 7386 1190 1480 7387 1206 1497 7388 1206 1497 7389 1190 1480 7390 1205 1481 7391 1206 1497 7392 1205 1481 7393 1221 1498 7394 1221 1498 7395 1205 1481 7396 1220 1482 7397 1221 1498 7398 1220 1482 7399 1236 1499 7400 1236 1499 7401 1220 1482 7402 1235 1483 7403 1236 1499 7404 1235 1483 7405 1251 1500 7406 1251 1500 7407 1235 1483 7408 1250 1484 7409 1251 1500 7410 1250 1484 7411 1279 1150 7412 1279 1150 7413 1250 1484 7414 1280 1152 7415 1012 1222 7416 1011 1223 7417 1027 1501 7418 1027 1501 7419 1011 1223 7420 1026 1485 7421 1027 1501 7422 1026 1485 7423 1042 1502 7424 1042 1502 7425 1026 1485 7426 1041 1486 7427 1042 1502 7428 1041 1486 7429 1057 1503 7430 1057 1503 7431 1041 1486 7432 1056 1487 7433 1057 1503 7434 1056 1487 7435 1072 1504 7436 1072 1504 7437 1056 1487 7438 1071 1488 7439 1072 1504 7440 1071 1488 7441 1087 1505 7442 1087 1505 7443 1071 1488 7444 1086 1489 7445 1087 1505 7446 1086 1489 7447 1102 1506 7448 1102 1506 7449 1086 1489 7450 1101 1490 7451 1102 1506 7452 1101 1490 7453 1117 1507 7454 1117 1507 7455 1101 1490 7456 1116 1491 7457 1117 1507 7458 1116 1491 7459 1132 1508 7460 1132 1508 7461 1116 1491 7462 1131 1492 7463 1132 1508 7464 1131 1492 7465 1147 1509 7466 1147 1509 7467 1131 1492 7468 1146 1493 7469 1147 1509 7470 1146 1493 7471 1162 1510 7472 1162 1510 7473 1146 1493 7474 1161 1494 7475 1162 1510 7476 1161 1494 7477 1177 1511 7478 1177 1511 7479 1161 1494 7480 1176 1495 7481 1177 1511 7482 1176 1495 7483 1192 1512 7484 1192 1512 7485 1176 1495 7486 1191 1496 7487 1192 1512 7488 1191 1496 7489 1207 1513 7490 1207 1513 7491 1191 1496 7492 1206 1497 7493 1207 1513 7494 1206 1497 7495 1222 1514 7496 1222 1514 7497 1206 1497 7498 1221 1498 7499 1222 1514 7500 1221 1498 7501 1237 1515 7502 1237 1515 7503 1221 1498 7504 1236 1499 7505 1237 1515 7506 1236 1499 7507 1252 1516 7508 1252 1516 7509 1236 1499 7510 1251 1500 7511 1252 1516 7512 1251 1500 7513 1278 1148 7514 1278 1148 7515 1251 1500 7516 1279 1150 7517 1029 1205 7518 1014 1204 7519 1013 1221 7520 1013 1221 7521 1012 1222 7522 1028 1517 7523 1028 1517 7524 1012 1222 7525 1027 1501 7526 1028 1517 7527 1027 1501 7528 1043 1518 7529 1043 1518 7530 1027 1501 7531 1042 1502 7532 1043 1518 7533 1042 1502 7534 1058 1519 7535 1058 1519 7536 1042 1502 7537 1057 1503 7538 1058 1519 7539 1057 1503 7540 1073 1520 7541 1073 1520 7542 1057 1503 7543 1072 1504 7544 1073 1520 7545 1072 1504 7546 1088 1521 7547 1088 1521 7548 1072 1504 7549 1087 1505 7550 1088 1521 7551 1087 1505 7552 1103 1522 7553 1103 1522 7554 1087 1505 7555 1102 1506 7556 1103 1522 7557 1102 1506 7558 1118 1523 7559 1118 1523 7560 1102 1506 7561 1117 1507 7562 1118 1523 7563 1117 1507 7564 1133 1524 7565 1133 1524 7566 1117 1507 7567 1132 1508 7568 1133 1524 7569 1132 1508 7570 1148 1525 7571 1148 1525 7572 1132 1508 7573 1147 1509 7574 1148 1525 7575 1147 1509 7576 1163 1526 7577 1163 1526 7578 1147 1509 7579 1162 1510 7580 1163 1526 7581 1162 1510 7582 1178 1527 7583 1178 1527 7584 1162 1510 7585 1177 1511 7586 1178 1527 7587 1177 1511 7588 1193 1528 7589 1193 1528 7590 1177 1511 7591 1192 1512 7592 1193 1528 7593 1192 1512 7594 1208 1529 7595 1208 1529 7596 1192 1512 7597 1207 1513 7598 1208 1529 7599 1207 1513 7600 1223 1530 7601 1223 1530 7602 1207 1513 7603 1222 1514 7604 1223 1530 7605 1222 1514 7606 1238 1531 7607 1238 1531 7608 1222 1514 7609 1237 1515 7610 1238 1531 7611 1237 1515 7612 1253 1532 7613 1253 1532 7614 1237 1515 7615 1252 1516 7616 1253 1532 7617 1252 1516 7618 1277 1146 7619 1277 1146 7620 1252 1516 7621 1278 1148 7622 1044 1206 7623 1029 1205 7624 1028 1517 7625 1028 1517 7626 1029 1205 7627 1013 1221 7628 1044 1206 7629 1028 1517 7630 1043 1518 7631 1059 1207 7632 1044 1206 7633 1043 1518 7634 1059 1207 7635 1043 1518 7636 1058 1519 7637 1074 1208 7638 1059 1207 7639 1058 1519 7640 1074 1208 7641 1058 1519 7642 1073 1520 7643 1089 1209 7644 1074 1208 7645 1073 1520 7646 1089 1209 7647 1073 1520 7648 1088 1521 7649 1104 1210 7650 1089 1209 7651 1088 1521 7652 1104 1210 7653 1088 1521 7654 1103 1522 7655 1119 1211 7656 1104 1210 7657 1103 1522 7658 1119 1211 7659 1103 1522 7660 1118 1523 7661 1134 1212 7662 1119 1211 7663 1118 1523 7664 1134 1212 7665 1118 1523 7666 1133 1524 7667 1149 1213 7668 1134 1212 7669 1133 1524 7670 1149 1213 7671 1133 1524 7672 1148 1525 7673 1164 1214 7674 1149 1213 7675 1148 1525 7676 1164 1214 7677 1148 1525 7678 1163 1526 7679 1179 1215 7680 1164 1214 7681 1163 1526 7682 1179 1215 7683 1163 1526 7684 1178 1527 7685 1194 1216 7686 1179 1215 7687 1178 1527 7688 1194 1216 7689 1178 1527 7690 1193 1528 7691 1209 1217 7692 1194 1216 7693 1193 1528 7694 1209 1217 7695 1193 1528 7696 1208 1529 7697 1224 1218 7698 1209 1217 7699 1208 1529 7700 1224 1218 7701 1208 1529 7702 1223 1530 7703 1239 1219 7704 1224 1218 7705 1223 1530 7706 1239 1219 7707 1223 1530 7708 1238 1531 7709 1254 1220 7710 1239 1219 7711 1238 1531 7712 1254 1220 7713 1238 1531 7714 1253 1532 7715 1276 1144 7716 1254 1220 7717 1253 1532 7718 1276 1144 7719 1253 1532 7720 1277 1146 7721 1259 1165 7722 1258 1167 7723 1289 1533 7724 1289 1533 7725 1258 1167 7726 1288 1331 7727 1289 1533 7728 1288 1331 7729 1304 1534 7730 1304 1534 7731 1288 1331 7732 1303 1333 7733 1304 1534 7734 1303 1333 7735 1319 1535 7736 1319 1535 7737 1303 1333 7738 1318 1335 7739 1319 1535 7740 1318 1335 7741 1334 1536 7742 1334 1536 7743 1318 1335 7744 1333 1337 7745 1334 1536 7746 1333 1337 7747 1349 1537 7748 1349 1537 7749 1333 1337 7750 1348 1339 7751 1349 1537 7752 1348 1339 7753 1391 1538 7754 1391 1538 7755 1348 1339 7756 1392 1341 7757 1391 1538 7758 1392 1341 7759 1364 1343 7760 1260 1163 7761 1259 1165 7762 1290 1539 7763 1290 1539 7764 1259 1165 7765 1289 1533 7766 1290 1539 7767 1289 1533 7768 1305 1540 7769 1305 1540 7770 1289 1533 7771 1304 1534 7772 1305 1540 7773 1304 1534 7774 1320 1541 7775 1320 1541 7776 1304 1534 7777 1319 1535 7778 1320 1541 7779 1319 1535 7780 1335 1542 7781 1335 1542 7782 1319 1535 7783 1334 1536 7784 1335 1542 7785 1334 1536 7786 1350 1543 7787 1350 1543 7788 1334 1536 7789 1349 1537 7790 1350 1543 7791 1349 1537 7792 1390 1544 7793 1390 1544 7794 1349 1537 7795 1391 1538 7796 1390 1544 7797 1391 1538 7798 1365 1545 7799 1365 1545 7800 1391 1538 7801 1364 1343 7802 1365 1545 7803 1364 1343 7804 1395 1345 7805 1261 1161 7806 1260 1163 7807 1291 1546 7808 1291 1546 7809 1260 1163 7810 1290 1539 7811 1291 1546 7812 1290 1539 7813 1306 1547 7814 1306 1547 7815 1290 1539 7816 1305 1540 7817 1306 1547 7818 1305 1540 7819 1321 1548 7820 1321 1548 7821 1305 1540 7822 1320 1541 7823 1321 1548 7824 1320 1541 7825 1336 1549 7826 1336 1549 7827 1320 1541 7828 1335 1542 7829 1336 1549 7830 1335 1542 7831 1351 1550 7832 1351 1550 7833 1335 1542 7834 1350 1543 7835 1351 1550 7836 1350 1543 7837 1389 1551 7838 1389 1551 7839 1350 1543 7840 1390 1544 7841 1389 1551 7842 1390 1544 7843 1366 1552 7844 1366 1552 7845 1390 1544 7846 1365 1545 7847 1366 1552 7848 1365 1545 7849 1396 1553 7850 1396 1553 7851 1365 1545 7852 1395 1345 7853 1396 1553 7854 1395 1345 7855 1411 1347 7856 1262 1159 7857 1261 1161 7858 1292 1554 7859 1292 1554 7860 1261 1161 7861 1291 1546 7862 1292 1554 7863 1291 1546 7864 1307 1555 7865 1307 1555 7866 1291 1546 7867 1306 1547 7868 1307 1555 7869 1306 1547 7870 1322 1556 7871 1322 1556 7872 1306 1547 7873 1321 1548 7874 1322 1556 7875 1321 1548 7876 1337 1557 7877 1337 1557 7878 1321 1548 7879 1336 1549 7880 1337 1557 7881 1336 1549 7882 1352 1558 7883 1352 1558 7884 1336 1549 7885 1351 1550 7886 1352 1558 7887 1351 1550 7888 1388 1559 7889 1388 1559 7890 1351 1550 7891 1389 1551 7892 1388 1559 7893 1389 1551 7894 1367 1560 7895 1367 1560 7896 1389 1551 7897 1366 1552 7898 1367 1560 7899 1366 1552 7900 1397 1561 7901 1397 1561 7902 1366 1552 7903 1396 1553 7904 1397 1561 7905 1396 1553 7906 1412 1562 7907 1412 1562 7908 1396 1553 7909 1411 1347 7910 1412 1562 7911 1411 1347 7912 1427 1349 7913 1263 1157 7914 1262 1159 7915 1293 1563 7916 1293 1563 7917 1262 1159 7918 1292 1554 7919 1293 1563 7920 1292 1554 7921 1308 1564 7922 1308 1564 7923 1292 1554 7924 1307 1555 7925 1308 1564 7926 1307 1555 7927 1323 1565 7928 1323 1565 7929 1307 1555 7930 1322 1556 7931 1323 1565 7932 1322 1556 7933 1338 1566 7934 1338 1566 7935 1322 1556 7936 1337 1557 7937 1338 1566 7938 1337 1557 7939 1353 1567 7940 1353 1567 7941 1337 1557 7942 1352 1558 7943 1353 1567 7944 1352 1558 7945 1387 1568 7946 1387 1568 7947 1352 1558 7948 1388 1559 7949 1387 1568 7950 1388 1559 7951 1368 1569 7952 1368 1569 7953 1388 1559 7954 1367 1560 7955 1368 1569 7956 1367 1560 7957 1398 1570 7958 1398 1570 7959 1367 1560 7960 1397 1561 7961 1398 1570 7962 1397 1561 7963 1413 1571 7964 1413 1571 7965 1397 1561 7966 1412 1562 7967 1413 1571 7968 1412 1562 7969 1428 1572 7970 1428 1572 7971 1412 1562 7972 1427 1349 7973 1428 1572 7974 1427 1349 7975 1443 1351 7976 1264 1155 7977 1263 1157 7978 1294 1573 7979 1294 1573 7980 1263 1157 7981 1293 1563 7982 1294 1573 7983 1293 1563 7984 1309 1574 7985 1309 1574 7986 1293 1563 7987 1308 1564 7988 1309 1574 7989 1308 1564 7990 1324 1575 7991 1324 1575 7992 1308 1564 7993 1323 1565 7994 1324 1575 7995 1323 1565 7996 1339 1576 7997 1339 1576 7998 1323 1565 7999 1338 1566 8000 1339 1576 8001 1338 1566 8002 1354 1577 8003 1354 1577 8004 1338 1566 8005 1353 1567 8006 1354 1577 8007 1353 1567 8008 1386 1578 8009 1386 1578 8010 1353 1567 8011 1387 1568 8012 1386 1578 8013 1387 1568 8014 1369 1579 8015 1369 1579 8016 1387 1568 8017 1368 1569 8018 1369 1579 8019 1368 1569 8020 1399 1580 8021 1399 1580 8022 1368 1569 8023 1398 1570 8024 1399 1580 8025 1398 1570 8026 1414 1581 8027 1414 1581 8028 1398 1570 8029 1413 1571 8030 1414 1581 8031 1413 1571 8032 1429 1582 8033 1429 1582 8034 1413 1571 8035 1428 1572 8036 1429 1582 8037 1428 1572 8038 1444 1583 8039 1444 1583 8040 1428 1572 8041 1443 1351 8042 1444 1583 8043 1443 1351 8044 1459 1353 8045 1265 1153 8046 1264 1155 8047 1295 1584 8048 1295 1584 8049 1264 1155 8050 1294 1573 8051 1295 1584 8052 1294 1573 8053 1310 1585 8054 1310 1585 8055 1294 1573 8056 1309 1574 8057 1310 1585 8058 1309 1574 8059 1325 1586 8060 1325 1586 8061 1309 1574 8062 1324 1575 8063 1325 1586 8064 1324 1575 8065 1340 1587 8066 1340 1587 8067 1324 1575 8068 1339 1576 8069 1340 1587 8070 1339 1576 8071 1355 1588 8072 1355 1588 8073 1339 1576 8074 1354 1577 8075 1355 1588 8076 1354 1577 8077 1385 1589 8078 1385 1589 8079 1354 1577 8080 1386 1578 8081 1385 1589 8082 1386 1578 8083 1370 1590 8084 1370 1590 8085 1386 1578 8086 1369 1579 8087 1370 1590 8088 1369 1579 8089 1400 1591 8090 1400 1591 8091 1369 1579 8092 1399 1580 8093 1400 1591 8094 1399 1580 8095 1415 1592 8096 1415 1592 8097 1399 1580 8098 1414 1581 8099 1415 1592 8100 1414 1581 8101 1430 1593 8102 1430 1593 8103 1414 1581 8104 1429 1582 8105 1430 1593 8106 1429 1582 8107 1445 1594 8108 1445 1594 8109 1429 1582 8110 1444 1583 8111 1445 1594 8112 1444 1583 8113 1460 1374 8114 1460 1374 8115 1444 1583 8116 1459 1353 8117 1266 1151 8118 1265 1153 8119 1296 1595 8120 1296 1595 8121 1265 1153 8122 1295 1584 8123 1296 1595 8124 1295 1584 8125 1311 1596 8126 1311 1596 8127 1295 1584 8128 1310 1585 8129 1311 1596 8130 1310 1585 8131 1326 1597 8132 1326 1597 8133 1310 1585 8134 1325 1586 8135 1326 1597 8136 1325 1586 8137 1341 1598 8138 1341 1598 8139 1325 1586 8140 1340 1587 8141 1341 1598 8142 1340 1587 8143 1356 1599 8144 1356 1599 8145 1340 1587 8146 1355 1588 8147 1356 1599 8148 1355 1588 8149 1384 1600 8150 1384 1600 8151 1355 1588 8152 1385 1589 8153 1384 1600 8154 1385 1589 8155 1371 1601 8156 1371 1601 8157 1385 1589 8158 1370 1590 8159 1371 1601 8160 1370 1590 8161 1401 1602 8162 1401 1602 8163 1370 1590 8164 1400 1591 8165 1401 1602 8166 1400 1591 8167 1416 1603 8168 1416 1603 8169 1400 1591 8170 1415 1592 8171 1416 1603 8172 1415 1592 8173 1431 1604 8174 1431 1604 8175 1415 1592 8176 1430 1593 8177 1431 1604 8178 1430 1593 8179 1446 1605 8180 1446 1605 8181 1430 1593 8182 1445 1594 8183 1446 1605 8184 1445 1594 8185 1461 1375 8186 1461 1375 8187 1445 1594 8188 1460 1374 8189 1267 1149 8190 1266 1151 8191 1297 1606 8192 1297 1606 8193 1266 1151 8194 1296 1595 8195 1297 1606 8196 1296 1595 8197 1312 1607 8198 1312 1607 8199 1296 1595 8200 1311 1596 8201 1312 1607 8202 1311 1596 8203 1327 1608 8204 1327 1608 8205 1311 1596 8206 1326 1597 8207 1327 1608 8208 1326 1597 8209 1342 1609 8210 1342 1609 8211 1326 1597 8212 1341 1598 8213 1342 1609 8214 1341 1598 8215 1357 1610 8216 1357 1610 8217 1341 1598 8218 1356 1599 8219 1357 1610 8220 1356 1599 8221 1383 1611 8222 1383 1611 8223 1356 1599 8224 1384 1600 8225 1383 1611 8226 1384 1600 8227 1372 1612 8228 1372 1612 8229 1384 1600 8230 1371 1601 8231 1372 1612 8232 1371 1601 8233 1402 1613 8234 1402 1613 8235 1371 1601 8236 1401 1602 8237 1402 1613 8238 1401 1602 8239 1417 1614 8240 1417 1614 8241 1401 1602 8242 1416 1603 8243 1417 1614 8244 1416 1603 8245 1432 1615 8246 1432 1615 8247 1416 1603 8248 1431 1604 8249 1432 1615 8250 1431 1604 8251 1447 1616 8252 1447 1616 8253 1431 1604 8254 1446 1605 8255 1447 1616 8256 1446 1605 8257 1462 1376 8258 1462 1376 8259 1446 1605 8260 1461 1375 8261 1299 1400 8262 1269 1145 8263 1268 1147 8264 1268 1147 8265 1267 1149 8266 1298 1617 8267 1298 1617 8268 1267 1149 8269 1297 1606 8270 1298 1617 8271 1297 1606 8272 1313 1618 8273 1313 1618 8274 1297 1606 8275 1312 1607 8276 1313 1618 8277 1312 1607 8278 1328 1619 8279 1328 1619 8280 1312 1607 8281 1327 1608 8282 1328 1619 8283 1327 1608 8284 1343 1620 8285 1343 1620 8286 1327 1608 8287 1342 1609 8288 1343 1620 8289 1342 1609 8290 1358 1621 8291 1358 1621 8292 1342 1609 8293 1357 1610 8294 1358 1621 8295 1357 1610 8296 1382 1622 8297 1382 1622 8298 1357 1610 8299 1383 1611 8300 1382 1622 8301 1383 1611 8302 1373 1623 8303 1373 1623 8304 1383 1611 8305 1372 1612 8306 1373 1623 8307 1372 1612 8308 1403 1624 8309 1403 1624 8310 1372 1612 8311 1402 1613 8312 1403 1624 8313 1402 1613 8314 1418 1625 8315 1418 1625 8316 1402 1613 8317 1417 1614 8318 1418 1625 8319 1417 1614 8320 1433 1626 8321 1433 1626 8322 1417 1614 8323 1432 1615 8324 1433 1626 8325 1432 1615 8326 1448 1627 8327 1448 1627 8328 1432 1615 8329 1447 1616 8330 1448 1627 8331 1447 1616 8332 1463 1377 8333 1463 1377 8334 1447 1616 8335 1462 1376 8336 1314 1398 8337 1299 1400 8338 1298 1617 8339 1298 1617 8340 1299 1400 8341 1268 1147 8342 1314 1398 8343 1298 1617 8344 1313 1618 8345 1329 1396 8346 1314 1398 8347 1313 1618 8348 1329 1396 8349 1313 1618 8350 1328 1619 8351 1344 1394 8352 1329 1396 8353 1328 1619 8354 1344 1394 8355 1328 1619 8356 1343 1620 8357 1359 1392 8358 1344 1394 8359 1343 1620 8360 1359 1392 8361 1343 1620 8362 1358 1621 8363 1381 1390 8364 1359 1392 8365 1358 1621 8366 1381 1390 8367 1358 1621 8368 1382 1622 8369 1381 1390 8370 1382 1622 8371 1374 1388 8372 1374 1388 8373 1382 1622 8374 1373 1623 8375 1374 1388 8376 1373 1623 8377 1404 1386 8378 1404 1386 8379 1373 1623 8380 1403 1624 8381 1404 1386 8382 1403 1624 8383 1419 1384 8384 1419 1384 8385 1403 1624 8386 1418 1625 8387 1419 1384 8388 1418 1625 8389 1434 1382 8390 1434 1382 8391 1418 1625 8392 1433 1626 8393 1434 1382 8394 1433 1626 8395 1449 1380 8396 1449 1380 8397 1433 1626 8398 1448 1627 8399 1449 1380 8400 1448 1627 8401 1464 1378 8402 1464 1378 8403 1448 1627 8404 1463 1377 8405 1498 1628 8406 100 100 8407 1500 1629 8408 1500 1629 8409 100 100 8410 99 99 8411 1500 1629 8412 99 99 8413 257 1630 8414 1500 1629 8415 257 1630 8416 1499 1631 8417 1499 1631 8418 257 1630 8419 256 1632 8420 1499 1631 8421 256 1632 8422 1501 1633 8423 1501 1633 8424 256 1632 8425 255 1634 8426 1501 1633 8427 255 1634 8428 1502 1635 8429 1502 1635 8430 255 1634 8431 254 1636 8432 1502 1635 8433 254 1636 8434 1503 1637 8435 1503 1637 8436 254 1636 8437 253 1638 8438 1503 1637 8439 253 1638 8440 1504 1639 8441 1504 1639 8442 253 1638 8443 252 1640 8444 1504 1639 8445 252 1640 8446 1505 1641 8447 1505 1641 8448 252 1640 8449 1506 1642 8450 1505 1641 8451 1506 1642 8452 1493 1643 8453 1493 1643 8454 1506 1642 8455 1492 1644 8456 1492 1644 8457 1506 1642 8458 1507 1645 8459 1492 1644 8460 1507 1645 8461 1491 1646 8462 1491 1646 8463 1507 1645 8464 1508 1647 8465 1491 1646 8466 1508 1647 8467 1490 1648 8468 1490 1648 8469 1508 1647 8470 1509 1649 8471 1490 1648 8472 1509 1649 8473 1489 1650 8474 1489 1650 8475 1509 1649 8476 1510 1651 8477 1489 1650 8478 1510 1651 8479 1488 1652 8480 1488 1652 8481 1510 1651 8482 1511 1653 8483 1488 1652 8484 1511 1653 8485 1487 1654 8486 1487 1654 8487 1511 1653 8488 1512 1655 8489 1487 1654 8490 1512 1655 8491 1513 1656 8492 1513 1656 8493 1512 1655 8494 246 1657 8495 1513 1656 8496 246 1657 8497 245 1658 8498 252 1640 8499 251 1659 8500 1506 1642 8501 1506 1642 8502 251 1659 8503 1507 1645 8504 251 1659 8505 250 1660 8506 1507 1645 8507 1507 1645 8508 250 1660 8509 1508 1647 8510 250 1660 8511 249 1661 8512 1508 1647 8513 1508 1647 8514 249 1661 8515 1509 1649 8516 249 1661 8517 248 1662 8518 1509 1649 8519 1509 1649 8520 248 1662 8521 1510 1651 8522 248 1662 8523 247 1663 8524 1510 1651 8525 1510 1651 8526 247 1663 8527 1511 1653 8528 247 1663 8529 246 1657 8530 1511 1653 8531 1511 1653 8532 246 1657 8533 1512 1655 8534 1513 1656 8535 245 1658 8536 1514 1664 8537 1514 1664 8538 245 1658 8539 244 1665 8540 1514 1664 8541 244 1665 8542 1515 1666 8543 1515 1666 8544 244 1665 8545 243 1667 8546 1515 1666 8547 243 1667 8548 1516 1668 8549 1516 1668 8550 243 1667 8551 242 856 8552 1516 1668 8553 242 856 8554 987 1669 8555 1516 1668 8556 987 1669 8557 1517 1670 8558 1517 1670 8559 987 1669 8560 986 1671 8561 1517 1670 8562 986 1671 8563 1518 1672 8564 1518 1672 8565 986 1671 8566 985 1673 8567 1518 1672 8568 985 1673 8569 1519 1674 8570 1519 1674 8571 985 1673 8572 984 1675 8573 1519 1674 8574 984 1675 8575 1520 1676 8576 1520 1676 8577 984 1675 8578 983 1677 8579 1520 1676 8580 983 1677 8581 1521 1678 8582 1521 1678 8583 983 1677 8584 982 1679 8585 1521 1678 8586 982 1679 8587 1522 1680 8588 1522 1680 8589 982 1679 8590 981 1681 8591 1522 1680 8592 981 1681 8593 1523 1682 8594 1523 1682 8595 981 1681 8596 980 1683 8597 1523 1682 8598 980 1683 8599 979 1684 8600 1523 1682 8601 979 1684 8602 1524 1685 8603 1524 1685 8604 979 1684 8605 978 1686 8606 1524 1685 8607 978 1686 8608 1525 1687 8609 1525 1687 8610 978 1686 8611 977 1688 8612 1525 1687 8613 977 1688 8614 1526 1689 8615 1526 1689 8616 977 1688 8617 976 1690 8618 1526 1689 8619 976 1690 8620 1527 1691 8621 1527 1691 8622 976 1690 8623 975 1692 8624 1527 1691 8625 975 1692 8626 1528 1693 8627 1528 1693 8628 975 1692 8629 974 1694 8630 1528 1693 8631 974 1694 8632 1529 1695 8633 1529 1695 8634 974 1694 8635 973 1696 8636 1529 1695 8637 973 1696 8638 132 182 8639 132 182 8640 973 1696 8641 133 181 8642 132 182 8643 1468 1697 8644 1529 1695 8645 1529 1695 8646 1468 1697 8647 1469 1698 8648 1529 1695 8649 1469 1698 8650 1528 1693 8651 1528 1693 8652 1469 1698 8653 1470 1699 8654 1528 1693 8655 1470 1699 8656 1527 1691 8657 1527 1691 8658 1470 1699 8659 1471 1700 8660 1527 1691 8661 1471 1700 8662 1526 1689 8663 1526 1689 8664 1471 1700 8665 1472 1701 8666 1526 1689 8667 1472 1701 8668 1525 1687 8669 1525 1687 8670 1472 1701 8671 1473 1702 8672 1525 1687 8673 1473 1702 8674 1524 1685 8675 1524 1685 8676 1473 1702 8677 1474 1703 8678 1524 1685 8679 1474 1703 8680 1523 1682 8681 1523 1682 8682 1474 1703 8683 1475 1704 8684 1523 1682 8685 1475 1704 8686 1476 1705 8687 1523 1682 8688 1476 1705 8689 1522 1680 8690 1522 1680 8691 1476 1705 8692 1477 1706 8693 1522 1680 8694 1477 1706 8695 1521 1678 8696 1521 1678 8697 1477 1706 8698 1478 1707 8699 1521 1678 8700 1478 1707 8701 1520 1676 8702 1520 1676 8703 1478 1707 8704 1479 1708 8705 1520 1676 8706 1479 1708 8707 1519 1674 8708 1519 1674 8709 1479 1708 8710 1480 1709 8711 1519 1674 8712 1480 1709 8713 1518 1672 8714 1518 1672 8715 1480 1709 8716 1481 1710 8717 1518 1672 8718 1481 1710 8719 1517 1670 8720 1517 1670 8721 1481 1710 8722 1482 1711 8723 1517 1670 8724 1482 1711 8725 1516 1668 8726 1516 1668 8727 1482 1711 8728 1483 856 8729 1516 1668 8730 1483 856 8731 1484 1712 8732 1516 1668 8733 1484 1712 8734 1515 1666 8735 1515 1666 8736 1484 1712 8737 1485 1713 8738 1515 1666 8739 1485 1713 8740 1514 1664 8741 1514 1664 8742 1485 1713 8743 1486 1714 8744 1514 1664 8745 1486 1714 8746 1513 1656 8747 1513 1656 8748 1486 1714 8749 1487 1654 8750 1505 1641 8751 1493 1643 8752 1504 1639 8753 1504 1639 8754 1493 1643 8755 1494 1715 8756 1504 1639 8757 1494 1715 8758 1503 1637 8759 1503 1637 8760 1494 1715 8761 1495 1716 8762 1503 1637 8763 1495 1716 8764 1502 1635 8765 1502 1635 8766 1495 1716 8767 1496 1717 8768 1502 1635 8769 1496 1717 8770 1501 1633 8771 1501 1633 8772 1496 1717 8773 1497 1718 8774 1501 1633 8775 1497 1718 8776 1499 1631 8777 1499 1631 8778 1497 1718 8779 1498 1628 8780 1499 1631 8781 1498 1628 8782 1500 1629 8783 101 1719 8784 100 1720 8785 1530 1721 8786 1530 1721 8787 100 1720 8788 1498 1722 8789 1530 1721 8790 1498 1722 8791 1497 1722 8792 1497 1722 8793 1496 1722 8794 1530 1721 8795 1530 1721 8796 1496 1722 8797 1495 1722 8798 1530 1721 8799 1495 1722 8800 1494 1722 8801 1494 1722 8802 1493 1722 8803 1530 1721 8804 1530 1721 8805 1493 1722 8806 1492 1722 8807 1530 1721 8808 1492 1722 8809 1491 1722 8810 1491 1722 8811 1490 1722 8812 1530 1721 8813 1530 1721 8814 1490 1722 8815 1489 1722 8816 1530 1721 8817 1489 1722 8818 1488 1722 8819 1488 1722 8820 1487 1722 8821 1530 1721 8822 1530 1721 8823 1487 1722 8824 1486 1722 8825 1530 1721 8826 1486 1722 8827 1485 1722 8828 1485 1722 8829 1484 1722 8830 1530 1721 8831 1530 1721 8832 1484 1722 8833 1483 1722 8834 1530 1721 8835 1483 1722 8836 1482 1722 8837 1482 1722 8838 1481 1722 8839 1530 1721 8840 1530 1721 8841 1481 1722 8842 1480 1722 8843 1530 1721 8844 1480 1722 8845 1479 1722 8846 1479 1722 8847 1478 1722 8848 1530 1721 8849 1530 1721 8850 1478 1722 8851 1477 1722 8852 1530 1721 8853 1477 1722 8854 1476 1722 8855 1476 1722 8856 1475 1722 8857 1530 1721 8858 1530 1721 8859 1475 1722 8860 1474 1722 8861 1530 1721 8862 1474 1722 8863 1473 1722 8864 1473 1722 8865 1472 1722 8866 1530 1721 8867 1530 1721 8868 1472 1722 8869 1471 1722 8870 1530 1721 8871 1471 1722 8872 1470 1722 8873 1470 1722 8874 1469 1722 8875 1530 1721 8876 1530 1721 8877 1469 1722 8878 1468 1722 8879 1530 1721 8880 1468 1722 8881 132 1722 8882 132 1722 8883 131 1722 8884 1530 1721 8885 1530 1721 8886 131 1722 8887 130 1722 8888 1530 1721 8889 130 1722 8890 129 1722 8891 129 1722 8892 128 1722 8893 1530 1721 8894 1530 1721 8895 128 1722 8896 127 1722 8897 1530 1721 8898 127 1722 8899 126 1722 8900 126 1722 8901 125 1722 8902 1530 1721 8903 1530 1721 8904 125 1722 8905 124 1722 8906 1530 1721 8907 124 1722 8908 123 1722 8909 123 1722 8910 122 1722 8911 1530 1721 8912 1530 1721 8913 122 1722 8914 121 1722 8915 1530 1721 8916 121 1722 8917 120 1722 8918 120 1722 8919 119 1722 8920 1530 1721 8921 1530 1721 8922 119 1722 8923 118 1722 8924 1530 1721 8925 118 1722 8926 117 1722 8927 117 1722 8928 116 1722 8929 1530 1721 8930 1530 1721 8931 116 1722 8932 115 1722 8933 1530 1721 8934 115 1722 8935 114 1722 8936 114 1722 8937 113 1722 8938 1530 1721 8939 1530 1721 8940 113 1722 8941 112 1722 8942 1530 1721 8943 112 1722 8944 111 1722 8945 111 1722 8946 110 1722 8947 1530 1721 8948 1530 1721 8949 110 1722 8950 109 1722 8951 1530 1721 8952 109 1722 8953 108 1722 8954 108 1722 8955 107 1722 8956 1530 1721 8957 1530 1721 8958 107 1722 8959 106 1722 8960 1530 1721 8961 106 1722 8962 105 1722 8963 105 1722 8964 104 1722 8965 1530 1721 8966 1530 1721 8967 104 1722 8968 103 1722 8969 1530 1721 8970 103 1722 8971 102 1722 8972 102 1722 8973 101 1719 8974 1530 1721 8975 211 1723 8976 1 1 8977 1533 1724 8978 1533 1724 8979 1 1 8980 0 0 8981 1533 1724 8982 0 0 8983 870 1725 8984 1533 1724 8985 870 1725 8986 1532 1726 8987 1532 1726 8988 870 1725 8989 869 1727 8990 1532 1726 8991 869 1727 8992 1534 1728 8993 1534 1728 8994 869 1727 8995 868 1729 8996 1534 1728 8997 868 1729 8998 1535 1730 8999 1535 1730 9000 868 1729 9001 867 1731 9002 1535 1730 9003 867 1731 9004 1536 1732 9005 1536 1732 9006 867 1731 9007 866 1733 9008 1536 1732 9009 866 1733 9010 1537 1734 9011 1537 1734 9012 866 1733 9013 865 1735 9014 1537 1734 9015 865 1735 9016 1538 1736 9017 1538 1736 9018 865 1735 9019 864 1737 9020 1538 1736 9021 864 1737 9022 1539 1738 9023 1539 1738 9024 864 1737 9025 863 1739 9026 1539 1738 9027 863 1739 9028 1540 1740 9029 1540 1740 9030 863 1739 9031 862 1741 9032 1540 1740 9033 862 1741 9034 1541 1742 9035 1541 1742 9036 862 1741 9037 861 1743 9038 1541 1742 9039 861 1743 9040 1542 1744 9041 1542 1744 9042 861 1743 9043 1531 1745 9044 1542 1744 9045 1531 1745 9046 220 1746 9047 220 1746 9048 1531 1745 9049 221 1747 9050 221 1747 9051 1531 1745 9052 1543 1748 9053 221 1747 9054 1543 1748 9055 222 1749 9056 222 1749 9057 1543 1748 9058 1544 1750 9059 222 1749 9060 1544 1750 9061 1545 1751 9062 1545 1751 9063 1544 1750 9064 858 1752 9065 1545 1751 9066 858 1752 9067 857 1753 9068 861 1743 9069 860 1754 9070 1531 1745 9071 1531 1745 9072 860 1754 9073 1543 1748 9074 860 1754 9075 859 1755 9076 1543 1748 9077 1543 1748 9078 859 1755 9079 1544 1750 9080 859 1755 9081 858 1752 9082 1544 1750 9083 1545 1751 9084 857 1753 9085 1546 1756 9086 1546 1756 9087 857 1753 9088 856 1757 9089 1546 1756 9090 856 1757 9091 1547 1758 9092 1547 1758 9093 856 1757 9094 855 1759 9095 1547 1758 9096 855 1759 9097 1548 1760 9098 1548 1760 9099 855 1759 9100 854 856 9101 1548 1760 9102 854 856 9103 853 1761 9104 1548 1760 9105 853 1761 9106 1549 1762 9107 1549 1762 9108 853 1761 9109 852 1763 9110 1549 1762 9111 852 1763 9112 1550 1764 9113 1550 1764 9114 852 1763 9115 851 1765 9116 1550 1764 9117 851 1765 9118 1551 1766 9119 1551 1766 9120 851 1765 9121 850 1767 9122 1551 1766 9123 850 1767 9124 1552 1768 9125 1552 1768 9126 850 1767 9127 849 1769 9128 1552 1768 9129 849 1769 9130 1553 1770 9131 1553 1770 9132 849 1769 9133 848 1771 9134 1553 1770 9135 848 1771 9136 847 1772 9137 1553 1770 9138 847 1772 9139 1554 1773 9140 1554 1773 9141 847 1772 9142 846 1774 9143 1554 1773 9144 846 1774 9145 1555 1775 9146 1555 1775 9147 846 1774 9148 845 1776 9149 1555 1775 9150 845 1776 9151 1556 1777 9152 1556 1777 9153 845 1776 9154 844 1778 9155 1556 1777 9156 844 1778 9157 1557 1779 9158 1557 1779 9159 844 1778 9160 843 1780 9161 1557 1779 9162 843 1780 9163 842 1781 9164 1557 1779 9165 842 1781 9166 1558 1782 9167 1558 1782 9168 842 1781 9169 841 1783 9170 1558 1782 9171 841 1783 9172 1559 1784 9173 1559 1784 9174 841 1783 9175 840 1785 9176 1559 1784 9177 840 1785 9178 1560 1786 9179 1560 1786 9180 840 1785 9181 839 1787 9182 1560 1786 9183 839 1787 9184 1561 1788 9185 1561 1788 9186 839 1787 9187 829 1789 9188 1561 1788 9189 829 1789 9190 33 90 9191 33 90 9192 829 1789 9193 34 89 9194 33 90 9195 1002 1790 9196 1561 1788 9197 1561 1788 9198 1002 1790 9199 1001 1791 9200 1561 1788 9201 1001 1791 9202 1560 1786 9203 1560 1786 9204 1001 1791 9205 1000 1792 9206 1560 1786 9207 1000 1792 9208 1559 1784 9209 1559 1784 9210 1000 1792 9211 999 1793 9212 1559 1784 9213 999 1793 9214 1558 1782 9215 1558 1782 9216 999 1793 9217 998 1794 9218 1558 1782 9219 998 1794 9220 1557 1779 9221 1557 1779 9222 998 1794 9223 997 1795 9224 1557 1779 9225 997 1795 9226 1556 1777 9227 1556 1777 9228 997 1795 9229 996 1796 9230 1556 1777 9231 996 1796 9232 1555 1775 9233 1555 1775 9234 996 1796 9235 995 1797 9236 1555 1775 9237 995 1797 9238 994 1798 9239 1555 1775 9240 994 1798 9241 1554 1773 9242 1554 1773 9243 994 1798 9244 993 1799 9245 1554 1773 9246 993 1799 9247 1553 1770 9248 1553 1770 9249 993 1799 9250 992 1800 9251 1553 1770 9252 992 1800 9253 1552 1768 9254 1552 1768 9255 992 1800 9256 991 1801 9257 1552 1768 9258 991 1801 9259 1551 1766 9260 1551 1766 9261 991 1801 9262 990 1802 9263 1551 1766 9264 990 1802 9265 1550 1764 9266 1550 1764 9267 990 1802 9268 989 1710 9269 1550 1764 9270 989 1710 9271 1549 1762 9272 1549 1762 9273 989 1710 9274 988 1803 9275 1549 1762 9276 988 1803 9277 1548 1760 9278 1548 1760 9279 988 1803 9280 226 856 9281 1548 1760 9282 226 856 9283 225 1804 9284 1548 1760 9285 225 1804 9286 1547 1758 9287 1547 1758 9288 225 1804 9289 224 1713 9290 1547 1758 9291 224 1713 9292 1546 1756 9293 1546 1756 9294 224 1713 9295 223 1805 9296 1546 1756 9297 223 1805 9298 1545 1751 9299 1545 1751 9300 223 1805 9301 222 1749 9302 220 1746 9303 219 1806 9304 1542 1744 9305 1542 1744 9306 219 1806 9307 1541 1742 9308 219 1806 9309 218 1807 9310 1541 1742 9311 1541 1742 9312 218 1807 9313 1540 1740 9314 218 1807 9315 217 1808 9316 1540 1740 9317 1540 1740 9318 217 1808 9319 1539 1738 9320 217 1808 9321 216 1809 9322 1539 1738 9323 1539 1738 9324 216 1809 9325 1538 1736 9326 1538 1736 9327 216 1809 9328 1537 1734 9329 1537 1734 9330 216 1809 9331 215 1810 9332 1537 1734 9333 215 1810 9334 1536 1732 9335 1536 1732 9336 215 1810 9337 214 1811 9338 1536 1732 9339 214 1811 9340 1535 1730 9341 1535 1730 9342 214 1811 9343 213 1812 9344 1535 1730 9345 213 1812 9346 1534 1728 9347 1534 1728 9348 213 1812 9349 212 1813 9350 1534 1728 9351 212 1813 9352 1532 1726 9353 1532 1726 9354 212 1813 9355 211 1723 9356 1532 1726 9357 211 1723 9358 1533 1724 9359</p>
        </triangles>
        <triangles material="Powder_Coat__White_-material" count="100">
          <input semantic="VERTEX" source="#Body1_001-mesh-vertices" offset="0"/>
          <input semantic="NORMAL" source="#Body1_001-mesh-normals" offset="1"/>
          <input semantic="TEXCOORD" source="#Body1_001-mesh-map-0" offset="2" set="0"/>
          <p>35 863 4290 760 864 4291 36 865 4292 36 865 4293 760 864 4294 759 866 4295 36 865 4296 759 866 4297 758 867 4298 36 865 4299 758 867 4300 37 868 4301 37 868 4302 758 867 4303 757 869 4304 37 868 4305 757 869 4306 38 870 4307 38 870 4308 757 869 4309 756 871 4310 38 870 4311 756 871 4312 39 872 4313 39 872 4314 756 871 4315 755 873 4316 39 872 4317 755 873 4318 40 874 4319 40 874 4320 755 873 4321 754 875 4322 40 874 4323 754 875 4324 838 876 4325 838 876 4326 754 875 4327 753 877 4328 838 876 4329 753 877 4330 752 878 4331 752 878 4332 751 879 4333 838 876 4334 838 876 4335 751 879 4336 750 880 4337 838 876 4338 750 880 4339 62 881 4340 62 881 4341 750 880 4342 749 882 4343 62 881 4344 749 882 4345 63 883 4346 63 883 4347 749 882 4348 748 884 4349 63 883 4350 748 884 4351 64 885 4352 64 885 4353 748 884 4354 747 886 4355 64 885 4356 747 886 4357 65 887 4358 65 887 4359 747 886 4360 746 888 4361 65 887 4362 746 888 4363 66 889 4364 66 889 4365 746 888 4366 745 890 4367 66 889 4368 745 890 4369 744 891 4370 744 891 4371 67 863 4372 66 889 4373 62 881 4374 61 892 4375 838 876 4376 838 876 4377 61 892 4378 60 893 4379 838 876 4380 60 893 4381 59 894 4382 59 894 4383 58 895 4384 838 876 4385 838 876 4386 58 895 4387 57 896 4388 838 876 4389 57 896 4390 56 897 4391 56 897 4392 55 898 4393 838 876 4394 838 876 4395 55 898 4396 54 899 4397 838 876 4398 54 899 4399 53 900 4400 53 900 4401 52 901 4402 838 876 4403 838 876 4404 52 901 4405 51 902 4406 838 876 4407 51 902 4408 50 903 4409 50 903 4410 49 904 4411 838 876 4412 838 876 4413 49 904 4414 48 905 4415 838 876 4416 48 905 4417 47 906 4418 47 906 4419 46 907 4420 838 876 4421 838 876 4422 46 907 4423 45 908 4424 838 876 4425 45 908 4426 44 909 4427 44 909 4428 43 910 4429 838 876 4430 838 876 4431 43 910 4432 42 911 4433 838 876 4434 42 911 4435 41 912 4436 41 912 4437 40 874 4438 838 876 4439 829 913 4440 839 914 4441 830 915 4442 830 915 4443 839 914 4444 886 916 4445 886 916 4446 839 914 4447 885 917 4448 885 917 4449 839 914 4450 840 918 4451 885 917 4452 840 918 4453 884 919 4454 884 919 4455 840 918 4456 841 920 4457 884 919 4458 841 920 4459 883 921 4460 883 921 4461 841 920 4462 842 922 4463 883 921 4464 842 922 4465 882 923 4466 882 923 4467 842 922 4468 843 924 4469 882 923 4470 843 924 4471 881 925 4472 881 925 4473 843 924 4474 887 926 4475 881 925 4476 887 926 4477 880 927 4478 880 927 4479 887 926 4480 879 858 4481 879 858 4482 887 926 4483 878 928 4484 878 928 4485 887 926 4486 877 929 4487 877 929 4488 887 926 4489 865 930 4490 877 929 4491 865 930 4492 876 931 4493 876 931 4494 865 930 4495 866 932 4496 876 931 4497 866 932 4498 875 933 4499 875 933 4500 866 932 4501 867 934 4502 875 933 4503 867 934 4504 874 935 4505 874 935 4506 867 934 4507 868 936 4508 874 935 4509 868 936 4510 873 937 4511 873 937 4512 868 936 4513 869 938 4514 873 937 4515 869 938 4516 872 939 4517 872 939 4518 869 938 4519 871 940 4520 871 940 4521 869 938 4522 870 913 4523 843 924 4524 844 941 4525 887 926 4526 887 926 4527 844 941 4528 845 942 4529 887 926 4530 845 942 4531 846 943 4532 846 943 4533 847 944 4534 887 926 4535 887 926 4536 847 944 4537 848 945 4538 887 926 4539 848 945 4540 849 946 4541 849 946 4542 850 947 4543 887 926 4544 887 926 4545 850 947 4546 851 948 4547 887 926 4548 851 948 4549 852 949 4550 852 949 4551 853 950 4552 887 926 4553 887 926 4554 853 950 4555 854 951 4556 887 926 4557 854 951 4558 855 952 4559 855 952 4560 856 953 4561 887 926 4562 887 926 4563 856 953 4564 857 954 4565 887 926 4566 857 954 4567 858 955 4568 858 955 4569 859 956 4570 887 926 4571 887 926 4572 859 956 4573 860 957 4574 887 926 4575 860 957 4576 861 958 4577 861 958 4578 862 959 4579 887 926 4580 887 926 4581 862 959 4582 863 960 4583 887 926 4584 863 960 4585 864 961 4586 864 961 4587 865 930 4588 887 926 4589</p>
        </triangles>
        <triangles material="Marble__White_-material" count="64">
          <input semantic="VERTEX" source="#Body1_001-mesh-vertices" offset="0"/>
          <input semantic="NORMAL" source="#Body1_001-mesh-normals" offset="1"/>
          <input semantic="TEXCOORD" source="#Body1_001-mesh-map-0" offset="2" set="0"/>
          <p>912 1065 5142 795 1066 5143 740 1067 5144 740 1067 5145 795 1066 5146 794 858 5147 740 1067 5148 794 858 5149 943 858 5150 943 858 5151 794 858 5152 793 1068 5153 943 858 5154 793 1068 5155 944 1069 5156 944 1069 5157 793 1068 5158 792 1070 5159 944 1069 5160 792 1070 5161 945 1071 5162 945 1071 5163 792 1070 5164 791 1072 5165 945 1071 5166 791 1072 5167 946 1073 5168 946 1073 5169 791 1072 5170 790 1074 5171 946 1073 5172 790 1074 5173 947 1075 5174 947 1075 5175 790 1074 5176 789 1076 5177 947 1075 5178 789 1076 5179 948 1077 5180 948 1077 5181 789 1076 5182 788 1078 5183 948 1077 5184 788 1078 5185 949 858 5186 949 858 5187 788 1078 5188 787 858 5189 949 858 5190 787 858 5191 950 858 5192 950 858 5193 787 858 5194 951 858 5195 951 858 5196 787 858 5197 786 1079 5198 951 858 5199 786 1079 5200 952 1080 5201 952 1080 5202 786 1079 5203 785 1081 5204 952 1080 5205 785 1081 5206 953 1082 5207 953 1082 5208 785 1081 5209 784 1083 5210 953 1082 5211 784 1083 5212 954 1084 5213 954 1084 5214 784 1083 5215 783 1085 5216 954 1084 5217 783 1085 5218 955 1086 5219 955 1086 5220 783 1085 5221 782 1087 5222 955 1086 5223 782 1087 5224 956 1088 5225 956 1088 5226 782 1087 5227 781 1089 5228 956 1088 5229 781 1089 5230 957 1090 5231 957 1090 5232 781 1089 5233 780 858 5234 957 1090 5235 780 858 5236 724 858 5237 724 858 5238 780 858 5239 779 858 5240 724 858 5241 779 858 5242 725 858 5243 725 858 5244 779 858 5245 926 858 5246 725 858 5247 926 858 5248 925 1091 5249 725 858 5250 925 1091 5251 726 1092 5252 726 1092 5253 925 1091 5254 924 1093 5255 726 1092 5256 924 1093 5257 727 1094 5258 727 1094 5259 924 1093 5260 923 1085 5261 727 1094 5262 923 1085 5263 728 1084 5264 728 1084 5265 923 1085 5266 922 1083 5267 728 1084 5268 922 1083 5269 729 1082 5270 729 1082 5271 922 1083 5272 921 1081 5273 729 1082 5274 921 1081 5275 730 1080 5276 730 1080 5277 921 1081 5278 920 1079 5279 730 1080 5280 920 1079 5281 731 858 5282 731 858 5283 920 1079 5284 919 858 5285 731 858 5286 919 858 5287 732 858 5288 732 858 5289 919 858 5290 918 1095 5291 732 858 5292 918 1095 5293 733 858 5294 733 858 5295 918 1095 5296 734 1077 5297 734 1077 5298 918 1095 5299 917 1076 5300 734 1077 5301 917 1076 5302 735 1075 5303 735 1075 5304 917 1076 5305 916 1074 5306 735 1075 5307 916 1074 5308 736 1073 5309 736 1073 5310 916 1074 5311 915 1072 5312 736 1073 5313 915 1072 5314 737 1096 5315 737 1096 5316 915 1072 5317 914 1097 5318 737 1096 5319 914 1097 5320 738 1098 5321 738 1098 5322 914 1097 5323 913 1099 5324 738 1098 5325 913 1099 5326 739 1100 5327 739 1100 5328 913 1099 5329 912 1065 5330 739 1100 5331 912 1065 5332 740 1067 5333</p>
        </triangles>
      </mesh>
    </geometry>
    <geometry id="Body1-mesh" name="Body1">
      <mesh>
        <source id="Body1-mesh-positions">
          <float_array id="Body1-mesh-positions-array" count="6516">0 0 4.35 0 -0.3908668 4.332404 0 -0.7915393 4.277379 0 -1.196938 4.182085 0 -1.601212 4.044579 0 -1.997931 3.864035 0 -2.380362 3.64093 0 -2.741797 3.377136 0 -3.075914 3.075914 0 -3.377136 2.741797 0 -3.64093 2.380362 0 -3.864035 1.997931 0 -4.044579 1.601212 0 -4.182085 1.196938 0 -4.277379 0.7915393 0 -4.332404 0.3908668 0 -4.35 0 0 -4.332404 -0.3908668 0 -4.277379 -0.7915393 0 -4.182085 -1.196938 0 -4.044579 -1.601212 0 -3.864035 -1.997931 0 -3.64093 -2.380362 0 -3.377136 -2.741797 0 -3.075914 -3.075914 0 -2.741797 -3.377136 0 -2.380362 -3.64093 0 -1.997931 -3.864035 0 -1.601212 -4.044579 0 -1.196938 -4.182085 0 -0.7915393 -4.277379 0 -0.3908668 -4.332404 0 0 -4.35 0.06368702 0 -4.344157 0.1288331 0 -4.325426 0.1915234 0 -4.292948 0.2474873 0 -4.247488 0.2929484 0 -4.191524 0.3254259 0 -4.128833 0.3441569 0 -4.063687 0.35 0 -4 0.3441569 0 -3.936313 0.3254259 0 -3.871167 0.2929484 0 -3.808477 0.2474873 0 -3.752513 0.1915234 0 -3.707051 0.1288331 0 -3.674574 0.06368702 0 -3.655843 0 0 -3.65 0 -0.3279687 -3.635235 0 -0.6641651 -3.589065 0 -1.004328 -3.509106 0 -1.343546 -3.393727 0 -1.676425 -3.242237 0 -1.997316 -3.055034 0 -2.300588 -2.833689 0 -2.58094 -2.58094 0 -2.833689 -2.300588 0 -3.055034 -1.997316 0 -3.242237 -1.676425 0 -3.393727 -1.343546 0 -3.509106 -1.004328 0 -3.589065 -0.6641651 0 -3.635235 -0.3279687 0 -3.65 0 0 -3.635235 0.3279687 0 -3.589065 0.6641651 0 -3.509106 1.004328 0 -3.393727 1.343546 0 -3.242237 1.676425 0 -3.055034 1.997316 0 -2.833689 2.300588 0 -2.58094 2.58094 0 -2.300588 2.833689 0 -1.997316 3.055034 0 -1.676425 3.242237 0 -1.343546 3.393727 0 -1.004328 3.509106 0 -0.6641651 3.589065 0 -0.3279687 3.635235 0 0 3.65 0.06368702 0 3.655843 0.1288331 0 3.674574 0.1915234 0 3.707051 0.2474873 0 3.752513 0.2929484 0 3.808477 0.3254259 0 3.871167 0.3441569 0 3.936313 0.35 0 4 0.3441569 0 4.063687 0.3254259 0 4.128833 0.2929484 0 4.191524 0.2474873 0 4.247488 0.1915234 0 4.292948 0.1288331 0 4.325426 0.06368702 0 4.344157 0.08745723 -0.3334673 4.326064 0.1318565 -0.3323387 4.311423 0.1750276 -0.3307155 4.290366 0.2142617 -0.3286911 4.264103 0.2498757 -0.3262566 4.23252 0.2808369 -0.3234747 4.196431 0.3063704 -0.3204271 4.156894 0.3396716 -0.3139078 4.072318 0.35 -0.3074213 3.988169 0.3468101 -0.3037978 3.941162 0.3366899 -0.3000736 3.892849 0.3190627 -0.296364 3.844723 0.2937896 -0.292801 3.798501 0.2352171 -0.2875021 3.729758 0.1614291 -0.2835539 3.678539 0.08032786 -0.2812399 3.648519 0.08745723 -0.674615 4.286131 0.1318565 -0.6723318 4.271625 0.1750276 -0.6690481 4.250762 0.2142617 -0.6649526 4.224742 0.2498757 -0.6600276 4.193451 0.2808369 -0.6543997 4.157695 0.3063704 -0.6482343 4.118523 0.3396716 -0.6350454 4.034728 0.35 -0.621923 3.951356 0.3468101 -0.6145926 3.904783 0.3366899 -0.6070586 3.856915 0.3190627 -0.5995538 3.809234 0.2937896 -0.5923458 3.763438 0.2352171 -0.5816259 3.69533 0.1614291 -0.5736386 3.644583 0.08032786 -0.5689573 3.614841 0.08745723 -1.020366 4.217213 0.1318565 -1.016912 4.20294 0.1750276 -1.011946 4.182413 0.2142617 -1.005751 4.156811 0.2498757 -0.9983019 4.126022 0.2808369 -0.9897897 4.090841 0.3063704 -0.9804643 4.052299 0.3396716 -0.960516 3.969852 0.35 -0.9406682 3.88782 0.3468101 -0.9295809 3.841996 0.3366899 -0.9181855 3.794898 0.3190627 -0.9068343 3.747983 0.2937896 -0.8959322 3.702924 0.2352171 -0.8797182 3.635911 0.1614291 -0.8676373 3.58598 0.08032786 -0.8605568 3.556716 0.08745723 -1.367202 4.117862 0.1318565 -1.362575 4.103926 0.1750276 -1.35592 4.083882 0.2142617 -1.34762 4.058883 0.2498757 -1.337638 4.02882 0.2808369 -1.326233 3.994468 0.3063704 -1.313738 3.956834 0.3396716 -1.287009 3.876328 0.35 -1.260414 3.796229 0.3468101 -1.245558 3.751484 0.3366899 -1.230289 3.705497 0.3190627 -1.21508 3.659687 0.2937896 -1.200472 3.615689 0.2352171 -1.178747 3.550255 0.1614291 -1.162559 3.5015 0.08032786 -1.153072 3.472926 0.08745723 -1.711244 3.987189 0.1318565 -1.705452 3.973695 0.1750276 -1.697123 3.954287 0.2142617 -1.686734 3.930081 0.2498757 -1.674241 3.900972 0.2808369 -1.659965 3.86771 0.3063704 -1.644326 3.83127 0.3396716 -1.610871 3.75332 0.35 -1.577584 3.675762 0.3468101 -1.55899 3.632437 0.3366899 -1.539879 3.587909 0.3190627 -1.520842 3.543553 0.2937896 -1.502558 3.500952 0.2352171 -1.475365 3.437594 0.1614291 -1.455105 3.390386 0.08032786 -1.44323 3.362718 0.08745723 -2.048356 3.824953 0.1318565 -2.041424 3.812008 0.1750276 -2.031453 3.79339 0.2142617 -2.019018 3.770169 0.2498757 -2.004064 3.742245 0.2808369 -1.986976 3.710336 0.3063704 -1.968255 3.675379 0.3396716 -1.92821 3.6006 0.35 -1.888366 3.526198 0.3468101 -1.866108 3.484636 0.3366899 -1.843232 3.44192 0.3190627 -1.820445 3.399369 0.2937896 -1.798559 3.358501 0.2352171 -1.76601 3.297721 0.1614291 -1.741758 3.252434 0.08032786 -1.727544 3.225892 0.08745723 -2.684824 3.408481 0.1318565 -2.675738 3.396946 0.1750276 -2.66267 3.380355 0.2142617 -2.646371 3.359663 0.2498757 -2.62677 3.334779 0.2808369 -2.604372 3.306344 0.3063704 -2.579835 3.275193 0.3396716 -2.527346 3.208557 0.35 -2.475122 3.142256 0.3468101 -2.445948 3.105219 0.3366899 -2.415965 3.067154 0.3190627 -2.386097 3.029236 0.2937896 -2.357411 2.992818 0.2352171 -2.314748 2.938656 0.1614291 -2.28296 2.8983 0.08032786 -2.26433 2.874648 0.08032786 -2.002428 3.062853 0.1614291 -2.018903 3.088054 0.2352171 -2.047015 3.131052 0.2937896 -2.084743 3.18876 0.3190627 -2.110111 3.227562 0.3366899 -2.136524 3.267963 0.3468101 -2.16304 3.308521 0.35 -2.188839 3.347982 0.3396716 -2.235023 3.418623 0.3063704 -2.281441 3.489623 0.2808369 -2.30314 3.522813 0.2498757 -2.322947 3.553109 0.2142617 -2.340281 3.579622 0.1750276 -2.354694 3.60167 0.1318565 -2.366251 3.619347 0.08745723 -2.374287 3.631637 0.08745723 -2.975967 3.157475 0.1318565 -2.965895 3.146789 0.1750276 -2.95141 3.13142 0.2142617 -2.933343 3.112251 0.2498757 -2.911617 3.0892 0.2808369 -2.88679 3.062859 0.3063704 -2.859592 3.034002 0.3396716 -2.801412 2.972273 0.35 -2.743524 2.910855 0.3468101 -2.711187 2.876546 0.3366899 -2.677952 2.841283 0.3190627 -2.644845 2.806158 0.2937896 -2.613049 2.772422 0.2352171 -2.565759 2.722248 0.1614291 -2.530524 2.684864 0.08032786 -2.509874 2.662954 0.08745723 -3.244086 2.881308 0.1318565 -3.233107 2.871556 0.1750276 -3.217316 2.857532 0.2142617 -3.197622 2.84004 0.2498757 -3.173938 2.819005 0.2808369 -3.146875 2.794968 0.3063704 -3.117226 2.768635 0.3396716 -3.053804 2.712305 0.35 -2.990701 2.656258 0.3468101 -2.955451 2.62495 0.3366899 -2.919221 2.592772 0.3190627 -2.883131 2.560719 0.2937896 -2.84847 2.529933 0.2352171 -2.79692 2.484148 0.1614291 -2.758511 2.450034 0.08032786 -2.736 2.43004 0.08745723 -3.486074 2.583276 0.1318565 -3.474276 2.574533 0.1750276 -3.457308 2.561959 0.2142617 -3.436145 2.546276 0.2498757 -3.410694 2.527416 0.2808369 -3.381612 2.505866 0.3063704 -3.349752 2.482257 0.3396716 -3.281599 2.431753 0.35 -3.213788 2.381504 0.3468101 -3.175909 2.353434 0.3366899 -3.136977 2.324585 0.3190627 -3.098196 2.295847 0.2937896 -3.060948 2.268246 0.2352171 -3.005553 2.227196 0.1614291 -2.964279 2.196611 0.08032786 -2.940088 2.178685 0.08745723 -3.699468 2.267148 0.1318565 -3.686948 2.259475 0.1750276 -3.668941 2.24844 0.2142617 -3.646482 2.234677 0.2498757 -3.619474 2.218125 0.2808369 -3.588612 2.199212 0.3063704 -3.554801 2.178492 0.3396716 -3.482476 2.134169 0.35 -3.410515 2.090069 0.3468101 -3.370316 2.065434 0.3366899 -3.329001 2.040115 0.3190627 -3.287846 2.014893 0.2937896 -3.248319 1.99067 0.2352171 -3.189533 1.954644 0.1614291 -3.145732 1.927801 0.08032786 -3.120061 1.912069 0.08745723 -3.882524 1.937017 0.1318565 -3.869384 1.930461 0.1750276 -3.850486 1.921033 0.2142617 -3.826916 1.909274 0.2498757 -3.798571 1.895132 0.2808369 -3.766182 1.878973 0.3063704 -3.730699 1.86127 0.3396716 -3.654794 1.823401 0.35 -3.579273 1.785723 0.3468101 -3.537085 1.764675 0.3366899 -3.493726 1.743043 0.3190627 -3.450534 1.721494 0.2937896 -3.409051 1.700798 0.2352171 -3.347356 1.670018 0.1614291 -3.301388 1.647084 0.08032786 -3.274446 1.633643 0.08745723 -4.154428 1.251702 0.1318565 -4.140367 1.247466 0.1750276 -4.120146 1.241373 0.2142617 -4.094925 1.233775 0.2498757 -4.064595 1.224636 0.2808369 -4.029938 1.214194 0.3063704 -3.991969 1.202755 0.3396716 -3.910749 1.178284 0.35 -3.829939 1.153936 0.3468101 -3.784797 1.140335 0.3366899 -3.738401 1.126356 0.3190627 -3.692184 1.112431 0.2937896 -3.647796 1.099057 0.2352171 -3.58178 1.079167 0.1614291 -3.532593 1.064347 0.08032786 -3.503765 1.055662 0.08032786 -3.402414 1.346985 0.1614291 -3.430408 1.358067 0.2352171 -3.478173 1.376977 0.2937896 -3.542279 1.402356 0.3190627 -3.585383 1.41942 0.3366899 -3.630263 1.437188 0.3468101 -3.675317 1.455024 0.35 -3.719153 1.472379 0.3396716 -3.797626 1.503446 0.3063704 -3.876497 1.53467 0.2808369 -3.913367 1.549266 0.2498757 -3.947022 1.56259 0.2142617 -3.976474 1.57425 0.1750276 -4.000966 1.583946 0.1318565 -4.020602 1.59172 0.08745723 -4.034255 1.597125 0.08745723 -4.243506 0.9048127 0.1318565 -4.229144 0.9017505 0.1750276 -4.208489 0.8973463 0.2142617 -4.182727 0.8918533 0.2498757 -4.151747 0.8852477 0.2808369 -4.116347 0.8776994 0.3063704 -4.077564 0.8694301 0.3396716 -3.994603 0.8517408 0.35 -3.91206 0.8341407 0.3468101 -3.865949 0.824309 0.3366899 -3.818558 0.8142042 0.3190627 -3.771351 0.8041384 0.2937896 -3.726011 0.794471 0.2352171 -3.65858 0.7800931 0.1614291 -3.608338 0.7693803 0.08032786 -3.578891 0.7631017 0.08745723 -4.315865 0.4464721 0.1318565 -4.301259 0.4449611 0.1750276 -4.280251 0.4427879 0.2142617 -4.25405 0.4400774 0.2498757 -4.222542 0.4368179 0.2808369 -4.186537 0.4330933 0.3063704 -4.147094 0.4290129 0.3396716 -4.062718 0.4202843 0.35 -3.978767 0.4115996 0.3468101 -3.931871 0.4067482 0.3366899 -3.883671 0.4017621 0.3190627 -3.835659 0.3967953 0.2937896 -3.789546 0.3920249 0.2352171 -3.720965 0.3849303 0.1614291 -3.669866 0.3796442 0.08032786 -3.639918 0.376546 0.08745723 -4.338897 0 0.1318565 -4.324213 0 0.1750276 -4.303093 0 0.2142617 -4.276752 0 0.2498757 -4.245076 0 0.2808369 -4.208879 0 0.3063704 -4.169225 0 0.3396716 -4.084399 0 0.35 -4 0 0.3468101 -3.952853 0 0.3366899 -3.904397 0 0.3190627 -3.856128 0 0.2937896 -3.809769 0 0.2352171 -3.740823 0 0.1614291 -3.689451 0 0.08032786 -3.659343 0 0.08745723 -4.315865 -0.4464721 0.1318565 -4.301259 -0.4449611 0.1750276 -4.280251 -0.4427879 0.2142617 -4.25405 -0.4400774 0.2498757 -4.222542 -0.4368179 0.2808369 -4.186537 -0.4330933 0.3063704 -4.147094 -0.4290129 0.3396716 -4.062718 -0.4202843 0.35 -3.978767 -0.4115996 0.3468101 -3.931871 -0.4067482 0.3366899 -3.883671 -0.4017621 0.3190627 -3.835659 -0.3967953 0.2937896 -3.789546 -0.3920249 0.2352171 -3.720965 -0.3849303 0.1614291 -3.669866 -0.3796442 0.08032786 -3.639918 -0.376546 0.08745723 -4.243506 -0.9048127 0.1318565 -4.229144 -0.9017505 0.1750276 -4.208489 -0.8973463 0.2142617 -4.182727 -0.8918533 0.2498757 -4.151747 -0.8852477 0.2808369 -4.116347 -0.8776994 0.3063704 -4.077564 -0.8694301 0.3396716 -3.994603 -0.8517408 0.35 -3.91206 -0.8341407 0.3468101 -3.865949 -0.824309 0.3366899 -3.818558 -0.8142042 0.3190627 -3.771351 -0.8041384 0.2937896 -3.726011 -0.794471 0.2352171 -3.65858 -0.7800931 0.1614291 -3.608338 -0.7693803 0.08032786 -3.578891 -0.7631017 0.08745723 -4.117862 -1.367202 0.1318565 -4.103926 -1.362575 0.1750276 -4.083882 -1.35592 0.2142617 -4.058883 -1.34762 0.2498757 -4.02882 -1.337638 0.2808369 -3.994468 -1.326233 0.3063704 -3.956834 -1.313738 0.3396716 -3.876328 -1.287009 0.35 -3.796229 -1.260414 0.3468101 -3.751484 -1.245558 0.3366899 -3.705497 -1.230289 0.3190627 -3.659687 -1.21508 0.2937896 -3.615689 -1.200472 0.2352171 -3.550255 -1.178747 0.1614291 -3.5015 -1.162559 0.08032786 -3.472926 -1.153072 0.08745723 -3.936609 -1.824593 0.1318565 -3.923286 -1.818418 0.1750276 -3.904124 -1.809537 0.2142617 -3.880226 -1.79846 0.2498757 -3.851486 -1.78514 0.2808369 -3.818646 -1.769918 0.3063704 -3.782668 -1.753243 0.3396716 -3.705707 -1.717572 0.35 -3.629133 -1.68208 0.3468101 -3.586358 -1.662254 0.3366899 -3.542394 -1.641878 0.3190627 -3.498601 -1.62158 0.2937896 -3.45654 -1.602085 0.2352171 -3.393985 -1.573091 0.1614291 -3.347377 -1.551488 0.08032786 -3.32006 -1.538827 0.08745723 -3.699468 -2.267148 0.1318565 -3.686948 -2.259475 0.1750276 -3.668941 -2.24844 0.2142617 -3.646482 -2.234677 0.2498757 -3.619474 -2.218125 0.2808369 -3.588612 -2.199212 0.3063704 -3.554801 -2.178492 0.3396716 -3.482476 -2.134169 0.35 -3.410515 -2.090069 0.3468101 -3.370316 -2.065434 0.3366899 -3.329001 -2.040115 0.3190627 -3.287846 -2.014893 0.2937896 -3.248319 -1.99067 0.2352171 -3.189533 -1.954644 0.1614291 -3.145732 -1.927801 0.08032786 -3.120061 -1.912069 0.08745723 -3.408481 -2.684824 0.1318565 -3.396946 -2.675738 0.1750276 -3.380355 -2.66267 0.2142617 -3.359663 -2.646371 0.2498757 -3.334779 -2.62677 0.2808369 -3.306344 -2.604372 0.3063704 -3.275193 -2.579835 0.3396716 -3.208557 -2.527346 0.35 -3.142256 -2.475122 0.3468101 -3.105219 -2.445948 0.3366899 -3.067154 -2.415965 0.3190627 -3.029236 -2.386097 0.2937896 -2.992818 -2.357411 0.2352171 -2.938656 -2.314748 0.1614291 -2.8983 -2.28296 0.08032786 -2.874648 -2.26433 0.08745723 -3.068063 -3.068063 0.1318565 -3.05768 -3.05768 0.1750276 -3.042746 -3.042746 0.2142617 -3.024121 -3.024121 0.2498757 -3.001722 -3.001722 0.2808369 -2.976127 -2.976127 0.3063704 -2.948087 -2.948087 0.3396716 -2.888106 -2.888106 0.35 -2.828427 -2.828427 0.3468101 -2.795089 -2.795089 0.3366899 -2.760826 -2.760826 0.3190627 -2.726695 -2.726695 0.2937896 -2.693914 -2.693914 0.2352171 -2.645161 -2.645161 0.1614291 -2.608836 -2.608836 0.08032786 -2.587546 -2.587546 0.08745723 -2.684824 -3.408481 0.1318565 -2.675738 -3.396946 0.1750276 -2.66267 -3.380355 0.2142617 -2.646371 -3.359663 0.2498757 -2.62677 -3.334779 0.2808369 -2.604372 -3.306344 0.3063704 -2.579835 -3.275193 0.3396716 -2.527346 -3.208557 0.35 -2.475122 -3.142256 0.3468101 -2.445948 -3.105219 0.3366899 -2.415965 -3.067154 0.3190627 -2.386097 -3.029236 0.2937896 -2.357411 -2.992818 0.2352171 -2.314748 -2.938656 0.1614291 -2.28296 -2.8983 0.08032786 -2.26433 -2.874648 0.08745723 -2.267148 -3.699468 0.1318565 -2.259475 -3.686948 0.1750276 -2.24844 -3.668941 0.2142617 -2.234677 -3.646482 0.2498757 -2.218125 -3.619474 0.2808369 -2.199212 -3.588612 0.3063704 -2.178492 -3.554801 0.3396716 -2.134169 -3.482476 0.35 -2.090069 -3.410515 0.3468101 -2.065434 -3.370316 0.3366899 -2.040115 -3.329001 0.3190627 -2.014893 -3.287846 0.2937896 -1.99067 -3.248319 0.2352171 -1.954644 -3.189533 0.1614291 -1.927801 -3.145732 0.08032786 -1.912069 -3.120061 0.08745723 -1.824593 -3.936609 0.1318565 -1.818418 -3.923286 0.1750276 -1.809537 -3.904124 0.2142617 -1.79846 -3.880226 0.2498757 -1.78514 -3.851486 0.2808369 -1.769918 -3.818646 0.3063704 -1.753243 -3.782668 0.3396716 -1.717572 -3.705707 0.35 -1.68208 -3.629133 0.3468101 -1.662254 -3.586358 0.3366899 -1.641878 -3.542394 0.3190627 -1.62158 -3.498601 0.2937896 -1.602085 -3.45654 0.2352171 -1.573091 -3.393985 0.1614291 -1.551488 -3.347377 0.08032786 -1.538827 -3.32006 0.08745723 -1.367202 -4.117862 0.1318565 -1.362575 -4.103926 0.1750276 -1.35592 -4.083882 0.2142617 -1.34762 -4.058883 0.2498757 -1.337638 -4.02882 0.2808369 -1.326233 -3.994468 0.3063704 -1.313738 -3.956834 0.3396716 -1.287009 -3.876328 0.35 -1.260414 -3.796229 0.3468101 -1.245558 -3.751484 0.3366899 -1.230289 -3.705497 0.3190627 -1.21508 -3.659687 0.2937896 -1.200472 -3.615689 0.2352171 -1.178747 -3.550255 0.1614291 -1.162559 -3.5015 0.08032786 -1.153072 -3.472926 0.08745723 -0.9048127 -4.243506 0.1318565 -0.9017505 -4.229144 0.1750276 -0.8973463 -4.208489 0.2142617 -0.8918533 -4.182727 0.2498757 -0.8852477 -4.151747 0.2808369 -0.8776994 -4.116347 0.3063704 -0.8694301 -4.077564 0.3396716 -0.8517408 -3.994603 0.35 -0.8341407 -3.91206 0.3468101 -0.824309 -3.865949 0.3366899 -0.8142042 -3.818558 0.3190627 -0.8041384 -3.771351 0.2937896 -0.794471 -3.726011 0.2352171 -0.7800931 -3.65858 0.1614291 -0.7693803 -3.608338 0.08032786 -0.7631017 -3.578891 0.08745723 -0.4464721 -4.315865 0.1318565 -0.4449611 -4.301259 0.1750276 -0.4427879 -4.280251 0.2142617 -0.4400774 -4.25405 0.2498757 -0.4368179 -4.222542 0.2808369 -0.4330933 -4.186537 0.3063704 -0.4290129 -4.147094 0.3396716 -0.4202843 -4.062718 0.35 -0.4115996 -3.978767 0.3468101 -0.4067482 -3.931871 0.3366899 -0.4017621 -3.883671 0.3190627 -0.3967953 -3.835659 0.2937896 -0.3920249 -3.789546 0.2352171 -0.3849303 -3.720965 0.1614291 -0.3796442 -3.669866 0.08032786 -0.376546 -3.639918 0 0.3908668 -4.332404 0 0.7915393 -4.277379 0 1.196938 -4.182085 0 1.601212 -4.044579 0 1.997931 -3.864035 0 2.380362 -3.64093 0 2.741797 -3.377136 0 3.075914 -3.075914 0 3.377136 -2.741797 0 3.64093 -2.380362 0 3.864035 -1.997931 0 4.044579 -1.601212 0 4.182085 -1.196938 0 4.277379 -0.7915393 0 4.332404 -0.3908668 0 4.35 0 0 4.332404 0.3908668 0 4.277379 0.7915393 0 4.182085 1.196938 0 4.044579 1.601212 0 3.864035 1.997931 0 3.64093 2.380362 0 3.377136 2.741797 0 3.075914 3.075914 0 2.741797 3.377136 0 2.380362 3.64093 0 1.997931 3.864035 0 1.601212 4.044579 0 1.196938 4.182085 0 0.7915393 4.277379 0 0.3908668 4.332404 0 0.3279687 3.635235 0 0.6641651 3.589065 0 1.004328 3.509106 0 1.343546 3.393727 0 1.676425 3.242237 0 1.997316 3.055034 0 2.300588 2.833689 0 2.58094 2.58094 0 2.833689 2.300588 0 3.055034 1.997316 0 3.242237 1.676425 0 3.393727 1.343546 0 3.509106 1.004328 0 3.589065 0.6641651 0 3.635235 0.3279687 0 3.65 0 0 3.635235 -0.3279687 0 3.589065 -0.6641651 0 3.509106 -1.004328 0 3.393727 -1.343546 0 3.242237 -1.676425 0 3.055034 -1.997316 0 2.833689 -2.300588 0 2.58094 -2.58094 0 2.300588 -2.833689 0 1.997316 -3.055034 0 1.676425 -3.242237 0 1.343546 -3.393727 0 1.004328 -3.509106 0 0.6641651 -3.589065 0 0.3279687 -3.635235 0.08745723 0.3334673 -4.326064 0.1318565 0.3323387 -4.311423 0.1750276 0.3307155 -4.290366 0.2142617 0.3286911 -4.264103 0.2498757 0.3262566 -4.23252 0.2808369 0.3234747 -4.196431 0.3063704 0.3204271 -4.156894 0.3396716 0.3139078 -4.072318 0.35 0.3074213 -3.988169 0.3468101 0.3037978 -3.941162 0.3366899 0.3000736 -3.892849 0.3190627 0.296364 -3.844723 0.2937896 0.292801 -3.798501 0.2352171 0.2875021 -3.729758 0.1614291 0.2835539 -3.678539 0.08032786 0.2812399 -3.648519 0.08745723 0.674615 -4.286131 0.1318565 0.6723318 -4.271625 0.1750276 0.6690481 -4.250762 0.2142617 0.6649526 -4.224742 0.2498757 0.6600276 -4.193451 0.2808369 0.6543997 -4.157695 0.3063704 0.6482343 -4.118523 0.3396716 0.6350454 -4.034728 0.35 0.621923 -3.951356 0.3468101 0.6145926 -3.904783 0.3366899 0.6070586 -3.856915 0.3190627 0.5995538 -3.809234 0.2937896 0.5923458 -3.763438 0.2352171 0.5816259 -3.69533 0.1614291 0.5736386 -3.644583 0.08032786 0.5689573 -3.614841 0.08745723 1.020366 -4.217213 0.1318565 1.016912 -4.20294 0.1750276 1.011946 -4.182413 0.2142617 1.005751 -4.156811 0.2498757 0.9983019 -4.126022 0.2808369 0.9897897 -4.090841 0.3063704 0.9804643 -4.052299 0.3396716 0.960516 -3.969852 0.35 0.9406682 -3.88782 0.3468101 0.9295809 -3.841996 0.3366899 0.9181855 -3.794898 0.3190627 0.9068343 -3.747983 0.2937896 0.8959322 -3.702924 0.2352171 0.8797182 -3.635911 0.1614291 0.8676373 -3.58598 0.08032786 0.8605568 -3.556716 0.08745723 1.367202 -4.117862 0.1318565 1.362575 -4.103926 0.1750276 1.35592 -4.083882 0.2142617 1.34762 -4.058883 0.2498757 1.337638 -4.02882 0.2808369 1.326233 -3.994468 0.3063704 1.313738 -3.956834 0.3396716 1.287009 -3.876328 0.35 1.260414 -3.796229 0.3468101 1.245558 -3.751484 0.3366899 1.230289 -3.705497 0.3190627 1.21508 -3.659687 0.2937896 1.200472 -3.615689 0.2352171 1.178747 -3.550255 0.1614291 1.162559 -3.5015 0.08032786 1.153072 -3.472926 0.08745723 1.711244 -3.987189 0.1318565 1.705452 -3.973695 0.1750276 1.697123 -3.954287 0.2142617 1.686734 -3.930081 0.2498757 1.674241 -3.900972 0.2808369 1.659965 -3.86771 0.3063704 1.644326 -3.83127 0.3396716 1.610871 -3.75332 0.35 1.577584 -3.675762 0.3468101 1.55899 -3.632437 0.3366899 1.539879 -3.587909 0.3190627 1.520842 -3.543553 0.2937896 1.502558 -3.500952 0.2352171 1.475365 -3.437594 0.1614291 1.455105 -3.390386 0.08032786 1.44323 -3.362718 0.08745723 2.048356 -3.824953 0.1318565 2.041424 -3.812008 0.1750276 2.031453 -3.79339 0.2142617 2.019018 -3.770169 0.2498757 2.004064 -3.742245 0.2808369 1.986976 -3.710336 0.3063704 1.968255 -3.675379 0.3396716 1.92821 -3.6006 0.35 1.888366 -3.526198 0.3468101 1.866108 -3.484636 0.3366899 1.843232 -3.44192 0.3190627 1.820445 -3.399369 0.2937896 1.798559 -3.358501 0.2352171 1.76601 -3.297721 0.1614291 1.741758 -3.252434 0.08032786 1.727544 -3.225892 0.08745723 2.684824 -3.408481 0.1318565 2.675738 -3.396946 0.1750276 2.66267 -3.380355 0.2142617 2.646371 -3.359663 0.2498757 2.62677 -3.334779 0.2808369 2.604372 -3.306344 0.3063704 2.579835 -3.275193 0.3396716 2.527346 -3.208557 0.35 2.475122 -3.142256 0.3468101 2.445948 -3.105219 0.3366899 2.415965 -3.067154 0.3190627 2.386097 -3.029236 0.2937896 2.357411 -2.992818 0.2352171 2.314748 -2.938656 0.1614291 2.28296 -2.8983 0.08032786 2.26433 -2.874648 0.08032786 2.002428 -3.062853 0.1614291 2.018903 -3.088054 0.2352171 2.047015 -3.131052 0.2937896 2.084743 -3.18876 0.3190627 2.110111 -3.227562 0.3366899 2.136524 -3.267963 0.3468101 2.16304 -3.308521 0.35 2.188839 -3.347982 0.3396716 2.235023 -3.418623 0.3063704 2.281441 -3.489623 0.2808369 2.30314 -3.522813 0.2498757 2.322947 -3.553109 0.2142617 2.340281 -3.579622 0.1750276 2.354694 -3.60167 0.1318565 2.366251 -3.619347 0.08745723 2.374287 -3.631637 0.08745723 2.975967 -3.157475 0.1318565 2.965895 -3.146789 0.1750276 2.95141 -3.13142 0.2142617 2.933343 -3.112251 0.2498757 2.911617 -3.0892 0.2808369 2.88679 -3.062859 0.3063704 2.859592 -3.034002 0.3396716 2.801412 -2.972273 0.35 2.743524 -2.910855 0.3468101 2.711187 -2.876546 0.3366899 2.677952 -2.841283 0.3190627 2.644845 -2.806158 0.2937896 2.613049 -2.772422 0.2352171 2.565759 -2.722248 0.1614291 2.530524 -2.684864 0.08032786 2.509874 -2.662954 0.08745723 3.244086 -2.881308 0.1318565 3.233107 -2.871556 0.1750276 3.217316 -2.857532 0.2142617 3.197622 -2.84004 0.2498757 3.173938 -2.819005 0.2808369 3.146875 -2.794968 0.3063704 3.117226 -2.768635 0.3396716 3.053804 -2.712305 0.35 2.990701 -2.656258 0.3468101 2.955451 -2.62495 0.3366899 2.919221 -2.592772 0.3190627 2.883131 -2.560719 0.2937896 2.84847 -2.529933 0.2352171 2.79692 -2.484148 0.1614291 2.758511 -2.450034 0.08032786 2.736 -2.43004 0.08745723 3.486074 -2.583276 0.1318565 3.474276 -2.574533 0.1750276 3.457308 -2.561959 0.2142617 3.436145 -2.546276 0.2498757 3.410694 -2.527416 0.2808369 3.381612 -2.505866 0.3063704 3.349752 -2.482257 0.3396716 3.281599 -2.431753 0.35 3.213788 -2.381504 0.3468101 3.175909 -2.353434 0.3366899 3.136977 -2.324585 0.3190627 3.098196 -2.295847 0.2937896 3.060948 -2.268246 0.2352171 3.005553 -2.227196 0.1614291 2.964279 -2.196611 0.08032786 2.940088 -2.178685 0.08745723 3.699468 -2.267148 0.1318565 3.686948 -2.259475 0.1750276 3.668941 -2.24844 0.2142617 3.646482 -2.234677 0.2498757 3.619474 -2.218125 0.2808369 3.588612 -2.199212 0.3063704 3.554801 -2.178492 0.3396716 3.482476 -2.134169 0.35 3.410515 -2.090069 0.3468101 3.370316 -2.065434 0.3366899 3.329001 -2.040115 0.3190627 3.287846 -2.014893 0.2937896 3.248319 -1.99067 0.2352171 3.189533 -1.954644 0.1614291 3.145732 -1.927801 0.08032786 3.120061 -1.912069 0.08745723 3.882524 -1.937017 0.1318565 3.869384 -1.930461 0.1750276 3.850486 -1.921033 0.2142617 3.826916 -1.909274 0.2498757 3.798571 -1.895132 0.2808369 3.766182 -1.878973 0.3063704 3.730699 -1.86127 0.3396716 3.654794 -1.823401 0.35 3.579273 -1.785723 0.3468101 3.537085 -1.764675 0.3366899 3.493726 -1.743043 0.3190627 3.450534 -1.721494 0.2937896 3.409051 -1.700798 0.2352171 3.347356 -1.670018 0.1614291 3.301388 -1.647084 0.08032786 3.274446 -1.633643 0.08745723 4.154428 -1.251702 0.1318565 4.140367 -1.247466 0.1750276 4.120146 -1.241373 0.2142617 4.094925 -1.233775 0.2498757 4.064595 -1.224636 0.2808369 4.029938 -1.214194 0.3063704 3.991969 -1.202755 0.3396716 3.910749 -1.178284 0.35 3.829939 -1.153936 0.3468101 3.784797 -1.140335 0.3366899 3.738401 -1.126356 0.3190627 3.692184 -1.112431 0.2937896 3.647796 -1.099057 0.2352171 3.58178 -1.079167 0.1614291 3.532593 -1.064347 0.08032786 3.503765 -1.055662 0.08032786 3.402414 -1.346985 0.1614291 3.430408 -1.358067 0.2352171 3.478173 -1.376977 0.2937896 3.542279 -1.402356 0.3190627 3.585383 -1.41942 0.3366899 3.630263 -1.437188 0.3468101 3.675317 -1.455024 0.35 3.719153 -1.472379 0.3396716 3.797626 -1.503446 0.3063704 3.876497 -1.53467 0.2808369 3.913367 -1.549266 0.2498757 3.947022 -1.56259 0.2142617 3.976474 -1.57425 0.1750276 4.000966 -1.583946 0.1318565 4.020602 -1.59172 0.08745723 4.034255 -1.597125 0.08745723 4.243506 -0.9048127 0.1318565 4.229144 -0.9017505 0.1750276 4.208489 -0.8973463 0.2142617 4.182727 -0.8918533 0.2498757 4.151747 -0.8852477 0.2808369 4.116347 -0.8776994 0.3063704 4.077564 -0.8694301 0.3396716 3.994603 -0.8517408 0.35 3.91206 -0.8341407 0.3468101 3.865949 -0.824309 0.3366899 3.818558 -0.8142042 0.3190627 3.771351 -0.8041384 0.2937896 3.726011 -0.794471 0.2352171 3.65858 -0.7800931 0.1614291 3.608338 -0.7693803 0.08032786 3.578891 -0.7631017 0.08745723 4.315865 -0.4464721 0.1318565 4.301259 -0.4449611 0.1750276 4.280251 -0.4427879 0.2142617 4.25405 -0.4400774 0.2498757 4.222542 -0.4368179 0.2808369 4.186537 -0.4330933 0.3063704 4.147094 -0.4290129 0.3396716 4.062718 -0.4202843 0.35 3.978767 -0.4115996 0.3468101 3.931871 -0.4067482 0.3366899 3.883671 -0.4017621 0.3190627 3.835659 -0.3967953 0.2937896 3.789546 -0.3920249 0.2352171 3.720965 -0.3849303 0.1614291 3.669866 -0.3796442 0.08032786 3.639918 -0.376546 0.08745723 4.338897 0 0.1318565 4.324213 0 0.1750276 4.303093 0 0.2142617 4.276752 0 0.2498757 4.245076 0 0.2808369 4.208879 0 0.3063704 4.169225 0 0.3396716 4.084399 0 0.35 4 0 0.3468101 3.952853 0 0.3366899 3.904397 0 0.3190627 3.856128 0 0.2937896 3.809769 0 0.2352171 3.740823 0 0.1614291 3.689451 0 0.08032786 3.659343 0 0.08745723 4.315865 0.4464721 0.1318565 4.301259 0.4449611 0.1750276 4.280251 0.4427879 0.2142617 4.25405 0.4400774 0.2498757 4.222542 0.4368179 0.2808369 4.186537 0.4330933 0.3063704 4.147094 0.4290129 0.3396716 4.062718 0.4202843 0.35 3.978767 0.4115996 0.3468101 3.931871 0.4067482 0.3366899 3.883671 0.4017621 0.3190627 3.835659 0.3967953 0.2937896 3.789546 0.3920249 0.2352171 3.720965 0.3849303 0.1614291 3.669866 0.3796442 0.08032786 3.639918 0.376546 0.08745723 4.243506 0.9048127 0.1318565 4.229144 0.9017505 0.1750276 4.208489 0.8973463 0.2142617 4.182727 0.8918533 0.2498757 4.151747 0.8852477 0.2808369 4.116347 0.8776994 0.3063704 4.077564 0.8694301 0.3396716 3.994603 0.8517408 0.35 3.91206 0.8341407 0.3468101 3.865949 0.824309 0.3366899 3.818558 0.8142042 0.3190627 3.771351 0.8041384 0.2937896 3.726011 0.794471 0.2352171 3.65858 0.7800931 0.1614291 3.608338 0.7693803 0.08032786 3.578891 0.7631017 0.08745723 4.117862 1.367202 0.1318565 4.103926 1.362575 0.1750276 4.083882 1.35592 0.2142617 4.058883 1.34762 0.2498757 4.02882 1.337638 0.2808369 3.994468 1.326233 0.3063704 3.956834 1.313738 0.3396716 3.876328 1.287009 0.35 3.796229 1.260414 0.3468101 3.751484 1.245558 0.3366899 3.705497 1.230289 0.3190627 3.659687 1.21508 0.2937896 3.615689 1.200472 0.2352171 3.550255 1.178747 0.1614291 3.5015 1.162559 0.08032786 3.472926 1.153072 0.08745723 3.936609 1.824593 0.1318565 3.923286 1.818418 0.1750276 3.904124 1.809537 0.2142617 3.880226 1.79846 0.2498757 3.851486 1.78514 0.2808369 3.818646 1.769918 0.3063704 3.782668 1.753243 0.3396716 3.705707 1.717572 0.35 3.629133 1.68208 0.3468101 3.586358 1.662254 0.3366899 3.542394 1.641878 0.3190627 3.498601 1.62158 0.2937896 3.45654 1.602085 0.2352171 3.393985 1.573091 0.1614291 3.347377 1.551488 0.08032786 3.32006 1.538827 0.08745723 3.699468 2.267148 0.1318565 3.686948 2.259475 0.1750276 3.668941 2.24844 0.2142617 3.646482 2.234677 0.2498757 3.619474 2.218125 0.2808369 3.588612 2.199212 0.3063704 3.554801 2.178492 0.3396716 3.482476 2.134169 0.35 3.410515 2.090069 0.3468101 3.370316 2.065434 0.3366899 3.329001 2.040115 0.3190627 3.287846 2.014893 0.2937896 3.248319 1.99067 0.2352171 3.189533 1.954644 0.1614291 3.145732 1.927801 0.08032786 3.120061 1.912069 0.08745723 3.408481 2.684824 0.1318565 3.396946 2.675738 0.1750276 3.380355 2.66267 0.2142617 3.359663 2.646371 0.2498757 3.334779 2.62677 0.2808369 3.306344 2.604372 0.3063704 3.275193 2.579835 0.3396716 3.208557 2.527346 0.35 3.142256 2.475122 0.3468101 3.105219 2.445948 0.3366899 3.067154 2.415965 0.3190627 3.029236 2.386097 0.2937896 2.992818 2.357411 0.2352171 2.938656 2.314748 0.1614291 2.8983 2.28296 0.08032786 2.874648 2.26433 0.08745723 3.068063 3.068063 0.1318565 3.05768 3.05768 0.1750276 3.042746 3.042746 0.2142617 3.024121 3.024121 0.2498757 3.001722 3.001722 0.2808369 2.976127 2.976127 0.3063704 2.948087 2.948087 0.3396716 2.888106 2.888106 0.35 2.828427 2.828427 0.3468101 2.795089 2.795089 0.3366899 2.760826 2.760826 0.3190627 2.726695 2.726695 0.2937896 2.693914 2.693914 0.2352171 2.645161 2.645161 0.1614291 2.608836 2.608836 0.08032786 2.587546 2.587546 0.08745723 2.684824 3.408481 0.1318565 2.675738 3.396946 0.1750276 2.66267 3.380355 0.2142617 2.646371 3.359663 0.2498757 2.62677 3.334779 0.2808369 2.604372 3.306344 0.3063704 2.579835 3.275193 0.3396716 2.527346 3.208557 0.35 2.475122 3.142256 0.3468101 2.445948 3.105219 0.3366899 2.415965 3.067154 0.3190627 2.386097 3.029236 0.2937896 2.357411 2.992818 0.2352171 2.314748 2.938656 0.1614291 2.28296 2.8983 0.08032786 2.26433 2.874648 0.08745723 2.267148 3.699468 0.1318565 2.259475 3.686948 0.1750276 2.24844 3.668941 0.2142617 2.234677 3.646482 0.2498757 2.218125 3.619474 0.2808369 2.199212 3.588612 0.3063704 2.178492 3.554801 0.3396716 2.134169 3.482476 0.35 2.090069 3.410515 0.3468101 2.065434 3.370316 0.3366899 2.040115 3.329001 0.3190627 2.014893 3.287846 0.2937896 1.99067 3.248319 0.2352171 1.954644 3.189533 0.1614291 1.927801 3.145732 0.08032786 1.912069 3.120061 0.08745723 1.824593 3.936609 0.1318565 1.818418 3.923286 0.1750276 1.809537 3.904124 0.2142617 1.79846 3.880226 0.2498757 1.78514 3.851486 0.2808369 1.769918 3.818646 0.3063704 1.753243 3.782668 0.3396716 1.717572 3.705707 0.35 1.68208 3.629133 0.3468101 1.662254 3.586358 0.3366899 1.641878 3.542394 0.3190627 1.62158 3.498601 0.2937896 1.602085 3.45654 0.2352171 1.573091 3.393985 0.1614291 1.551488 3.347377 0.08032786 1.538827 3.32006 0.08745723 1.367202 4.117862 0.1318565 1.362575 4.103926 0.1750276 1.35592 4.083882 0.2142617 1.34762 4.058883 0.2498757 1.337638 4.02882 0.2808369 1.326233 3.994468 0.3063704 1.313738 3.956834 0.3396716 1.287009 3.876328 0.35 1.260414 3.796229 0.3468101 1.245558 3.751484 0.3366899 1.230289 3.705497 0.3190627 1.21508 3.659687 0.2937896 1.200472 3.615689 0.2352171 1.178747 3.550255 0.1614291 1.162559 3.5015 0.08032786 1.153072 3.472926 0.08745723 0.9048127 4.243506 0.1318565 0.9017505 4.229144 0.1750276 0.8973463 4.208489 0.2142617 0.8918533 4.182727 0.2498757 0.8852477 4.151747 0.2808369 0.8776994 4.116347 0.3063704 0.8694301 4.077564 0.3396716 0.8517408 3.994603 0.35 0.8341407 3.91206 0.3468101 0.824309 3.865949 0.3366899 0.8142042 3.818558 0.3190627 0.8041384 3.771351 0.2937896 0.794471 3.726011 0.2352171 0.7800931 3.65858 0.1614291 0.7693803 3.608338 0.08032786 0.7631017 3.578891 0.08745723 0.4464721 4.315865 0.1318565 0.4449611 4.301259 0.1750276 0.4427879 4.280251 0.2142617 0.4400774 4.25405 0.2498757 0.4368179 4.222542 0.2808369 0.4330933 4.186537 0.3063704 0.4290129 4.147094 0.3396716 0.4202843 4.062718 0.35 0.4115996 3.978767 0.3468101 0.4067482 3.931871 0.3366899 0.4017621 3.883671 0.3190627 0.3967953 3.835659 0.2937896 0.3920249 3.789546 0.2352171 0.3849303 3.720965 0.1614291 0.3796442 3.669866 0.08032786 0.376546 3.639918 -0.06368702 0 -4.344157 -0.1288331 0 -4.325426 -0.1915234 0 -4.292948 -0.2474873 0 -4.247488 -0.2929484 0 -4.191524 -0.3254259 0 -4.128833 -0.3441569 0 -4.063687 -0.35 0 -4 -0.3441569 0 -3.936313 -0.3254259 0 -3.871167 -0.2929484 0 -3.808477 -0.2474873 0 -3.752513 -0.1915234 0 -3.707051 -0.1288331 0 -3.674574 -0.06368702 0 -3.655843 -0.06368702 0 3.655843 -0.1288331 0 3.674574 -0.1915234 0 3.707051 -0.2474873 0 3.752513 -0.2929484 0 3.808477 -0.3254259 0 3.871167 -0.3441569 0 3.936313 -0.35 0 4 -0.3441569 0 4.063687 -0.3254259 0 4.128833 -0.2929484 0 4.191524 -0.2474873 0 4.247488 -0.1915234 0 4.292948 -0.1288331 0 4.325426 -0.06368702 0 4.344157 -0.08032786 0.4466533 4.317616 -0.1614291 0.4435551 4.287667 -0.2352171 0.438269 4.236568 -0.2937896 0.4311743 4.167988 -0.3190627 0.426404 4.121875 -0.3366899 0.4214372 4.073862 -0.3468101 0.416451 4.025663 -0.35 0.4115996 3.978767 -0.3396716 0.402915 3.894816 -0.3063704 0.3941864 3.81044 -0.2808369 0.390106 3.770996 -0.2498757 0.3863813 3.734992 -0.2142617 0.3831219 3.703484 -0.1750276 0.3804114 3.677283 -0.1318565 0.3782382 3.656275 -0.08745723 0.3767272 3.641669 -0.08032786 0.9051797 4.245227 -0.1614291 0.8989011 4.215781 -0.2352171 0.8881883 4.165539 -0.2937896 0.8738105 4.098108 -0.3190627 0.864143 4.052768 -0.3366899 0.8540773 4.00556 -0.3468101 0.8439725 3.958169 -0.35 0.8341407 3.91206 -0.3396716 0.8165406 3.829516 -0.3063704 0.7988513 3.746555 -0.2808369 0.790582 3.707772 -0.2498757 0.7830338 3.672372 -0.2142617 0.7764281 3.641391 -0.1750276 0.7709352 3.61563 -0.1318565 0.766531 3.594974 -0.08745723 0.7634688 3.580613 -0.08032786 1.367757 4.119533 -0.1614291 1.358269 4.090958 -0.2352171 1.342082 4.042203 -0.2937896 1.320357 3.976769 -0.3190627 1.305749 3.932771 -0.3366899 1.290539 3.886962 -0.3468101 1.27527 3.840974 -0.35 1.260414 3.796229 -0.3396716 1.23382 3.71613 -0.3063704 1.207091 3.635625 -0.2808369 1.194596 3.59799 -0.2498757 1.18319 3.563638 -0.2142617 1.173209 3.533575 -0.1750276 1.164909 3.508577 -0.1318565 1.158254 3.488533 -0.08745723 1.153627 3.474596 -0.08032786 1.825334 3.938205 -0.1614291 1.812672 3.910889 -0.2352171 1.79107 3.86428 -0.2937896 1.762076 3.801726 -0.3190627 1.742581 3.759665 -0.3366899 1.722283 3.715872 -0.3468101 1.701906 3.671908 -0.35 1.68208 3.629133 -0.3396716 1.646589 3.552559 -0.3063704 1.610918 3.475598 -0.2808369 1.594242 3.43962 -0.2498757 1.579021 3.40678 -0.2142617 1.565701 3.37804 -0.1750276 1.554624 3.354142 -0.1318565 1.545742 3.33498 -0.08745723 1.539567 3.321657 -0.08032786 2.268068 3.700969 -0.1614291 2.252336 3.675298 -0.2352171 2.225493 3.631497 -0.2937896 2.189467 3.572711 -0.3190627 2.165244 3.533184 -0.3366899 2.140023 3.492029 -0.3468101 2.114704 3.450713 -0.35 2.090069 3.410515 -0.3396716 2.045969 3.338554 -0.3063704 2.001646 3.266229 -0.2808369 1.980926 3.232419 -0.2498757 1.962012 3.201556 -0.2142617 1.945461 3.174548 -0.1750276 1.931697 3.152089 -0.1318565 1.920662 3.134082 -0.08745723 1.912989 3.121562 -0.08032786 2.685914 3.409864 -0.1614291 2.667283 3.386212 -0.2352171 2.635496 3.345856 -0.2937896 2.592833 3.291694 -0.3190627 2.564146 3.255276 -0.3366899 2.534279 3.217358 -0.3468101 2.504295 3.179292 -0.35 2.475122 3.142256 -0.3396716 2.422897 3.075955 -0.3063704 2.370409 3.009319 -0.2808369 2.345871 2.978168 -0.2498757 2.323474 2.949733 -0.2142617 2.303873 2.924849 -0.1750276 2.287574 2.904157 -0.1318565 2.274505 2.887566 -0.08745723 2.265419 2.876031 -0.08032786 3.069308 3.069308 -0.1614291 3.048018 3.048018 -0.2352171 3.011693 3.011693 -0.2937896 2.96294 2.96294 -0.3190627 2.93016 2.93016 -0.3366899 2.896028 2.896028 -0.3468101 2.861765 2.861765 -0.35 2.828427 2.828427 -0.3396716 2.768748 2.768748 -0.3063704 2.708767 2.708767 -0.2808369 2.680727 2.680727 -0.2498757 2.655132 2.655132 -0.2142617 2.632734 2.632734 -0.1750276 2.614108 2.614108 -0.1318565 2.599174 2.599174 -0.08745723 2.588791 2.588791 -0.08032786 3.409864 2.685914 -0.1614291 3.386212 2.667283 -0.2352171 3.345856 2.635496 -0.2937896 3.291694 2.592833 -0.3190627 3.255276 2.564146 -0.3366899 3.217358 2.534279 -0.3468101 3.179292 2.504295 -0.35 3.142256 2.475122 -0.3396716 3.075955 2.422897 -0.3063704 3.009319 2.370409 -0.2808369 2.978168 2.345871 -0.2498757 2.949733 2.323474 -0.2142617 2.924849 2.303873 -0.1750276 2.904157 2.287574 -0.1318565 2.887566 2.274505 -0.08745723 2.876031 2.265419 -0.08032786 3.700969 2.268068 -0.1614291 3.675298 2.252336 -0.2352171 3.631497 2.225493 -0.2937896 3.572711 2.189467 -0.3190627 3.533184 2.165244 -0.3366899 3.492029 2.140023 -0.3468101 3.450713 2.114704 -0.35 3.410515 2.090069 -0.3396716 3.338554 2.045969 -0.3063704 3.266229 2.001646 -0.2808369 3.232419 1.980926 -0.2498757 3.201556 1.962012 -0.2142617 3.174548 1.945461 -0.1750276 3.152089 1.931697 -0.1318565 3.134082 1.920662 -0.08745723 3.121562 1.912989 -0.08032786 3.938205 1.825334 -0.1614291 3.910889 1.812672 -0.2352171 3.86428 1.79107 -0.2937896 3.801726 1.762076 -0.3190627 3.759665 1.742581 -0.3366899 3.715872 1.722283 -0.3468101 3.671908 1.701906 -0.35 3.629133 1.68208 -0.3396716 3.552559 1.646589 -0.3063704 3.475598 1.610918 -0.2808369 3.43962 1.594242 -0.2498757 3.40678 1.579021 -0.2142617 3.37804 1.565701 -0.1750276 3.354142 1.554624 -0.1318565 3.33498 1.545742 -0.08745723 3.321657 1.539567 -0.08032786 4.119533 1.367757 -0.1614291 4.090958 1.358269 -0.2352171 4.042203 1.342082 -0.2937896 3.976769 1.320357 -0.3190627 3.932771 1.305749 -0.3366899 3.886962 1.290539 -0.3468101 3.840974 1.27527 -0.35 3.796229 1.260414 -0.3396716 3.71613 1.23382 -0.3063704 3.635625 1.207091 -0.2808369 3.59799 1.194596 -0.2498757 3.563638 1.18319 -0.2142617 3.533575 1.173209 -0.1750276 3.508577 1.164909 -0.1318565 3.488533 1.158254 -0.08745723 3.474596 1.153627 -0.08032786 4.245227 0.9051797 -0.1614291 4.215781 0.8989011 -0.2352171 4.165539 0.8881883 -0.2937896 4.098108 0.8738105 -0.3190627 4.052768 0.864143 -0.3366899 4.00556 0.8540773 -0.3468101 3.958169 0.8439725 -0.35 3.91206 0.8341407 -0.3396716 3.829516 0.8165406 -0.3063704 3.746555 0.7988513 -0.2808369 3.707772 0.790582 -0.2498757 3.672372 0.7830338 -0.2142617 3.641391 0.7764281 -0.1750276 3.61563 0.7709352 -0.1318565 3.594974 0.766531 -0.08745723 3.580613 0.7634688 -0.08032786 4.317616 0.4466533 -0.1614291 4.287667 0.4435551 -0.2352171 4.236568 0.438269 -0.2937896 4.167988 0.4311743 -0.3190627 4.121875 0.426404 -0.3366899 4.073862 0.4214372 -0.3468101 4.025663 0.416451 -0.35 3.978767 0.4115996 -0.3396716 3.894816 0.402915 -0.3063704 3.81044 0.3941864 -0.2808369 3.770996 0.390106 -0.2498757 3.734992 0.3863813 -0.2142617 3.703484 0.3831219 -0.1750276 3.677283 0.3804114 -0.1318565 3.656275 0.3782382 -0.08745723 3.641669 0.3767272 -0.08032786 4.340657 0 -0.1614291 4.310549 0 -0.2352171 4.259177 0 -0.2937896 4.19023 0 -0.3190627 4.143871 0 -0.3366899 4.095603 0 -0.3468101 4.047146 0 -0.35 4 0 -0.3396716 3.915601 0 -0.3063704 3.830775 0 -0.2808369 3.791121 0 -0.2498757 3.754924 0 -0.2142617 3.723248 0 -0.1750276 3.696907 0 -0.1318565 3.675787 0 -0.08745723 3.661103 0 -0.08032786 4.317616 -0.4466533 -0.1614291 4.287667 -0.4435551 -0.2352171 4.236568 -0.438269 -0.2937896 4.167988 -0.4311743 -0.3190627 4.121875 -0.426404 -0.3366899 4.073862 -0.4214372 -0.3468101 4.025663 -0.416451 -0.35 3.978767 -0.4115996 -0.3396716 3.894816 -0.402915 -0.3063704 3.81044 -0.3941864 -0.2808369 3.770996 -0.390106 -0.2498757 3.734992 -0.3863813 -0.2142617 3.703484 -0.3831219 -0.1750276 3.677283 -0.3804114 -0.1318565 3.656275 -0.3782382 -0.08745723 3.641669 -0.3767272 -0.08032786 4.245227 -0.9051797 -0.1614291 4.215781 -0.8989011 -0.2352171 4.165539 -0.8881883 -0.2937896 4.098108 -0.8738105 -0.3190627 4.052768 -0.864143 -0.3366899 4.00556 -0.8540773 -0.3468101 3.958169 -0.8439725 -0.35 3.91206 -0.8341407 -0.3396716 3.829516 -0.8165406 -0.3063704 3.746555 -0.7988513 -0.2808369 3.707772 -0.790582 -0.2498757 3.672372 -0.7830338 -0.2142617 3.641391 -0.7764281 -0.1750276 3.61563 -0.7709352 -0.1318565 3.594974 -0.766531 -0.08745723 3.580613 -0.7634688 -0.08032786 4.156113 -1.25221 -0.1614291 4.127285 -1.243524 -0.2352171 4.078097 -1.228704 -0.2937896 4.012082 -1.208814 -0.3190627 3.967694 -1.195441 -0.3366899 3.921477 -1.181516 -0.3468101 3.875081 -1.167537 -0.35 3.829939 -1.153936 -0.3396716 3.749128 -1.129588 -0.3063704 3.667908 -1.105117 -0.2808369 3.62994 -1.093677 -0.2498757 3.595283 -1.083235 -0.2142617 3.564953 -1.074097 -0.1750276 3.539732 -1.066498 -0.1318565 3.51951 -1.060406 -0.08745723 3.50545 -1.056169 -0.08032786 3.884099 -1.937803 -0.1614291 3.857158 -1.924361 -0.2352171 3.811189 -1.901428 -0.2937896 3.749495 -1.870648 -0.3190627 3.708012 -1.849952 -0.3366899 3.66482 -1.828403 -0.3468101 3.62146 -1.806771 -0.35 3.579273 -1.785723 -0.3396716 3.503751 -1.748045 -0.3063704 3.427847 -1.710175 -0.2808369 3.392364 -1.692473 -0.2498757 3.359975 -1.676313 -0.2142617 3.33163 -1.662172 -0.1750276 3.30806 -1.650413 -0.1318565 3.289161 -1.640984 -0.08745723 3.276021 -1.634429 -0.08745723 3.404051 -1.347633 -0.1318565 3.417704 -1.353038 -0.1750276 3.437341 -1.360812 -0.2142617 3.461832 -1.370508 -0.2498757 3.491285 -1.382168 -0.2808369 3.52494 -1.395491 -0.3063704 3.56181 -1.410088 -0.3396716 3.64068 -1.441312 -0.35 3.719153 -1.472379 -0.3468101 3.762989 -1.489733 -0.3366899 3.808044 -1.50757 -0.3190627 3.852923 -1.525337 -0.2937896 3.896027 -1.542402 -0.2352171 3.960133 -1.567781 -0.1614291 4.007898 -1.58669 -0.08032786 4.035892 -1.597773 -0.08032786 3.700969 -2.268068 -0.1614291 3.675298 -2.252336 -0.2352171 3.631497 -2.225493 -0.2937896 3.572711 -2.189467 -0.3190627 3.533184 -2.165244 -0.3366899 3.492029 -2.140023 -0.3468101 3.450713 -2.114704 -0.35 3.410515 -2.090069 -0.3396716 3.338554 -2.045969 -0.3063704 3.266229 -2.001646 -0.2808369 3.232419 -1.980926 -0.2498757 3.201556 -1.962012 -0.2142617 3.174548 -1.945461 -0.1750276 3.152089 -1.931697 -0.1318565 3.134082 -1.920662 -0.08745723 3.121562 -1.912989 -0.08032786 3.487489 -2.584324 -0.1614291 3.463298 -2.566398 -0.2352171 3.422024 -2.535812 -0.2937896 3.366629 -2.494763 -0.3190627 3.329382 -2.467162 -0.3366899 3.290601 -2.438424 -0.3468101 3.251668 -2.409574 -0.35 3.213788 -2.381504 -0.3396716 3.145978 -2.331255 -0.3063704 3.077825 -2.280752 -0.2808369 3.045965 -2.257143 -0.2498757 3.016883 -2.235592 -0.2142617 2.991433 -2.216732 -0.1750276 2.970269 -2.20105 -0.1318565 2.953301 -2.188476 -0.08745723 2.941503 -2.179733 -0.08032786 3.245402 -2.882477 -0.1614291 3.222891 -2.862483 -0.2352171 3.184481 -2.828369 -0.2937896 3.132931 -2.782584 -0.3190627 3.09827 -2.751798 -0.3366899 3.062181 -2.719745 -0.3468101 3.025951 -2.687567 -0.35 2.990701 -2.656258 -0.3396716 2.927598 -2.600212 -0.3063704 2.864175 -2.543882 -0.2808369 2.834527 -2.517549 -0.2498757 2.807464 -2.493512 -0.2142617 2.78378 -2.472477 -0.1750276 2.764086 -2.454985 -0.1318565 2.748295 -2.44096 -0.08745723 2.737316 -2.431209 -0.08032786 2.977174 -3.158756 -0.1614291 2.956524 -3.136846 -0.2352171 2.921289 -3.099462 -0.2937896 2.874 -3.049288 -0.3190627 2.842203 -3.015552 -0.3366899 2.809096 -2.980426 -0.3468101 2.775861 -2.945164 -0.35 2.743524 -2.910855 -0.3396716 2.685636 -2.849437 -0.3063704 2.627456 -2.787707 -0.2808369 2.600258 -2.758851 -0.2498757 2.575431 -2.73251 -0.2142617 2.553705 -2.709458 -0.1750276 2.535638 -2.69029 -0.1318565 2.521153 -2.674921 -0.08745723 2.511081 -2.664235 -0.08032786 2.685914 -3.409864 -0.1614291 2.667283 -3.386212 -0.2352171 2.635496 -3.345856 -0.2937896 2.592833 -3.291694 -0.3190627 2.564146 -3.255276 -0.3366899 2.534279 -3.217358 -0.3468101 2.504295 -3.179292 -0.35 2.475122 -3.142256 -0.3396716 2.422897 -3.075955 -0.3063704 2.370409 -3.009319 -0.2808369 2.345871 -2.978168 -0.2498757 2.323474 -2.949733 -0.2142617 2.303873 -2.924849 -0.1750276 2.287574 -2.904157 -0.1318565 2.274505 -2.887566 -0.08745723 2.265419 -2.876031 -0.08032786 2.049187 -3.826505 -0.1614291 2.034973 -3.799963 -0.2352171 2.010721 -3.754676 -0.2937896 1.978172 -3.693896 -0.3190627 1.956286 -3.653028 -0.3366899 1.933499 -3.610477 -0.3468101 1.910623 -3.56776 -0.35 1.888366 -3.526198 -0.3396716 1.848522 -3.451797 -0.3063704 1.808476 -3.377018 -0.2808369 1.789755 -3.342061 -0.2498757 1.772668 -3.310152 -0.2142617 1.757713 -3.282227 -0.1750276 1.745278 -3.259007 -0.1318565 1.735308 -3.240389 -0.08745723 1.728375 -3.227444 -0.08745723 2.003391 -3.064327 -0.1318565 2.011427 -3.076617 -0.1750276 2.022984 -3.094295 -0.2142617 2.037397 -3.116342 -0.2498757 2.054731 -3.142855 -0.2808369 2.074538 -3.173151 -0.3063704 2.096237 -3.206341 -0.3396716 2.142655 -3.277341 -0.35 2.188839 -3.347982 -0.3468101 2.214638 -3.387444 -0.3366899 2.241154 -3.428001 -0.3190627 2.267567 -3.468402 -0.2937896 2.292935 -3.507204 -0.2352171 2.330663 -3.564912 -0.1614291 2.358774 -3.60791 -0.08032786 2.37525 -3.633111 -0.08032786 1.711938 -3.988806 -0.1614291 1.700063 -3.961138 -0.2352171 1.679803 -3.913931 -0.2937896 1.65261 -3.850573 -0.3190627 1.634326 -3.807972 -0.3366899 1.615289 -3.763616 -0.3468101 1.596179 -3.719087 -0.35 1.577584 -3.675762 -0.3396716 1.544297 -3.598205 -0.3063704 1.510842 -3.520254 -0.2808369 1.495203 -3.483814 -0.2498757 1.480927 -3.450552 -0.2142617 1.468434 -3.421443 -0.1750276 1.458045 -3.397238 -0.1318565 1.449716 -3.37783 -0.08745723 1.443924 -3.364336 -0.08032786 1.367757 -4.119533 -0.1614291 1.358269 -4.090958 -0.2352171 1.342082 -4.042203 -0.2937896 1.320357 -3.976769 -0.3190627 1.305749 -3.932771 -0.3366899 1.290539 -3.886962 -0.3468101 1.27527 -3.840974 -0.35 1.260414 -3.796229 -0.3396716 1.23382 -3.71613 -0.3063704 1.207091 -3.635625 -0.2808369 1.194596 -3.59799 -0.2498757 1.18319 -3.563638 -0.2142617 1.173209 -3.533575 -0.1750276 1.164909 -3.508577 -0.1318565 1.158254 -3.488533 -0.08745723 1.153627 -3.474596 -0.08032786 1.020779 -4.218924 -0.1614291 1.013699 -4.18966 -0.2352171 1.001618 -4.139729 -0.2937896 0.9854041 -4.072715 -0.3190627 0.974502 -4.027657 -0.3366899 0.9631508 -3.980741 -0.3468101 0.9517555 -3.933644 -0.35 0.9406682 -3.88782 -0.3396716 0.9208203 -3.805788 -0.3063704 0.9008719 -3.72334 -0.2808369 0.8915466 -3.684798 -0.2498757 0.8830344 -3.649617 -0.2142617 0.8755851 -3.618829 -0.1750276 0.8693907 -3.593227 -0.1318565 0.864424 -3.5727 -0.08745723 0.8609707 -3.558427 -0.08032786 0.6748887 -4.28787 -0.1614291 0.6702074 -4.258128 -0.2352171 0.6622201 -4.207381 -0.2937896 0.6515002 -4.139273 -0.3190627 0.6442922 -4.093478 -0.3366899 0.6367874 -4.045796 -0.3468101 0.6292534 -3.997929 -0.35 0.621923 -3.951356 -0.3396716 0.6088006 -3.867983 -0.3063704 0.5956118 -3.784188 -0.2808369 0.5894463 -3.745017 -0.2498757 0.5838184 -3.70926 -0.2142617 0.5788933 -3.677969 -0.1750276 0.5747979 -3.651949 -0.1318565 0.5715141 -3.631086 -0.08745723 0.569231 -3.61658 -0.08032786 0.3336026 -4.327819 -0.1614291 0.3312886 -4.2978 -0.2352171 0.3273404 -4.24658 -0.2937896 0.3220415 -4.177837 -0.3190627 0.3184785 -4.131615 -0.3366899 0.3147689 -4.083489 -0.3468101 0.3110447 -4.035176 -0.35 0.3074213 -3.988169 -0.3396716 0.3009347 -3.90402 -0.3063704 0.2944154 -3.819444 -0.2808369 0.2913678 -3.779907 -0.2498757 0.2885859 -3.743818 -0.2142617 0.2861514 -3.712235 -0.1750276 0.2841269 -3.685972 -0.1318565 0.2825038 -3.664915 -0.08745723 0.2813752 -3.650274 -0.08032786 -0.4466533 -4.317616 -0.1614291 -0.4435551 -4.287667 -0.2352171 -0.438269 -4.236568 -0.2937896 -0.4311743 -4.167988 -0.3190627 -0.426404 -4.121875 -0.3366899 -0.4214372 -4.073862 -0.3468101 -0.416451 -4.025663 -0.35 -0.4115996 -3.978767 -0.3396716 -0.402915 -3.894816 -0.3063704 -0.3941864 -3.81044 -0.2808369 -0.390106 -3.770996 -0.2498757 -0.3863813 -3.734992 -0.2142617 -0.3831219 -3.703484 -0.1750276 -0.3804114 -3.677283 -0.1318565 -0.3782382 -3.656275 -0.08745723 -0.3767272 -3.641669 -0.08032786 -0.9051797 -4.245227 -0.1614291 -0.8989011 -4.215781 -0.2352171 -0.8881883 -4.165539 -0.2937896 -0.8738105 -4.098108 -0.3190627 -0.864143 -4.052768 -0.3366899 -0.8540773 -4.00556 -0.3468101 -0.8439725 -3.958169 -0.35 -0.8341407 -3.91206 -0.3396716 -0.8165406 -3.829516 -0.3063704 -0.7988513 -3.746555 -0.2808369 -0.790582 -3.707772 -0.2498757 -0.7830338 -3.672372 -0.2142617 -0.7764281 -3.641391 -0.1750276 -0.7709352 -3.61563 -0.1318565 -0.766531 -3.594974 -0.08745723 -0.7634688 -3.580613 -0.08032786 -1.367757 -4.119533 -0.1614291 -1.358269 -4.090958 -0.2352171 -1.342082 -4.042203 -0.2937896 -1.320357 -3.976769 -0.3190627 -1.305749 -3.932771 -0.3366899 -1.290539 -3.886962 -0.3468101 -1.27527 -3.840974 -0.35 -1.260414 -3.796229 -0.3396716 -1.23382 -3.71613 -0.3063704 -1.207091 -3.635625 -0.2808369 -1.194596 -3.59799 -0.2498757 -1.18319 -3.563638 -0.2142617 -1.173209 -3.533575 -0.1750276 -1.164909 -3.508577 -0.1318565 -1.158254 -3.488533 -0.08745723 -1.153627 -3.474596 -0.08032786 -1.825334 -3.938205 -0.1614291 -1.812672 -3.910889 -0.2352171 -1.79107 -3.86428 -0.2937896 -1.762076 -3.801726 -0.3190627 -1.742581 -3.759665 -0.3366899 -1.722283 -3.715872 -0.3468101 -1.701906 -3.671908 -0.35 -1.68208 -3.629133 -0.3396716 -1.646589 -3.552559 -0.3063704 -1.610918 -3.475598 -0.2808369 -1.594242 -3.43962 -0.2498757 -1.579021 -3.40678 -0.2142617 -1.565701 -3.37804 -0.1750276 -1.554624 -3.354142 -0.1318565 -1.545742 -3.33498 -0.08745723 -1.539567 -3.321657 -0.08032786 -2.268068 -3.700969 -0.1614291 -2.252336 -3.675298 -0.2352171 -2.225493 -3.631497 -0.2937896 -2.189467 -3.572711 -0.3190627 -2.165244 -3.533184 -0.3366899 -2.140023 -3.492029 -0.3468101 -2.114704 -3.450713 -0.35 -2.090069 -3.410515 -0.3396716 -2.045969 -3.338554 -0.3063704 -2.001646 -3.266229 -0.2808369 -1.980926 -3.232419 -0.2498757 -1.962012 -3.201556 -0.2142617 -1.945461 -3.174548 -0.1750276 -1.931697 -3.152089 -0.1318565 -1.920662 -3.134082 -0.08745723 -1.912989 -3.121562 -0.08032786 -2.685914 -3.409864 -0.1614291 -2.667283 -3.386212 -0.2352171 -2.635496 -3.345856 -0.2937896 -2.592833 -3.291694 -0.3190627 -2.564146 -3.255276 -0.3366899 -2.534279 -3.217358 -0.3468101 -2.504295 -3.179292 -0.35 -2.475122 -3.142256 -0.3396716 -2.422897 -3.075955 -0.3063704 -2.370409 -3.009319 -0.2808369 -2.345871 -2.978168 -0.2498757 -2.323474 -2.949733 -0.2142617 -2.303873 -2.924849 -0.1750276 -2.287574 -2.904157 -0.1318565 -2.274505 -2.887566 -0.08745723 -2.265419 -2.876031 -0.08032786 -3.069308 -3.069308 -0.1614291 -3.048018 -3.048018 -0.2352171 -3.011693 -3.011693 -0.2937896 -2.96294 -2.96294 -0.3190627 -2.93016 -2.93016 -0.3366899 -2.896028 -2.896028 -0.3468101 -2.861765 -2.861765 -0.35 -2.828427 -2.828427 -0.3396716 -2.768748 -2.768748 -0.3063704 -2.708767 -2.708767 -0.2808369 -2.680727 -2.680727 -0.2498757 -2.655132 -2.655132 -0.2142617 -2.632734 -2.632734 -0.1750276 -2.614108 -2.614108 -0.1318565 -2.599174 -2.599174 -0.08745723 -2.588791 -2.588791 -0.08032786 -3.409864 -2.685914 -0.1614291 -3.386212 -2.667283 -0.2352171 -3.345856 -2.635496 -0.2937896 -3.291694 -2.592833 -0.3190627 -3.255276 -2.564146 -0.3366899 -3.217358 -2.534279 -0.3468101 -3.179292 -2.504295 -0.35 -3.142256 -2.475122 -0.3396716 -3.075955 -2.422897 -0.3063704 -3.009319 -2.370409 -0.2808369 -2.978168 -2.345871 -0.2498757 -2.949733 -2.323474 -0.2142617 -2.924849 -2.303873 -0.1750276 -2.904157 -2.287574 -0.1318565 -2.887566 -2.274505 -0.08745723 -2.876031 -2.265419 -0.08032786 -3.700969 -2.268068 -0.1614291 -3.675298 -2.252336 -0.2352171 -3.631497 -2.225493 -0.2937896 -3.572711 -2.189467 -0.3190627 -3.533184 -2.165244 -0.3366899 -3.492029 -2.140023 -0.3468101 -3.450713 -2.114704 -0.35 -3.410515 -2.090069 -0.3396716 -3.338554 -2.045969 -0.3063704 -3.266229 -2.001646 -0.2808369 -3.232419 -1.980926 -0.2498757 -3.201556 -1.962012 -0.2142617 -3.174548 -1.945461 -0.1750276 -3.152089 -1.931697 -0.1318565 -3.134082 -1.920662 -0.08745723 -3.121562 -1.912989 -0.08032786 -3.938205 -1.825334 -0.1614291 -3.910889 -1.812672 -0.2352171 -3.86428 -1.79107 -0.2937896 -3.801726 -1.762076 -0.3190627 -3.759665 -1.742581 -0.3366899 -3.715872 -1.722283 -0.3468101 -3.671908 -1.701906 -0.35 -3.629133 -1.68208 -0.3396716 -3.552559 -1.646589 -0.3063704 -3.475598 -1.610918 -0.2808369 -3.43962 -1.594242 -0.2498757 -3.40678 -1.579021 -0.2142617 -3.37804 -1.565701 -0.1750276 -3.354142 -1.554624 -0.1318565 -3.33498 -1.545742 -0.08745723 -3.321657 -1.539567 -0.08032786 -4.119533 -1.367757 -0.1614291 -4.090958 -1.358269 -0.2352171 -4.042203 -1.342082 -0.2937896 -3.976769 -1.320357 -0.3190627 -3.932771 -1.305749 -0.3366899 -3.886962 -1.290539 -0.3468101 -3.840974 -1.27527 -0.35 -3.796229 -1.260414 -0.3396716 -3.71613 -1.23382 -0.3063704 -3.635625 -1.207091 -0.2808369 -3.59799 -1.194596 -0.2498757 -3.563638 -1.18319 -0.2142617 -3.533575 -1.173209 -0.1750276 -3.508577 -1.164909 -0.1318565 -3.488533 -1.158254 -0.08745723 -3.474596 -1.153627 -0.08032786 -4.245227 -0.9051797 -0.1614291 -4.215781 -0.8989011 -0.2352171 -4.165539 -0.8881883 -0.2937896 -4.098108 -0.8738105 -0.3190627 -4.052768 -0.864143 -0.3366899 -4.00556 -0.8540773 -0.3468101 -3.958169 -0.8439725 -0.35 -3.91206 -0.8341407 -0.3396716 -3.829516 -0.8165406 -0.3063704 -3.746555 -0.7988513 -0.2808369 -3.707772 -0.790582 -0.2498757 -3.672372 -0.7830338 -0.2142617 -3.641391 -0.7764281 -0.1750276 -3.61563 -0.7709352 -0.1318565 -3.594974 -0.766531 -0.08745723 -3.580613 -0.7634688 -0.08032786 -4.317616 -0.4466533 -0.1614291 -4.287667 -0.4435551 -0.2352171 -4.236568 -0.438269 -0.2937896 -4.167988 -0.4311743 -0.3190627 -4.121875 -0.426404 -0.3366899 -4.073862 -0.4214372 -0.3468101 -4.025663 -0.416451 -0.35 -3.978767 -0.4115996 -0.3396716 -3.894816 -0.402915 -0.3063704 -3.81044 -0.3941864 -0.2808369 -3.770996 -0.390106 -0.2498757 -3.734992 -0.3863813 -0.2142617 -3.703484 -0.3831219 -0.1750276 -3.677283 -0.3804114 -0.1318565 -3.656275 -0.3782382 -0.08745723 -3.641669 -0.3767272 -0.08032786 -4.340657 0 -0.1614291 -4.310549 0 -0.2352171 -4.259177 0 -0.2937896 -4.19023 0 -0.3190627 -4.143871 0 -0.3366899 -4.095603 0 -0.3468101 -4.047146 0 -0.35 -4 0 -0.3396716 -3.915601 0 -0.3063704 -3.830775 0 -0.2808369 -3.791121 0 -0.2498757 -3.754924 0 -0.2142617 -3.723248 0 -0.1750276 -3.696907 0 -0.1318565 -3.675787 0 -0.08745723 -3.661103 0 -0.08032786 -4.317616 0.4466533 -0.1614291 -4.287667 0.4435551 -0.2352171 -4.236568 0.438269 -0.2937896 -4.167988 0.4311743 -0.3190627 -4.121875 0.426404 -0.3366899 -4.073862 0.4214372 -0.3468101 -4.025663 0.416451 -0.35 -3.978767 0.4115996 -0.3396716 -3.894816 0.402915 -0.3063704 -3.81044 0.3941864 -0.2808369 -3.770996 0.390106 -0.2498757 -3.734992 0.3863813 -0.2142617 -3.703484 0.3831219 -0.1750276 -3.677283 0.3804114 -0.1318565 -3.656275 0.3782382 -0.08745723 -3.641669 0.3767272 -0.08032786 -4.245227 0.9051797 -0.1614291 -4.215781 0.8989011 -0.2352171 -4.165539 0.8881883 -0.2937896 -4.098108 0.8738105 -0.3190627 -4.052768 0.864143 -0.3366899 -4.00556 0.8540773 -0.3468101 -3.958169 0.8439725 -0.35 -3.91206 0.8341407 -0.3396716 -3.829516 0.8165406 -0.3063704 -3.746555 0.7988513 -0.2808369 -3.707772 0.790582 -0.2498757 -3.672372 0.7830338 -0.2142617 -3.641391 0.7764281 -0.1750276 -3.61563 0.7709352 -0.1318565 -3.594974 0.766531 -0.08745723 -3.580613 0.7634688 -0.08032786 -4.156113 1.25221 -0.1614291 -4.127285 1.243524 -0.2352171 -4.078097 1.228704 -0.2937896 -4.012082 1.208814 -0.3190627 -3.967694 1.195441 -0.3366899 -3.921477 1.181516 -0.3468101 -3.875081 1.167537 -0.35 -3.829939 1.153936 -0.3396716 -3.749128 1.129588 -0.3063704 -3.667908 1.105117 -0.2808369 -3.62994 1.093677 -0.2498757 -3.595283 1.083235 -0.2142617 -3.564953 1.074097 -0.1750276 -3.539732 1.066498 -0.1318565 -3.51951 1.060406 -0.08745723 -3.50545 1.056169 -0.08032786 -3.884099 1.937803 -0.1614291 -3.857158 1.924361 -0.2352171 -3.811189 1.901428 -0.2937896 -3.749495 1.870648 -0.3190627 -3.708012 1.849952 -0.3366899 -3.66482 1.828403 -0.3468101 -3.62146 1.806771 -0.35 -3.579273 1.785723 -0.3396716 -3.503751 1.748045 -0.3063704 -3.427847 1.710175 -0.2808369 -3.392364 1.692473 -0.2498757 -3.359975 1.676313 -0.2142617 -3.33163 1.662172 -0.1750276 -3.30806 1.650413 -0.1318565 -3.289161 1.640984 -0.08745723 -3.276021 1.634429 -0.08745723 -3.404051 1.347633 -0.1318565 -3.417704 1.353038 -0.1750276 -3.437341 1.360812 -0.2142617 -3.461832 1.370508 -0.2498757 -3.491285 1.382168 -0.2808369 -3.52494 1.395491 -0.3063704 -3.56181 1.410088 -0.3396716 -3.64068 1.441312 -0.35 -3.719153 1.472379 -0.3468101 -3.762989 1.489733 -0.3366899 -3.808044 1.50757 -0.3190627 -3.852923 1.525337 -0.2937896 -3.896027 1.542402 -0.2352171 -3.960133 1.567781 -0.1614291 -4.007898 1.58669 -0.08032786 -4.035892 1.597773 -0.08032786 -3.700969 2.268068 -0.1614291 -3.675298 2.252336 -0.2352171 -3.631497 2.225493 -0.2937896 -3.572711 2.189467 -0.3190627 -3.533184 2.165244 -0.3366899 -3.492029 2.140023 -0.3468101 -3.450713 2.114704 -0.35 -3.410515 2.090069 -0.3396716 -3.338554 2.045969 -0.3063704 -3.266229 2.001646 -0.2808369 -3.232419 1.980926 -0.2498757 -3.201556 1.962012 -0.2142617 -3.174548 1.945461 -0.1750276 -3.152089 1.931697 -0.1318565 -3.134082 1.920662 -0.08745723 -3.121562 1.912989 -0.08032786 -3.487489 2.584324 -0.1614291 -3.463298 2.566398 -0.2352171 -3.422024 2.535812 -0.2937896 -3.366629 2.494763 -0.3190627 -3.329382 2.467162 -0.3366899 -3.290601 2.438424 -0.3468101 -3.251668 2.409574 -0.35 -3.213788 2.381504 -0.3396716 -3.145978 2.331255 -0.3063704 -3.077825 2.280752 -0.2808369 -3.045965 2.257143 -0.2498757 -3.016883 2.235592 -0.2142617 -2.991433 2.216732 -0.1750276 -2.970269 2.20105 -0.1318565 -2.953301 2.188476 -0.08745723 -2.941503 2.179733 -0.08032786 -3.245402 2.882477 -0.1614291 -3.222891 2.862483 -0.2352171 -3.184481 2.828369 -0.2937896 -3.132931 2.782584 -0.3190627 -3.09827 2.751798 -0.3366899 -3.062181 2.719745 -0.3468101 -3.025951 2.687567 -0.35 -2.990701 2.656258 -0.3396716 -2.927598 2.600212 -0.3063704 -2.864175 2.543882 -0.2808369 -2.834527 2.517549 -0.2498757 -2.807464 2.493512 -0.2142617 -2.78378 2.472477 -0.1750276 -2.764086 2.454985 -0.1318565 -2.748295 2.44096 -0.08745723 -2.737316 2.431209 -0.08032786 -2.977174 3.158756 -0.1614291 -2.956524 3.136846 -0.2352171 -2.921289 3.099462 -0.2937896 -2.874 3.049288 -0.3190627 -2.842203 3.015552 -0.3366899 -2.809096 2.980426 -0.3468101 -2.775861 2.945164 -0.35 -2.743524 2.910855 -0.3396716 -2.685636 2.849437 -0.3063704 -2.627456 2.787707 -0.2808369 -2.600258 2.758851 -0.2498757 -2.575431 2.73251 -0.2142617 -2.553705 2.709458 -0.1750276 -2.535638 2.69029 -0.1318565 -2.521153 2.674921 -0.08745723 -2.511081 2.664235 -0.08032786 -2.685914 3.409864 -0.1614291 -2.667283 3.386212 -0.2352171 -2.635496 3.345856 -0.2937896 -2.592833 3.291694 -0.3190627 -2.564146 3.255276 -0.3366899 -2.534279 3.217358 -0.3468101 -2.504295 3.179292 -0.35 -2.475122 3.142256 -0.3396716 -2.422897 3.075955 -0.3063704 -2.370409 3.009319 -0.2808369 -2.345871 2.978168 -0.2498757 -2.323474 2.949733 -0.2142617 -2.303873 2.924849 -0.1750276 -2.287574 2.904157 -0.1318565 -2.274505 2.887566 -0.08745723 -2.265419 2.876031 -0.08032786 -2.049187 3.826505 -0.1614291 -2.034973 3.799963 -0.2352171 -2.010721 3.754676 -0.2937896 -1.978172 3.693896 -0.3190627 -1.956286 3.653028 -0.3366899 -1.933499 3.610477 -0.3468101 -1.910623 3.56776 -0.35 -1.888366 3.526198 -0.3396716 -1.848522 3.451797 -0.3063704 -1.808476 3.377018 -0.2808369 -1.789755 3.342061 -0.2498757 -1.772668 3.310152 -0.2142617 -1.757713 3.282227 -0.1750276 -1.745278 3.259007 -0.1318565 -1.735308 3.240389 -0.08745723 -1.728375 3.227444 -0.08745723 -2.003391 3.064327 -0.1318565 -2.011427 3.076617 -0.1750276 -2.022984 3.094295 -0.2142617 -2.037397 3.116342 -0.2498757 -2.054731 3.142855 -0.2808369 -2.074538 3.173151 -0.3063704 -2.096237 3.206341 -0.3396716 -2.142655 3.277341 -0.35 -2.188839 3.347982 -0.3468101 -2.214638 3.387444 -0.3366899 -2.241154 3.428001 -0.3190627 -2.267567 3.468402 -0.2937896 -2.292935 3.507204 -0.2352171 -2.330663 3.564912 -0.1614291 -2.358774 3.60791 -0.08032786 -2.37525 3.633111 -0.08032786 -1.711938 3.988806 -0.1614291 -1.700063 3.961138 -0.2352171 -1.679803 3.913931 -0.2937896 -1.65261 3.850573 -0.3190627 -1.634326 3.807972 -0.3366899 -1.615289 3.763616 -0.3468101 -1.596179 3.719087 -0.35 -1.577584 3.675762 -0.3396716 -1.544297 3.598205 -0.3063704 -1.510842 3.520254 -0.2808369 -1.495203 3.483814 -0.2498757 -1.480927 3.450552 -0.2142617 -1.468434 3.421443 -0.1750276 -1.458045 3.397238 -0.1318565 -1.449716 3.37783 -0.08745723 -1.443924 3.364336 -0.08032786 -1.367757 4.119533 -0.1614291 -1.358269 4.090958 -0.2352171 -1.342082 4.042203 -0.2937896 -1.320357 3.976769 -0.3190627 -1.305749 3.932771 -0.3366899 -1.290539 3.886962 -0.3468101 -1.27527 3.840974 -0.35 -1.260414 3.796229 -0.3396716 -1.23382 3.71613 -0.3063704 -1.207091 3.635625 -0.2808369 -1.194596 3.59799 -0.2498757 -1.18319 3.563638 -0.2142617 -1.173209 3.533575 -0.1750276 -1.164909 3.508577 -0.1318565 -1.158254 3.488533 -0.08745723 -1.153627 3.474596 -0.08032786 -1.020779 4.218924 -0.1614291 -1.013699 4.18966 -0.2352171 -1.001618 4.139729 -0.2937896 -0.9854041 4.072715 -0.3190627 -0.974502 4.027657 -0.3366899 -0.9631508 3.980741 -0.3468101 -0.9517555 3.933644 -0.35 -0.9406682 3.88782 -0.3396716 -0.9208203 3.805788 -0.3063704 -0.9008719 3.72334 -0.2808369 -0.8915466 3.684798 -0.2498757 -0.8830344 3.649617 -0.2142617 -0.8755851 3.618829 -0.1750276 -0.8693907 3.593227 -0.1318565 -0.864424 3.5727 -0.08745723 -0.8609707 3.558427 -0.08032786 -0.6748887 4.28787 -0.1614291 -0.6702074 4.258128 -0.2352171 -0.6622201 4.207381 -0.2937896 -0.6515002 4.139273 -0.3190627 -0.6442922 4.093478 -0.3366899 -0.6367874 4.045796 -0.3468101 -0.6292534 3.997929 -0.35 -0.621923 3.951356 -0.3396716 -0.6088006 3.867983 -0.3063704 -0.5956118 3.784188 -0.2808369 -0.5894463 3.745017 -0.2498757 -0.5838184 3.70926 -0.2142617 -0.5788933 3.677969 -0.1750276 -0.5747979 3.651949 -0.1318565 -0.5715141 3.631086 -0.08745723 -0.569231 3.61658 -0.08032786 -0.3336026 4.327819 -0.1614291 -0.3312886 4.2978 -0.2352171 -0.3273404 4.24658 -0.2937896 -0.3220415 4.177837 -0.3190627 -0.3184785 4.131615 -0.3366899 -0.3147689 4.083489 -0.3468101 -0.3110447 4.035176 -0.35 -0.3074213 3.988169 -0.3396716 -0.3009347 3.90402 -0.3063704 -0.2944154 3.819444 -0.2808369 -0.2913678 3.779907 -0.2498757 -0.2885859 3.743818 -0.2142617 -0.2861514 3.712235 -0.1750276 -0.2841269 3.685972 -0.1318565 -0.2825038 3.664915 -0.08745723 -0.2813752 3.650274</float_array>
          <technique_common>
            <accessor source="#Body1-mesh-positions-array" count="2172" stride="3">
              <param name="X" type="float"/>
              <param name="Y" type="float"/>
              <param name="Z" type="float"/>
            </accessor>
          </technique_common>
        </source>
        <source id="Body1-mesh-normals">
          <float_array id="Body1-mesh-normals-array" count="6516">0 0 1 6.59516e-6 -0.08986335 0.9959542 0.8753813 -0.4494715 0.1779971 0.9704594 -0.2243248 0.08880972 0.8753487 -0.4326243 0.2158722 0.9704802 -0.2309179 0.06960779 1 3.61204e-5 1.3113e-5 0.3767281 -0.6926101 0.6151157 0.5000945 -0.6957789 0.5155554 0.5000419 -0.7383866 0.4524858 0.6121526 -0.7075679 0.3530112 0.6121225 -0.7352499 0.2910559 0.7139073 -0.670466 0.202019 0.7139175 -0.6848394 0.1460028 0.8023691 -0.5936586 0.06142795 0.8023688 -0.5968288 2.2471e-5 0.8753513 -0.4809181 -0.04977989 -5.53429e-5 -0.9959564 -0.08983814 -2.11839e-5 -1 3.18885e-5 0.970506 -0.228798 -0.07595783 1 6.21378e-6 -3.18065e-5 -2.85469e-5 -0.5472539 -0.8369666 0.2499202 -0.5058832 -0.8256042 0.3767552 -0.3895232 -0.8404327 0.3767229 -0.4839516 -0.789855 0.7139091 -0.07207775 -0.696519 0.8023835 -0.06141865 -0.5936402 0.8024315 -0.5088437 -0.3117401 0.7139093 -0.6353046 -0.2944856 0.8753546 -0.412199 -0.2526788 0.8753316 -0.4387103 -0.2032921 1 8.58307e-6 -2.33501e-5 1 3.23057e-5 -9.16421e-6 1 4.03821e-6 -2.9929e-5 0.2295959 0.1001527 0.9681194 8.32869e-4 0.1820011 0.983298 0.8394038 0.1133603 0.5315551 0.2293854 0.2029363 0.951945 0.2295547 0.782003 -0.5794618 -8.4473e-4 0.2751505 0.9614008 0.9115824 0.09671258 -0.39958 0.2294452 0.3067293 0.9237273 -0.002437531 0.3681211 0.9297747 0.4612127 0.2086501 -0.8624082 0.229427 0.4092932 0.8830869 -9.82583e-5 -3.52412e-5 -1 -0.005072832 0.4592174 0.8883095 0.3767971 -0.291916 0.8790956 0.2295157 0.5085383 0.8298864 1 -1.46627e-5 2.4572e-5 -0.006806492 0.5471242 0.8370237 0.9619801 0.2194591 -0.1625794 0.2295023 0.6022787 0.7645843 0.9619851 0.1076744 -0.2509801 -1.59298e-5 0.6303446 0.7763156 0.9116119 0.1620915 -0.3777437 -2.23005e-5 0.7071065 0.7071071 0.2294681 0.688246 0.6882311 1 8.19564e-6 3.78788e-5 1.16471e-5 0.7763278 0.6303296 1 -3.5435e-5 5.77122e-5 0.2294806 0.7646132 0.6022503 0.8753272 -0.3884575 0.287929 1.32918e-5 0.836998 0.5472061 0.9116336 0.4088261 -0.04225641 0.229534 0.829878 0.5085436 0.5001241 -0.2728844 -0.8218333 -6.80899e-5 0.8883045 0.459255 0.4611929 0.1850269 0.867794 0.2295154 0.883044 0.4093363 0.2294937 0.9237112 0.3067415 5.44655e-5 0.9297636 0.3681572 1.7345e-5 -0.6303356 0.7763228 0.1819264 -4.5862e-5 0.9833122 5.04553e-5 -0.707117 0.7070966 0.2498342 -0.07443517 0.9654234 2.17557e-5 -0.7763704 0.6302772 0.3680838 2.32682e-5 0.9297927 3.16352e-5 -0.8370143 0.547181 0.3767398 -0.07119309 0.9235792 -1.35601e-5 -0.8883061 0.4592518 0.5001031 -0.06649446 0.8634092 0.2498737 -0.8785049 -0.407176 1.2666e-6 -0.9298037 0.3680558 0.2498643 -0.9002954 0.3564212 0.2497922 -0.8256463 -0.5058775 -3.02494e-6 -0.83697 -0.5472488 0.2497861 -0.09962815 -0.9631621 -1.37731e-4 -0.08986371 -0.995954 0.3767504 -0.9213938 -0.09535592 0.3767388 -0.9263195 -3.89442e-5 0.8023993 -0.3118183 -0.5088465 0.7139161 -0.4333008 -0.5500676 0.8753291 -0.04976451 -0.4809599 0.8753409 -0.1007404 -0.4728949 0.9908825 0.05664891 0.1222413 0.9908881 0.04240149 0.1278402 0.9705023 -0.1705145 -0.1704408 0.9705051 -0.1894075 -0.1491466 0.9116088 0.08567893 0.4020304 0.9116131 0.1295238 0.3901092 0.3681549 -3.27528e-5 0.9297645 0.4612576 0.09133267 0.882553 0.4612743 0.3498508 -0.8153713 0.6719851 0.2920845 -0.6805312 0.9115975 0.03157371 -0.4098697 0.9297769 -4.01735e-5 -0.3681238 8.33906e-6 0.08989566 -0.9959512 0.2294276 0.07485097 -0.9704433 0.3766598 -0.1439279 0.9151023 0.3767502 -0.2178095 0.9003434 1 3.18289e-5 2.65241e-6 0.5000869 -0.1345963 0.8554514 -1.03191e-5 -0.8882901 -0.4592829 -1.94311e-5 -0.1818988 -0.9833173 0.3766986 -0.9059629 -0.1932081 0.7139827 -0.3658574 -0.5969734 0.8369933 -3.86238e-5 -0.5472134 0.990882 0.07041132 0.11487 0.9704944 -0.1492214 -0.1894037 0.911602 0.04224777 0.4088971 0.547226 6.14151e-5 0.8369849 0.461248 0.4188567 -0.7821825 0.8393982 0.08449703 -0.5369086 0.5472299 7.14064e-5 -0.8369824 0.5472036 -4.2513e-5 0.8369995 1 -5.80847e-5 5.3212e-5 0.9908909 0.1007121 -0.08940118 0.6121658 -0.1228873 0.7811222 0.24975 -0.2018977 -0.9470282 0.3766587 -0.8791543 -0.2919182 0.8024092 -0.2509933 -0.5414258 0.7139313 -0.6965005 -0.07203531 0.9908789 0.0834192 0.1058315 0.9704871 -0.125976 -0.2056326 0.9298065 1.13845e-5 0.3680489 0.6720286 0.311432 0.6718541 0.2295359 0.4595123 -0.8579987 0.6720032 0.174135 -0.7197839 0.461277 0.06820076 -0.8846311 0.7139111 -0.108906 0.6917157 1 1.09673e-5 -2.67923e-5 1 -4.14848e-5 -2.62856e-5 0.9619761 0.08610945 -0.2592054 0.61216 -0.1859205 0.768566 0.3766362 -0.8404831 -0.38953 0.7139828 -0.2943868 -0.6352678 0.8024101 -0.5836443 -0.124489 0.9908943 0.09524405 0.09516859 0.970492 -0.1013817 -0.2187857 0.9619483 0.1931867 0.1932213 0.6720746 0.2333406 0.7027575 0.2295016 0.5326811 -0.8146042 0.4612329 0.2794731 -0.8421158 0.2295152 0.1513415 -0.9614669 0.6121574 -0.06081998 0.7883935 0.9704962 -0.09510111 0.2215695 0.9704923 -0.1492361 0.1894029 0.5001324 -0.5358102 0.6802757 0.4612382 0.867759 -0.1850775 0.7139419 -0.1646687 0.6805669 0.8023678 -0.1880615 -0.5664264 0.713959 -0.6847937 -0.1460146 0.9908812 0.1058102 0.08341896 0.9704834 -0.07595556 -0.2288949 0.9619582 0.169026 0.2146315 0.672075 0.1543945 0.7242082 -1.27405e-5 0.5472605 -0.8369624 0.2294868 0.3839299 -0.8943902 2.09893e-5 0.1819382 -0.9833101 0.7138993 -0.05377596 0.6981805 0.9705016 -0.07593727 0.2288237 0.8753432 -0.264598 0.4046755 0.5000687 -0.4738417 0.7248486 0.6719961 0.7090699 -0.213638 0.9704722 -0.1803337 0.1601985 0.7139694 -0.2206621 0.6644969 0.8023937 -0.5663952 -0.188045 0.9833118 -6.26445e-5 0.1819289 0.970502 -0.05027836 -0.2357925 0.9619802 0.1427018 0.232874 0.6720246 0.07616239 0.7366018 0.229538 0.6023278 -0.764535 3.27081e-5 0.4592325 -0.8883162 0.7070764 8.66503e-6 -0.7071372 0.7070688 -4.69387e-5 0.7071449 0.9704939 -0.05666303 0.2343735 0.8023831 -0.2817851 0.5260975 0.5000958 -0.4088569 0.7633742 0.8394197 0.505316 -0.2000756 0.8753778 -0.3316226 0.3517674 0.9705029 -0.1936773 0.1435737 0.8024152 -0.1881465 0.566331 0.9619683 0.0280776 0.2717143 0.9704896 -0.02487301 -0.239857 0.961944 0.1148532 0.2479367 0.7070872 -3.47197e-5 0.7071264 1.86265e-5 0.6302804 -0.7763676 1 2.98023e-5 3.24044e-5 0.672034 0.05692356 -0.7383292 0.8023679 -0.04581505 0.5950686 0.9705041 -0.0375238 0.2381469 0.7138941 -0.276118 0.643517 0.5000769 -0.3414884 0.795807 0.9116112 0.3678143 -0.1835148 0.8023941 -0.3693144 0.468797 0.8753447 -0.3615311 0.3210405 0.6720648 0.5949197 -0.4409077 0.9297807 1.40816e-5 -0.3681141 0.8023489 -0.2353833 0.5484805 0.9619738 0.05696308 0.2671359 0.8753555 -0.1907082 0.4442783 0.8394384 0.1713207 0.5157445 0.8752903 -0.2282951 0.4263194 -2.563e-5 0.7763633 -0.6302857 0.9705028 -0.1138114 0.2125354 0.9704884 -0.1319029 0.2018761 0.9116188 0.06392526 -0.4060353 1 9.07481e-6 -1.77175e-5 0.6721425 0.115144 -0.7314139 1 2.16737e-5 -8.70228e-6 0.181965 -6.3654e-5 -0.9833051 0.9908753 0.08336508 -0.1059086 0.3767433 -0.3652744 0.8512574 0.9908825 0.09236294 -0.09808641 1 -5.75185e-6 1.60933e-5 0.9619928 0.1872821 -0.1987344 0.9115762 0.350536 -0.2148331 0.9619663 0.2042056 -0.1814414 0.9619523 0.1289539 -0.2408705 0.9116486 0.3072708 -0.272913 0.9115965 0.3302834 -0.2447545 0.8394153 0.2565378 -0.4791351 0.8394213 0.4366868 -0.3235375 0.990879 0.1148822 -0.0704348 0.8393478 0.4635077 -0.2840001 0.990884 0.1205375 -0.06016469 0.6720327 0.6314017 -0.3869159 0.9704673 -0.2056833 0.1260459 0.6720389 0.662651 -0.3305413 0.8394023 0.5435107 7.10785e-5 0.46112 0.7940115 -0.3961239 0.5000466 -0.1806049 -0.8469566 0.4612 0.824985 -0.326641 0.2294536 0.9319231 -0.2808387 0.2295864 0.9049275 -0.3583242 7.91103e-5 0.9297786 -0.3681194 0.612127 -0.7907595 -7.06613e-5 0.6719849 0.7366367 0.07617563 1 -3.06217e-4 3.87248e-5 0.9620003 0.2538623 -0.1005466 0.9619821 0.2443706 -0.1219573 0.6719959 0.4052294 -0.6198474 0.9619839 0.1493936 -0.2286232 0.839351 0.4864104 -0.2426829 0.99089 0.02088528 -0.1330449 0.3767953 -0.4372594 0.8165964 1 -6.66511e-5 3.34045e-5 0.8393597 0.04171019 -0.5419739 0.9619929 0.04241502 -0.2697605 0.2295326 0.7276585 -0.6463962 0.8393676 0.2286013 0.4931566 0.9620001 0.08600866 0.2591491 0.612215 -0.7864925 -0.08137881 8.49664e-5 0.9614095 -0.2751213 0.6122274 -0.773303 -0.1648641 0.2295259 0.9518995 -0.2029902 0.6122119 -0.7504354 -0.2490854 0.6121541 -0.7174287 -0.3325107 0.5000808 -0.8659788 -3.35872e-5 0.5000895 -0.86138 -0.08907872 0.9116113 0.4020181 -0.08571022 0.8393739 0.5406707 -0.05591708 0.6720888 0.7365422 -0.0761727 0.4611843 0.8873044 -1.98483e-5 0.6720539 0.7242122 -0.1544675 0.4612092 0.8825838 -0.09128046 0.6121667 -0.4327356 0.6618096 0.6121684 -0.4893547 0.6211133 0.7140135 -0.3305086 0.6172105 0.8023471 -0.3266634 0.4995301 0.9619693 0.06426674 -0.2654899 0.9115776 0.1295607 -0.3901798 0.9908795 0.05316597 -0.1238194 0.9908936 0.06358629 -0.1186885 0.8024387 -0.1403006 0.5800068 0.8753469 -0.07515776 0.4776182 0.9297704 5.06639e-7 0.36814 0.8753306 -0.03716808 0.4820944 0.2294464 0.2288761 -0.9460287 0.4612427 0.1379328 -0.8764871 0.9832888 2.8193e-5 -0.1820527 -4.99412e-5 0.9833025 -0.1819788 0.6121522 -0.6742358 -0.4131293 0.5000764 -0.8469597 -0.1805076 0.6720185 0.7405344 -7.50869e-5 0.8394186 0.3363175 -0.4269273 0.8394054 0.2974224 -0.4549051 0.6121703 -0.5423479 0.5754183 0.8753463 -0.2991504 0.3798395 0.8394268 0.2143907 -0.4993992 0.9908914 0.07370603 -0.1127015 0.8753255 -0.1136712 0.4699832 0.8369432 -2.94894e-5 0.5472899 0.2295303 0.9681334 -0.1001679 0.6121369 -0.6211735 -0.4893179 0.5000458 -0.8218551 -0.2729624 0.4612522 0.8825555 0.09133535 0.8393756 0.3727803 -0.3955801 0.6720237 0.458268 -0.5816998 0.9116217 0.1940147 -0.3623594 0.9704904 -0.1654132 0.1754621 0.6720032 0.3495397 -0.6528659 0.5001037 -0.2036025 0.8416901 0.8753483 -0.1523088 0.4588763 -1.14664e-5 0.9959571 -0.08983087 0.6121708 -0.559164 -0.5590909 0.5000735 -0.785706 -0.3641328 0.4612681 0.7128335 -0.5282994 0.8393898 0.4063701 -0.3609547 0.4612599 0.6085756 -0.6456587 0.9116207 0.2249393 -0.3440203 1 3.61411e-6 7.8784e-6 0.4612441 0.4855181 -0.7426481 0.6121525 -0.2492135 0.7504412 0.2295278 0.9733021 4.48078e-5 0.6121922 -0.4893 -0.6211331 0.5001271 -0.7383372 -0.4524723 0.8753483 -0.4122259 0.2526567 0.6720436 0.5078907 -0.538892 0.7138982 -0.4333171 0.550078 0.911607 0.2543674 -0.3229088 0.9908913 0.1082192 -0.08014434 0.5000825 -0.2729281 0.8218442 3.25375e-5 1 -5.78649e-5 0.6122018 -0.4130993 -0.6742092 0.5001137 -0.6802641 -0.5358425 0.461268 0.7564615 -0.4636787 0.4612641 0.6633504 -0.5892383 0.7138965 -0.4803292 0.5095446 0.911588 0.2819887 -0.2991483 0.9619796 0.2328991 -0.1426655 -5.68852e-6 0.9959627 0.08976864 0.612201 -0.3324732 -0.7174061 0.5000453 -0.6123847 -0.6123232 0.9705011 -0.21573 0.1076492 0.8023972 -0.4462347 0.3962745 0.7139357 -0.5235716 0.4649395 0.7138649 -0.3831848 0.5861453 0.2295284 0.968137 0.1001366 0.6121472 -0.2491361 -0.7504712 0.5001488 -0.535824 -0.6802529 1 3.38927e-4 -1.48594e-4 0.8023973 -0.4795342 0.3552543 0.8023675 -0.4093911 0.4342873 -2.57688e-5 0.9833152 0.1819101 0.6122332 -0.1648916 -0.7732926 0.5001336 -0.4523731 -0.7383936 0.9908808 0.1290035 -0.03890168 0.6720805 0.5536367 -0.4917256 0.229523 0.9518947 0.2030166 -6.76513e-6 0.9613879 0.2751969 0.4612367 0.2795608 0.8420846 0.8753351 -0.4588833 -0.1523635 -7.55191e-5 0.08974963 0.9959644 0.7138759 -0.6646149 -0.2206093 0.1820213 -4.48525e-5 0.9832947 0.7139897 -0.2205876 -0.6644997 5.79059e-5 9.60156e-5 1 0.3767474 -0.7898077 -0.4840095 0.2499055 -0.1505568 0.9564935 -3.15532e-5 -0.2751159 -0.9614111 -4.42415e-5 -0.1820179 0.9832952 0.4612649 0.3730432 0.8050301 0.2498688 -0.2277579 0.9411121 0.2498775 -0.927119 0.2793056 0.4612734 0.463613 0.7564983 0.6720899 0.4581325 0.5817301 0.6721032 0.5234966 0.5236685 0.8394252 0.4269459 0.3362777 0.8393847 0.4634493 0.2839859 0.9116097 0.3729295 0.1728918 0.9116184 0.3900812 0.1295713 0.9619792 0.2671155 0.05697041 0.9619669 0.2717181 0.02808958 0.990887 0.1346967 -4.15742e-5 0.8393669 0.5406855 0.05587977 0.9116113 0.4088762 0.04225343 0.5001257 -0.647481 0.5750155 0.6121449 -0.5912422 0.5250822 1.52364e-5 -0.275195 0.9613885 0.4613056 0.5490016 0.6969895 0.6720187 0.5817084 0.4582645 0.8394365 0.493058 0.228561 0.9116161 0.4019982 0.0857535 0.8394018 0.5315449 0.1134232 0.5001141 -0.5938777 0.6302343 0.2498539 -0.3051397 0.9189466 0.4611778 0.6273958 0.6274468 0.6720939 0.6313002 0.3869754 0.8394389 0.5157592 0.171274 0.6720954 0.7241753 0.15446 0.3767105 -0.6353573 0.6740997 -6.0983e-6 -0.3681164 0.9297797 0.4612927 0.6969468 0.5490668 0.6720368 0.6718366 0.3114518 0.6721233 0.7027013 0.2333692 0.3766822 -0.5732096 0.727696 0.2498446 -0.3818789 0.8898013 0.4612771 0.7565229 0.4635693 0.4611602 0.8421137 0.2795997 0.2498597 -0.5991604 0.7606424 4.41745e-5 -0.4592432 0.8883106 0.4611587 0.8050596 0.373111 0.2498636 -0.5298447 0.8104522 0.2498669 -0.4571607 0.8535636 2.22325e-5 -0.5472772 0.8369516 0.9116185 0.4110377 4.45284e-5 0.6121379 -0.6353337 0.4707849 0.9619775 0.2731288 2.50731e-5 0.7139183 -0.5626319 0.4168524 0.9619608 0.2717349 -0.02813524 0.7139284 -0.5970424 0.3658506 0.9908851 0.1339899 -0.01391345 0.8023813 -0.5088695 0.311827 0.9908966 0.1316548 -0.02812719 0.9999999 -6.45295e-4 -7.67112e-5 0.6121758 -0.6742258 0.4131109 0.8024361 -0.5339982 0.2663501 0.2499206 -0.6641417 0.7045961 0.2498548 -0.7239538 0.6430113 0.2499296 -0.7779742 0.5764471 0.2498899 -0.8255825 0.5059334 0.2499078 -0.8664509 0.432214 8.76188e-5 -0.929774 -0.3681309 0.7139078 -0.6265983 0.3125862 0.7139147 -0.6510701 0.2577471 0.8023654 -0.5549197 0.2197133 0.8023628 -0.5714507 0.1722154 0.8023914 -0.5836756 0.1244633 0.8753437 -0.4629406 0.1394975 0.8753569 -0.472851 0.1008082 0.8753478 -0.48093 0.04972624 0.8753424 -0.4835035 5.1666e-5 0.9705073 -0.235777 0.05024868 0.9704964 -0.2398356 0.02481311 0.9705069 -0.2410736 -1.06618e-5 0.9705052 -0.2398025 -0.02478808 0.9704992 -0.2358063 -0.0502668 1 8.56537e-6 -5.18411e-5 1 9.87761e-6 -2.11298e-5 1 9.08226e-6 -4.45694e-5 1 3.90038e-6 -2.43858e-5 1 2.57865e-5 -4.61787e-5 0.249843 -0.9682864 1.81794e-6 0.3767368 -0.7442559 0.5515003 0.5000759 -0.774906 0.386581 0.6121606 -0.7571294 0.228067 0.7138999 -0.6965308 0.07205402 0.2499476 -0.9631151 -0.09967774 0.8753522 -0.4728518 -0.100845 0.2498817 -0.5992202 -0.7605882 0.3767533 -0.2918983 -0.8791203 0.7070878 2.15769e-5 -0.7071259 0.7139397 -0.597036 -0.365839 0.8753419 -0.3798443 -0.2991572 1 3.57628e-7 4.74006e-5 1 1.2517e-5 -1.86712e-5 0.9908834 0.1340118 0.0138275 0.9619713 0.2592381 0.08606344 0.9116016 0.3504557 0.2148566 0.8394394 0.3842667 0.3842925 -5.1856e-6 -0.9614028 0.2751451 0.3767043 -0.7898263 0.4840127 0.3767535 -0.8288928 0.4135138 0.3767808 -0.8612778 0.3409354 0.2498407 -0.9189851 -0.3050348 0.3767803 -0.886926 0.2672056 0.9908863 0.1317518 0.02803367 0.9908881 0.1278408 0.04239755 0.9908854 0.1222449 0.05658781 8.92729e-5 -0.9959519 0.08988857 0.9908887 0.1148675 0.07032215 0.5000976 -0.8051873 0.3187097 0.6121643 -0.7733577 0.164842 3.60608e-6 -0.9833077 -0.1819502 0.8023751 -0.5936563 -0.06137192 -1.05798e-6 -0.6303918 -0.7762773 0.3767944 -0.1932021 -0.9059243 0.6121441 -0.08136183 -0.7865494 0.8023706 -0.4688729 -0.369269 0.875344 -0.3419145 -0.3418588 1 -3.8147e-6 -7.16746e-6 1 -2.68221e-5 7.42376e-5 0.8393695 0.05598205 0.5406706 0.9619665 0.2478377 0.1148782 0.9115931 0.3229344 0.2543848 0.2499327 -0.9469602 0.2019901 0.6720903 0.3868463 0.6313831 0.5000411 -0.8291937 0.2497938 1.90735e-6 -0.9613962 -0.2751679 0.5001004 -0.8469373 0.1805464 0.2499165 -0.7606166 -0.5991697 0.9619699 0.2328917 0.1427424 0.2499696 -0.9631071 0.09970003 0.9619628 0.2146153 0.1690204 -3.82066e-5 -0.4592947 -0.888284 0.2498922 -0.9469901 -0.2019001 0.7138894 -0.7002586 2.91988e-5 -1.52178e-6 -0.7071287 -0.707085 0.3767628 -0.09522879 -0.9214017 0.5472112 8.73208e-5 -0.8369947 0.7139039 -0.5500478 -0.433346 0.8753482 -0.2992017 -0.3797947 1 1.0401e-5 1.3411e-7 1 -1.27256e-5 5.17815e-5 0.8369782 3.03984e-5 0.5472362 -5.03361e-5 0.8370004 -0.5472025 -3.38554e-5 -0.9832968 0.1820098 0.8394364 0.3362617 0.4269363 0.2499054 -0.3051154 -0.9189407 0.6121434 -0.7865503 0.08135885 -9.29292e-5 -0.776361 -0.6302886 0.181967 2.98619e-5 -0.9833047 0.2498455 -0.6847079 -0.684655 0.3680812 1.40995e-4 -0.9297937 0.5001032 -0.0891146 -0.8613683 0.8023677 -0.4220286 -0.4220166 0.8753465 -0.2525827 -0.4122749 1 4.94719e-5 -1.0103e-5 0.9833065 2.34842e-5 -0.1819567 0.9116163 0.2543403 0.3229034 0.229439 0.8298899 -0.5085672 0.8393816 0.127837 -0.5282958 0.9115759 0.2906938 0.2907344 0.2499409 -0.4072152 -0.8784676 0.376761 -0.573145 -0.727706 5.59092e-5 -0.3681257 -0.9297761 0.3766698 -0.7276878 -0.5732281 -1.09971e-5 9.02414e-5 -1 0.3766807 -0.921423 0.09534966 0.3766766 -0.6549667 -0.6550828 0.7139119 -0.14604 -0.6848373 0.3766996 -0.9059682 0.1931818 0.7139153 -0.4951185 -0.4951593 0.8753423 -0.2033054 -0.4386832 0.9908901 0.01389312 0.1339554 0.9704954 -0.2187504 -0.1014257 0.9116215 0.2147512 0.3504685 2.38717e-5 0.8882555 -0.4593499 0.8394152 0.1712155 -0.5158173 0.2295665 0.3066886 -0.9237106 0.8024009 -0.1244686 -0.5836611 0.802365 -0.3692757 -0.4688775 0.8023628 -0.5415181 -0.2509425 0.8753246 -0.1523475 -0.4589088 0.9908505 0.02687543 0.1322614 0.970497 -0.2055619 -0.1260156 0.9115975 0.1729014 0.3729546 0.229489 0.8708924 -0.4346049 0.6719917 0.2333893 -0.7028205 4.01288e-5 0.3680405 -0.9298098 0.3680433 2.14279e-5 -0.9298087 0.8393714 0.2840072 0.4634606 4.06504e-5 0.7071112 -0.7071023 0.9619829 0.02097141 -0.2723038 0.8369678 -1.19209e-5 -0.5472521 0.9833084 -6.70552e-6 0.1819468 0.376778 -0.506909 0.7752947 0.9908909 0.03165155 -0.1308943 0.6720637 0.6885269 -0.2725087 0.9619705 0.1690108 -0.2145888 0.4611908 0.5490038 -0.6970638 0.9116147 0.3821716 -0.1513397 0.9115993 0.3935923 -0.1186246 0.9908981 0.1251588 -0.04956144 0.4612678 0.8677604 0.1849973 0.2294444 0.6676544 -0.7082322 0.9908969 0.01038777 -0.1342217 -2.61217e-5 0.2751056 -0.9614141 0.9704944 -0.01852118 0.2404114 0.8024653 -0.09274303 0.5894475 0.9908818 0.04247605 -0.1278631 0.461345 0.8495095 -0.2559186 0.6122192 -0.3117631 0.7266302 0.6122044 -0.3731796 0.6970959 0.8393973 0.5203965 -0.156843 0.8394252 0.5315285 -0.1133253 0.9619509 0.2616108 -0.07880622 0.5000239 -0.8614258 0.08900445 0.9619482 0.2672268 -0.05697071 0.5001165 -0.364219 -0.7856386 6.59516e-6 0.08986335 -0.9959542 0 -0.2751066 -0.9614137 0.2295215 -0.2029492 -0.9519094 -2.81632e-5 -0.1819784 -0.9833026 0.3767207 0.6353361 -0.6741139 0.5001211 0.5939483 -0.6301622 0.9619428 -0.2718055 0.02806824 0.9619796 -0.2731216 5.24819e-5 0.8753487 0.462944 -0.1394546 0.9704945 0.2358207 -0.0502898 0.9704799 0.2399044 -0.02479404 1 -7.45058e-6 -3.95179e-5 1 3.4228e-5 3.24845e-5 0.9908875 -0.1317209 -0.02813649 0.9619863 -0.2328445 -0.142709 0.9908893 -0.1221871 -0.0566464 0.9619843 -0.2477771 -0.1148596 0.9116152 -0.3504821 -0.214756 0.9116082 -0.2906892 -0.2906377 0.83937 -0.336349 -0.4269983 0.2498418 0.9189881 0.3050247 3.35425e-5 0.9297725 0.3681346 0.2499164 0.3050432 0.9189616 4.52995e-6 0.2751915 0.9613895 0.3767542 0.9059424 0.1931959 0.3767223 0.9214112 0.09529799 0.7139636 0.4332442 0.5500503 0.8023796 0.3692517 0.4688714 0.8753162 0.2991384 0.3799183 0.8753624 0.2526617 0.4121927 0.8753242 0.2033555 0.438696 0.2294777 -0.7646063 -0.6022602 -0.003555655 -0.8369709 -0.5472359 0.9908722 -0.0834102 -0.105902 0.2294789 -0.8298339 -0.5086405 0.8393541 -0.0559256 -0.5407006 -0.004870355 -0.8882484 -0.4593377 0.2295477 -0.7276958 0.6463487 0.2295289 -0.8830654 -0.4092823 -5.95348e-6 -0.9298063 -0.3680493 0.9619404 -0.04250186 0.2699342 0.2294924 -0.9237366 -0.3066661 0.4612233 -0.1379097 0.8765011 -9.99961e-6 -0.9614019 -0.2751483 0.3767971 0.291916 -0.8790956 0.2294721 -0.9519133 -0.2029868 1 1.46627e-5 -2.4572e-5 -2.4478e-5 -0.9832942 -0.1820235 0.9619801 -0.2194591 0.1625794 0.2295058 -0.9681438 -0.1001235 0.9619851 -0.1076744 0.2509801 5.86631e-5 -0.9959572 -0.08982902 0.9116119 -0.1620915 0.3777437 -5.09182e-5 -1 4.15521e-5 0.2294412 -0.9733226 5.72817e-5 1 -8.19564e-6 -3.78788e-5 -3.52447e-5 -0.9959559 0.08984369 1 3.5435e-5 -5.77122e-5 0.2295027 -0.9681483 0.1000871 0.8753272 0.3884575 -0.287929 2.607e-6 -0.9833 0.1819926 0.9116336 -0.4088261 0.04225641 0.2295086 -0.9519018 0.2029997 0.5001241 0.2728844 0.8218333 2.41428e-4 -0.9614 0.2751548 0.4611929 -0.1850269 -0.867794 6.12584e-5 -0.9297852 0.3681028 0.2498204 0.5991529 -0.7606614 0.2498471 0.07444489 -0.9654193 1 2.55555e-5 4.60446e-6 0.376726 0.07120424 -0.9235842 0.5001395 0.6957372 -0.515568 0.5001009 0.06658196 -0.8634037 0.5000602 0.7383829 -0.4524717 0.5001254 0.1346927 -0.8554136 0.5001458 0.7748625 -0.3865776 0.612239 0.1229671 -0.7810522 0.3766619 0.8869758 -0.2672072 0.5001353 0.8051418 -0.3187659 0.6121765 0.7571027 -0.2281131 0.6121685 0.7865347 -0.08132016 0.7139121 0.7002354 2.25976e-5 -5.79357e-5 0.995956 -0.08984303 0.2498707 0.9682793 7.74562e-5 3.694e-5 0.7070624 0.7071512 -4.0926e-5 0.6302962 0.7763547 0.3767263 0.3895674 0.8404252 0.376721 0.4841175 0.7897542 0.7139322 0.1460379 0.6848167 0.8023904 0.1244149 0.5836871 0.9704864 0.07597869 0.2288745 0.9704937 0.0503059 0.2358208 0.7139166 0.664562 0.2206364 0.8023687 0.5664237 0.1880655 1 5.59911e-6 1.13714e-6 1 -2.73585e-5 9.19867e-6 0.9116214 -0.04228901 -0.4088497 0.911623 -0.0857172 -0.4019902 1.22339e-5 -0.8882465 0.4593673 0.2294978 -0.8298475 0.5086097 0.8393666 -0.1712716 0.5158778 0.8394253 -0.1277239 0.5282534 0.8393855 -0.04174959 0.5419307 -2.60472e-5 -0.275142 0.9614036 0.3766598 0.1439279 -0.9151023 0.3767502 0.2178095 -0.9003434 1 -3.18289e-5 -2.65241e-6 0.6121786 0.1858703 -0.7685633 0.5001016 0.8469368 -0.1805452 0.249847 0.9631456 -0.099635 0.2498787 0.6846862 0.6846644 0.3766662 0.2919155 0.8791518 0.8024267 0.06140804 0.5935829 0.9704704 0.1014464 0.2188512 0.8023985 0.5414766 0.2509181 1 4.76837e-5 -4.94346e-6 0.9619839 -0.1931065 -0.1931239 0.2295415 -0.8708913 0.4345793 0.6720135 -0.2333649 0.7028078 0.6720551 -0.115121 0.7314979 0.7139382 0.1089042 -0.6916878 1 5.80847e-5 -5.3212e-5 0.9908909 -0.1007121 0.08940118 0.7139171 0.1645925 -0.6806113 2.52575e-5 0.983313 -0.1819223 3.5651e-5 0.7763564 0.6302942 0.3767716 0.1931834 0.9059378 0.7139663 0.07205098 0.6964631 0.9704704 0.1260241 0.2056823 0.7139148 0.6353084 0.2944639 1 -9.41753e-6 1.41039e-5 0.9619719 -0.1690284 -0.2145683 0.4612565 -0.09130376 -0.8825566 0.6720014 -0.292075 0.6805191 0.4612276 -0.2086992 0.8623884 0.6121161 0.06072038 -0.7884332 1 -1.09673e-5 2.67923e-5 1 4.14848e-5 2.62856e-5 0.9619761 -0.08610945 0.2592054 0.7139366 0.2206339 -0.6645415 0.2499053 0.7606703 0.5991061 0.3767735 0.0952714 0.9213931 0.6121404 0.0813592 0.7865526 0.9704785 0.149219 0.1894865 0.8023665 0.5088675 0.3118684 1 -3.28124e-5 5.09992e-5 0.9619558 -0.1427708 -0.2329323 0.6720138 -0.31137 -0.6718975 0.4612507 -0.3499178 0.8153559 0.2295101 -0.3067368 0.9237086 0.7138924 0.05378621 -0.6981868 0.9704962 0.09510111 -0.2215695 0.9704923 0.1492361 -0.1894029 0.5001324 0.5358102 -0.6802757 0.4612382 -0.867759 0.1850775 0.8024063 0.1881237 -0.5663514 -9.92492e-5 0.08983391 0.9959568 0.5000686 0.08909273 0.8613907 0.9704859 0.1704985 0.17055 0.7139391 0.5970029 0.3658941 1 -3.00109e-5 7.77245e-5 0.9619416 -0.1149133 -0.2479181 0.6720853 -0.2333644 -0.7027392 0.4612562 -0.4188442 0.7821843 -1.03749e-6 -0.3680481 0.9298068 0.8028345 0.04923403 -0.5941658 0.9705016 0.07593727 -0.2288237 0.8753432 0.264598 -0.4046755 0.5000687 0.4738417 -0.7248486 0.6719961 -0.7090699 0.213638 0.9704722 0.1803337 -0.1601985 0.8023933 0.2353845 -0.5484151 0.3766999 0.9059638 -0.1932016 0.9704865 0.1894707 0.1491881 0.8023941 0.4687821 0.3693336 1 -2.99513e-5 7.21887e-5 0.9619758 -0.08610975 -0.2592061 0.6720708 -0.1543704 -0.7242174 0.2294977 -0.4594888 0.8580216 0.9116075 -0.03160434 0.4098451 0.8753345 0.03718 -0.4820863 0.9704939 0.05666303 -0.2343735 0.8023831 0.2817851 -0.5260975 0.5000958 0.4088569 -0.7633742 0.8394197 -0.505316 0.2000756 0.8753778 0.3316226 -0.3517674 0.9705029 0.1936773 -0.1435737 0.8753227 0.1906986 -0.444347 0.970474 0.2056546 0.1260416 0.7139505 0.5500322 0.4332892 1 2.18749e-5 8.90046e-5 0.9619475 -0.0569725 -0.267229 0.6720834 -0.07619476 -0.7365449 0.2295152 -0.5325424 0.814691 0.8393681 -0.08450973 0.5369537 0.9704924 0.01853793 -0.2404181 0.9705041 0.0375238 -0.2381469 0.7138941 0.276118 -0.643517 0.5000769 0.3414884 -0.795807 0.9116112 -0.3678143 0.1835148 0.8023941 0.3693144 -0.468797 0.8753447 0.3615311 -0.3210405 0.6720648 -0.5949197 0.4409077 0.8024369 0.4219986 0.4219149 0.8753073 0.2282583 -0.4263041 0.9704841 0.2188189 0.1013862 0.9705059 0.1137984 -0.2125282 0.9908936 -0.09526568 -0.09515398 0.9704924 0.1319316 -0.2018381 0.8394231 -0.1134078 -0.5315144 1 -2.50377e-5 0 1 -4.56721e-6 8.31783e-5 -6.97821e-5 -0.7070438 0.7071698 0.9908864 -0.08331686 0.1058422 0.9619865 -0.02098697 0.2722893 0.9908916 -0.09233301 0.09802252 0.6720589 -0.0568906 0.7383091 0.9619871 -0.1872392 0.1988027 0.3767433 0.3652744 -0.8512574 0.9619503 -0.2042275 0.1815015 1 5.75185e-6 -1.60933e-5 0.9116281 -0.3072572 0.2729968 0.9115762 -0.350536 0.2148331 0.9116464 -0.3302029 0.2446776 0.9619523 -0.1289539 0.2408705 0.8393539 -0.4367156 0.3236736 0.8393968 -0.4633694 0.2840806 0.8394153 -0.2565378 0.4791351 0.67205 -0.6313695 0.3869385 0.990879 -0.1148822 0.0704348 0.6720575 -0.6626143 0.3305771 0.990884 -0.1205375 0.06016469 0.46123 -0.7939699 0.3960792 0.9704673 0.2056833 -0.1260459 0.4612373 -0.8250007 0.3265488 0.8394023 -0.5435107 -7.10785e-5 0.2294607 -0.9049832 0.3582641 0.5000466 0.1806049 0.8469566 0.2294353 -0.9319453 0.28078 0.612127 0.7907595 7.06613e-5 0.6719849 -0.7366367 -0.07617563 1 3.06217e-4 -3.87248e-5 0.9620003 -0.2538623 0.1005466 0.9619821 -0.2443706 0.1219573 0.6719959 -0.4052294 0.6198474 0.9619839 -0.1493936 0.2286232 0.839351 -0.4864104 0.2426829 0.99089 -0.02088528 0.1330449 0.3767953 0.4372594 -0.8165964 4.84768e-5 -0.1820017 0.9832983 0.9908805 -0.01031476 0.1343483 0.2295739 -0.66762 0.7082227 0.8393689 -0.1712894 -0.515868 0.9908939 -0.1057987 -0.08328402 1 3.62741e-5 -9.84453e-5 0.612215 0.7864925 0.08137881 0.6122274 0.773303 0.1648641 0.6122119 0.7504354 0.2490854 0.6121541 0.7174287 0.3325107 0.5000808 0.8659788 3.35872e-5 0.5000895 0.86138 0.08907872 0.9116113 -0.4020181 0.08571022 0.8393739 -0.5406707 0.05591708 0.6720888 -0.7365422 0.0761727 0.4611843 -0.8873044 1.98483e-5 0.6720539 -0.7242122 0.1544675 0.4612092 -0.8825838 0.09128046 0.6121667 0.4327356 -0.6618096 0.6121684 0.4893547 -0.6211133 0.7140135 0.3305086 -0.6172105 0.8023471 0.3266634 -0.4995301 0.9619693 -0.06426674 0.2654899 0.9115776 -0.1295607 0.3901798 0.9908795 -0.05316597 0.1238194 0.9908936 -0.06358629 0.1186885 0.8024387 0.1403006 -0.5800068 0.8753469 0.07515776 -0.4776182 5.27799e-5 -0.08995586 0.9959458 0.2295624 -0.07476961 0.9704177 0.4611921 -0.2795258 0.8421207 0.6720879 -0.1741529 0.7197004 -6.26147e-5 -0.5472823 0.8369482 0.6121522 0.6742358 0.4131293 0.5000764 0.8469597 0.1805076 0.6720185 -0.7405344 7.50869e-5 0.8394186 -0.3363175 0.4269273 0.8394054 -0.2974224 0.4549051 0.6121703 0.5423479 -0.5754183 0.8753463 0.2991504 -0.3798395 0.8394268 -0.2143907 0.4993992 0.9908914 -0.07370603 0.1127015 0.8753255 0.1136712 -0.4699832 1 3.01747e-6 -1.88464e-5 0.6121369 0.6211735 0.4893179 0.5000458 0.8218551 0.2729624 0.4612522 -0.8825555 -0.09133535 0.8393756 -0.3727803 0.3955801 0.6720237 -0.458268 0.5816998 0.9116217 -0.1940147 0.3623594 0.9704904 0.1654132 -0.1754621 0.6720032 -0.3495397 0.6528659 0.5001037 0.2036025 -0.8416901 0.8753483 0.1523088 -0.4588763 0.6121708 0.559164 0.5590909 0.5000735 0.785706 0.3641328 0.4612681 -0.7128335 0.5282994 0.8393898 -0.4063701 0.3609547 0.4612599 -0.6085756 0.6456587 0.9116207 -0.2249393 0.3440203 1 -3.61411e-6 -7.8784e-6 0.4612441 -0.4855181 0.7426481 0.6121525 0.2492135 -0.7504412 0.6121922 0.4893 0.6211331 0.5001271 0.7383372 0.4524723 0.8753483 0.4122259 -0.2526567 0.6720436 -0.5078907 0.538892 0.7138982 0.4333171 -0.550078 0.911607 -0.2543674 0.3229088 0.9908913 -0.1082192 0.08014434 0.5000825 0.2729281 -0.8218442 0.6122018 0.4130993 0.6742092 0.5001137 0.6802641 0.5358425 0.461268 -0.7564615 0.4636787 0.4612641 -0.6633504 0.5892383 0.7138965 0.4803292 -0.5095446 0.911588 -0.2819887 0.2991483 0.9619796 -0.2328991 0.1426655 0.612201 0.3324732 0.7174061 0.5000453 0.6123847 0.6123232 0.9705011 0.21573 -0.1076492 0.8023972 0.4462347 -0.3962745 0.7139357 0.5235716 -0.4649395 0.7138649 0.3831848 -0.5861453 0.6121472 0.2491361 0.7504712 0.5001488 0.535824 0.6802529 1 -3.38927e-4 1.48594e-4 0.8023973 0.4795342 -0.3552543 0.8023675 0.4093911 -0.4342873 0.6122332 0.1648916 0.7732926 0.5001336 0.4523731 0.7383936 0.9908808 -0.1290035 0.03890168 0.6720805 -0.5536367 0.4917256 0.4612367 -0.2795608 -0.8420846 0.713965 0.4950636 0.4951425 -2.52128e-5 -0.7763696 -0.6302779 0.3767803 0.9213809 -0.095362 0.2294838 -0.6882448 -0.688227 0.2497997 0.09964019 0.9631573 -1.06454e-4 -0.7070821 -0.7071315 -3.97712e-5 0.8370372 0.5471461 -1.22577e-4 -0.630287 -0.7763622 0.2498639 0.9469913 -0.2019296 0.2295402 -0.60229 -0.7645639 0.376706 0.8613017 -0.3409575 -1.00434e-5 -0.5471629 -0.8370262 0.5001224 0.8291233 -0.2498647 0.3767877 0.8288898 -0.4134886 0.2498409 0.8255866 -0.505951 0.2499821 0.7779176 -0.5765007 4.5836e-5 0.7764059 -0.6302332 -4.70579e-5 0.707134 -0.7070795 0.4612421 -0.7565112 -0.4636233 0.4612368 -0.8050219 -0.373096 0.4612348 -0.8420867 -0.2795577 0.8753301 0.4326561 -0.2158842 0.8023644 0.5340638 -0.2664346 -1.86563e-5 0.3680436 -0.9298086 0.2498323 0.3051506 -0.9189488 0.2294997 -0.5085385 -0.8298907 0.376833 0.7897896 -0.4839726 0.2498646 0.7239886 -0.6429684 -2.19643e-5 0.6302816 -0.7763667 0.8753231 0.4496159 -0.1779194 0.2498525 0.381844 -0.889814 5.04553e-5 -0.4593458 -0.8882575 0.3767811 0.7442692 -0.5514521 0.2498935 0.6641427 -0.7046048 0.9704908 0.2242057 -0.08876764 -1.97887e-5 0.4593853 -0.8882372 0.2295396 -0.4092802 -0.8830636 0.3767212 0.6926212 -0.6151072 0.9704778 0.2309612 -0.0694977 0.2498416 0.4571141 -0.8535959 -2.76715e-5 -0.3681414 -0.9297699 1 6.09681e-5 1.08629e-5 4.05908e-5 0.5471797 -0.8370151 0.2295289 -0.3066242 -0.9237414 0.2499221 0.5298147 -0.8104538 -4.14339e-5 0.2751682 -0.9613962 0.2498893 0.2276075 -0.9411431 1.94386e-5 0.1818878 -0.9833194 0.2498325 0.1505051 -0.9565209 -3.42918e-5 -0.0898739 -0.9959532 0.2295109 -0.1001593 -0.9681389 0.5000644 0.6474994 -0.575048 0.3766813 0.5731996 -0.7277042 0.9908928 -0.1317002 0.0280435 0.6122156 0.6741706 -0.4131418 0.6121981 0.7075508 -0.3529666 0.612217 0.7351919 -0.2910039 0.2499351 0.9002909 -0.3563829 0.6122002 0.5911933 -0.525073 0.911589 -0.4111027 2.47657e-5 0.6121558 0.6353399 -0.470753 0.9115976 -0.4089068 -0.0422517 1 1.37091e-5 -2.94745e-5 0.7139111 0.5626099 -0.4168947 0.8393615 -0.5406864 -0.05595058 0.9908874 -0.1346929 -5.75185e-5 0.9908894 -0.1339599 -0.01389527 0.7139091 0.5970162 -0.365931 0.8393874 -0.5315806 -0.1133621 0.9619775 -0.2716799 -0.02809512 0.9619876 -0.2670848 -0.05697125 0.9619786 -0.2592009 -0.08609384 0.8023577 0.5088691 -0.3118888 0.6719987 -0.7242774 -0.1544023 0.9116249 -0.4019885 -0.08570545 0.9116033 -0.3901455 -0.129483 0.9116055 -0.3729655 -0.172836 1 -3.18959e-5 2.52798e-5 0.990894 -0.1339287 0.01386147 0.8024114 0.5548877 -0.2196263 0.8753418 0.4728776 -0.1008148 0.9704971 0.2411127 2.5779e-5 0.9116253 -0.3229088 -0.2543017 0.9908891 -0.1278167 -0.04244667 0.9619769 -0.2145393 -0.1690365 3.01376e-5 0.9613768 0.2752359 -2.31937e-5 0.3681364 0.9297719 0.3767145 0.8791875 0.2917458 0.8024007 0.3118721 0.5088114 0.8753386 0.3418696 0.3419178 0.8753648 0.1523168 0.4588422 0.6720077 -0.7028411 -0.2332811 0.6720205 -0.6718979 -0.3113546 0.4612132 -0.6970496 -0.5490031 4.673e-5 0.8370069 -0.5471926 0.6121902 0.773342 -0.1648193 0.7139781 0.6265304 -0.312562 0.7139641 0.65104 -0.2576861 0.7139383 0.6704488 -0.2019666 -6.45816e-5 0.9297768 -0.3681238 0.7139212 0.684838 -0.1459915 0.8393822 -0.5158676 -0.1712262 0.8393769 -0.4931416 -0.2285996 0.8393811 -0.4634172 -0.2840493 0.9705018 0.2357907 0.05028927 0.8393794 -0.4269912 -0.3363343 0.8024304 0.5713899 -0.1721017 0.875356 0.480917 -0.04970848 0.8394277 -0.3843333 -0.3842514 1 6.02007e-6 1.90139e-5 0.9908872 -0.1148138 -0.07043015 0.2499133 0.947 0.2018278 0.2499152 0.4071324 0.8785134 0.3767303 0.840421 0.3895727 0.7138771 0.3658677 0.5970933 0.8753582 0.3798282 0.2991296 0.8753703 0.1008818 0.4728104 0.9908788 -0.07041794 -0.1148941 0.6720399 -0.6313692 -0.3869566 0.4612618 -0.627345 -0.6274359 0.7138935 0.6965372 -0.07205581 0.2499094 0.8664537 -0.4322075 0.8023971 0.5836778 -0.1244153 0.4612556 -0.4636191 -0.7565055 0.8024368 0.5935708 -0.06139212 0.8024122 0.5935968 0.06146174 0.6720521 -0.5817169 -0.4582046 0.8753302 0.4809659 0.04968845 0.6720143 -0.5236593 -0.52362 0.6720696 -0.3868609 -0.6313962 0.6720466 -0.4582504 -0.5816873 0.9704962 0.2398345 0.02482968 1 -1.78814e-5 0 -1.81198e-5 0.9833016 0.1819832 -1.19559e-5 0.4592947 0.888284 0.3767786 0.7897834 0.4840251 0.8023746 0.2510053 0.5414717 0.8753423 0.4122874 0.252577 0.875333 0.04976332 0.480953 0.9908819 -0.05662882 -0.1222544 0.9116011 -0.2543246 -0.3229588 0.80244 0.5967329 -6.51181e-5 -3.44515e-5 0.8882952 -0.4592732 2.75671e-5 0.9613953 -0.2751711 0.8753499 0.48349 3.70294e-5 0.8753376 0.4728723 0.1008753 -1.51694e-5 1 -2.28286e-5 0.9704785 0.2288989 0.07600432 0.2498834 0.9631362 0.09963518 0.2498374 0.5060364 0.8255353 0.3767859 0.7276405 0.5732117 0.7139049 0.2944852 0.6353096 0.87532 0.438719 0.2033239 0.713932 0.6964867 0.07216221 0.9908807 -0.04245078 -0.12788 0.9116234 -0.2147517 -0.3504634 -6.69658e-5 -0.7763498 0.6303023 0.461227 -0.5490463 -0.6970064 0.4611936 -0.3731343 -0.8050288 0.2498269 0.878472 0.4072757 0.2498389 0.9271256 -0.2793183 0.2498818 0.8255194 0.5060403 3.98457e-5 0.9959563 0.08983945 0.2498981 0.5991625 0.7606282 -9.08822e-5 0.8883035 0.459257 0.2499685 0.2019571 0.9469578 2.34097e-5 0.5472125 0.8369938 0.3767756 0.6550219 0.6549707 0.802363 0.1881153 0.5664153 0.8753347 0.4588816 0.1523704 0.80238 0.5836774 0.1245273 0.9908861 -0.0281217 -0.131734 0.9116225 -0.1728186 -0.3729319 0.2294459 -0.7820097 0.5794959 0.9115784 -0.06399112 0.406116 7.82013e-5 0.181959 0.9833062 0.3767337 0.5732405 0.7276449 0.3767631 0.9263097 -6.2272e-5 0.7139032 0.2206383 0.6645759 0.9705056 0.02481198 0.2397985 0.713911 0.6848371 0.1460458 0.9908877 -0.01388645 -0.133973 0.9116045 -0.1295078 -0.3901348 -8.88109e-6 -0.8370385 0.5471441 0.9116135 -0.09664165 0.3995262 0.2294293 -0.2288939 0.9460285 0.9619731 -0.02806067 -0.2716992 0.8393526 -0.2285419 -0.4932098 -1.32233e-4 -0.6303055 0.7763472 5.10067e-5 -0.459303 0.8882797 0.2294957 -0.1512901 0.9614797 0.376778 0.506909 -0.7752947 0.9908909 -0.03165155 0.1308943 0.6720637 -0.6885269 0.2725087 0.9619705 -0.1690108 0.2145888 0.4611908 -0.5490038 0.6970638 0.9116147 -0.3821716 0.1513397 0.9115993 -0.3935923 0.1186246 0.9908981 -0.1251588 0.04956144 0.4612678 -0.8677604 -0.1849973 0.8394393 -0.2839653 -0.4633632 0.2295781 -0.6022704 0.764568 0.2294417 -0.3838345 0.8944426 0.4612389 -0.06814962 0.884655 0.8024653 0.09274303 -0.5894475 0.9908818 -0.04247605 0.1278631 0.461345 -0.8495095 0.2559186 0.6122192 0.3117631 -0.7266302 0.6122044 0.3731796 -0.6970959 0.8393973 -0.5203965 0.156843 0.8394252 -0.5315285 0.1133253 0.9619509 -0.2616108 0.07880622 0.5000239 0.8614258 -0.08900445 0.9619482 -0.2672268 0.05697071 0.5001165 0.364219 0.7856386 -0.3766693 -0.5732136 -0.7276994 -0.2499156 -0.5991253 -0.7606519 -0.3767446 -0.4840356 -0.7897931 -0.2499794 -0.684647 -0.684667 -0.5001036 -0.4524333 -0.7383769 -0.2498237 -0.760668 -0.5991429 -0.5000873 -0.3641149 -0.7857055 -0.2499704 -0.8255731 -0.505909 -0.6121233 -0.3325533 -0.7174354 -0.2498327 -0.8785106 -0.4071891 -0.6121992 -0.2491031 -0.7504398 -0.249868 -0.918935 -0.3051632 -0.713934 -0.2205509 -0.6645718 -0.2498788 -0.9469913 -0.2019111 -0.7139009 -0.1459807 -0.6848614 -0.2498973 -0.9631381 -0.09958106 -0.8024053 -0.1244348 -0.5836625 -0.2498771 -0.9682776 -2.72989e-5 -0.8024293 -0.0613619 -0.5935841 -0.2498789 -0.9631354 0.099653 -0.2498308 -0.9470021 0.2019205 -0.9704902 -0.2241981 0.08879178 -0.9704666 -0.2158574 0.1077041 -0.2295079 0.8709043 -0.4345708 -0.2295721 0.2029033 0.951907 -0.9705023 -0.2187516 -0.1013557 -0.8753711 -0.4386283 -0.2032992 -0.9115927 0.2906148 0.2907608 -0.9619684 0.2145295 0.1690976 -0.990885 0.122239 0.05660903 -1 9.1821e-5 -9.31472e-5 -0.8753096 -0.4835631 5.39869e-5 -0.229441 0.6882603 0.6882258 -0.2295479 0.9681371 0.1000919 -0.8393566 0.171284 -0.5158899 -0.4612116 0.2086666 -0.862405 -0.970469 -0.01852929 0.2405132 -0.5001361 -0.2728689 0.8218311 -0.5001109 -0.7383518 0.4524664 -0.3766971 -0.389603 -0.8404219 -0.249822 -0.09965378 -0.9631502 -0.970467 -0.07601362 -0.2289449 -0.7138494 -0.3659381 -0.5970832 -0.8023641 -0.3118751 -0.5088673 -0.6122231 -0.4131841 -0.6741378 -0.8753802 -0.2526476 -0.4121634 -0.9908769 0.08333742 0.1059148 -0.9704833 -0.1260467 -0.2056076 -1 6.55949e-5 3.57926e-5 -1 -8.75643e-5 -2.28586e-4 -0.9705054 -0.1491488 -0.1894046 -0.9908943 0.07040232 0.1147702 -0.8753545 -0.2991352 -0.3798326 -0.9619841 0.1427639 0.2328199 -0.8023909 -0.3692517 -0.4688521 -0.7139282 -0.2944521 -0.6352987 -0.7139028 -0.4333152 -0.5500735 -0.8023621 -0.2509782 -0.5415026 -0.6121376 -0.4892728 -0.6212083 -0.8753346 -0.2033678 -0.4386695 -0.50011 -0.5358714 -0.680244 -0.9705004 -0.1013519 -0.2187618 -1 2.3827e-5 1.98185e-6 -1 -2.77162e-6 -9.07183e-5 -0.9704884 -0.1705301 -0.1705044 -0.9908888 0.0566284 0.1221987 -0.8753258 -0.3419247 -0.3418952 -0.9619581 0.1148748 0.2478721 -0.802405 -0.4219672 -0.4220069 -0.9116241 0.1728008 0.3729364 -0.7139685 -0.4951872 -0.495014 -0.8023977 -0.188032 -0.566394 -0.6121522 -0.5590828 -0.5591924 -0.8753468 -0.152344 -0.4588674 -0.5001081 -0.8051618 0.3187576 -0.5001333 -0.7748605 0.3865979 -0.9619543 0.2445046 -0.1219075 -0.9116358 0.3821299 -0.1513177 -0.8393729 0.2840061 0.4634584 -0.9115987 0.2148043 0.3504953 -0.6121689 -0.7865292 -0.08137154 -0.6122487 -0.7906653 -5.46277e-5 -0.7139602 -0.7001863 -7.10487e-5 -0.6121984 -0.7865041 0.08139139 -0.5001403 -0.8291314 0.2498019 -0.2295594 0.5085573 0.8298626 -0.839417 0.4633738 0.2840139 -0.9116119 0.3729224 0.1728948 -0.9705016 -0.2398158 0.02480524 -0.8753618 -0.472837 0.1008327 -0.2294907 0.6022279 -0.7646277 -0.2294727 0.5325834 -0.8146762 -0.4612368 0.279482 -0.8421108 -0.6720429 0.1741752 -0.7197371 -0.2295596 0.07482349 -0.9704143 -0.3680788 -6.40154e-5 -0.9297946 -0.5000903 -0.1347091 0.8554316 -0.3767433 -0.1440485 0.915049 -0.3767101 -0.6925836 0.6151565 -0.5000671 -0.6957803 0.5155799 -0.249883 -0.8255769 0.5059462 -0.2499055 -0.5059443 -0.8255711 -0.5472264 6.45369e-5 -0.8369847 -0.9619631 0.2539924 -0.1005727 -0.83939 0.228619 0.4931105 -0.7139076 -0.696522 -0.07206362 -0.8024126 -0.5936008 -0.06141906 -0.6122247 -0.7733095 0.1648434 -0.6720508 0.5816866 0.458245 -1 1.46106e-5 5.66244e-7 -0.2295328 0.6675723 -0.708281 -0.2295229 0.3838943 -0.8943961 -0.5472165 2.57641e-5 -0.8369911 -0.3766756 -0.0713135 0.9235963 -0.5000417 -0.6474822 0.5750871 -0.2498937 -0.7779304 0.5765221 -0.3766269 -0.09534651 -0.9214453 -1 -3.29316e-5 2.54065e-5 -0.6720364 0.3114449 0.6718401 -0.7139852 -0.6847805 -0.1459484 -0.8753522 -0.4728711 -0.1007543 -0.7139387 -0.6964833 0.07213008 -0.4612146 0.6273974 0.6274182 -0.9908828 0.1340098 0.01387906 -0.229527 0.7277201 -0.6463288 -1 -1.43237e-5 -3.87989e-6 -0.4612622 0.06817722 -0.8846407 -0.5000856 -0.06664019 0.8634081 -0.3767245 -0.6353124 0.6741341 -0.2498309 -0.7239587 0.6430151 -0.2497655 -0.2019662 -0.9470094 -0.9908972 0.04242062 0.1277625 -0.8023368 -0.5837457 -0.1244853 -0.9704947 -0.2288352 -0.07599002 -0.8023709 -0.5968258 1.03265e-4 -0.2294732 0.6022064 0.76465 -0.9619644 0.2671648 0.0569868 -0.229521 0.78202 -0.5794523 -0.9833108 -8.91089e-6 -0.1819336 -0.2295006 0.1514391 -0.961455 -0.3680972 -8.23289e-5 0.9297873 -0.500043 -0.5939377 0.6302342 -0.2498577 -0.6640838 0.7046728 -0.7071756 3.56138e-5 -0.7070381 -0.9619637 0.08610391 0.2592526 -1 -2.25008e-6 1.52886e-5 -0.875303 -0.4810119 -0.04972261 -0.6121575 -0.7571212 0.2281024 -0.9115957 0.3901348 0.1295696 -0.2295919 0.8298183 -0.508615 -0.9908874 0.01039355 -0.134292 -0.7070727 -1.29938e-5 -0.7071409 -0.6121465 -0.06074613 0.7884076 -0.3767206 -0.5732322 0.7276583 -0.2498984 -0.5991173 0.7606638 -0.5001069 -0.08912843 -0.8613649 -0.9115825 0.1295722 0.3901646 -0.9704851 -0.2358462 -0.05035161 -0.7139326 -0.6848005 0.1461113 -0.8393684 0.4931548 0.2286027 -0.2295136 0.9319198 -0.2808007 -0.96197 0.02100759 -0.2723464 -0.6720086 0.05697041 -0.7383488 -0.5471921 5.50039e-5 0.8370071 -0.5001073 -0.5358825 0.6802373 -0.249922 -0.5298802 0.8104111 -0.3767473 -0.1932581 -0.9059321 -0.8393881 0.1713031 0.5158323 -0.8023714 -0.5936483 0.06149744 -0.4611745 0.6970348 0.5490543 -0.2294822 0.9733129 3.26489e-5 -0.8393586 0.1278367 -0.5283324 -0.6720822 0.1150797 -0.7314795 -0.9297556 1.63019e-5 0.3681774 -0.3767899 -0.2919123 0.8791 -0.3767694 -0.7898197 0.4839728 -0.5001303 -0.2728902 -0.8218276 -0.3680157 6.28084e-5 -0.9298196 -0.500092 -0.6123098 -0.61236 -0.9704993 -0.2357831 0.05037462 -0.8024108 -0.5414177 -0.2510057 -0.4612173 0.8677775 0.1850427 -0.4612716 0.8872591 2.99141e-6 -0.9619674 0.1289971 -0.2407872 -0.4611871 0.485545 -0.742666 -0.6720622 0.6313471 -0.3869539 -0.961981 0.08608651 -0.2591944 -0.9619668 0.06418299 -0.2655193 -1 -4.24236e-5 3.46303e-5 -1 1.57394e-5 2.32756e-5 -0.9704792 -0.03748118 0.2382548 -0.8753193 -0.4122688 0.2526875 -0.8023833 -0.3266517 0.4994795 -0.8023709 -0.281766 0.5261265 -0.6121895 -0.6741751 0.4131731 -0.6121617 -0.6353329 0.4707549 -0.7070919 7.011e-6 0.7071217 -0.8393999 0.05593347 0.5406288 -0.961961 0.1077117 -0.2510563 -1 -6.94394e-5 -6.41942e-5 -0.9704998 -0.05666083 0.2343498 -0.8024079 -0.3692876 0.4687945 -0.7139698 -0.1088817 0.6916588 -0.67209 0.07623857 0.7365343 -1 1.03712e-5 2.4721e-5 -0.9704982 -0.07605963 0.228798 -0.8023808 -0.4093337 0.4343168 -0.7139353 -0.1645812 0.680595 -0.547219 -9.61721e-5 0.8369895 -0.970498 -0.09498375 0.2216118 -0.8023685 -0.4463195 0.3962371 -0.7139375 -0.220617 0.6645461 -0.4612134 0.09140425 0.8825687 -0.8023622 -0.4794952 0.3553861 -0.7139115 -0.2760823 0.643513 -0.3681063 -5.82486e-5 0.9297837 -0.7138647 -0.3306431 0.6173107 -0.2294645 0.10017 0.9681488 -0.1818944 2.0586e-5 0.9833181 -0.6121478 -0.5912002 0.5251262 -0.8370186 2.14204e-5 0.5471746 -0.6121695 -0.5424099 0.5753609 -0.9116187 0.04226559 0.4088582 -0.6121758 -0.4893202 0.6211333 -0.9297755 -1.24713e-5 0.3681271 -0.6121953 -0.4326913 0.6618121 -0.9619734 0.02811485 0.2716922 -0.6121751 -0.3732548 0.6970815 -0.9833092 4.54336e-5 0.1819431 -0.612173 -0.3118382 0.726637 -0.9908849 0.013897 0.1339933 -0.6121456 -0.2491503 0.7504678 -0.6121554 -0.1859572 0.7685609 -0.7139432 -0.4802677 0.5095371 -0.7139368 -0.4333051 0.5500373 -0.8753395 -0.113744 0.4699395 -0.8753767 -0.07521796 0.4775543 -0.970501 -0.1491671 0.1894122 -0.9704967 -0.1318963 0.201841 -0.9908961 0.02100223 -0.1329809 -1 -1.49742e-4 -1.07884e-5 -0.8394275 0.2973985 -0.4548799 -0.8394104 0.2566077 -0.4791063 -0.9115998 0.3073278 -0.2730121 -0.9115831 0.3303174 -0.2447589 -0.4612854 0.6633294 -0.5892452 -0.46122 0.6086096 -0.6456551 -0.9619904 0.2614541 -0.07884371 -0.5000799 -0.8613801 -0.08913284 -0.6122086 -0.7504053 -0.2491836 -0.5000506 -0.8218744 -0.2728956 -0.9908897 0.1339605 -0.0138626 -1 -7.86781e-6 8.07047e-5 -0.961979 0.2716733 0.02811008 -0.9908913 0.1346637 1.97701e-5 -1 4.40776e-5 -2.65092e-5 -0.6121724 -0.1229016 0.7811148 -0.7139267 -0.3832064 0.5860559 -0.8024111 -0.5088191 0.3118325 -0.9704793 -0.1139137 0.2125883 -0.9999989 -0.001400768 -6.08981e-4 -0.8393671 0.2144266 -0.4994838 -0.911634 0.3504665 -0.2147019 -0.4612799 0.5460768 -0.6993004 -0.3767199 -0.921406 -0.09535807 -0.3768055 -0.8791103 -0.2918609 -0.9704899 -0.2308679 0.06963878 -0.9999991 -7.72253e-4 -0.001204609 -0.990885 0.1147928 0.07049643 -0.8753193 -0.4589395 -0.1522853 -0.461263 0.1850522 0.8677513 -1 -2.30223e-5 2.15769e-5 -0.2498769 -0.9270966 0.2793807 -0.8753435 -0.04974144 -0.4809363 -0.8024317 -0.5663329 -0.1880702 -0.4612263 0.2795638 0.8420893 -1 -3.41833e-5 4.47035e-7 -0.2497792 -0.900343 0.3563607 -0.6720368 0.2332804 0.7028135 -0.9908821 0.1252492 -0.04965376 -0.2498556 -0.8664406 0.4322649 -0.9297699 -1.75238e-5 -0.3681414 -0.9908975 0.1204394 -0.0601387 -0.3767405 -0.8613017 0.3409196 -0.9705074 -0.02475726 -0.2397969 -0.3767575 -0.8288881 0.4135197 -0.9833078 5.52013e-5 -0.18195 -1 8.97944e-5 2.70754e-5 -0.6122453 -0.7351661 0.2910096 -0.6121339 -0.7075867 0.353006 -0.7138801 -0.6510993 0.2577693 -0.7138922 -0.6266188 0.3125811 -0.8023709 -0.5549342 0.219657 -0.8023654 -0.534089 0.2663808 -0.8753433 -0.4495483 0.1779904 -0.8753387 -0.432639 0.2158836 -0.9115936 0.3678522 -0.1835266 -0.8393717 0.5053849 -0.2001031 -0.8393657 0.4863908 -0.2426711 -0.672007 0.6885434 -0.272607 -0.6720189 0.6626421 -0.3305996 -0.461226 0.8249503 -0.3266917 -0.4612728 0.7939289 -0.3961117 -0.229552 0.9049679 -0.3582443 -0.9116046 0.2543598 0.3229213 -0.9619715 0.1690146 0.2145808 -0.9619851 0.1930977 0.1931267 -0.9908881 0.09523344 0.09524422 -0.9908953 0.1057507 0.08332669 -1 2.8789e-5 -2.41399e-5 -1 4.48972e-5 -8.40426e-6 -0.9704874 -0.2056391 -0.1259638 -0.5001239 -0.8659539 -6.30915e-5 -0.5001214 -0.8613583 0.08910953 -0.3767836 -0.9213778 0.09537905 -0.3767893 -0.9059205 0.1932303 -0.2295032 0.3067144 0.9237179 -0.461308 0.3730691 0.8049935 -0.6720507 0.3870168 0.6313208 -0.8393665 0.3363711 0.4269877 -0.5001114 -0.846909 0.1806489 -0.3767851 -0.8869 0.2672855 -0.2295334 0.4093149 0.8830491 -0.4612197 0.4636611 0.7565018 -0.6720014 0.4583404 0.5816685 -0.8394045 0.3843826 0.3842527 -0.91161 0.3228798 0.2543932 -0.9619868 0.2328279 0.1427326 -0.4612527 0.5490244 0.6970068 -0.672082 0.5235623 0.52363 -0.8394097 0.4269552 0.3363046 -0.9116167 0.3504164 0.2148567 -0.9619765 0.2477969 0.114883 -0.9908837 0.1278659 0.04242628 -1 -1.87755e-5 -9.23872e-7 -0.9704787 -0.2399097 -0.02478885 -0.9619744 0.2592118 0.08610755 -0.9908809 0.1317752 0.02811729 -1 2.92361e-5 4.47035e-6 -0.9704803 -0.2411806 3.74615e-5 -0.8753624 -0.4809009 0.04974997 -0.8023903 -0.5836728 0.1244833 -0.713927 -0.6704431 0.2020251 -0.6720028 0.6314278 0.3869255 -0.2294674 0.9519113 -0.203002 -0.9619446 0.04248112 -0.2699219 -0.4612586 0.1380211 -0.8764649 -0.713888 -0.05379194 0.6981908 -0.3767424 -0.5068678 0.7753387 -0.2499142 -0.4570416 0.8536135 -0.2499293 -0.305099 -0.9189397 -0.8753326 -0.1007679 -0.4729046 -0.8023977 -0.5714151 0.1721711 -0.2294413 0.7645921 0.6022921 -0.2294852 0.8298683 0.5085815 -0.2295268 0.8830195 0.4093828 -0.2295886 0.9237068 0.3066839 -0.2295088 0.951908 0.2029702 -0.2295192 0.9681382 -0.1001473 -0.9115822 0.0639469 -0.4061142 -0.2295036 0.2289265 -0.9460026 -0.7070578 5.35399e-5 0.7071558 -0.5001436 -0.4738795 0.7247721 -0.2498661 -0.381906 0.8897836 -0.6121573 -0.08130979 -0.7865445 -0.9704992 -0.05029797 -0.2357997 -0.2294849 0.4594942 -0.8580221 -0.4612709 0.4188859 -0.7821533 -0.4611767 0.3498869 -0.8154112 -0.6720816 0.2920192 -0.680464 -0.672147 0.2333045 -0.7027001 -0.9116271 0.09668147 -0.3994855 -0.8370242 -1.87159e-5 -0.5471661 -0.8023833 -0.04590088 0.5950413 -0.3767148 -0.4372932 0.8166154 -0.2498269 -0.3051208 0.9189602 -0.500077 -0.1805297 -0.8469547 -1 -1.25617e-5 3.88734e-6 -0.8394094 0.08454805 -0.5368833 -0.9115714 0.03162312 -0.409924 -0.9297518 2.40803e-5 -0.3681868 -0.2294434 0.3067166 -0.9237319 -0.8394405 0.04177254 -0.5418438 -0.8369988 -3.89516e-5 0.5472049 -0.5001094 -0.4089162 0.7633336 -0.249781 -0.2276251 0.9411676 -0.3767506 -0.2918823 -0.8791268 -0.9908912 0.02810227 0.1317005 -0.1818858 -8.59313e-5 -0.9833197 -1 -4.73857e-6 7.95722e-6 -0.9833127 -1.06394e-5 0.1819237 -0.8753255 -0.03710681 0.4821084 -0.3767113 -0.3652647 0.8512757 -0.249795 -0.1505181 0.9565285 -0.2498099 -0.407166 -0.8785277 -0.9619746 0.05696827 0.267132 -0.500114 -0.2036558 0.8416712 -0.3767297 -0.2178652 0.9003385 -0.5000652 -0.3414842 0.7958163 -0.249859 -0.07446014 0.9654151 -0.837026 -5.91576e-5 -0.5471631 -0.9116069 0.08569353 0.4020317 -0.3767188 -0.744233 0.5515436 -0.1819323 2.35215e-5 0.9833111 -0.7139386 -0.0720511 -0.6964914 -0.8393787 0.113299 0.5316076 -0.6122083 -0.1648805 -0.7733146 -0.6720772 0.1544706 0.7241899 -0.182009 5.25545e-5 -0.9832969 -0.376742 -0.6549898 -0.655022 -0.8753568 -0.4628906 0.1395817 -0.7139735 -0.6352837 -0.2943745 -0.6720927 0.7365297 0.0762583 -0.6720605 0.7365691 -0.07616305 -0.9619855 0.1494864 -0.2285556 -0.9704911 -0.1894519 -0.1491814 -0.8753626 -0.4121974 -0.2526533 -0.6121399 -0.7174352 -0.332523 -0.8393834 0.5435398 1.98185e-6 -0.8394152 0.5315454 -0.1133218 -0.9619804 0.1689892 -0.2145614 -0.6720413 0.5949361 -0.4409214 -0.8753268 -0.3798533 -0.2991899 -0.8023676 -0.5088624 -0.3118742 -0.5001023 -0.7856789 -0.3641517 -0.9116197 0.4088485 -0.04233598 -0.9116212 0.3935393 -0.1186319 -0.9619622 0.1873629 -0.198806 -0.6720727 0.5536115 -0.4917649 -0.9908849 0.1148629 -0.07038301 -0.8023658 -0.4688669 -0.369287 -0.7139223 -0.5970296 -0.3658834 -0.3767535 -0.8404492 -0.3894894 -0.9619674 0.2671456 -0.05702728 -0.3767386 -0.9263196 1.30028e-4 -0.9619631 0.2042249 -0.181437 -0.6720505 0.5079064 -0.5388685 -0.990881 0.108249 -0.08023041 -1 3.51518e-5 -2.91765e-5 -0.7139231 -0.5500851 -0.4332669 -0.6121839 -0.6741558 -0.4132129 -0.4612638 0.8420343 0.2796677 -0.9908806 0.1290065 -0.03889882 -0.4611698 0.8825947 -0.0913735 -0.9619721 0.2194412 -0.1626505 -0.6720472 0.4581765 -0.5817447 -0.9908816 0.1007362 -0.08947592 -1 2.92659e-5 -4.98444e-5 -0.8753061 -0.3885455 0.2878742 -0.6121425 -0.6211373 -0.4893569 -0.500108 -0.7383239 -0.452515 -0.6720291 0.7242482 0.1544071 -0.6121701 -0.7733555 -0.1648309 -0.6720331 0.7242483 -0.1543889 -0.9619823 0.2328498 -0.1427271 -0.6720266 0.4052305 -0.6198133 -0.9908857 0.09239041 -0.09802877 -1 9.0301e-6 -4.17232e-5 -0.8753173 -0.3615698 0.3210717 -0.8023748 -0.2354238 0.5484255 -0.500088 -0.6802291 -0.5359109 -0.3767597 -0.7897425 -0.4841063 -0.8393946 0.5406451 0.05585312 -0.5000701 -0.8469531 -0.1805557 -0.8393824 0.5204451 -0.1567619 -0.9116249 0.1295172 -0.3900839 -0.6720086 0.3496632 -0.6527941 -0.9908888 0.08334368 -0.1057992 -1 8.8755e-7 -3.62284e-6 -0.8753583 -0.3316038 0.3518335 -0.802376 -0.1880607 0.566415 -0.3767578 -0.7276949 -0.5731613 -0.4612613 0.8050151 0.3730804 -0.911596 0.4110873 4.50015e-6 -0.3767865 -0.9059216 -0.1932308 -0.4612726 0.8677471 -0.1850476 -0.9115869 0.1621854 -0.3777635 -0.8393747 0.4634346 -0.2840401 -0.9908872 0.07371658 -0.1127319 -1 7.6741e-7 4.27365e-5 -0.8753657 -0.2991194 0.379819 -0.8024117 -0.1403037 0.5800435 -0.4612565 0.7565099 0.4636111 -0.6720946 0.7027695 0.2332467 -0.9619615 0.2717302 -0.02815926 -0.4612603 0.8825659 0.09119546 -0.6720808 0.7090123 -0.2135629 -0.9115949 0.1941307 -0.3623645 -0.839414 0.4366819 -0.3235632 -0.9908835 0.06356877 -0.1187819 -0.9704906 -0.2055764 0.1260413 -0.8753562 -0.2645234 0.4046963 -0.8024086 -0.09279984 0.5895155 -0.6720635 0.6718354 0.311397 -0.839383 0.5315724 0.1134329 -0.9908871 0.1317166 -0.02817213 -0.6720422 0.7405129 3.6031e-5 -0.4612079 0.8495906 -0.2558965 -0.9116263 0.2249234 -0.3440158 -0.8394246 0.4062932 -0.3609605 -0.9908816 0.05317366 -0.1237993 -0.9704905 -0.1937356 0.1435786 -0.8753352 -0.2282571 0.4262477 -0.7139229 -0.5970398 0.3658656 -0.8394242 0.5157772 0.1712926 -0.9115976 0.4088938 0.04237729 -1 3.91603e-5 -3.42727e-5 -0.8393844 0.5406626 -0.05583882 -0.4611986 0.7565411 -0.4636179 -0.9116337 0.2543291 -0.3228634 -0.8394024 0.3727369 -0.3955639 -0.990885 0.04245156 -0.1278466 -0.970493 -0.1802784 0.1601348 -0.8753158 -0.1906774 0.4443698 -0.7139185 -0.5626088 0.4168834 -0.9116064 0.4020141 0.08578318 -0.9619885 0.2730903 -2.25008e-5 -0.7139525 -0.6645141 -0.2206647 -0.9116163 0.402007 -0.08570957 -0.461187 0.7128705 -0.5283203 -0.9116152 0.2819201 -0.2991302 -0.8393774 0.3362684 -0.427047 -0.9908887 0.03163915 -0.130915 -0.9704983 -0.1654173 0.1754142 -0.8753411 -0.1523095 0.45889 -0.713924 -0.5235369 0.4649966 -0.2295098 -0.10017 -0.9681381 -0.4612246 -0.09128701 -0.882575 -0.6720469 -0.07620209 -0.7365773 -0.839382 -0.05592846 -0.5406571 -0.9115897 -0.04231089 -0.4089183 -0.9619644 -0.02811682 -0.2717244 -0.9908831 -0.01386654 -0.1340093 -1 3.70084e-6 2.94447e-5 -0.9704903 0.02482473 0.239859 -0.8753571 0.04975533 0.4809099 -0.8023913 0.06141024 0.5936304 -0.2499246 0.9469716 0.201947 -0.2499454 0.9631209 0.09962683 -0.8024241 0.5339865 -0.2664099 -0.8753421 0.4495604 -0.1779659 -0.4612176 -0.824972 0.3266491 -0.4611669 -0.7939617 0.3961691 -1 2.78354e-5 1.8388e-5 -1 -3.8743e-5 5.48661e-5 -0.461224 -0.3731498 -0.8050042 -0.6720654 -0.386958 -0.6313412 -0.8393565 -0.3843068 -0.3844335 -0.9619697 -0.2478565 -0.1148104 -0.9704865 0.2411558 3.59714e-5 -0.229443 -0.8298991 -0.5085502 -0.4611609 -0.4188013 0.7822636 -0.2295743 -0.3067351 0.9236932 -0.5000247 0.06651562 -0.8634529 -0.500116 0.5939258 -0.6301873 -0.2498448 0.6641113 -0.7046516 -0.2498682 0.2019045 0.9469955 -0.970467 0.07601362 0.2289449 -0.7138494 0.3659381 0.5970832 -0.8023641 0.3118751 0.5088673 -0.6122231 0.4131841 0.6741378 -0.8753802 0.2526476 0.4121634 -0.9908769 -0.08333742 -0.1059148 -0.9704833 0.1260467 0.2056076 -1 -6.55949e-5 -3.57926e-5 -1 8.75643e-5 2.28586e-4 -0.9705054 0.1491488 0.1894046 -0.9908943 -0.07040232 -0.1147702 -0.8753545 0.2991352 0.3798326 -0.9619841 -0.1427639 -0.2328199 -0.8023909 0.3692517 0.4688521 -0.7139282 0.2944521 0.6352987 -0.7139028 0.4333152 0.5500735 -0.8023621 0.2509782 0.5415026 -0.6121376 0.4892728 0.6212083 -0.8753346 0.2033678 0.4386695 -0.50011 0.5358714 0.680244 -0.9705004 0.1013519 0.2187618 -1 -2.3827e-5 -1.98185e-6 -1 2.77162e-6 9.07183e-5 -0.9704884 0.1705301 0.1705044 -0.9908888 -0.0566284 -0.1221987 -0.8753258 0.3419247 0.3418952 -0.9619581 -0.1148748 -0.2478721 -0.802405 0.4219672 0.4220069 -0.9116241 -0.1728008 -0.3729364 -0.7139685 0.4951872 0.495014 -0.8023977 0.188032 0.566394 -0.6121522 0.5590828 0.5591924 -0.8753468 0.152344 0.4588674 -0.5001425 0.3642421 0.7856115 -0.5000874 0.4525054 0.7383438 -0.2498053 0.8664233 -0.4323288 -0.3767569 0.8612558 -0.3410176 -0.9908847 -0.1252341 0.04963922 -0.9908781 -0.1205763 0.06018376 -0.6720783 -0.2333305 -0.7027572 -0.6720587 -0.3114174 -0.6718307 -0.8023999 0.5836742 0.1244142 -0.7139252 0.6848323 0.1459987 -0.9704894 0.2288524 0.07600742 -0.8753362 0.4728822 0.1008418 -0.8023514 0.5968521 -1.84774e-5 -0.7138876 0.6965458 -0.07203114 -0.2295249 -0.6022353 -0.7646118 -0.461236 -0.6273244 -0.6274756 -0.9619753 -0.2671253 -0.05698812 -0.9908824 -0.1340104 -0.0138989 -0.2295191 -0.7820312 0.5794379 -0.2294957 -0.7276722 0.6463938 -0.2294528 -0.3839065 0.8944089 -0.4612286 -0.2795847 0.8420811 -0.875348 0.0371325 -0.4820654 -0.8023844 0.04591524 -0.5950388 -0.3766558 0.506901 -0.7753591 -0.5000479 0.5358422 -0.6803126 -0.2498695 0.5298032 -0.8104776 -0.2499119 0.5990961 -0.760676 -0.5001305 0.08905953 0.8613582 -0.2498829 0.9003038 -0.3563871 -1 -6.19292e-5 -1.35303e-5 -0.4612629 -0.2796063 -0.8420552 -0.8023943 0.5664287 0.1879414 -1 -1.7941e-5 -3.66867e-5 -0.875318 0.480976 0.04980486 -0.6121819 0.7570914 -0.2281364 -0.911622 -0.3900957 -0.1295017 -0.2294963 -0.8299285 0.5084783 -0.9908874 -0.01032245 0.1342974 -0.9704839 0.01850092 -0.2404552 -0.5000934 0.4738352 -0.7248358 -0.2499239 0.457072 -0.8535944 -0.3767234 0.1931952 0.9059555 -1 3.29316e-5 -2.54065e-5 -1 3.96073e-5 -3.24398e-5 -0.4612354 -0.1850619 -0.8677638 -0.8753531 0.45885 0.1523606 -0.9908874 -0.1148271 -0.07040625 -0.9704818 0.2358633 0.05033749 -0.7139128 0.6848365 -0.1460393 -0.8394083 -0.4930869 -0.2286022 -0.2295118 -0.9319443 0.2807211 -0.9619725 -0.02095794 0.2723413 -1 2.47359e-5 4.76092e-6 -0.3767127 0.4373216 -0.8166012 -0.2499455 0.381841 -0.8897891 -0.2498406 0.305135 0.9189518 -0.9908972 -0.04242062 -0.1277625 -0.2294997 -0.2030264 -0.9518983 -0.8753505 0.4386427 0.2033573 -0.9619756 -0.214551 -0.1690295 -1 1.68681e-5 1.43349e-5 -0.8024103 0.5936099 -0.06136101 -0.6720365 -0.631383 -0.38694 -0.229533 -0.9519222 0.2028762 -0.9619787 -0.04245358 0.2698049 -0.2294971 -0.07474249 0.9704353 -0.5000737 0.4087803 -0.7634297 -0.2498881 0.3051669 -0.9189282 -0.6122257 0.08134937 0.7864872 -0.9619637 -0.08610391 -0.2592526 -0.9704913 0.2187455 0.101475 -0.9116187 -0.2906985 -0.2905957 -0.9908949 -0.1221404 -0.05665051 -0.8753332 0.4835203 -7.60555e-5 -0.4611722 -0.6970579 -0.549027 -0.2295427 -0.9681316 0.1001575 -0.9116079 -0.06391024 0.4060624 -0.4612344 -0.06816548 0.884656 -0.3767493 0.3653568 -0.8512195 -0.2498892 0.2277557 -0.9411072 -0.5000897 0.1806131 0.8469293 -0.9115825 -0.1295722 -0.3901646 -0.8394318 -0.3363016 -0.4269141 -0.9619903 -0.232828 -0.1427089 -0.9704953 0.2398449 0.02476572 -0.229448 -0.6882527 -0.688231 -0.2295113 -0.973306 -4.02331e-7 -0.9116055 -0.09668356 0.3995344 -0.2295362 -0.1513894 0.9614543 -0.5000929 0.3415088 -0.7957882 -0.2499039 0.1505951 -0.956488 -0.37678 0.2918533 0.8791238 -0.8393881 -0.1713031 -0.5158323 -0.9116151 -0.3229432 -0.2542947 -0.9908758 -0.1279261 -0.04242759 -0.8753637 0.4808928 -0.04980397 -0.2295005 -0.8830781 -0.4092709 -0.4612629 -0.3499444 0.8153378 -0.4612499 -0.2086449 0.8623896 -0.3766241 0.0712043 -0.9236257 -0.3767757 0.6352813 -0.6741349 -0.2499057 0.7239614 -0.6429829 -0.3767519 0.0952748 0.9214015 -0.500092 0.6123098 0.61236 -0.9704993 0.2357831 -0.05037462 -0.8024108 0.5414177 0.2510057 -0.4612173 -0.8677775 -0.1850427 -0.4612716 -0.8872591 -2.99141e-6 -0.9619674 -0.1289971 0.2407872 -0.4611871 -0.485545 0.742666 -0.6720622 -0.6313471 0.3869539 -0.961981 -0.08608651 0.2591944 -0.9619668 -0.06418299 0.2655193 -1 4.24236e-5 -3.46303e-5 -1 -1.57394e-5 -2.32756e-5 -0.9704792 0.03748118 -0.2382548 -0.8753193 0.4122688 -0.2526875 -0.8023833 0.3266517 -0.4994795 -0.8023709 0.281766 -0.5261265 -0.6121895 0.6741751 -0.4131731 -0.6121617 0.6353329 -0.4707549 -0.961961 -0.1077117 0.2510563 -1 6.94394e-5 6.41942e-5 -0.9704998 0.05666083 -0.2343498 -0.8024079 0.3692876 -0.4687945 -0.7139698 0.1088817 -0.6916588 -1 -1.03712e-5 -2.4721e-5 -0.9704982 0.07605963 -0.228798 -0.8023808 0.4093337 -0.4343168 -0.7139353 0.1645812 -0.680595 -0.970498 0.09498375 -0.2216118 -0.8023685 0.4463195 -0.3962371 -0.7139375 0.220617 -0.6645461 -0.8023622 0.4794952 -0.3553861 -0.7139115 0.2760823 -0.643513 -0.7138647 0.3306431 -0.6173107 -0.6121478 0.5912002 -0.5251262 -0.6121695 0.5424099 -0.5753609 -0.6121758 0.4893202 -0.6211333 -0.6121953 0.4326913 -0.6618121 -0.6121751 0.3732548 -0.6970815 -0.612173 0.3118382 -0.726637 -0.6121456 0.2491503 -0.7504678 -0.6121554 0.1859572 -0.7685609 -0.7139432 0.4802677 -0.5095371 -0.7139368 0.4333051 -0.5500373 -0.8753395 0.113744 -0.4699395 -0.8753767 0.07521796 -0.4775543 -0.970501 0.1491671 -0.1894122 -0.9704967 0.1318963 -0.201841 -0.9908961 -0.02100223 0.1329809 -1 1.49742e-4 1.07884e-5 -0.8394275 -0.2973985 0.4548799 -0.8394104 -0.2566077 0.4791063 -0.9115998 -0.3073278 0.2730121 -0.9115831 -0.3303174 0.2447589 -0.4612854 -0.6633294 0.5892452 -0.46122 -0.6086096 0.6456551 -0.9619904 -0.2614541 0.07884371 -0.5000799 0.8613801 0.08913284 -0.6122086 0.7504053 0.2491836 -0.5000506 0.8218744 0.2728956 -0.9908897 -0.1339605 0.0138626 -1 7.86781e-6 -8.07047e-5 -0.961979 -0.2716733 -0.02811008 -0.9908913 -0.1346637 -1.97701e-5 -0.6121724 0.1229016 -0.7811148 -0.7139267 0.3832064 -0.5860559 -0.8024111 0.5088191 -0.3118325 -0.9704793 0.1139137 -0.2125883 -0.9999989 0.001400768 6.08981e-4 -0.8393671 -0.2144266 0.4994838 -0.911634 -0.3504665 0.2147019 -0.4612799 -0.5460768 0.6993004 -0.3767199 0.921406 0.09535807 -0.3768055 0.8791103 0.2918609 -0.9704899 0.2308679 -0.06963878 -0.9999991 7.72253e-4 0.001204609 -0.9704821 0.2056249 0.1260278 -0.2295179 -0.9049797 0.3582366 -0.8753899 0.4325796 -0.2157944 -0.2498486 0.968285 5.30798e-5 -0.8023641 0.1244559 0.5837145 -0.2293799 -0.8709645 0.434518 -0.9704772 0.2242805 -0.08872532 -0.249851 0.9631444 -0.09963643 -0.7139022 0.1460133 0.684853 -0.9705044 0.2157133 -0.1076529 -0.2498101 0.9470024 -0.2019442 -0.7138984 0.2206373 0.6645812 -0.2498665 0.9271333 -0.2792681 -0.6121308 0.2491539 0.7504788 -0.6121631 0.3325245 0.7174147 -0.3767192 0.4840278 0.78981 -0.3767786 0.5732315 0.7276288 -0.2499647 0.5991944 0.7605812 -0.2498679 0.6846653 0.6846895 -0.2498595 0.7606912 0.5990986 -0.2498957 0.8255807 0.5059335 -0.2498912 0.8784437 0.4072973 -0.2499073 0.9189339 0.3051342 -0.3767501 0.8288785 -0.4135455 -0.5000843 0.805152 -0.3188197 -0.5000615 0.7748887 -0.3866343 -0.6121446 0.7351943 -0.2911501 -0.6121622 0.7076046 -0.3529211 -0.7139197 0.6510509 -0.2577816 -0.7139303 0.6265426 -0.3126468 -0.8023713 0.5549135 -0.2197075 -0.9619812 -0.2539423 0.1005259 -0.9619796 -0.2444068 0.1219046 -0.9116159 -0.3822026 0.1512542 -0.9116116 -0.3678308 0.1834799 -0.8393802 -0.5053706 0.2001038 -0.8393859 -0.4863799 0.2426233 -0.6721026 -0.6884896 0.2725073 -0.6720876 -0.6625831 0.3305783 -0.8394113 -0.2285389 -0.4931111 -0.8394036 -0.2839791 -0.4634194 -0.91161 -0.2147674 -0.3504888 -0.9115883 -0.2544289 -0.3229131 -0.9619575 -0.1690241 -0.2146364 -0.9619724 -0.1931077 -0.1931799 -0.9908849 -0.09524416 -0.09526717 -0.9908891 -0.1058174 -0.08331596 -0.7139163 0.6965192 0.07200407 -0.6121493 0.7865353 0.08145886 -0.6121239 0.790762 6.11842e-5 -0.5000705 0.8659847 -6.64592e-5 -0.5001059 0.8613572 -0.08920675 -0.3767766 0.9213802 -0.09538382 -0.3767761 0.9059368 -0.19318 -0.2295277 -0.306712 -0.9237126 -0.8023679 0.5936564 0.06146377 -0.7138869 0.7002611 3.57628e-5 -0.6121965 0.7865008 -0.08143812 -0.5001018 0.8469109 -0.1806659 -0.3767058 0.8869476 -0.2672394 -0.229557 -0.4092788 -0.8830597 -0.4612496 -0.4635204 -0.7565697 -0.6720694 -0.4582141 -0.5816895 -0.6121609 0.7733415 -0.1649304 -0.5000919 0.8291352 -0.249886 -0.2294739 -0.5085939 -0.8298639 -0.4611715 -0.5490285 -0.6970571 -0.6721048 -0.5235512 -0.5236119 -0.8393943 -0.4269568 -0.3363408 -0.9116179 -0.350519 -0.2146844 -1 1.42455e-5 -5.78612e-5 -0.7138915 0.670494 -0.2019819 -0.2294821 -0.9681479 -0.1001391 -0.8393988 -0.1277773 0.5282829 -0.6720135 -0.05693042 0.7383474 -0.3767582 0.2919182 -0.8791115 -0.2498926 0.07440501 -0.9654107 -0.249948 0.4070692 0.8785334 -0.8753326 0.1007679 0.4729046 -0.6720816 -0.5817381 -0.4581345 -0.8394134 -0.4634185 -0.2839516 -0.9116181 -0.372937 -0.1728306 -0.9619882 -0.2591807 -0.08604741 -0.9908908 -0.1316995 -0.02811765 -1 -1.57058e-5 7.92965e-5 -0.8024035 0.5836607 -0.1244542 -0.2294846 -0.9519104 -0.202987 -0.8393865 -0.1712508 0.5158522 -0.4612221 -0.1380208 0.8764842 -0.5001285 0.272898 -0.8218262 -0.3767599 0.7897354 -0.4841179 -0.7138815 0.07210254 0.6965447 -0.9704992 0.05029797 0.2357997 -1 -1.60038e-5 4.32134e-6 -0.9704948 0.2398421 -0.02481466 -0.8753665 0.4728314 -0.1008165 -0.8023977 0.5714004 -0.1722195 -0.2295761 -0.764566 -0.6022738 -0.2295514 -0.9237153 -0.3066858 -0.672048 -0.23333 0.7027864 -0.2294604 -0.2289747 0.9460014 -0.376713 0.2178006 -0.9003612 -0.5000708 0.7383124 -0.4525749 -0.6121526 0.1649193 0.7733504 -1 1.25617e-5 -3.88734e-6 -0.2295708 -0.6675785 0.7082628 -0.2294826 -0.602254 0.7646096 -0.2295309 -0.5325852 0.8146586 -0.2294674 -0.4593842 0.8580856 -0.672098 -0.2920745 0.680424 -0.8393814 -0.04181236 0.5419324 -0.5001292 0.2036736 -0.8416579 -0.3767062 0.7442282 -0.5515586 -0.5001018 0.2728072 0.8218726 -0.9908912 -0.02810227 -0.1317005 -0.6721197 -0.1741105 0.719681 -0.8394384 -0.08449417 0.5368462 -0.9116203 -0.03154391 0.4098215 -0.672142 -0.1151301 0.7314165 -0.37664 0.143993 -0.9151003 -0.5000913 0.6957448 -0.5156044 -0.3767508 0.3895443 0.840425 -0.9619746 -0.05696827 -0.267132 -0.713949 0.05382466 -0.698126 -0.6121837 0.06076961 -0.788377 -0.5000203 0.134658 -0.8554806 -0.3767269 0.6926586 -0.6150618 -0.2498437 0.505902 0.8256158 -0.9116069 -0.08569353 -0.4020317 -0.3766936 0.5731739 -0.7277182 -0.5000894 0.6475039 -0.5750212 -0.2498213 0.8255439 -0.5060303 -0.8393787 -0.113299 -0.5316076 -0.2498679 0.777987 -0.5764569 -0.6720772 -0.1544706 -0.7241899 -0.249902 0.09959894 0.9631351 -0.376742 0.6549898 0.655022 -0.8753568 0.4628906 -0.1395817 -0.7139735 0.6352837 0.2943745 -0.6720927 -0.7365297 -0.0762583 -0.6720605 -0.7365691 0.07616305 -0.9619855 -0.1494864 0.2285556 -0.9704911 0.1894519 0.1491814 -0.8753626 0.4121974 0.2526533 -0.6121399 0.7174352 0.332523 -0.8393834 -0.5435398 -1.98185e-6 -0.8394152 -0.5315454 0.1133218 -0.9619804 -0.1689892 0.2145614 -0.6720413 -0.5949361 0.4409214 -0.8753268 0.3798533 0.2991899 -0.8023676 0.5088624 0.3118742 -0.5001023 0.7856789 0.3641517 -0.9116197 -0.4088485 0.04233598 -0.9116212 -0.3935393 0.1186319 -0.9619622 -0.1873629 0.198806 -0.6720727 -0.5536115 0.4917649 -0.9908849 -0.1148629 0.07038301 -0.8023658 0.4688669 0.369287 -0.7139223 0.5970296 0.3658834 -0.3767535 0.8404492 0.3894894 -0.9619674 -0.2671456 0.05702728 -0.3767386 0.9263196 -1.30028e-4 -0.9619631 -0.2042249 0.181437 -0.6720505 -0.5079064 0.5388685 -0.990881 -0.108249 0.08023041 -1 -3.51518e-5 2.91765e-5 -0.7139231 0.5500851 0.4332669 -0.6121839 0.6741558 0.4132129 -0.4612638 -0.8420343 -0.2796677 -0.9908806 -0.1290065 0.03889882 -0.4611698 -0.8825947 0.0913735 -0.9619721 -0.2194412 0.1626505 -0.6720472 -0.4581765 0.5817447 -0.9908816 -0.1007362 0.08947592 -1 -2.92659e-5 4.98444e-5 -0.8753061 0.3885455 -0.2878742 -0.6121425 0.6211373 0.4893569 -0.500108 0.7383239 0.452515 -0.6720291 -0.7242482 -0.1544071 -0.6121701 0.7733555 0.1648309 -0.6720331 -0.7242483 0.1543889 -0.9619823 -0.2328498 0.1427271 -0.6720266 -0.4052305 0.6198133 -0.9908857 -0.09239041 0.09802877 -1 -9.0301e-6 4.17232e-5 -0.8753173 0.3615698 -0.3210717 -0.8023748 0.2354238 -0.5484255 -0.500088 0.6802291 0.5359109 -0.3767597 0.7897425 0.4841063 -0.8393946 -0.5406451 -0.05585312 -0.5000701 0.8469531 0.1805557 -0.8393824 -0.5204451 0.1567619 -0.9116249 -0.1295172 0.3900839 -0.6720086 -0.3496632 0.6527941 -0.9908888 -0.08334368 0.1057992 -1 -8.8755e-7 3.62284e-6 -0.8753583 0.3316038 -0.3518335 -0.802376 0.1880607 -0.566415 -0.3767578 0.7276949 0.5731613 -0.4612613 -0.8050151 -0.3730804 -0.911596 -0.4110873 -4.50015e-6 -0.3767865 0.9059216 0.1932308 -0.4612726 -0.8677471 0.1850476 -0.9115869 -0.1621854 0.3777635 -0.8393747 -0.4634346 0.2840401 -0.9908872 -0.07371658 0.1127319 -1 -7.6741e-7 -4.27365e-5 -0.8753657 0.2991194 -0.379819 -0.8024117 0.1403037 -0.5800435 -0.4612565 -0.7565099 -0.4636111 -0.6720946 -0.7027695 -0.2332467 -0.9619615 -0.2717302 0.02815926 -0.4612603 -0.8825659 -0.09119546 -0.6720808 -0.7090123 0.2135629 -0.9115949 -0.1941307 0.3623645 -0.839414 -0.4366819 0.3235632 -0.9908835 -0.06356877 0.1187819 -0.9704906 0.2055764 -0.1260413 -0.8753562 0.2645234 -0.4046963 -0.8024086 0.09279984 -0.5895155 -0.6720635 -0.6718354 -0.311397 -0.839383 -0.5315724 -0.1134329 -0.9908871 -0.1317166 0.02817213 -0.6720422 -0.7405129 -3.6031e-5 -0.4612079 -0.8495906 0.2558965 -0.9116263 -0.2249234 0.3440158 -0.8394246 -0.4062932 0.3609605 -0.9908816 -0.05317366 0.1237993 -0.9704905 0.1937356 -0.1435786 -0.8753352 0.2282571 -0.4262477 -0.7139229 0.5970398 -0.3658656 -0.8394242 -0.5157772 -0.1712926 -0.9115976 -0.4088938 -0.04237729 -1 -3.91603e-5 3.42727e-5 -0.8393844 -0.5406626 0.05583882 -0.4611986 -0.7565411 0.4636179 -0.9116337 -0.2543291 0.3228634 -0.8394024 -0.3727369 0.3955639 -0.990885 -0.04245156 0.1278466 -0.970493 0.1802784 -0.1601348 -0.8753158 0.1906774 -0.4443698 -0.7139185 0.5626088 -0.4168834 -0.9116064 -0.4020141 -0.08578318 -0.9619885 -0.2730903 2.25008e-5 -0.7139525 0.6645141 0.2206647 -0.9116163 -0.402007 0.08570957 -0.461187 -0.7128705 0.5283203 -0.9116152 -0.2819201 0.2991302 -0.8393774 -0.3362684 0.427047 -0.9908887 -0.03163915 0.130915 -0.9704983 0.1654173 -0.1754142 -0.8753411 0.1523095 -0.45889 -0.713924 0.5235369 -0.4649966</float_array>
          <technique_common>
            <accessor source="#Body1-mesh-normals-array" count="2172" stride="3">
              <param name="X" type="float"/>
              <param name="Y" type="float"/>
              <param name="Z" type="float"/>
            </accessor>
          </technique_common>
        </source>
        <source id="Body1-mesh-map-0">
          <float_array id="Body1-mesh-map-0-array" count="26064">0 -11.31392 0 -10.96036 -0.06187295 -11.31392 -0.06187295 -11.31392 0 -10.96036 -0.08442872 -11.01087 -0.06187295 -11.31392 -0.08442872 -11.01087 -0.123746 -11.31392 -0.123746 -11.31392 -0.08442872 -11.01087 -0.1266431 -11.01087 -0.123746 -11.31392 -0.1266431 -11.01087 -0.1688575 -11.01087 -0.1688575 -11.01087 -0.1266431 -11.01087 -0.1688575 -10.70782 -0.1688575 -11.01087 -0.1688575 -10.70782 -0.2096233 -10.70782 -0.2096233 -10.70782 -0.1688575 -10.70782 -0.2096233 -10.40476 -0.2096233 -10.70782 -0.2096233 -10.40476 -0.2503891 -10.40476 -0.2503891 -10.40476 -0.2096233 -10.40476 -0.2503891 -10.10171 -0.2503891 -10.40476 -0.2503891 -10.10171 -0.2911549 -10.10171 -0.2911549 -10.10171 -0.2503891 -10.10171 -0.2911549 -9.798663 -0.2911549 -10.10171 -0.2911549 -9.798663 -0.3319208 -9.798663 -0.3319208 -9.798663 -0.2911549 -9.798663 -0.3319208 -9.495612 -0.3319208 -9.798663 -0.3319208 -9.495612 -0.4134523 -9.495612 -0.4134523 -9.495612 -0.3319208 -9.495612 -0.4134523 -9.19256 -0.4134523 -9.495612 -0.4134523 -9.19256 -0.494984 -9.19256 -0.494984 -9.19256 -0.4134523 -9.19256 -0.494984 -8.889509 -0.494984 -9.19256 -0.494984 -8.889509 -0.541056 -8.889509 -0.541056 -8.889509 -0.494984 -8.889509 -0.541056 -8.586457 -0.541056 -8.889509 -0.541056 -8.586457 -0.587128 -8.586457 -0.587128 -8.586457 -0.541056 -8.586457 -0.587128 -8.283406 -0.587128 -8.586457 -0.587128 -8.283406 -0.6332 -8.283406 -0.6332 -8.283406 -0.587128 -8.283406 -0.6332 -7.980354 -0.6332 -8.283406 -0.6332 -7.980354 -0.679272 -7.980354 -0.679272 -7.980354 -0.6332 -7.980354 -0.679272 -7.677302 -0.679272 -7.980354 -0.679272 -7.677302 -0.756946 -7.677302 -0.756946 -7.677302 -0.679272 -7.677302 -0.756946 -7.374251 -0.756946 -7.677302 -0.756946 -7.374251 -0.8346199 -7.374251 -0.8346199 -7.374251 -0.756946 -7.374251 -0.8346199 -7.071199 -0.8346199 -7.374251 -0.8346199 -7.071199 -0.912294 -7.071199 -0.912294 -7.071199 -0.8346199 -7.071199 -0.912294 -6.768148 -0.912294 -7.071199 -0.912294 -6.768148 -0.989968 -7.071199 -0.989968 -7.071199 -0.912294 -6.768148 -0.989968 -6.717639 -0.989968 -6.717639 -0.912294 -6.768148 -0.912294 -6.465097 -0.989968 -6.717639 -0.912294 -6.465097 -0.989968 -6.364079 -0.989968 -6.364079 -0.912294 -6.465097 -0.912294 -6.061028 -0.989968 -6.364079 -0.912294 -6.061028 -0.989968 -6.010519 -0.989968 -6.010519 -0.912294 -6.061028 -0.912294 -5.65696 -0.989968 -6.010519 -0.912294 -5.65696 -0.989968 -5.65696 -0.989968 -5.65696 -0.912294 -5.65696 -0.989968 -5.3034 -0.989968 -5.3034 -0.912294 -5.65696 -0.912294 -5.252891 -0.989968 -5.3034 -0.912294 -5.252891 -0.989968 -4.94984 -0.989968 -4.94984 -0.912294 -5.252891 -0.912294 -4.848823 -0.989968 -4.94984 -0.912294 -4.848823 -0.989968 -4.59628 -0.989968 -4.59628 -0.912294 -4.848823 -0.912294 -4.444754 -0.989968 -4.59628 -0.912294 -4.444754 -0.989968 -4.24272 -0.989968 -4.24272 -0.912294 -4.444754 -0.912294 -4.040686 -0.989968 -4.24272 -0.912294 -4.040686 -0.989968 -3.88916 -0.989968 -3.88916 -0.912294 -4.040686 -0.912294 -3.636617 -0.989968 -3.88916 -0.912294 -3.636617 -0.989968 -3.5356 -0.989968 -3.5356 -0.912294 -3.636617 -0.912294 -3.232548 -0.989968 -3.5356 -0.912294 -3.232548 -0.989968 -3.18204 -0.989968 -3.18204 -0.912294 -3.232548 -0.912294 -2.82848 -0.989968 -3.18204 -0.912294 -2.82848 -0.989968 -2.82848 -0.989968 -2.82848 -0.912294 -2.82848 -0.989968 -2.47492 -0.989968 -2.47492 -0.912294 -2.82848 -0.912294 -2.424411 -0.989968 -2.47492 -0.912294 -2.424411 -0.989968 -2.12136 -0.989968 -2.12136 -0.912294 -2.424411 -0.912294 -2.020343 -0.989968 -2.12136 -0.912294 -2.020343 -0.989968 -1.7678 -0.989968 -1.7678 -0.912294 -2.020343 -0.912294 -1.616274 -0.989968 -1.7678 -0.912294 -1.616274 -0.989968 -1.41424 -0.989968 -1.41424 -0.912294 -1.616274 -0.912294 -1.212206 -0.989968 -1.41424 -0.912294 -1.212206 -0.989968 -1.06068 -0.989968 -1.06068 -0.912294 -1.212206 -0.912294 -0.8081371 -0.989968 -1.06068 -0.912294 -0.8081371 -0.989968 -0.70712 -0.989968 -0.70712 -0.912294 -0.8081371 -0.912294 -0.4040685 -0.989968 -0.70712 -0.912294 -0.4040685 -0.989968 -0.35356 -0.989968 -0.35356 -0.912294 -0.4040685 -0.928095 0 -0.989968 -0.35356 -0.928095 0 -0.989968 0 -0.08442872 -11.01087 0 -10.96036 -0.08442872 -10.70782 -0.08442872 -10.70782 0 -10.96036 0 -10.6068 -0.08442872 -10.70782 0 -10.6068 -0.08442872 -10.40476 -0.08442872 -10.40476 0 -10.6068 0 -10.25324 -0.08442872 -10.40476 0 -10.25324 -0.08442872 -10.10171 -0.08442872 -10.10171 0 -10.25324 0 -9.89968 -0.08442872 -10.10171 0 -9.89968 -0.08442872 -9.798663 -0.08442872 -9.798663 0 -9.89968 0 -9.54612 -0.08442872 -9.798663 0 -9.54612 -0.08442872 -9.495612 -0.08442872 -9.495612 0 -9.54612 0 -9.19256 -0.08442872 -9.495612 0 -9.19256 -0.08442872 -9.19256 -0.08442872 -9.19256 0 -9.19256 -0.08442872 -8.889509 -0.08442872 -9.19256 -0.08442872 -8.889509 -0.1266431 -8.889509 -0.1266431 -8.889509 -0.08442872 -8.889509 -0.1266431 -8.586457 -0.1266431 -8.889509 -0.1266431 -8.586457 -0.1688575 -8.586457 -0.1688575 -8.586457 -0.1266431 -8.586457 -0.1688575 -8.283406 -0.1688575 -8.586457 -0.1688575 -8.283406 -0.2096233 -8.283406 -0.2096233 -8.283406 -0.1688575 -8.283406 -0.2096233 -7.980354 -0.2096233 -8.283406 -0.2096233 -7.980354 -0.2503891 -7.980354 -0.2503891 -7.980354 -0.2096233 -7.980354 -0.2503891 -7.677302 -0.2503891 -7.980354 -0.2503891 -7.677302 -0.2911549 -7.677302 -0.2911549 -7.677302 -0.2503891 -7.677302 -0.2911549 -7.374251 -0.2911549 -7.677302 -0.2911549 -7.374251 -0.3319208 -7.374251 -0.3319208 -7.374251 -0.2911549 -7.374251 -0.3319208 -7.071199 -0.3319208 -7.374251 -0.3319208 -7.071199 -0.4134523 -7.071199 -0.4134523 -7.071199 -0.3319208 -7.071199 -0.4134523 -6.768148 -0.4134523 -7.071199 -0.4134523 -6.768148 -0.494984 -6.768148 -0.494984 -6.768148 -0.4134523 -6.768148 -0.494984 -6.465097 -0.494984 -6.768148 -0.494984 -6.465097 -0.541056 -6.465097 -0.541056 -6.465097 -0.494984 -6.465097 -0.541056 -6.061028 -0.541056 -6.465097 -0.541056 -6.061028 -0.587128 -6.061028 -0.587128 -6.061028 -0.541056 -6.061028 -0.587128 -5.65696 -0.587128 -6.061028 -0.587128 -5.65696 -0.6332 -5.65696 -0.6332 -5.65696 -0.587128 -5.65696 -0.6332 -5.252891 -0.6332 -5.65696 -0.6332 -5.252891 -0.679272 -5.252891 -0.679272 -5.252891 -0.6332 -5.252891 -0.679272 -4.848823 -0.679272 -5.252891 -0.679272 -4.848823 -0.756946 -4.848823 -0.756946 -4.848823 -0.679272 -4.848823 -0.756946 -4.444754 -0.756946 -4.848823 -0.756946 -4.444754 -0.8346199 -4.444754 -0.8346199 -4.444754 -0.756946 -4.444754 -0.8346199 -4.040686 -0.8346199 -4.444754 -0.8346199 -4.040686 -0.912294 -4.040686 -0.912294 -4.040686 -0.8346199 -4.040686 -0.912294 -3.636617 0 -9.19256 0 -8.839 -0.08442872 -8.889509 -0.08442872 -8.889509 0 -8.839 -0.08442872 -8.586457 -0.08442872 -8.889509 -0.08442872 -8.586457 -0.1266431 -8.586457 -0.1266431 -8.586457 -0.08442872 -8.586457 -0.1266431 -8.283406 -0.1266431 -8.586457 -0.1266431 -8.283406 -0.1688575 -8.283406 -0.1688575 -8.283406 -0.1266431 -8.283406 -0.1688575 -7.980354 -0.1688575 -8.283406 -0.1688575 -7.980354 -0.2096233 -7.980354 -0.2096233 -7.980354 -0.1688575 -7.980354 -0.2096233 -7.677302 -0.2096233 -7.980354 -0.2096233 -7.677302 -0.2503891 -7.677302 -0.2503891 -7.677302 -0.2096233 -7.677302 -0.2503891 -7.374251 -0.2503891 -7.677302 -0.2503891 -7.374251 -0.2911549 -7.374251 -0.2911549 -7.374251 -0.2503891 -7.374251 -0.2911549 -7.071199 -0.2911549 -7.374251 -0.2911549 -7.071199 -0.3319208 -7.071199 -0.3319208 -7.071199 -0.2911549 -7.071199 -0.3319208 -6.768148 -0.3319208 -7.071199 -0.3319208 -6.768148 -0.4134523 -6.768148 -0.4134523 -6.768148 -0.3319208 -6.768148 -0.4134523 -6.465097 -0.4134523 -6.768148 -0.4134523 -6.465097 -0.494984 -6.465097 -0.494984 -6.465097 -0.4134523 -6.465097 -0.494984 -6.061028 -0.494984 -6.465097 -0.494984 -6.061028 -0.541056 -6.061028 -0.541056 -6.061028 -0.494984 -6.061028 -0.541056 -5.65696 -0.541056 -6.061028 -0.541056 -5.65696 -0.587128 -5.65696 -0.587128 -5.65696 -0.541056 -5.65696 -0.587128 -5.252891 -0.587128 -5.65696 -0.587128 -5.252891 -0.6332 -5.252891 -0.6332 -5.252891 -0.587128 -5.252891 -0.6332 -4.848823 -0.6332 -5.252891 -0.6332 -4.848823 -0.679272 -4.848823 -0.679272 -4.848823 -0.6332 -4.848823 -0.679272 -4.444754 -0.679272 -4.848823 -0.679272 -4.444754 -0.756946 -4.444754 -0.756946 -4.444754 -0.679272 -4.444754 -0.756946 -4.040686 -0.756946 -4.444754 -0.756946 -4.040686 -0.8346199 -4.040686 -0.8346199 -4.040686 -0.756946 -4.040686 -0.8346199 -3.636617 -0.8346199 -4.040686 -0.8346199 -3.636617 -0.912294 -3.636617 -0.912294 -3.636617 -0.8346199 -3.636617 -0.912294 -3.232548 0 -8.839 0 -8.48544 -0.08442872 -8.586457 -0.08442872 -8.586457 0 -8.48544 -0.08442872 -8.283406 -0.08442872 -8.586457 -0.08442872 -8.283406 -0.1266431 -8.283406 -0.1266431 -8.283406 -0.08442872 -8.283406 -0.1266431 -7.980354 -0.1266431 -8.283406 -0.1266431 -7.980354 -0.1688575 -7.980354 -0.1688575 -7.980354 -0.1266431 -7.980354 -0.1688575 -7.677302 -0.1688575 -7.980354 -0.1688575 -7.677302 -0.2096233 -7.677302 -0.2096233 -7.677302 -0.1688575 -7.677302 -0.2096233 -7.374251 -0.2096233 -7.677302 -0.2096233 -7.374251 -0.2503891 -7.374251 -0.2503891 -7.374251 -0.2096233 -7.374251 -0.2503891 -7.071199 -0.2503891 -7.374251 -0.2503891 -7.071199 -0.2911549 -7.071199 -0.2911549 -7.071199 -0.2503891 -7.071199 -0.2911549 -6.768148 -0.2911549 -7.071199 -0.2911549 -6.768148 -0.3319208 -6.768148 -0.3319208 -6.768148 -0.2911549 -6.768148 -0.3319208 -6.465097 -0.3319208 -6.768148 -0.3319208 -6.465097 -0.4134523 -6.465097 -0.4134523 -6.465097 -0.3319208 -6.465097 -0.4134523 -6.061028 -0.4134523 -6.465097 -0.4134523 -6.061028 -0.494984 -6.061028 -0.494984 -6.061028 -0.4134523 -6.061028 -0.494984 -5.65696 -0.494984 -6.061028 -0.494984 -5.65696 -0.541056 -5.65696 -0.541056 -5.65696 -0.494984 -5.65696 -0.541056 -5.252891 -0.541056 -5.65696 -0.541056 -5.252891 -0.587128 -5.252891 -0.587128 -5.252891 -0.541056 -5.252891 -0.587128 -4.848823 -0.587128 -5.252891 -0.587128 -4.848823 -0.6332 -4.848823 -0.6332 -4.848823 -0.587128 -4.848823 -0.6332 -4.444754 -0.6332 -4.848823 -0.6332 -4.444754 -0.679272 -4.444754 -0.679272 -4.444754 -0.6332 -4.444754 -0.679272 -4.040686 -0.679272 -4.444754 -0.679272 -4.040686 -0.756946 -4.040686 -0.756946 -4.040686 -0.679272 -4.040686 -0.756946 -3.636617 -0.756946 -4.040686 -0.756946 -3.636617 -0.8346199 -3.636617 -0.8346199 -3.636617 -0.756946 -3.636617 -0.8346199 -3.232548 -0.8346199 -3.636617 -0.8346199 -3.232548 -0.912294 -3.232548 -0.912294 -3.232548 -0.8346199 -3.232548 -0.912294 -2.82848 0 -8.48544 0 -8.13188 -0.08442872 -8.283406 -0.08442872 -8.283406 0 -8.13188 -0.08442872 -7.980354 -0.08442872 -8.283406 -0.08442872 -7.980354 -0.1266431 -7.980354 -0.1266431 -7.980354 -0.08442872 -7.980354 -0.1266431 -7.677302 -0.1266431 -7.980354 -0.1266431 -7.677302 -0.1688575 -7.677302 -0.1688575 -7.677302 -0.1266431 -7.677302 -0.1688575 -7.374251 -0.1688575 -7.677302 -0.1688575 -7.374251 -0.2096233 -7.374251 -0.2096233 -7.374251 -0.1688575 -7.374251 -0.2096233 -7.071199 -0.2096233 -7.374251 -0.2096233 -7.071199 -0.2503891 -7.071199 -0.2503891 -7.071199 -0.2096233 -7.071199 -0.2503891 -6.768148 -0.2503891 -7.071199 -0.2503891 -6.768148 -0.2911549 -6.768148 -0.2911549 -6.768148 -0.2503891 -6.768148 -0.2911549 -6.465097 -0.2911549 -6.768148 -0.2911549 -6.465097 -0.3319208 -6.465097 -0.3319208 -6.465097 -0.2911549 -6.465097 -0.3319208 -6.061028 -0.3319208 -6.465097 -0.3319208 -6.061028 -0.4134523 -6.061028 -0.4134523 -6.061028 -0.3319208 -6.061028 -0.4134523 -5.65696 -0.4134523 -6.061028 -0.4134523 -5.65696 -0.494984 -5.65696 -0.494984 -5.65696 -0.4134523 -5.65696 -0.494984 -5.252891 -0.494984 -5.65696 -0.494984 -5.252891 -0.541056 -5.252891 -0.541056 -5.252891 -0.494984 -5.252891 -0.541056 -4.848823 -0.541056 -5.252891 -0.541056 -4.848823 -0.587128 -4.848823 -0.587128 -4.848823 -0.541056 -4.848823 -0.587128 -4.444754 -0.587128 -4.848823 -0.587128 -4.444754 -0.6332 -4.444754 -0.6332 -4.444754 -0.587128 -4.444754 -0.6332 -4.040686 -0.6332 -4.444754 -0.6332 -4.040686 -0.679272 -4.040686 -0.679272 -4.040686 -0.6332 -4.040686 -0.679272 -3.636617 -0.679272 -4.040686 -0.679272 -3.636617 -0.756946 -3.636617 -0.756946 -3.636617 -0.679272 -3.636617 -0.756946 -3.232548 -0.756946 -3.636617 -0.756946 -3.232548 -0.8346199 -3.232548 -0.8346199 -3.232548 -0.756946 -3.232548 -0.8346199 -2.82848 -0.8346199 -3.232548 -0.8346199 -2.82848 -0.912294 -2.82848 -0.912294 -2.82848 -0.8346199 -2.82848 -0.912294 -2.424411 0 -8.13188 0 -7.77832 -0.08442872 -7.980354 -0.08442872 -7.980354 0 -7.77832 -0.08442872 -7.677302 -0.08442872 -7.980354 -0.08442872 -7.677302 -0.1266431 -7.677302 -0.1266431 -7.677302 -0.08442872 -7.677302 -0.1266431 -7.374251 -0.1266431 -7.677302 -0.1266431 -7.374251 -0.1688575 -7.374251 -0.1688575 -7.374251 -0.1266431 -7.374251 -0.1688575 -7.071199 -0.1688575 -7.374251 -0.1688575 -7.071199 -0.2096233 -7.071199 -0.2096233 -7.071199 -0.1688575 -7.071199 -0.2096233 -6.768148 -0.2096233 -7.071199 -0.2096233 -6.768148 -0.2503891 -6.768148 -0.2503891 -6.768148 -0.2096233 -6.768148 -0.2503891 -6.465097 -0.2503891 -6.768148 -0.2503891 -6.465097 -0.2911549 -6.465097 -0.2911549 -6.465097 -0.2503891 -6.465097 -0.2911549 -6.061028 -0.2911549 -6.465097 -0.2911549 -6.061028 -0.3319208 -6.061028 -0.3319208 -6.061028 -0.2911549 -6.061028 -0.3319208 -5.65696 -0.3319208 -6.061028 -0.3319208 -5.65696 -0.4134523 -5.65696 -0.4134523 -5.65696 -0.3319208 -5.65696 -0.4134523 -5.252891 -0.4134523 -5.65696 -0.4134523 -5.252891 -0.494984 -5.252891 -0.494984 -5.252891 -0.4134523 -5.252891 -0.494984 -4.848823 -0.494984 -5.252891 -0.494984 -4.848823 -0.541056 -4.848823 -0.541056 -4.848823 -0.494984 -4.848823 -0.541056 -4.444754 -0.541056 -4.848823 -0.541056 -4.444754 -0.587128 -4.444754 -0.587128 -4.444754 -0.541056 -4.444754 -0.587128 -4.040686 -0.587128 -4.444754 -0.587128 -4.040686 -0.6332 -4.040686 -0.6332 -4.040686 -0.587128 -4.040686 -0.6332 -3.636617 -0.6332 -4.040686 -0.6332 -3.636617 -0.679272 -3.636617 -0.679272 -3.636617 -0.6332 -3.636617 -0.679272 -3.232548 -0.679272 -3.636617 -0.679272 -3.232548 -0.756946 -3.232548 -0.756946 -3.232548 -0.679272 -3.232548 -0.756946 -2.82848 -0.756946 -3.232548 -0.756946 -2.82848 -0.8346199 -2.82848 -0.8346199 -2.82848 -0.756946 -2.82848 -0.8346199 -2.424411 -0.8346199 -2.82848 -0.8346199 -2.424411 -0.912294 -2.424411 -0.912294 -2.424411 -0.8346199 -2.424411 -0.912294 -2.020343 0 -7.77832 0 -7.42476 -0.08442872 -7.677302 -0.08442872 -7.677302 0 -7.42476 -0.08442872 -7.374251 -0.08442872 -7.677302 -0.08442872 -7.374251 -0.1266431 -7.374251 -0.1266431 -7.374251 -0.08442872 -7.374251 -0.1266431 -7.071199 -0.1266431 -7.374251 -0.1266431 -7.071199 -0.1688575 -7.071199 -0.1688575 -7.071199 -0.1266431 -7.071199 -0.1688575 -6.768148 -0.1688575 -7.071199 -0.1688575 -6.768148 -0.2096233 -6.768148 -0.2096233 -6.768148 -0.1688575 -6.768148 -0.2096233 -6.465097 -0.2096233 -6.768148 -0.2096233 -6.465097 -0.2503891 -6.465097 -0.2503891 -6.465097 -0.2096233 -6.465097 -0.2503891 -6.061028 -0.2503891 -6.465097 -0.2503891 -6.061028 -0.2911549 -6.061028 -0.2911549 -6.061028 -0.2503891 -6.061028 -0.2911549 -5.65696 -0.2911549 -6.061028 -0.2911549 -5.65696 -0.3319208 -5.65696 -0.3319208 -5.65696 -0.2911549 -5.65696 -0.3319208 -5.252891 -0.3319208 -5.65696 -0.3319208 -5.252891 -0.4134523 -5.252891 -0.4134523 -5.252891 -0.3319208 -5.252891 -0.4134523 -4.848823 -0.4134523 -5.252891 -0.4134523 -4.848823 -0.494984 -4.848823 -0.494984 -4.848823 -0.4134523 -4.848823 -0.494984 -4.444754 -0.494984 -4.848823 -0.494984 -4.444754 -0.541056 -4.444754 -0.541056 -4.444754 -0.494984 -4.444754 -0.541056 -4.040686 -0.541056 -4.444754 -0.541056 -4.040686 -0.587128 -4.040686 -0.587128 -4.040686 -0.541056 -4.040686 -0.587128 -3.636617 -0.587128 -4.040686 -0.587128 -3.636617 -0.6332 -3.636617 -0.6332 -3.636617 -0.587128 -3.636617 -0.6332 -3.232548 -0.6332 -3.636617 -0.6332 -3.232548 -0.679272 -3.232548 -0.679272 -3.232548 -0.6332 -3.232548 -0.679272 -2.82848 -0.679272 -3.232548 -0.679272 -2.82848 -0.756946 -2.82848 -0.756946 -2.82848 -0.679272 -2.82848 -0.756946 -2.424411 -0.756946 -2.82848 -0.756946 -2.424411 -0.8346199 -2.424411 -0.8346199 -2.424411 -0.756946 -2.424411 -0.8346199 -2.020343 -0.8346199 -2.424411 -0.8346199 -2.020343 -0.912294 -2.020343 -0.912294 -2.020343 -0.8346199 -2.020343 -0.912294 -1.616274 0 -7.42476 0 -7.071199 -0.08442872 -7.374251 -0.08442872 -7.374251 0 -7.071199 -0.08442872 -7.071199 -0.08442872 -7.374251 -0.08442872 -7.071199 -0.1266431 -7.071199 -0.1266431 -7.071199 -0.08442872 -7.071199 -0.1266431 -6.768148 -0.1266431 -7.071199 -0.1266431 -6.768148 -0.1688575 -6.768148 -0.1688575 -6.768148 -0.1266431 -6.768148 -0.1688575 -6.465097 -0.1688575 -6.768148 -0.1688575 -6.465097 -0.2096233 -6.465097 -0.2096233 -6.465097 -0.1688575 -6.465097 -0.2096233 -6.061028 -0.2096233 -6.465097 -0.2096233 -6.061028 -0.2503891 -6.061028 -0.2503891 -6.061028 -0.2096233 -6.061028 -0.2503891 -5.65696 -0.2503891 -6.061028 -0.2503891 -5.65696 -0.2911549 -5.65696 -0.2911549 -5.65696 -0.2503891 -5.65696 -0.2911549 -5.252891 -0.2911549 -5.65696 -0.2911549 -5.252891 -0.3319208 -5.252891 -0.3319208 -5.252891 -0.2911549 -5.252891 -0.3319208 -4.848823 -0.3319208 -5.252891 -0.3319208 -4.848823 -0.4134523 -4.848823 -0.4134523 -4.848823 -0.3319208 -4.848823 -0.4134523 -4.444754 -0.4134523 -4.848823 -0.4134523 -4.444754 -0.494984 -4.444754 -0.494984 -4.444754 -0.4134523 -4.444754 -0.494984 -4.040686 -0.494984 -4.444754 -0.494984 -4.040686 -0.541056 -4.040686 -0.541056 -4.040686 -0.494984 -4.040686 -0.541056 -3.636617 -0.541056 -4.040686 -0.541056 -3.636617 -0.587128 -3.636617 -0.587128 -3.636617 -0.541056 -3.636617 -0.587128 -3.232548 -0.587128 -3.636617 -0.587128 -3.232548 -0.6332 -3.232548 -0.6332 -3.232548 -0.587128 -3.232548 -0.6332 -2.82848 -0.6332 -3.232548 -0.6332 -2.82848 -0.679272 -2.82848 -0.679272 -2.82848 -0.6332 -2.82848 -0.679272 -2.424411 -0.679272 -2.82848 -0.679272 -2.424411 -0.756946 -2.424411 -0.756946 -2.424411 -0.679272 -2.424411 -0.756946 -2.020343 -0.756946 -2.424411 -0.756946 -2.020343 -0.8346199 -2.020343 -0.8346199 -2.020343 -0.756946 -2.020343 -0.8346199 -1.616274 -0.8346199 -2.020343 -0.8346199 -1.616274 -0.912294 -1.616274 -0.912294 -1.616274 -0.8346199 -1.616274 -0.912294 -1.212206 -0.08442872 -7.071199 0 -7.071199 -0.08442872 -6.768148 -0.08442872 -6.768148 0 -7.071199 0 -6.717639 -0.08442872 -6.768148 0 -6.717639 -0.08442872 -6.465097 -0.08442872 -6.465097 0 -6.717639 0 -6.364079 -0.08442872 -6.465097 0 -6.364079 -0.08442872 -6.061028 -0.08442872 -6.061028 0 -6.364079 0 -6.010519 -0.08442872 -6.061028 0 -6.010519 -0.08442872 -5.65696 -0.08442872 -5.65696 0 -6.010519 0 -5.65696 -0.08442872 -5.65696 0 -5.65696 0 -5.3034 -0.08442872 -5.65696 0 -5.3034 -0.08442872 -5.252891 -0.08442872 -5.252891 0 -5.3034 0 -4.94984 -0.08442872 -5.252891 0 -4.94984 -0.08442872 -4.848823 -0.08442872 -4.848823 0 -4.94984 0 -4.59628 -0.08442872 -4.848823 0 -4.59628 -0.08442872 -4.444754 -0.08442872 -4.444754 0 -4.59628 0 -4.24272 -0.08442872 -4.444754 0 -4.24272 -0.08442872 -4.040686 -0.08442872 -4.040686 0 -4.24272 0 -3.88916 -0.08442872 -4.040686 0 -3.88916 -0.08442872 -3.636617 -0.08442872 -3.636617 0 -3.88916 0 -3.5356 -0.08442872 -3.636617 0 -3.5356 -0.08442872 -3.232548 -0.08442872 -3.232548 0 -3.5356 0 -3.18204 -0.08442872 -3.232548 0 -3.18204 -0.08442872 -2.82848 -0.08442872 -2.82848 0 -3.18204 0 -2.82848 -0.08442872 -2.82848 0 -2.82848 0 -2.47492 -0.08442872 -2.82848 0 -2.47492 -0.08442872 -2.424411 -0.08442872 -2.424411 0 -2.47492 0 -2.12136 -0.08442872 -2.424411 0 -2.12136 -0.08442872 -2.020343 -0.08442872 -2.020343 0 -2.12136 0 -1.7678 -0.08442872 -2.020343 0 -1.7678 -0.08442872 -1.616274 -0.08442872 -1.616274 0 -1.7678 0 -1.41424 -0.08442872 -1.616274 0 -1.41424 -0.08442872 -1.212206 -0.08442872 -1.212206 0 -1.41424 0 -1.06068 -0.08442872 -1.212206 0 -1.06068 -0.08442872 -0.8081371 -0.08442872 -0.8081371 0 -1.06068 0 -0.70712 -0.08442872 -0.8081371 0 -0.70712 -0.08442872 -0.4040685 -0.08442872 -0.4040685 0 -0.70712 0 -0.35356 -0.08442872 -0.4040685 0 -0.35356 -0.06187295 0 -0.06187295 0 0 -0.35356 0 0 -0.06187295 0 -0.123746 0 -0.08442872 -0.4040685 -0.08442872 -0.4040685 -0.123746 0 -0.1266431 -0.4040685 -0.08442872 -0.4040685 -0.1266431 -0.4040685 -0.08442872 -0.8081371 -0.08442872 -0.8081371 -0.1266431 -0.4040685 -0.1266431 -0.8081371 -0.08442872 -0.8081371 -0.1266431 -0.8081371 -0.08442872 -1.212206 -0.08442872 -1.212206 -0.1266431 -0.8081371 -0.1266431 -1.212206 -0.08442872 -1.212206 -0.1266431 -1.212206 -0.08442872 -1.616274 -0.08442872 -1.616274 -0.1266431 -1.212206 -0.1266431 -1.616274 -0.08442872 -1.616274 -0.1266431 -1.616274 -0.08442872 -2.020343 -0.08442872 -2.020343 -0.1266431 -1.616274 -0.1266431 -2.020343 -0.08442872 -2.020343 -0.1266431 -2.020343 -0.08442872 -2.424411 -0.08442872 -2.424411 -0.1266431 -2.020343 -0.1266431 -2.424411 -0.08442872 -2.424411 -0.1266431 -2.424411 -0.08442872 -2.82848 -0.08442872 -2.82848 -0.1266431 -2.424411 -0.1266431 -2.82848 -0.08442872 -2.82848 -0.1266431 -2.82848 -0.08442872 -3.232548 -0.08442872 -3.232548 -0.1266431 -2.82848 -0.1266431 -3.232548 -0.08442872 -3.232548 -0.1266431 -3.232548 -0.08442872 -3.636617 -0.08442872 -3.636617 -0.1266431 -3.232548 -0.1266431 -3.636617 -0.08442872 -3.636617 -0.1266431 -3.636617 -0.08442872 -4.040686 -0.08442872 -4.040686 -0.1266431 -3.636617 -0.1266431 -4.040686 -0.08442872 -4.040686 -0.1266431 -4.040686 -0.08442872 -4.444754 -0.08442872 -4.444754 -0.1266431 -4.040686 -0.1266431 -4.444754 -0.08442872 -4.444754 -0.1266431 -4.444754 -0.08442872 -4.848823 -0.08442872 -4.848823 -0.1266431 -4.444754 -0.1266431 -4.848823 -0.08442872 -4.848823 -0.1266431 -4.848823 -0.08442872 -5.252891 -0.08442872 -5.252891 -0.1266431 -4.848823 -0.1266431 -5.252891 -0.08442872 -5.252891 -0.1266431 -5.252891 -0.08442872 -5.65696 -0.08442872 -5.65696 -0.1266431 -5.252891 -0.1266431 -5.65696 -0.08442872 -5.65696 -0.1266431 -5.65696 -0.08442872 -6.061028 -0.08442872 -6.061028 -0.1266431 -5.65696 -0.1266431 -6.061028 -0.08442872 -6.061028 -0.1266431 -6.061028 -0.08442872 -6.465097 -0.08442872 -6.465097 -0.1266431 -6.061028 -0.1266431 -6.465097 -0.08442872 -6.465097 -0.1266431 -6.465097 -0.08442872 -6.768148 -0.08442872 -6.768148 -0.1266431 -6.465097 -0.1266431 -6.768148 -0.08442872 -6.768148 -0.1266431 -6.768148 -0.08442872 -7.071199 -0.1266431 -0.4040685 -0.123746 0 -0.1688575 -0.4040685 -0.1688575 -0.4040685 -0.123746 0 -0.1856189 0 -0.1688575 -0.4040685 -0.1856189 0 -0.2096233 -0.4040685 -0.2096233 -0.4040685 -0.1856189 0 -0.247492 0 -0.2096233 -0.4040685 -0.247492 0 -0.2503891 -0.4040685 -0.2503891 -0.4040685 -0.247492 0 -0.2911549 -0.4040685 -0.2503891 -0.4040685 -0.2911549 -0.4040685 -0.2503891 -0.8081371 -0.2503891 -0.8081371 -0.2911549 -0.4040685 -0.2911549 -0.8081371 -0.2503891 -0.8081371 -0.2911549 -0.8081371 -0.2503891 -1.212206 -0.2503891 -1.212206 -0.2911549 -0.8081371 -0.2911549 -1.212206 -0.2503891 -1.212206 -0.2911549 -1.212206 -0.2503891 -1.616274 -0.2503891 -1.616274 -0.2911549 -1.212206 -0.2911549 -1.616274 -0.2503891 -1.616274 -0.2911549 -1.616274 -0.2503891 -2.020343 -0.2503891 -2.020343 -0.2911549 -1.616274 -0.2911549 -2.020343 -0.2503891 -2.020343 -0.2911549 -2.020343 -0.2503891 -2.424411 -0.2503891 -2.424411 -0.2911549 -2.020343 -0.2911549 -2.424411 -0.2503891 -2.424411 -0.2911549 -2.424411 -0.2503891 -2.82848 -0.2503891 -2.82848 -0.2911549 -2.424411 -0.2911549 -2.82848 -0.2503891 -2.82848 -0.2911549 -2.82848 -0.2503891 -3.232548 -0.2503891 -3.232548 -0.2911549 -2.82848 -0.2911549 -3.232548 -0.2503891 -3.232548 -0.2911549 -3.232548 -0.2503891 -3.636617 -0.2503891 -3.636617 -0.2911549 -3.232548 -0.2911549 -3.636617 -0.2503891 -3.636617 -0.2911549 -3.636617 -0.2503891 -4.040686 -0.2503891 -4.040686 -0.2911549 -3.636617 -0.2911549 -4.040686 -0.2503891 -4.040686 -0.2911549 -4.040686 -0.2503891 -4.444754 -0.2503891 -4.444754 -0.2911549 -4.040686 -0.2911549 -4.444754 -0.2503891 -4.444754 -0.2911549 -4.444754 -0.2503891 -4.848823 -0.2503891 -4.848823 -0.2911549 -4.444754 -0.2911549 -4.848823 -0.2503891 -4.848823 -0.2911549 -4.848823 -0.2503891 -5.252891 -0.2503891 -5.252891 -0.2911549 -4.848823 -0.2911549 -5.252891 -0.2503891 -5.252891 -0.2911549 -5.252891 -0.2503891 -5.65696 -0.247492 0 -0.309365 0 -0.2911549 -0.4040685 -0.2911549 -0.4040685 -0.309365 0 -0.3319208 -0.4040685 -0.2911549 -0.4040685 -0.3319208 -0.4040685 -0.2911549 -0.8081371 -0.2911549 -0.8081371 -0.3319208 -0.4040685 -0.3319208 -0.8081371 -0.2911549 -0.8081371 -0.3319208 -0.8081371 -0.2911549 -1.212206 -0.2911549 -1.212206 -0.3319208 -0.8081371 -0.3319208 -1.212206 -0.2911549 -1.212206 -0.3319208 -1.212206 -0.2911549 -1.616274 -0.2911549 -1.616274 -0.3319208 -1.212206 -0.3319208 -1.616274 -0.2911549 -1.616274 -0.3319208 -1.616274 -0.2911549 -2.020343 -0.2911549 -2.020343 -0.3319208 -1.616274 -0.3319208 -2.020343 -0.2911549 -2.020343 -0.3319208 -2.020343 -0.2911549 -2.424411 -0.2911549 -2.424411 -0.3319208 -2.020343 -0.3319208 -2.424411 -0.2911549 -2.424411 -0.3319208 -2.424411 -0.2911549 -2.82848 -0.2911549 -2.82848 -0.3319208 -2.424411 -0.3319208 -2.82848 -0.2911549 -2.82848 -0.3319208 -2.82848 -0.2911549 -3.232548 -0.2911549 -3.232548 -0.3319208 -2.82848 -0.3319208 -3.232548 -0.2911549 -3.232548 -0.3319208 -3.232548 -0.2911549 -3.636617 -0.2911549 -3.636617 -0.3319208 -3.232548 -0.3319208 -3.636617 -0.2911549 -3.636617 -0.3319208 -3.636617 -0.2911549 -4.040686 -0.2911549 -4.040686 -0.3319208 -3.636617 -0.3319208 -4.040686 -0.2911549 -4.040686 -0.3319208 -4.040686 -0.2911549 -4.444754 -0.2911549 -4.444754 -0.3319208 -4.040686 -0.3319208 -4.444754 -0.2911549 -4.444754 -0.3319208 -4.444754 -0.2911549 -4.848823 -0.2911549 -4.848823 -0.3319208 -4.444754 -0.3319208 -4.848823 -0.2911549 -4.848823 -0.3319208 -4.848823 -0.2911549 -5.252891 -0.309365 0 -0.371238 0 -0.3319208 -0.4040685 -0.3319208 -0.4040685 -0.371238 0 -0.4134523 -0.4040685 -0.3319208 -0.4040685 -0.4134523 -0.4040685 -0.3319208 -0.8081371 -0.3319208 -0.8081371 -0.4134523 -0.4040685 -0.4134523 -0.8081371 -0.3319208 -0.8081371 -0.4134523 -0.8081371 -0.3319208 -1.212206 -0.3319208 -1.212206 -0.4134523 -0.8081371 -0.4134523 -1.212206 -0.3319208 -1.212206 -0.4134523 -1.212206 -0.3319208 -1.616274 -0.3319208 -1.616274 -0.4134523 -1.212206 -0.4134523 -1.616274 -0.3319208 -1.616274 -0.4134523 -1.616274 -0.3319208 -2.020343 -0.3319208 -2.020343 -0.4134523 -1.616274 -0.4134523 -2.020343 -0.3319208 -2.020343 -0.4134523 -2.020343 -0.3319208 -2.424411 -0.3319208 -2.424411 -0.4134523 -2.020343 -0.4134523 -2.424411 -0.3319208 -2.424411 -0.4134523 -2.424411 -0.3319208 -2.82848 -0.3319208 -2.82848 -0.4134523 -2.424411 -0.4134523 -2.82848 -0.3319208 -2.82848 -0.4134523 -2.82848 -0.3319208 -3.232548 -0.3319208 -3.232548 -0.4134523 -2.82848 -0.4134523 -3.232548 -0.3319208 -3.232548 -0.4134523 -3.232548 -0.3319208 -3.636617 -0.3319208 -3.636617 -0.4134523 -3.232548 -0.4134523 -3.636617 -0.3319208 -3.636617 -0.4134523 -3.636617 -0.3319208 -4.040686 -0.3319208 -4.040686 -0.4134523 -3.636617 -0.4134523 -4.040686 -0.3319208 -4.040686 -0.4134523 -4.040686 -0.3319208 -4.444754 -0.3319208 -4.444754 -0.4134523 -4.040686 -0.4134523 -4.444754 -0.3319208 -4.444754 -0.4134523 -4.444754 -0.3319208 -4.848823 -0.371238 0 -0.433111 0 -0.4134523 -0.4040685 -0.4134523 -0.4040685 -0.433111 0 -0.494984 -0.4040685 -0.4134523 -0.4040685 -0.494984 -0.4040685 -0.4134523 -0.8081371 -0.4134523 -0.8081371 -0.494984 -0.4040685 -0.494984 -0.8081371 -0.4134523 -0.8081371 -0.494984 -0.8081371 -0.4134523 -1.212206 -0.4134523 -1.212206 -0.494984 -0.8081371 -0.494984 -1.212206 -0.4134523 -1.212206 -0.494984 -1.212206 -0.4134523 -1.616274 -0.4134523 -1.616274 -0.494984 -1.212206 -0.494984 -1.616274 -0.4134523 -1.616274 -0.494984 -1.616274 -0.4134523 -2.020343 -0.4134523 -2.020343 -0.494984 -1.616274 -0.494984 -2.020343 -0.4134523 -2.020343 -0.494984 -2.020343 -0.4134523 -2.424411 -0.4134523 -2.424411 -0.494984 -2.020343 -0.494984 -2.424411 -0.4134523 -2.424411 -0.494984 -2.424411 -0.4134523 -2.82848 -0.4134523 -2.82848 -0.494984 -2.424411 -0.494984 -2.82848 -0.4134523 -2.82848 -0.494984 -2.82848 -0.4134523 -3.232548 -0.4134523 -3.232548 -0.494984 -2.82848 -0.494984 -3.232548 -0.4134523 -3.232548 -0.494984 -3.232548 -0.4134523 -3.636617 -0.4134523 -3.636617 -0.494984 -3.232548 -0.494984 -3.636617 -0.4134523 -3.636617 -0.494984 -3.636617 -0.4134523 -4.040686 -0.4134523 -4.040686 -0.494984 -3.636617 -0.494984 -4.040686 -0.4134523 -4.040686 -0.494984 -4.040686 -0.4134523 -4.444754 -0.433111 0 -0.494984 0 -0.494984 -0.4040685 -0.494984 -0.4040685 -0.494984 0 -0.541056 -0.4040685 -0.494984 -0.4040685 -0.541056 -0.4040685 -0.494984 -0.8081371 -0.494984 -0.8081371 -0.541056 -0.4040685 -0.541056 -0.8081371 -0.494984 -0.8081371 -0.541056 -0.8081371 -0.494984 -1.212206 -0.494984 -1.212206 -0.541056 -0.8081371 -0.541056 -1.212206 -0.494984 -1.212206 -0.541056 -1.212206 -0.494984 -1.616274 -0.494984 -1.616274 -0.541056 -1.212206 -0.541056 -1.616274 -0.494984 -1.616274 -0.541056 -1.616274 -0.494984 -2.020343 -0.494984 -2.020343 -0.541056 -1.616274 -0.541056 -2.020343 -0.494984 -2.020343 -0.541056 -2.020343 -0.494984 -2.424411 -0.494984 -2.424411 -0.541056 -2.020343 -0.541056 -2.424411 -0.494984 -2.424411 -0.541056 -2.424411 -0.494984 -2.82848 -0.494984 -2.82848 -0.541056 -2.424411 -0.541056 -2.82848 -0.494984 -2.82848 -0.541056 -2.82848 -0.494984 -3.232548 -0.494984 -3.232548 -0.541056 -2.82848 -0.541056 -3.232548 -0.494984 -3.232548 -0.541056 -3.232548 -0.494984 -3.636617 -0.494984 -3.636617 -0.541056 -3.232548 -0.541056 -3.636617 -0.494984 -3.636617 -0.541056 -3.636617 -0.494984 -4.040686 -0.494984 0 -0.556857 0 -0.541056 -0.4040685 -0.541056 -0.4040685 -0.556857 0 -0.587128 -0.4040685 -0.541056 -0.4040685 -0.587128 -0.4040685 -0.541056 -0.8081371 -0.541056 -0.8081371 -0.587128 -0.4040685 -0.587128 -0.8081371 -0.541056 -0.8081371 -0.587128 -0.8081371 -0.541056 -1.212206 -0.541056 -1.212206 -0.587128 -0.8081371 -0.587128 -1.212206 -0.541056 -1.212206 -0.587128 -1.212206 -0.541056 -1.616274 -0.541056 -1.616274 -0.587128 -1.212206 -0.587128 -1.616274 -0.541056 -1.616274 -0.587128 -1.616274 -0.541056 -2.020343 -0.541056 -2.020343 -0.587128 -1.616274 -0.587128 -2.020343 -0.541056 -2.020343 -0.587128 -2.020343 -0.541056 -2.424411 -0.541056 -2.424411 -0.587128 -2.020343 -0.587128 -2.424411 -0.541056 -2.424411 -0.587128 -2.424411 -0.541056 -2.82848 -0.541056 -2.82848 -0.587128 -2.424411 -0.587128 -2.82848 -0.541056 -2.82848 -0.587128 -2.82848 -0.541056 -3.232548 -0.541056 -3.232548 -0.587128 -2.82848 -0.587128 -3.232548 -0.541056 -3.232548 -0.587128 -3.232548 -0.541056 -3.636617 -0.556857 0 -0.61873 0 -0.587128 -0.4040685 -0.587128 -0.4040685 -0.61873 0 -0.6332 -0.4040685 -0.587128 -0.4040685 -0.6332 -0.4040685 -0.587128 -0.8081371 -0.587128 -0.8081371 -0.6332 -0.4040685 -0.6332 -0.8081371 -0.587128 -0.8081371 -0.6332 -0.8081371 -0.587128 -1.212206 -0.587128 -1.212206 -0.6332 -0.8081371 -0.6332 -1.212206 -0.587128 -1.212206 -0.6332 -1.212206 -0.587128 -1.616274 -0.587128 -1.616274 -0.6332 -1.212206 -0.6332 -1.616274 -0.587128 -1.616274 -0.6332 -1.616274 -0.587128 -2.020343 -0.587128 -2.020343 -0.6332 -1.616274 -0.6332 -2.020343 -0.587128 -2.020343 -0.6332 -2.020343 -0.587128 -2.424411 -0.587128 -2.424411 -0.6332 -2.020343 -0.6332 -2.424411 -0.587128 -2.424411 -0.6332 -2.424411 -0.587128 -2.82848 -0.587128 -2.82848 -0.6332 -2.424411 -0.6332 -2.82848 -0.587128 -2.82848 -0.6332 -2.82848 -0.587128 -3.232548 -0.61873 0 -0.680603 0 -0.6332 -0.4040685 -0.6332 -0.4040685 -0.680603 0 -0.679272 -0.4040685 -0.6332 -0.4040685 -0.679272 -0.4040685 -0.6332 -0.8081371 -0.6332 -0.8081371 -0.679272 -0.4040685 -0.679272 -0.8081371 -0.6332 -0.8081371 -0.679272 -0.8081371 -0.6332 -1.212206 -0.6332 -1.212206 -0.679272 -0.8081371 -0.679272 -1.212206 -0.6332 -1.212206 -0.679272 -1.212206 -0.6332 -1.616274 -0.6332 -1.616274 -0.679272 -1.212206 -0.679272 -1.616274 -0.6332 -1.616274 -0.679272 -1.616274 -0.6332 -2.020343 -0.6332 -2.020343 -0.679272 -1.616274 -0.679272 -2.020343 -0.6332 -2.020343 -0.679272 -2.020343 -0.6332 -2.424411 -0.6332 -2.424411 -0.679272 -2.020343 -0.679272 -2.424411 -0.6332 -2.424411 -0.679272 -2.424411 -0.6332 -2.82848 -0.680603 0 -0.742476 0 -0.679272 -0.4040685 -0.679272 -0.4040685 -0.742476 0 -0.756946 -0.4040685 -0.679272 -0.4040685 -0.756946 -0.4040685 -0.679272 -0.8081371 -0.679272 -0.8081371 -0.756946 -0.4040685 -0.756946 -0.8081371 -0.679272 -0.8081371 -0.756946 -0.8081371 -0.679272 -1.212206 -0.679272 -1.212206 -0.756946 -0.8081371 -0.756946 -1.212206 -0.679272 -1.212206 -0.756946 -1.212206 -0.679272 -1.616274 -0.679272 -1.616274 -0.756946 -1.212206 -0.756946 -1.616274 -0.679272 -1.616274 -0.756946 -1.616274 -0.679272 -2.020343 -0.679272 -2.020343 -0.756946 -1.616274 -0.756946 -2.020343 -0.679272 -2.020343 -0.756946 -2.020343 -0.679272 -2.424411 -0.742476 0 -0.804349 0 -0.756946 -0.4040685 -0.756946 -0.4040685 -0.804349 0 -0.866222 0 -0.756946 -0.4040685 -0.866222 0 -0.8346199 -0.4040685 -0.8346199 -0.4040685 -0.866222 0 -0.928095 0 -0.8346199 -0.4040685 -0.928095 0 -0.912294 -0.4040685 -0.912294 -7.071199 -0.989968 -7.071199 -0.912294 -7.374251 -0.912294 -7.374251 -0.989968 -7.071199 -0.989968 -7.42476 -0.912294 -7.374251 -0.989968 -7.42476 -0.912294 -7.677302 -0.912294 -7.677302 -0.989968 -7.42476 -0.989968 -7.77832 -0.912294 -7.677302 -0.989968 -7.77832 -0.912294 -7.980354 -0.912294 -7.980354 -0.989968 -7.77832 -0.989968 -8.13188 -0.912294 -7.980354 -0.989968 -8.13188 -0.912294 -8.283406 -0.912294 -8.283406 -0.989968 -8.13188 -0.989968 -8.48544 -0.912294 -8.283406 -0.989968 -8.48544 -0.912294 -8.586457 -0.912294 -8.586457 -0.989968 -8.48544 -0.989968 -8.839 -0.912294 -8.586457 -0.989968 -8.839 -0.912294 -8.889509 -0.912294 -8.889509 -0.989968 -8.839 -0.989968 -9.19256 -0.912294 -8.889509 -0.989968 -9.19256 -0.912294 -9.19256 -0.912294 -9.19256 -0.989968 -9.19256 -0.912294 -9.495612 -0.912294 -9.19256 -0.912294 -9.495612 -0.8346199 -9.495612 -0.8346199 -9.495612 -0.912294 -9.495612 -0.8346199 -9.798663 -0.8346199 -9.495612 -0.8346199 -9.798663 -0.756946 -9.798663 -0.756946 -9.798663 -0.8346199 -9.798663 -0.756946 -10.10171 -0.756946 -9.798663 -0.756946 -10.10171 -0.679272 -10.10171 -0.679272 -10.10171 -0.756946 -10.10171 -0.679272 -10.40476 -0.679272 -10.10171 -0.679272 -10.40476 -0.6332 -10.40476 -0.6332 -10.40476 -0.679272 -10.40476 -0.6332 -10.70782 -0.6332 -10.40476 -0.6332 -10.70782 -0.587128 -10.70782 -0.587128 -10.70782 -0.6332 -10.70782 -0.587128 -11.01087 -0.587128 -10.70782 -0.587128 -11.01087 -0.541056 -11.01087 -0.541056 -11.01087 -0.587128 -11.01087 -0.556857 -11.31392 -0.541056 -11.01087 -0.556857 -11.31392 -0.494984 -11.31392 -0.989968 -9.19256 -0.989968 -9.54612 -0.912294 -9.495612 -0.912294 -9.495612 -0.989968 -9.54612 -0.912294 -9.798663 -0.912294 -9.495612 -0.912294 -9.798663 -0.8346199 -9.798663 -0.8346199 -9.798663 -0.912294 -9.798663 -0.8346199 -10.10171 -0.8346199 -9.798663 -0.8346199 -10.10171 -0.756946 -10.10171 -0.756946 -10.10171 -0.8346199 -10.10171 -0.756946 -10.40476 -0.756946 -10.10171 -0.756946 -10.40476 -0.679272 -10.40476 -0.679272 -10.40476 -0.756946 -10.40476 -0.679272 -10.70782 -0.679272 -10.40476 -0.679272 -10.70782 -0.6332 -10.70782 -0.6332 -10.70782 -0.679272 -10.70782 -0.6332 -11.01087 -0.6332 -10.70782 -0.6332 -11.01087 -0.587128 -11.01087 -0.587128 -11.01087 -0.6332 -11.01087 -0.61873 -11.31392 -0.587128 -11.01087 -0.61873 -11.31392 -0.556857 -11.31392 -0.989968 -9.54612 -0.989968 -9.89968 -0.912294 -9.798663 -0.912294 -9.798663 -0.989968 -9.89968 -0.912294 -10.10171 -0.912294 -9.798663 -0.912294 -10.10171 -0.8346199 -10.10171 -0.8346199 -10.10171 -0.912294 -10.10171 -0.8346199 -10.40476 -0.8346199 -10.10171 -0.8346199 -10.40476 -0.756946 -10.40476 -0.756946 -10.40476 -0.8346199 -10.40476 -0.756946 -10.70782 -0.756946 -10.40476 -0.756946 -10.70782 -0.679272 -10.70782 -0.679272 -10.70782 -0.756946 -10.70782 -0.679272 -11.01087 -0.679272 -10.70782 -0.679272 -11.01087 -0.6332 -11.01087 -0.6332 -11.01087 -0.679272 -11.01087 -0.680603 -11.31392 -0.6332 -11.01087 -0.680603 -11.31392 -0.61873 -11.31392 -0.989968 -9.89968 -0.989968 -10.25324 -0.912294 -10.10171 -0.912294 -10.10171 -0.989968 -10.25324 -0.912294 -10.40476 -0.912294 -10.10171 -0.912294 -10.40476 -0.8346199 -10.40476 -0.8346199 -10.40476 -0.912294 -10.40476 -0.8346199 -10.70782 -0.8346199 -10.40476 -0.8346199 -10.70782 -0.756946 -10.70782 -0.756946 -10.70782 -0.8346199 -10.70782 -0.756946 -11.01087 -0.756946 -10.70782 -0.756946 -11.01087 -0.679272 -11.01087 -0.679272 -11.01087 -0.756946 -11.01087 -0.742476 -11.31392 -0.679272 -11.01087 -0.742476 -11.31392 -0.680603 -11.31392 -0.989968 -10.25324 -0.989968 -10.6068 -0.912294 -10.40476 -0.912294 -10.40476 -0.989968 -10.6068 -0.912294 -10.70782 -0.912294 -10.40476 -0.912294 -10.70782 -0.8346199 -10.70782 -0.8346199 -10.70782 -0.912294 -10.70782 -0.8346199 -11.01087 -0.8346199 -10.70782 -0.8346199 -11.01087 -0.756946 -11.01087 -0.756946 -11.01087 -0.8346199 -11.01087 -0.804349 -11.31392 -0.756946 -11.01087 -0.804349 -11.31392 -0.742476 -11.31392 -0.989968 -10.6068 -0.989968 -10.96036 -0.912294 -10.70782 -0.912294 -10.70782 -0.989968 -10.96036 -0.912294 -11.01087 -0.912294 -10.70782 -0.912294 -11.01087 -0.8346199 -11.01087 -0.8346199 -11.01087 -0.912294 -11.01087 -0.866222 -11.31392 -0.8346199 -11.01087 -0.866222 -11.31392 -0.804349 -11.31392 -0.989968 -11.31392 -0.928095 -11.31392 -0.989968 -10.96036 -0.989968 -10.96036 -0.928095 -11.31392 -0.912294 -11.01087 -0.928095 -11.31392 -0.866222 -11.31392 -0.912294 -11.01087 -0.541056 -11.01087 -0.494984 -11.31392 -0.494984 -11.01087 -0.494984 -11.01087 -0.494984 -11.31392 -0.433111 -11.31392 -0.494984 -11.01087 -0.433111 -11.31392 -0.4134523 -11.01087 -0.4134523 -11.01087 -0.433111 -11.31392 -0.371238 -11.31392 -0.4134523 -11.01087 -0.371238 -11.31392 -0.3319208 -11.01087 -0.3319208 -11.01087 -0.371238 -11.31392 -0.309365 -11.31392 -0.3319208 -11.01087 -0.309365 -11.31392 -0.2911549 -11.01087 -0.2911549 -11.01087 -0.309365 -11.31392 -0.247492 -11.31392 -0.2911549 -11.01087 -0.247492 -11.31392 -0.2503891 -11.01087 -0.2503891 -11.01087 -0.247492 -11.31392 -0.2096233 -11.01087 -0.2503891 -11.01087 -0.2096233 -11.01087 -0.2503891 -10.70782 -0.2503891 -10.70782 -0.2096233 -11.01087 -0.2096233 -10.70782 -0.2503891 -10.70782 -0.2096233 -10.70782 -0.2503891 -10.40476 -0.247492 -11.31392 -0.1856189 -11.31392 -0.2096233 -11.01087 -0.2096233 -11.01087 -0.1856189 -11.31392 -0.1688575 -11.01087 -0.2096233 -11.01087 -0.1688575 -11.01087 -0.2096233 -10.70782 -0.1856189 -11.31392 -0.123746 -11.31392 -0.1688575 -11.01087 -0.1266431 -11.01087 -0.08442872 -11.01087 -0.1266431 -10.70782 -0.1266431 -10.70782 -0.08442872 -11.01087 -0.08442872 -10.70782 -0.1266431 -10.70782 -0.08442872 -10.70782 -0.1266431 -10.40476 -0.1266431 -10.40476 -0.08442872 -10.70782 -0.08442872 -10.40476 -0.1266431 -10.40476 -0.08442872 -10.40476 -0.1266431 -10.10171 -0.1266431 -10.10171 -0.08442872 -10.40476 -0.08442872 -10.10171 -0.1266431 -10.10171 -0.08442872 -10.10171 -0.1266431 -9.798663 -0.1266431 -9.798663 -0.08442872 -10.10171 -0.08442872 -9.798663 -0.1266431 -9.798663 -0.08442872 -9.798663 -0.1266431 -9.495612 -0.1266431 -9.495612 -0.08442872 -9.798663 -0.08442872 -9.495612 -0.1266431 -9.495612 -0.08442872 -9.495612 -0.1266431 -9.19256 -0.1266431 -9.19256 -0.08442872 -9.495612 -0.08442872 -9.19256 -0.1266431 -9.19256 -0.08442872 -9.19256 -0.1266431 -8.889509 -0.2911549 -11.01087 -0.2503891 -11.01087 -0.2911549 -10.70782 -0.2911549 -10.70782 -0.2503891 -11.01087 -0.2503891 -10.70782 -0.2911549 -10.70782 -0.2503891 -10.70782 -0.2911549 -10.40476 -0.2911549 -10.40476 -0.2503891 -10.70782 -0.2503891 -10.40476 -0.2911549 -10.40476 -0.2503891 -10.40476 -0.2911549 -10.10171 -0.3319208 -11.01087 -0.2911549 -11.01087 -0.3319208 -10.70782 -0.3319208 -10.70782 -0.2911549 -11.01087 -0.2911549 -10.70782 -0.3319208 -10.70782 -0.2911549 -10.70782 -0.3319208 -10.40476 -0.3319208 -10.40476 -0.2911549 -10.70782 -0.2911549 -10.40476 -0.3319208 -10.40476 -0.2911549 -10.40476 -0.3319208 -10.10171 -0.3319208 -10.10171 -0.2911549 -10.40476 -0.2911549 -10.10171 -0.3319208 -10.10171 -0.2911549 -10.10171 -0.3319208 -9.798663 -0.4134523 -11.01087 -0.3319208 -11.01087 -0.4134523 -10.70782 -0.4134523 -10.70782 -0.3319208 -11.01087 -0.3319208 -10.70782 -0.4134523 -10.70782 -0.3319208 -10.70782 -0.4134523 -10.40476 -0.4134523 -10.40476 -0.3319208 -10.70782 -0.3319208 -10.40476 -0.4134523 -10.40476 -0.3319208 -10.40476 -0.4134523 -10.10171 -0.4134523 -10.10171 -0.3319208 -10.40476 -0.3319208 -10.10171 -0.4134523 -10.10171 -0.3319208 -10.10171 -0.4134523 -9.798663 -0.4134523 -9.798663 -0.3319208 -10.10171 -0.3319208 -9.798663 -0.4134523 -9.798663 -0.3319208 -9.798663 -0.4134523 -9.495612 -0.494984 -11.01087 -0.4134523 -11.01087 -0.494984 -10.70782 -0.494984 -10.70782 -0.4134523 -11.01087 -0.4134523 -10.70782 -0.494984 -10.70782 -0.4134523 -10.70782 -0.494984 -10.40476 -0.494984 -10.40476 -0.4134523 -10.70782 -0.4134523 -10.40476 -0.494984 -10.40476 -0.4134523 -10.40476 -0.494984 -10.10171 -0.494984 -10.10171 -0.4134523 -10.40476 -0.4134523 -10.10171 -0.494984 -10.10171 -0.4134523 -10.10171 -0.494984 -9.798663 -0.494984 -9.798663 -0.4134523 -10.10171 -0.4134523 -9.798663 -0.494984 -9.798663 -0.4134523 -9.798663 -0.494984 -9.495612 -0.494984 -9.495612 -0.4134523 -9.798663 -0.4134523 -9.495612 -0.494984 -9.495612 -0.4134523 -9.495612 -0.494984 -9.19256 -0.541056 -11.01087 -0.494984 -11.01087 -0.541056 -10.70782 -0.541056 -10.70782 -0.494984 -11.01087 -0.494984 -10.70782 -0.541056 -10.70782 -0.494984 -10.70782 -0.541056 -10.40476 -0.541056 -10.40476 -0.494984 -10.70782 -0.494984 -10.40476 -0.541056 -10.40476 -0.494984 -10.40476 -0.541056 -10.10171 -0.541056 -10.10171 -0.494984 -10.40476 -0.494984 -10.10171 -0.541056 -10.10171 -0.494984 -10.10171 -0.541056 -9.798663 -0.541056 -9.798663 -0.494984 -10.10171 -0.494984 -9.798663 -0.541056 -9.798663 -0.494984 -9.798663 -0.541056 -9.495612 -0.541056 -9.495612 -0.494984 -9.798663 -0.494984 -9.495612 -0.541056 -9.495612 -0.494984 -9.495612 -0.541056 -9.19256 -0.541056 -9.19256 -0.494984 -9.495612 -0.494984 -9.19256 -0.541056 -9.19256 -0.494984 -9.19256 -0.541056 -8.889509 -0.1266431 -11.01087 -0.1266431 -10.70782 -0.1688575 -10.70782 -0.1688575 -10.70782 -0.1266431 -10.70782 -0.1688575 -10.40476 -0.1688575 -10.70782 -0.1688575 -10.40476 -0.2096233 -10.40476 -0.2096233 -10.40476 -0.1688575 -10.40476 -0.2096233 -10.10171 -0.2096233 -10.40476 -0.2096233 -10.10171 -0.2503891 -10.10171 -0.2503891 -10.10171 -0.2096233 -10.10171 -0.2503891 -9.798663 -0.2503891 -10.10171 -0.2503891 -9.798663 -0.2911549 -9.798663 -0.2911549 -9.798663 -0.2503891 -9.798663 -0.2911549 -9.495612 -0.2911549 -9.798663 -0.2911549 -9.495612 -0.3319208 -9.495612 -0.3319208 -9.495612 -0.2911549 -9.495612 -0.3319208 -9.19256 -0.3319208 -9.495612 -0.3319208 -9.19256 -0.4134523 -9.19256 -0.4134523 -9.19256 -0.3319208 -9.19256 -0.4134523 -8.889509 -0.4134523 -9.19256 -0.4134523 -8.889509 -0.494984 -8.889509 -0.494984 -8.889509 -0.4134523 -8.889509 -0.494984 -8.586457 -0.494984 -8.889509 -0.494984 -8.586457 -0.541056 -8.586457 -0.541056 -8.586457 -0.494984 -8.586457 -0.541056 -8.283406 -0.541056 -8.586457 -0.541056 -8.283406 -0.587128 -8.283406 -0.587128 -8.283406 -0.541056 -8.283406 -0.587128 -7.980354 -0.587128 -8.283406 -0.587128 -7.980354 -0.6332 -7.980354 -0.6332 -7.980354 -0.587128 -7.980354 -0.6332 -7.677302 -0.6332 -7.980354 -0.6332 -7.677302 -0.679272 -7.677302 -0.679272 -7.677302 -0.6332 -7.677302 -0.679272 -7.374251 -0.679272 -7.677302 -0.679272 -7.374251 -0.756946 -7.374251 -0.756946 -7.374251 -0.679272 -7.374251 -0.756946 -7.071199 -0.756946 -7.374251 -0.756946 -7.071199 -0.8346199 -7.071199 -0.8346199 -7.071199 -0.756946 -7.071199 -0.8346199 -6.768148 -0.8346199 -7.071199 -0.8346199 -6.768148 -0.912294 -6.768148 -0.912294 -6.768148 -0.8346199 -6.768148 -0.912294 -6.465097 -0.1688575 -10.40476 -0.1266431 -10.70782 -0.1266431 -10.40476 -0.541056 -11.01087 -0.541056 -10.70782 -0.587128 -10.70782 -0.587128 -10.70782 -0.541056 -10.70782 -0.587128 -10.40476 -0.587128 -10.70782 -0.587128 -10.40476 -0.6332 -10.40476 -0.6332 -10.40476 -0.587128 -10.40476 -0.6332 -10.10171 -0.6332 -10.40476 -0.6332 -10.10171 -0.679272 -10.10171 -0.679272 -10.10171 -0.6332 -10.10171 -0.679272 -9.798663 -0.679272 -10.10171 -0.679272 -9.798663 -0.756946 -9.798663 -0.756946 -9.798663 -0.679272 -9.798663 -0.756946 -9.495612 -0.756946 -9.798663 -0.756946 -9.495612 -0.8346199 -9.495612 -0.8346199 -9.495612 -0.756946 -9.495612 -0.8346199 -9.19256 -0.8346199 -9.495612 -0.8346199 -9.19256 -0.912294 -9.19256 -0.912294 -9.19256 -0.8346199 -9.19256 -0.912294 -8.889509 -0.587128 -10.40476 -0.541056 -10.70782 -0.541056 -10.40476 -0.1688575 -10.40476 -0.1266431 -10.40476 -0.1688575 -10.10171 -0.1688575 -10.10171 -0.1266431 -10.40476 -0.1266431 -10.10171 -0.1688575 -10.10171 -0.1266431 -10.10171 -0.1688575 -9.798663 -0.1688575 -9.798663 -0.1266431 -10.10171 -0.1266431 -9.798663 -0.1688575 -9.798663 -0.1266431 -9.798663 -0.1688575 -9.495612 -0.1688575 -9.495612 -0.1266431 -9.798663 -0.1266431 -9.495612 -0.1688575 -9.495612 -0.1266431 -9.495612 -0.1688575 -9.19256 -0.1688575 -9.19256 -0.1266431 -9.495612 -0.1266431 -9.19256 -0.1688575 -9.19256 -0.1266431 -9.19256 -0.1688575 -8.889509 -0.1688575 -8.889509 -0.1266431 -9.19256 -0.1266431 -8.889509 -0.1688575 -8.889509 -0.1266431 -8.889509 -0.1688575 -8.586457 -0.587128 -10.40476 -0.541056 -10.40476 -0.587128 -10.10171 -0.587128 -10.10171 -0.541056 -10.40476 -0.541056 -10.10171 -0.587128 -10.10171 -0.541056 -10.10171 -0.587128 -9.798663 -0.587128 -9.798663 -0.541056 -10.10171 -0.541056 -9.798663 -0.587128 -9.798663 -0.541056 -9.798663 -0.587128 -9.495612 -0.587128 -9.495612 -0.541056 -9.798663 -0.541056 -9.495612 -0.587128 -9.495612 -0.541056 -9.495612 -0.587128 -9.19256 -0.587128 -9.19256 -0.541056 -9.495612 -0.541056 -9.19256 -0.587128 -9.19256 -0.541056 -9.19256 -0.587128 -8.889509 -0.587128 -8.889509 -0.541056 -9.19256 -0.541056 -8.889509 -0.587128 -8.889509 -0.541056 -8.889509 -0.587128 -8.586457 -0.1688575 -10.40476 -0.1688575 -10.10171 -0.2096233 -10.10171 -0.2096233 -10.10171 -0.1688575 -10.10171 -0.2096233 -9.798663 -0.2096233 -10.10171 -0.2096233 -9.798663 -0.2503891 -9.798663 -0.2503891 -9.798663 -0.2096233 -9.798663 -0.2503891 -9.495612 -0.2503891 -9.798663 -0.2503891 -9.495612 -0.2911549 -9.495612 -0.2911549 -9.495612 -0.2503891 -9.495612 -0.2911549 -9.19256 -0.2911549 -9.495612 -0.2911549 -9.19256 -0.3319208 -9.19256 -0.3319208 -9.19256 -0.2911549 -9.19256 -0.3319208 -8.889509 -0.3319208 -9.19256 -0.3319208 -8.889509 -0.4134523 -8.889509 -0.4134523 -8.889509 -0.3319208 -8.889509 -0.4134523 -8.586457 -0.4134523 -8.889509 -0.4134523 -8.586457 -0.494984 -8.586457 -0.494984 -8.586457 -0.4134523 -8.586457 -0.494984 -8.283406 -0.494984 -8.586457 -0.494984 -8.283406 -0.541056 -8.283406 -0.541056 -8.283406 -0.494984 -8.283406 -0.541056 -7.980354 -0.541056 -8.283406 -0.541056 -7.980354 -0.587128 -7.980354 -0.587128 -7.980354 -0.541056 -7.980354 -0.587128 -7.677302 -0.587128 -7.980354 -0.587128 -7.677302 -0.6332 -7.677302 -0.6332 -7.677302 -0.587128 -7.677302 -0.6332 -7.374251 -0.6332 -7.677302 -0.6332 -7.374251 -0.679272 -7.374251 -0.679272 -7.374251 -0.6332 -7.374251 -0.679272 -7.071199 -0.679272 -7.374251 -0.679272 -7.071199 -0.756946 -7.071199 -0.756946 -7.071199 -0.679272 -7.071199 -0.756946 -6.768148 -0.756946 -7.071199 -0.756946 -6.768148 -0.8346199 -6.768148 -0.8346199 -6.768148 -0.756946 -6.768148 -0.8346199 -6.465097 -0.8346199 -6.768148 -0.8346199 -6.465097 -0.912294 -6.465097 -0.912294 -6.465097 -0.8346199 -6.465097 -0.912294 -6.061028 -0.2096233 -9.798663 -0.1688575 -10.10171 -0.1688575 -9.798663 -0.587128 -10.40476 -0.587128 -10.10171 -0.6332 -10.10171 -0.6332 -10.10171 -0.587128 -10.10171 -0.6332 -9.798663 -0.6332 -10.10171 -0.6332 -9.798663 -0.679272 -9.798663 -0.679272 -9.798663 -0.6332 -9.798663 -0.679272 -9.495612 -0.679272 -9.798663 -0.679272 -9.495612 -0.756946 -9.495612 -0.756946 -9.495612 -0.679272 -9.495612 -0.756946 -9.19256 -0.756946 -9.495612 -0.756946 -9.19256 -0.8346199 -9.19256 -0.8346199 -9.19256 -0.756946 -9.19256 -0.8346199 -8.889509 -0.8346199 -9.19256 -0.8346199 -8.889509 -0.912294 -8.889509 -0.912294 -8.889509 -0.8346199 -8.889509 -0.912294 -8.586457 -0.6332 -9.798663 -0.587128 -10.10171 -0.587128 -9.798663 -0.2096233 -9.798663 -0.1688575 -9.798663 -0.2096233 -9.495612 -0.2096233 -9.495612 -0.1688575 -9.798663 -0.1688575 -9.495612 -0.2096233 -9.495612 -0.1688575 -9.495612 -0.2096233 -9.19256 -0.2096233 -9.19256 -0.1688575 -9.495612 -0.1688575 -9.19256 -0.2096233 -9.19256 -0.1688575 -9.19256 -0.2096233 -8.889509 -0.2096233 -8.889509 -0.1688575 -9.19256 -0.1688575 -8.889509 -0.2096233 -8.889509 -0.1688575 -8.889509 -0.2096233 -8.586457 -0.2096233 -8.586457 -0.1688575 -8.889509 -0.1688575 -8.586457 -0.2096233 -8.586457 -0.1688575 -8.586457 -0.2096233 -8.283406 -0.6332 -9.798663 -0.587128 -9.798663 -0.6332 -9.495612 -0.6332 -9.495612 -0.587128 -9.798663 -0.587128 -9.495612 -0.6332 -9.495612 -0.587128 -9.495612 -0.6332 -9.19256 -0.6332 -9.19256 -0.587128 -9.495612 -0.587128 -9.19256 -0.6332 -9.19256 -0.587128 -9.19256 -0.6332 -8.889509 -0.6332 -8.889509 -0.587128 -9.19256 -0.587128 -8.889509 -0.6332 -8.889509 -0.587128 -8.889509 -0.6332 -8.586457 -0.6332 -8.586457 -0.587128 -8.889509 -0.587128 -8.586457 -0.6332 -8.586457 -0.587128 -8.586457 -0.6332 -8.283406 -0.2096233 -9.798663 -0.2096233 -9.495612 -0.2503891 -9.495612 -0.2503891 -9.495612 -0.2096233 -9.495612 -0.2503891 -9.19256 -0.2503891 -9.495612 -0.2503891 -9.19256 -0.2911549 -9.19256 -0.2911549 -9.19256 -0.2503891 -9.19256 -0.2911549 -8.889509 -0.2911549 -9.19256 -0.2911549 -8.889509 -0.3319208 -8.889509 -0.3319208 -8.889509 -0.2911549 -8.889509 -0.3319208 -8.586457 -0.3319208 -8.889509 -0.3319208 -8.586457 -0.4134523 -8.586457 -0.4134523 -8.586457 -0.3319208 -8.586457 -0.4134523 -8.283406 -0.4134523 -8.586457 -0.4134523 -8.283406 -0.494984 -8.283406 -0.494984 -8.283406 -0.4134523 -8.283406 -0.494984 -7.980354 -0.494984 -8.283406 -0.494984 -7.980354 -0.541056 -7.980354 -0.541056 -7.980354 -0.494984 -7.980354 -0.541056 -7.677302 -0.541056 -7.980354 -0.541056 -7.677302 -0.587128 -7.677302 -0.587128 -7.677302 -0.541056 -7.677302 -0.587128 -7.374251 -0.587128 -7.677302 -0.587128 -7.374251 -0.6332 -7.374251 -0.6332 -7.374251 -0.587128 -7.374251 -0.6332 -7.071199 -0.6332 -7.374251 -0.6332 -7.071199 -0.679272 -7.071199 -0.679272 -7.071199 -0.6332 -7.071199 -0.679272 -6.768148 -0.679272 -7.071199 -0.679272 -6.768148 -0.756946 -6.768148 -0.756946 -6.768148 -0.679272 -6.768148 -0.756946 -6.465097 -0.756946 -6.768148 -0.756946 -6.465097 -0.8346199 -6.465097 -0.8346199 -6.465097 -0.756946 -6.465097 -0.8346199 -6.061028 -0.8346199 -6.465097 -0.8346199 -6.061028 -0.912294 -6.061028 -0.912294 -6.061028 -0.8346199 -6.061028 -0.912294 -5.65696 -0.2503891 -9.19256 -0.2096233 -9.495612 -0.2096233 -9.19256 -0.6332 -9.798663 -0.6332 -9.495612 -0.679272 -9.495612 -0.679272 -9.495612 -0.6332 -9.495612 -0.679272 -9.19256 -0.679272 -9.495612 -0.679272 -9.19256 -0.756946 -9.19256 -0.756946 -9.19256 -0.679272 -9.19256 -0.756946 -8.889509 -0.756946 -9.19256 -0.756946 -8.889509 -0.8346199 -8.889509 -0.8346199 -8.889509 -0.756946 -8.889509 -0.8346199 -8.586457 -0.8346199 -8.889509 -0.8346199 -8.586457 -0.912294 -8.586457 -0.912294 -8.586457 -0.8346199 -8.586457 -0.912294 -8.283406 -0.679272 -9.19256 -0.6332 -9.495612 -0.6332 -9.19256 -0.2503891 -9.19256 -0.2096233 -9.19256 -0.2503891 -8.889509 -0.2503891 -8.889509 -0.2096233 -9.19256 -0.2096233 -8.889509 -0.2503891 -8.889509 -0.2096233 -8.889509 -0.2503891 -8.586457 -0.2503891 -8.586457 -0.2096233 -8.889509 -0.2096233 -8.586457 -0.2503891 -8.586457 -0.2096233 -8.586457 -0.2503891 -8.283406 -0.2503891 -8.283406 -0.2096233 -8.586457 -0.2096233 -8.283406 -0.2503891 -8.283406 -0.2096233 -8.283406 -0.2503891 -7.980354 -0.2503891 -9.19256 -0.2503891 -8.889509 -0.2911549 -8.889509 -0.2911549 -8.889509 -0.2503891 -8.889509 -0.2911549 -8.586457 -0.2911549 -8.889509 -0.2911549 -8.586457 -0.3319208 -8.586457 -0.3319208 -8.586457 -0.2911549 -8.586457 -0.3319208 -8.283406 -0.3319208 -8.586457 -0.3319208 -8.283406 -0.4134523 -8.283406 -0.4134523 -8.283406 -0.3319208 -8.283406 -0.4134523 -7.980354 -0.4134523 -8.283406 -0.4134523 -7.980354 -0.494984 -7.980354 -0.494984 -7.980354 -0.4134523 -7.980354 -0.494984 -7.677302 -0.494984 -7.980354 -0.494984 -7.677302 -0.541056 -7.677302 -0.541056 -7.677302 -0.494984 -7.677302 -0.541056 -7.374251 -0.541056 -7.677302 -0.541056 -7.374251 -0.587128 -7.374251 -0.587128 -7.374251 -0.541056 -7.374251 -0.587128 -7.071199 -0.587128 -7.374251 -0.587128 -7.071199 -0.6332 -7.071199 -0.6332 -7.071199 -0.587128 -7.071199 -0.6332 -6.768148 -0.6332 -7.071199 -0.6332 -6.768148 -0.679272 -6.768148 -0.679272 -6.768148 -0.6332 -6.768148 -0.679272 -6.465097 -0.679272 -6.768148 -0.679272 -6.465097 -0.756946 -6.465097 -0.756946 -6.465097 -0.679272 -6.465097 -0.756946 -6.061028 -0.756946 -6.465097 -0.756946 -6.061028 -0.8346199 -6.061028 -0.8346199 -6.061028 -0.756946 -6.061028 -0.8346199 -5.65696 -0.8346199 -6.061028 -0.8346199 -5.65696 -0.912294 -5.65696 -0.912294 -5.65696 -0.8346199 -5.65696 -0.912294 -5.252891 -0.2911549 -8.586457 -0.2503891 -8.889509 -0.2503891 -8.586457 -0.679272 -9.19256 -0.6332 -9.19256 -0.679272 -8.889509 -0.679272 -8.889509 -0.6332 -9.19256 -0.6332 -8.889509 -0.679272 -8.889509 -0.6332 -8.889509 -0.679272 -8.586457 -0.679272 -8.586457 -0.6332 -8.889509 -0.6332 -8.586457 -0.679272 -8.586457 -0.6332 -8.586457 -0.679272 -8.283406 -0.679272 -8.283406 -0.6332 -8.586457 -0.6332 -8.283406 -0.679272 -8.283406 -0.6332 -8.283406 -0.679272 -7.980354 -0.679272 -9.19256 -0.679272 -8.889509 -0.756946 -8.889509 -0.756946 -8.889509 -0.679272 -8.889509 -0.756946 -8.586457 -0.756946 -8.889509 -0.756946 -8.586457 -0.8346199 -8.586457 -0.8346199 -8.586457 -0.756946 -8.586457 -0.8346199 -8.283406 -0.8346199 -8.586457 -0.8346199 -8.283406 -0.912294 -8.283406 -0.912294 -8.283406 -0.8346199 -8.283406 -0.912294 -7.980354 -0.756946 -8.586457 -0.679272 -8.889509 -0.679272 -8.586457 -0.2911549 -8.586457 -0.2503891 -8.586457 -0.2911549 -8.283406 -0.2911549 -8.283406 -0.2503891 -8.586457 -0.2503891 -8.283406 -0.2911549 -8.283406 -0.2503891 -8.283406 -0.2911549 -7.980354 -0.2911549 -7.980354 -0.2503891 -8.283406 -0.2503891 -7.980354 -0.2911549 -7.980354 -0.2503891 -7.980354 -0.2911549 -7.677302 -0.756946 -8.586457 -0.679272 -8.586457 -0.756946 -8.283406 -0.756946 -8.283406 -0.679272 -8.586457 -0.679272 -8.283406 -0.756946 -8.283406 -0.679272 -8.283406 -0.756946 -7.980354 -0.756946 -7.980354 -0.679272 -8.283406 -0.679272 -7.980354 -0.756946 -7.980354 -0.679272 -7.980354 -0.756946 -7.677302 -0.2911549 -8.586457 -0.2911549 -8.283406 -0.3319208 -8.283406 -0.3319208 -8.283406 -0.2911549 -8.283406 -0.3319208 -7.980354 -0.3319208 -8.283406 -0.3319208 -7.980354 -0.4134523 -7.980354 -0.4134523 -7.980354 -0.3319208 -7.980354 -0.4134523 -7.677302 -0.4134523 -7.980354 -0.4134523 -7.677302 -0.494984 -7.677302 -0.494984 -7.677302 -0.4134523 -7.677302 -0.494984 -7.374251 -0.494984 -7.677302 -0.494984 -7.374251 -0.541056 -7.374251 -0.541056 -7.374251 -0.494984 -7.374251 -0.541056 -7.071199 -0.541056 -7.374251 -0.541056 -7.071199 -0.587128 -7.071199 -0.587128 -7.071199 -0.541056 -7.071199 -0.587128 -6.768148 -0.587128 -7.071199 -0.587128 -6.768148 -0.6332 -6.768148 -0.6332 -6.768148 -0.587128 -6.768148 -0.6332 -6.465097 -0.6332 -6.768148 -0.6332 -6.465097 -0.679272 -6.465097 -0.679272 -6.465097 -0.6332 -6.465097 -0.679272 -6.061028 -0.679272 -6.465097 -0.679272 -6.061028 -0.756946 -6.061028 -0.756946 -6.061028 -0.679272 -6.061028 -0.756946 -5.65696 -0.756946 -6.061028 -0.756946 -5.65696 -0.8346199 -5.65696 -0.8346199 -5.65696 -0.756946 -5.65696 -0.8346199 -5.252891 -0.8346199 -5.65696 -0.8346199 -5.252891 -0.912294 -5.252891 -0.912294 -5.252891 -0.8346199 -5.252891 -0.912294 -4.848823 -0.3319208 -7.980354 -0.2911549 -8.283406 -0.2911549 -7.980354 -0.756946 -8.586457 -0.756946 -8.283406 -0.8346199 -8.283406 -0.8346199 -8.283406 -0.756946 -8.283406 -0.8346199 -7.980354 -0.8346199 -8.283406 -0.8346199 -7.980354 -0.912294 -7.980354 -0.912294 -7.980354 -0.8346199 -7.980354 -0.912294 -7.677302 -0.8346199 -7.980354 -0.756946 -8.283406 -0.756946 -7.980354 -0.3319208 -7.980354 -0.2911549 -7.980354 -0.3319208 -7.677302 -0.3319208 -7.677302 -0.2911549 -7.980354 -0.2911549 -7.677302 -0.3319208 -7.677302 -0.2911549 -7.677302 -0.3319208 -7.374251 -0.8346199 -7.980354 -0.756946 -7.980354 -0.8346199 -7.677302 -0.8346199 -7.677302 -0.756946 -7.980354 -0.756946 -7.677302 -0.8346199 -7.677302 -0.756946 -7.677302 -0.8346199 -7.374251 -0.3319208 -7.980354 -0.3319208 -7.677302 -0.4134523 -7.677302 -0.4134523 -7.677302 -0.3319208 -7.677302 -0.4134523 -7.374251 -0.4134523 -7.677302 -0.4134523 -7.374251 -0.494984 -7.374251 -0.494984 -7.374251 -0.4134523 -7.374251 -0.494984 -7.071199 -0.494984 -7.374251 -0.494984 -7.071199 -0.541056 -7.071199 -0.541056 -7.071199 -0.494984 -7.071199 -0.541056 -6.768148 -0.541056 -7.071199 -0.541056 -6.768148 -0.587128 -6.768148 -0.587128 -6.768148 -0.541056 -6.768148 -0.587128 -6.465097 -0.587128 -6.768148 -0.587128 -6.465097 -0.6332 -6.465097 -0.6332 -6.465097 -0.587128 -6.465097 -0.6332 -6.061028 -0.6332 -6.465097 -0.6332 -6.061028 -0.679272 -6.061028 -0.679272 -6.061028 -0.6332 -6.061028 -0.679272 -5.65696 -0.679272 -6.061028 -0.679272 -5.65696 -0.756946 -5.65696 -0.756946 -5.65696 -0.679272 -5.65696 -0.756946 -5.252891 -0.756946 -5.65696 -0.756946 -5.252891 -0.8346199 -5.252891 -0.8346199 -5.252891 -0.756946 -5.252891 -0.8346199 -4.848823 -0.8346199 -5.252891 -0.8346199 -4.848823 -0.912294 -4.848823 -0.912294 -4.848823 -0.8346199 -4.848823 -0.912294 -4.444754 -0.4134523 -7.374251 -0.3319208 -7.677302 -0.3319208 -7.374251 -0.912294 -7.374251 -0.912294 -7.677302 -0.8346199 -7.677302 -0.8346199 -7.677302 -0.912294 -7.677302 -0.8346199 -7.980354 -0.912294 -7.374251 -0.8346199 -7.677302 -0.8346199 -7.374251 -0.494984 -7.071199 -0.4134523 -7.374251 -0.4134523 -7.071199 -0.4134523 -7.071199 -0.4134523 -7.374251 -0.3319208 -7.374251 -0.912294 -7.071199 -0.912294 -7.374251 -0.8346199 -7.374251 -0.1688575 -6.465097 -0.1266431 -6.768148 -0.1266431 -6.465097 -0.494984 -7.071199 -0.4134523 -7.071199 -0.494984 -6.768148 -0.494984 -7.071199 -0.494984 -6.768148 -0.541056 -6.768148 -0.541056 -6.768148 -0.494984 -6.768148 -0.541056 -6.465097 -0.541056 -6.768148 -0.541056 -6.465097 -0.587128 -6.465097 -0.587128 -6.465097 -0.541056 -6.465097 -0.587128 -6.061028 -0.587128 -6.465097 -0.587128 -6.061028 -0.6332 -6.061028 -0.6332 -6.061028 -0.587128 -6.061028 -0.6332 -5.65696 -0.6332 -6.061028 -0.6332 -5.65696 -0.679272 -5.65696 -0.679272 -5.65696 -0.6332 -5.65696 -0.679272 -5.252891 -0.679272 -5.65696 -0.679272 -5.252891 -0.756946 -5.252891 -0.756946 -5.252891 -0.679272 -5.252891 -0.756946 -4.848823 -0.756946 -5.252891 -0.756946 -4.848823 -0.8346199 -4.848823 -0.8346199 -4.848823 -0.756946 -4.848823 -0.8346199 -4.444754 -0.8346199 -4.848823 -0.8346199 -4.444754 -0.912294 -4.444754 -0.912294 -4.444754 -0.8346199 -4.444754 -0.912294 -4.040686 -0.1688575 -6.465097 -0.1266431 -6.465097 -0.1688575 -6.061028 -0.1688575 -6.061028 -0.1266431 -6.465097 -0.1266431 -6.061028 -0.1688575 -6.061028 -0.1266431 -6.061028 -0.1688575 -5.65696 -0.1688575 -5.65696 -0.1266431 -6.061028 -0.1266431 -5.65696 -0.1688575 -5.65696 -0.1266431 -5.65696 -0.1688575 -5.252891 -0.1688575 -5.252891 -0.1266431 -5.65696 -0.1266431 -5.252891 -0.1688575 -5.252891 -0.1266431 -5.252891 -0.1688575 -4.848823 -0.1688575 -4.848823 -0.1266431 -5.252891 -0.1266431 -4.848823 -0.1688575 -4.848823 -0.1266431 -4.848823 -0.1688575 -4.444754 -0.1688575 -4.444754 -0.1266431 -4.848823 -0.1266431 -4.444754 -0.1688575 -4.444754 -0.1266431 -4.444754 -0.1688575 -4.040686 -0.1688575 -4.040686 -0.1266431 -4.444754 -0.1266431 -4.040686 -0.1688575 -4.040686 -0.1266431 -4.040686 -0.1688575 -3.636617 -0.1688575 -3.636617 -0.1266431 -4.040686 -0.1266431 -3.636617 -0.1688575 -3.636617 -0.1266431 -3.636617 -0.1688575 -3.232548 -0.1688575 -3.232548 -0.1266431 -3.636617 -0.1266431 -3.232548 -0.1688575 -3.232548 -0.1266431 -3.232548 -0.1688575 -2.82848 -0.1688575 -2.82848 -0.1266431 -3.232548 -0.1266431 -2.82848 -0.1688575 -2.82848 -0.1266431 -2.82848 -0.1688575 -2.424411 -0.1688575 -2.424411 -0.1266431 -2.82848 -0.1266431 -2.424411 -0.1688575 -2.424411 -0.1266431 -2.424411 -0.1688575 -2.020343 -0.1688575 -2.020343 -0.1266431 -2.424411 -0.1266431 -2.020343 -0.1688575 -2.020343 -0.1266431 -2.020343 -0.1688575 -1.616274 -0.1688575 -1.616274 -0.1266431 -2.020343 -0.1266431 -1.616274 -0.1688575 -1.616274 -0.1266431 -1.616274 -0.1688575 -1.212206 -0.1688575 -1.212206 -0.1266431 -1.616274 -0.1266431 -1.212206 -0.1688575 -1.212206 -0.1266431 -1.212206 -0.1688575 -0.8081371 -0.1688575 -0.8081371 -0.1266431 -1.212206 -0.1266431 -0.8081371 -0.1688575 -0.8081371 -0.1266431 -0.8081371 -0.1688575 -0.4040685 -0.1688575 -0.4040685 -0.1266431 -0.8081371 -0.1266431 -0.4040685 -0.1688575 -6.465097 -0.1688575 -6.061028 -0.2096233 -6.061028 -0.2096233 -6.061028 -0.1688575 -6.061028 -0.2096233 -5.65696 -0.2096233 -6.061028 -0.2096233 -5.65696 -0.2503891 -5.65696 -0.2503891 -5.65696 -0.2096233 -5.65696 -0.2503891 -5.252891 -0.2096233 -5.65696 -0.1688575 -6.061028 -0.1688575 -5.65696 -0.2096233 -5.65696 -0.1688575 -5.65696 -0.2096233 -5.252891 -0.2096233 -5.252891 -0.1688575 -5.65696 -0.1688575 -5.252891 -0.2096233 -5.252891 -0.1688575 -5.252891 -0.2096233 -4.848823 -0.2096233 -4.848823 -0.1688575 -5.252891 -0.1688575 -4.848823 -0.2096233 -4.848823 -0.1688575 -4.848823 -0.2096233 -4.444754 -0.2096233 -4.444754 -0.1688575 -4.848823 -0.1688575 -4.444754 -0.2096233 -4.444754 -0.1688575 -4.444754 -0.2096233 -4.040686 -0.2096233 -4.040686 -0.1688575 -4.444754 -0.1688575 -4.040686 -0.2096233 -4.040686 -0.1688575 -4.040686 -0.2096233 -3.636617 -0.2096233 -3.636617 -0.1688575 -4.040686 -0.1688575 -3.636617 -0.2096233 -3.636617 -0.1688575 -3.636617 -0.2096233 -3.232548 -0.2096233 -3.232548 -0.1688575 -3.636617 -0.1688575 -3.232548 -0.2096233 -3.232548 -0.1688575 -3.232548 -0.2096233 -2.82848 -0.2096233 -2.82848 -0.1688575 -3.232548 -0.1688575 -2.82848 -0.2096233 -2.82848 -0.1688575 -2.82848 -0.2096233 -2.424411 -0.2096233 -2.424411 -0.1688575 -2.82848 -0.1688575 -2.424411 -0.2096233 -2.424411 -0.1688575 -2.424411 -0.2096233 -2.020343 -0.2096233 -2.020343 -0.1688575 -2.424411 -0.1688575 -2.020343 -0.2096233 -2.020343 -0.1688575 -2.020343 -0.2096233 -1.616274 -0.2096233 -1.616274 -0.1688575 -2.020343 -0.1688575 -1.616274 -0.2096233 -1.616274 -0.1688575 -1.616274 -0.2096233 -1.212206 -0.2096233 -1.212206 -0.1688575 -1.616274 -0.1688575 -1.212206 -0.2096233 -1.212206 -0.1688575 -1.212206 -0.2096233 -0.8081371 -0.2096233 -0.8081371 -0.1688575 -1.212206 -0.1688575 -0.8081371 -0.2096233 -0.8081371 -0.1688575 -0.8081371 -0.2096233 -0.4040685 -0.2096233 -0.4040685 -0.1688575 -0.8081371 -0.1688575 -0.4040685 -0.2503891 -4.848823 -0.2503891 -5.252891 -0.2096233 -5.252891 -0.2096233 -5.252891 -0.2503891 -5.252891 -0.2096233 -5.65696 -0.2503891 -4.848823 -0.2096233 -5.252891 -0.2096233 -4.848823 -0.2503891 -4.444754 -0.2503891 -4.848823 -0.2096233 -4.848823 -0.2503891 -4.444754 -0.2096233 -4.848823 -0.2096233 -4.444754 -0.2503891 -4.040686 -0.2503891 -4.444754 -0.2096233 -4.444754 -0.2503891 -4.040686 -0.2096233 -4.444754 -0.2096233 -4.040686 -0.2503891 -3.636617 -0.2503891 -4.040686 -0.2096233 -4.040686 -0.2503891 -3.636617 -0.2096233 -4.040686 -0.2096233 -3.636617 -0.2503891 -3.232548 -0.2503891 -3.636617 -0.2096233 -3.636617 -0.2503891 -3.232548 -0.2096233 -3.636617 -0.2096233 -3.232548 -0.2503891 -2.82848 -0.2503891 -3.232548 -0.2096233 -3.232548 -0.2503891 -2.82848 -0.2096233 -3.232548 -0.2096233 -2.82848 -0.2503891 -2.424411 -0.2503891 -2.82848 -0.2096233 -2.82848 -0.2503891 -2.424411 -0.2096233 -2.82848 -0.2096233 -2.424411 -0.2503891 -2.020343 -0.2503891 -2.424411 -0.2096233 -2.424411 -0.2503891 -2.020343 -0.2096233 -2.424411 -0.2096233 -2.020343 -0.2503891 -1.616274 -0.2503891 -2.020343 -0.2096233 -2.020343 -0.2503891 -1.616274 -0.2096233 -2.020343 -0.2096233 -1.616274 -0.8346199 -1.616274 -0.756946 -2.020343 -0.756946 -1.616274 -0.2503891 -1.212206 -0.2503891 -1.616274 -0.2096233 -1.616274 -0.2503891 -1.212206 -0.2096233 -1.616274 -0.2096233 -1.212206 -0.8346199 -1.616274 -0.756946 -1.616274 -0.8346199 -1.212206 -0.8346199 -1.212206 -0.756946 -1.616274 -0.756946 -1.212206 -0.8346199 -1.212206 -0.756946 -1.212206 -0.8346199 -0.8081371 -0.8346199 -0.8081371 -0.756946 -1.212206 -0.756946 -0.8081371 -0.8346199 -0.8081371 -0.756946 -0.8081371 -0.8346199 -0.4040685 -0.8346199 -0.4040685 -0.756946 -0.8081371 -0.756946 -0.4040685 -0.2503891 -0.8081371 -0.2503891 -1.212206 -0.2096233 -1.212206 -0.2503891 -0.8081371 -0.2096233 -1.212206 -0.2096233 -0.8081371 -0.912294 -0.8081371 -0.912294 -1.212206 -0.8346199 -1.212206 -0.8346199 -1.212206 -0.912294 -1.212206 -0.8346199 -1.616274 -0.912294 -0.8081371 -0.8346199 -1.212206 -0.8346199 -0.8081371 -0.2503891 -0.4040685 -0.2503891 -0.8081371 -0.2096233 -0.8081371 -0.2503891 -0.4040685 -0.2096233 -0.8081371 -0.2096233 -0.4040685 -0.912294 -0.4040685 -0.912294 -0.8081371 -0.8346199 -0.8081371 -0.912294 -0.4040685 -0.8346199 -0.8081371 -0.8346199 -0.4040685 0 0 0 0.35356 -0.06187295 0 -0.06187295 0 0 0.35356 -0.08442872 0.3030514 -0.06187295 0 -0.08442872 0.3030514 -0.123746 0 -0.123746 0 -0.08442872 0.3030514 -0.1266431 0.3030514 -0.123746 0 -0.1266431 0.3030514 -0.1688575 0.3030514 -0.1688575 0.3030514 -0.1266431 0.3030514 -0.1688575 0.6061028 -0.1688575 0.3030514 -0.1688575 0.6061028 -0.2096233 0.6061028 -0.2096233 0.6061028 -0.1688575 0.6061028 -0.2096233 0.9091542 -0.2096233 0.6061028 -0.2096233 0.9091542 -0.2503891 0.9091542 -0.2503891 0.9091542 -0.2096233 0.9091542 -0.2503891 1.212206 -0.2503891 0.9091542 -0.2503891 1.212206 -0.2911549 1.212206 -0.2911549 1.212206 -0.2503891 1.212206 -0.2911549 1.515257 -0.2911549 1.212206 -0.2911549 1.515257 -0.3319208 1.515257 -0.3319208 1.515257 -0.2911549 1.515257 -0.3319208 1.818308 -0.3319208 1.515257 -0.3319208 1.818308 -0.4134523 1.818308 -0.4134523 1.818308 -0.3319208 1.818308 -0.4134523 2.12136 -0.4134523 1.818308 -0.4134523 2.12136 -0.494984 2.12136 -0.494984 2.12136 -0.4134523 2.12136 -0.494984 2.424411 -0.494984 2.12136 -0.494984 2.424411 -0.541056 2.424411 -0.541056 2.424411 -0.494984 2.424411 -0.541056 2.727463 -0.541056 2.424411 -0.541056 2.727463 -0.587128 2.727463 -0.587128 2.727463 -0.541056 2.727463 -0.587128 3.030514 -0.587128 2.727463 -0.587128 3.030514 -0.6332 3.030514 -0.6332 3.030514 -0.587128 3.030514 -0.6332 3.333565 -0.6332 3.030514 -0.6332 3.333565 -0.679272 3.333565 -0.679272 3.333565 -0.6332 3.333565 -0.679272 3.636617 -0.679272 3.333565 -0.679272 3.636617 -0.756946 3.636617 -0.756946 3.636617 -0.679272 3.636617 -0.756946 3.939668 -0.756946 3.636617 -0.756946 3.939668 -0.8346199 3.939668 -0.8346199 3.939668 -0.756946 3.939668 -0.8346199 4.24272 -0.8346199 3.939668 -0.8346199 4.24272 -0.912294 4.24272 -0.912294 4.24272 -0.8346199 4.24272 -0.912294 4.545771 -0.912294 4.24272 -0.912294 4.545771 -0.989968 4.24272 -0.989968 4.24272 -0.912294 4.545771 -0.989968 4.59628 -0.989968 4.59628 -0.912294 4.545771 -0.912294 4.848823 -0.989968 4.59628 -0.912294 4.848823 -0.989968 4.94984 -0.989968 4.94984 -0.912294 4.848823 -0.912294 5.252891 -0.989968 4.94984 -0.912294 5.252891 -0.989968 5.3034 -0.989968 5.3034 -0.912294 5.252891 -0.912294 5.65696 -0.989968 5.3034 -0.912294 5.65696 -0.989968 5.65696 -0.989968 5.65696 -0.912294 5.65696 -0.989968 6.010519 -0.989968 6.010519 -0.912294 5.65696 -0.912294 6.061028 -0.989968 6.010519 -0.912294 6.061028 -0.989968 6.364079 -0.989968 6.364079 -0.912294 6.061028 -0.912294 6.465097 -0.989968 6.364079 -0.912294 6.465097 -0.989968 6.717639 -0.989968 6.717639 -0.912294 6.465097 -0.912294 6.869165 -0.989968 6.717639 -0.912294 6.869165 -0.989968 7.071199 -0.989968 7.071199 -0.912294 6.869165 -0.912294 7.273234 -0.989968 7.071199 -0.912294 7.273234 -0.989968 7.42476 -0.989968 7.42476 -0.912294 7.273234 -0.912294 7.677302 -0.989968 7.42476 -0.912294 7.677302 -0.989968 7.77832 -0.989968 7.77832 -0.912294 7.677302 -0.912294 8.081372 -0.989968 7.77832 -0.912294 8.081372 -0.989968 8.13188 -0.989968 8.13188 -0.912294 8.081372 -0.912294 8.48544 -0.989968 8.13188 -0.912294 8.48544 -0.989968 8.48544 -0.989968 8.48544 -0.912294 8.48544 -0.989968 8.839 -0.989968 8.839 -0.912294 8.48544 -0.912294 8.889509 -0.989968 8.839 -0.912294 8.889509 -0.989968 9.19256 -0.989968 9.19256 -0.912294 8.889509 -0.912294 9.293577 -0.989968 9.19256 -0.912294 9.293577 -0.989968 9.54612 -0.989968 9.54612 -0.912294 9.293577 -0.912294 9.697646 -0.989968 9.54612 -0.912294 9.697646 -0.989968 9.89968 -0.989968 9.89968 -0.912294 9.697646 -0.912294 10.10171 -0.989968 9.89968 -0.912294 10.10171 -0.989968 10.25324 -0.989968 10.25324 -0.912294 10.10171 -0.912294 10.50578 -0.989968 10.25324 -0.912294 10.50578 -0.989968 10.6068 -0.989968 10.6068 -0.912294 10.50578 -0.912294 10.90985 -0.989968 10.6068 -0.912294 10.90985 -0.989968 10.96036 -0.989968 10.96036 -0.912294 10.90985 -0.928095 11.31392 -0.989968 10.96036 -0.928095 11.31392 -0.989968 11.31392 -0.08442872 0.3030514 0 0.35356 -0.08442872 0.6061028 -0.08442872 0.6061028 0 0.35356 0 0.70712 -0.08442872 0.6061028 0 0.70712 -0.08442872 0.9091542 -0.08442872 0.9091542 0 0.70712 0 1.06068 -0.08442872 0.9091542 0 1.06068 -0.08442872 1.212206 -0.08442872 1.212206 0 1.06068 0 1.41424 -0.08442872 1.212206 0 1.41424 -0.08442872 1.515257 -0.08442872 1.515257 0 1.41424 0 1.7678 -0.08442872 1.515257 0 1.7678 -0.08442872 1.818308 -0.08442872 1.818308 0 1.7678 0 2.12136 -0.08442872 1.818308 0 2.12136 -0.08442872 2.12136 -0.08442872 2.12136 0 2.12136 -0.08442872 2.424411 -0.08442872 2.12136 -0.08442872 2.424411 -0.1266431 2.424411 -0.1266431 2.424411 -0.08442872 2.424411 -0.1266431 2.727463 -0.1266431 2.424411 -0.1266431 2.727463 -0.1688575 2.727463 -0.1688575 2.727463 -0.1266431 2.727463 -0.1688575 3.030514 -0.1688575 2.727463 -0.1688575 3.030514 -0.2096233 3.030514 -0.2096233 3.030514 -0.1688575 3.030514 -0.2096233 3.333565 -0.2096233 3.030514 -0.2096233 3.333565 -0.2503891 3.333565 -0.2503891 3.333565 -0.2096233 3.333565 -0.2503891 3.636617 -0.2503891 3.333565 -0.2503891 3.636617 -0.2911549 3.636617 -0.2911549 3.636617 -0.2503891 3.636617 -0.2911549 3.939668 -0.2911549 3.636617 -0.2911549 3.939668 -0.3319208 3.939668 -0.3319208 3.939668 -0.2911549 3.939668 -0.3319208 4.24272 -0.3319208 3.939668 -0.3319208 4.24272 -0.4134523 4.24272 -0.4134523 4.24272 -0.3319208 4.24272 -0.4134523 4.545771 -0.4134523 4.24272 -0.4134523 4.545771 -0.494984 4.545771 -0.494984 4.545771 -0.4134523 4.545771 -0.494984 4.848823 -0.494984 4.545771 -0.494984 4.848823 -0.541056 4.848823 -0.541056 4.848823 -0.494984 4.848823 -0.541056 5.252891 -0.541056 4.848823 -0.541056 5.252891 -0.587128 5.252891 -0.587128 5.252891 -0.541056 5.252891 -0.587128 5.65696 -0.587128 5.252891 -0.587128 5.65696 -0.6332 5.65696 -0.6332 5.65696 -0.587128 5.65696 -0.6332 6.061028 -0.6332 5.65696 -0.6332 6.061028 -0.679272 6.061028 -0.679272 6.061028 -0.6332 6.061028 -0.679272 6.465097 -0.679272 6.061028 -0.679272 6.465097 -0.756946 6.465097 -0.756946 6.465097 -0.679272 6.465097 -0.756946 6.869165 -0.756946 6.465097 -0.756946 6.869165 -0.8346199 6.869165 -0.8346199 6.869165 -0.756946 6.869165 -0.8346199 7.273234 -0.8346199 6.869165 -0.8346199 7.273234 -0.912294 7.273234 -0.912294 7.273234 -0.8346199 7.273234 -0.912294 7.677302 0 2.12136 0 2.47492 -0.08442872 2.424411 -0.08442872 2.424411 0 2.47492 -0.08442872 2.727463 -0.08442872 2.424411 -0.08442872 2.727463 -0.1266431 2.727463 -0.1266431 2.727463 -0.08442872 2.727463 -0.1266431 3.030514 -0.1266431 2.727463 -0.1266431 3.030514 -0.1688575 3.030514 -0.1688575 3.030514 -0.1266431 3.030514 -0.1688575 3.333565 -0.1688575 3.030514 -0.1688575 3.333565 -0.2096233 3.333565 -0.2096233 3.333565 -0.1688575 3.333565 -0.2096233 3.636617 -0.2096233 3.333565 -0.2096233 3.636617 -0.2503891 3.636617 -0.2503891 3.636617 -0.2096233 3.636617 -0.2503891 3.939668 -0.2503891 3.636617 -0.2503891 3.939668 -0.2911549 3.939668 -0.2911549 3.939668 -0.2503891 3.939668 -0.2911549 4.24272 -0.2911549 3.939668 -0.2911549 4.24272 -0.3319208 4.24272 -0.3319208 4.24272 -0.2911549 4.24272 -0.3319208 4.545771 -0.3319208 4.24272 -0.3319208 4.545771 -0.4134523 4.545771 -0.4134523 4.545771 -0.3319208 4.545771 -0.4134523 4.848823 -0.4134523 4.545771 -0.4134523 4.848823 -0.494984 4.848823 -0.494984 4.848823 -0.4134523 4.848823 -0.494984 5.252891 -0.494984 4.848823 -0.494984 5.252891 -0.541056 5.252891 -0.541056 5.252891 -0.494984 5.252891 -0.541056 5.65696 -0.541056 5.252891 -0.541056 5.65696 -0.587128 5.65696 -0.587128 5.65696 -0.541056 5.65696 -0.587128 6.061028 -0.587128 5.65696 -0.587128 6.061028 -0.6332 6.061028 -0.6332 6.061028 -0.587128 6.061028 -0.6332 6.465097 -0.6332 6.061028 -0.6332 6.465097 -0.679272 6.465097 -0.679272 6.465097 -0.6332 6.465097 -0.679272 6.869165 -0.679272 6.465097 -0.679272 6.869165 -0.756946 6.869165 -0.756946 6.869165 -0.679272 6.869165 -0.756946 7.273234 -0.756946 6.869165 -0.756946 7.273234 -0.8346199 7.273234 -0.8346199 7.273234 -0.756946 7.273234 -0.8346199 7.677302 -0.8346199 7.273234 -0.8346199 7.677302 -0.912294 7.677302 -0.912294 7.677302 -0.8346199 7.677302 -0.912294 8.081372 0 2.47492 0 2.82848 -0.08442872 2.727463 -0.08442872 2.727463 0 2.82848 -0.08442872 3.030514 -0.08442872 2.727463 -0.08442872 3.030514 -0.1266431 3.030514 -0.1266431 3.030514 -0.08442872 3.030514 -0.1266431 3.333565 -0.1266431 3.030514 -0.1266431 3.333565 -0.1688575 3.333565 -0.1688575 3.333565 -0.1266431 3.333565 -0.1688575 3.636617 -0.1688575 3.333565 -0.1688575 3.636617 -0.2096233 3.636617 -0.2096233 3.636617 -0.1688575 3.636617 -0.2096233 3.939668 -0.2096233 3.636617 -0.2096233 3.939668 -0.2503891 3.939668 -0.2503891 3.939668 -0.2096233 3.939668 -0.2503891 4.24272 -0.2503891 3.939668 -0.2503891 4.24272 -0.2911549 4.24272 -0.2911549 4.24272 -0.2503891 4.24272 -0.2911549 4.545771 -0.2911549 4.24272 -0.2911549 4.545771 -0.3319208 4.545771 -0.3319208 4.545771 -0.2911549 4.545771 -0.3319208 4.848823 -0.3319208 4.545771 -0.3319208 4.848823 -0.4134523 4.848823 -0.4134523 4.848823 -0.3319208 4.848823 -0.4134523 5.252891 -0.4134523 4.848823 -0.4134523 5.252891 -0.494984 5.252891 -0.494984 5.252891 -0.4134523 5.252891 -0.494984 5.65696 -0.494984 5.252891 -0.494984 5.65696 -0.541056 5.65696 -0.541056 5.65696 -0.494984 5.65696 -0.541056 6.061028 -0.541056 5.65696 -0.541056 6.061028 -0.587128 6.061028 -0.587128 6.061028 -0.541056 6.061028 -0.587128 6.465097 -0.587128 6.061028 -0.587128 6.465097 -0.6332 6.465097 -0.6332 6.465097 -0.587128 6.465097 -0.6332 6.869165 -0.6332 6.465097 -0.6332 6.869165 -0.679272 6.869165 -0.679272 6.869165 -0.6332 6.869165 -0.679272 7.273234 -0.679272 6.869165 -0.679272 7.273234 -0.756946 7.273234 -0.756946 7.273234 -0.679272 7.273234 -0.756946 7.677302 -0.756946 7.273234 -0.756946 7.677302 -0.8346199 7.677302 -0.8346199 7.677302 -0.756946 7.677302 -0.8346199 8.081372 -0.8346199 7.677302 -0.8346199 8.081372 -0.912294 8.081372 -0.912294 8.081372 -0.8346199 8.081372 -0.912294 8.48544 0 2.82848 0 3.18204 -0.08442872 3.030514 -0.08442872 3.030514 0 3.18204 -0.08442872 3.333565 -0.08442872 3.030514 -0.08442872 3.333565 -0.1266431 3.333565 -0.1266431 3.333565 -0.08442872 3.333565 -0.1266431 3.636617 -0.1266431 3.333565 -0.1266431 3.636617 -0.1688575 3.636617 -0.1688575 3.636617 -0.1266431 3.636617 -0.1688575 3.939668 -0.1688575 3.636617 -0.1688575 3.939668 -0.2096233 3.939668 -0.2096233 3.939668 -0.1688575 3.939668 -0.2096233 4.24272 -0.2096233 3.939668 -0.2096233 4.24272 -0.2503891 4.24272 -0.2503891 4.24272 -0.2096233 4.24272 -0.2503891 4.545771 -0.2503891 4.24272 -0.2503891 4.545771 -0.2911549 4.545771 -0.2911549 4.545771 -0.2503891 4.545771 -0.2911549 4.848823 -0.2911549 4.545771 -0.2911549 4.848823 -0.3319208 4.848823 -0.3319208 4.848823 -0.2911549 4.848823 -0.3319208 5.252891 -0.3319208 4.848823 -0.3319208 5.252891 -0.4134523 5.252891 -0.4134523 5.252891 -0.3319208 5.252891 -0.4134523 5.65696 -0.4134523 5.252891 -0.4134523 5.65696 -0.494984 5.65696 -0.494984 5.65696 -0.4134523 5.65696 -0.494984 6.061028 -0.494984 5.65696 -0.494984 6.061028 -0.541056 6.061028 -0.541056 6.061028 -0.494984 6.061028 -0.541056 6.465097 -0.541056 6.061028 -0.541056 6.465097 -0.587128 6.465097 -0.587128 6.465097 -0.541056 6.465097 -0.587128 6.869165 -0.587128 6.465097 -0.587128 6.869165 -0.6332 6.869165 -0.6332 6.869165 -0.587128 6.869165 -0.6332 7.273234 -0.6332 6.869165 -0.6332 7.273234 -0.679272 7.273234 -0.679272 7.273234 -0.6332 7.273234 -0.679272 7.677302 -0.679272 7.273234 -0.679272 7.677302 -0.756946 7.677302 -0.756946 7.677302 -0.679272 7.677302 -0.756946 8.081372 -0.756946 7.677302 -0.756946 8.081372 -0.8346199 8.081372 -0.8346199 8.081372 -0.756946 8.081372 -0.8346199 8.48544 -0.8346199 8.081372 -0.8346199 8.48544 -0.912294 8.48544 -0.912294 8.48544 -0.8346199 8.48544 -0.912294 8.889509 0 3.18204 0 3.5356 -0.08442872 3.333565 -0.08442872 3.333565 0 3.5356 -0.08442872 3.636617 -0.08442872 3.333565 -0.08442872 3.636617 -0.1266431 3.636617 -0.1266431 3.636617 -0.08442872 3.636617 -0.1266431 3.939668 -0.1266431 3.636617 -0.1266431 3.939668 -0.1688575 3.939668 -0.1688575 3.939668 -0.1266431 3.939668 -0.1688575 4.24272 -0.1688575 3.939668 -0.1688575 4.24272 -0.2096233 4.24272 -0.2096233 4.24272 -0.1688575 4.24272 -0.2096233 4.545771 -0.2096233 4.24272 -0.2096233 4.545771 -0.2503891 4.545771 -0.2503891 4.545771 -0.2096233 4.545771 -0.2503891 4.848823 -0.2503891 4.545771 -0.2503891 4.848823 -0.2911549 4.848823 -0.2911549 4.848823 -0.2503891 4.848823 -0.2911549 5.252891 -0.2911549 4.848823 -0.2911549 5.252891 -0.3319208 5.252891 -0.3319208 5.252891 -0.2911549 5.252891 -0.3319208 5.65696 -0.3319208 5.252891 -0.3319208 5.65696 -0.4134523 5.65696 -0.4134523 5.65696 -0.3319208 5.65696 -0.4134523 6.061028 -0.4134523 5.65696 -0.4134523 6.061028 -0.494984 6.061028 -0.494984 6.061028 -0.4134523 6.061028 -0.494984 6.465097 -0.494984 6.061028 -0.494984 6.465097 -0.541056 6.465097 -0.541056 6.465097 -0.494984 6.465097 -0.541056 6.869165 -0.541056 6.465097 -0.541056 6.869165 -0.587128 6.869165 -0.587128 6.869165 -0.541056 6.869165 -0.587128 7.273234 -0.587128 6.869165 -0.587128 7.273234 -0.6332 7.273234 -0.6332 7.273234 -0.587128 7.273234 -0.6332 7.677302 -0.6332 7.273234 -0.6332 7.677302 -0.679272 7.677302 -0.679272 7.677302 -0.6332 7.677302 -0.679272 8.081372 -0.679272 7.677302 -0.679272 8.081372 -0.756946 8.081372 -0.756946 8.081372 -0.679272 8.081372 -0.756946 8.48544 -0.756946 8.081372 -0.756946 8.48544 -0.8346199 8.48544 -0.8346199 8.48544 -0.756946 8.48544 -0.8346199 8.889509 -0.8346199 8.48544 -0.8346199 8.889509 -0.912294 8.889509 -0.912294 8.889509 -0.8346199 8.889509 -0.912294 9.293577 0 3.5356 0 3.88916 -0.08442872 3.636617 -0.08442872 3.636617 0 3.88916 -0.08442872 3.939668 -0.08442872 3.636617 -0.08442872 3.939668 -0.1266431 3.939668 -0.1266431 3.939668 -0.08442872 3.939668 -0.1266431 4.24272 -0.1266431 3.939668 -0.1266431 4.24272 -0.1688575 4.24272 -0.1688575 4.24272 -0.1266431 4.24272 -0.1688575 4.545771 -0.1688575 4.24272 -0.1688575 4.545771 -0.2096233 4.545771 -0.2096233 4.545771 -0.1688575 4.545771 -0.2096233 4.848823 -0.2096233 4.545771 -0.2096233 4.848823 -0.2503891 4.848823 -0.2503891 4.848823 -0.2096233 4.848823 -0.2503891 5.252891 -0.2503891 4.848823 -0.2503891 5.252891 -0.2911549 5.252891 -0.2911549 5.252891 -0.2503891 5.252891 -0.2911549 5.65696 -0.2911549 5.252891 -0.2911549 5.65696 -0.3319208 5.65696 -0.3319208 5.65696 -0.2911549 5.65696 -0.3319208 6.061028 -0.3319208 5.65696 -0.3319208 6.061028 -0.4134523 6.061028 -0.4134523 6.061028 -0.3319208 6.061028 -0.4134523 6.465097 -0.4134523 6.061028 -0.4134523 6.465097 -0.494984 6.465097 -0.494984 6.465097 -0.4134523 6.465097 -0.494984 6.869165 -0.494984 6.465097 -0.494984 6.869165 -0.541056 6.869165 -0.541056 6.869165 -0.494984 6.869165 -0.541056 7.273234 -0.541056 6.869165 -0.541056 7.273234 -0.587128 7.273234 -0.587128 7.273234 -0.541056 7.273234 -0.587128 7.677302 -0.587128 7.273234 -0.587128 7.677302 -0.6332 7.677302 -0.6332 7.677302 -0.587128 7.677302 -0.6332 8.081372 -0.6332 7.677302 -0.6332 8.081372 -0.679272 8.081372 -0.679272 8.081372 -0.6332 8.081372 -0.679272 8.48544 -0.679272 8.081372 -0.679272 8.48544 -0.756946 8.48544 -0.756946 8.48544 -0.679272 8.48544 -0.756946 8.889509 -0.756946 8.48544 -0.756946 8.889509 -0.8346199 8.889509 -0.8346199 8.889509 -0.756946 8.889509 -0.8346199 9.293577 -0.8346199 8.889509 -0.8346199 9.293577 -0.912294 9.293577 -0.912294 9.293577 -0.8346199 9.293577 -0.912294 9.697646 0 3.88916 0 4.24272 -0.08442872 3.939668 -0.08442872 3.939668 0 4.24272 -0.08442872 4.24272 -0.08442872 3.939668 -0.08442872 4.24272 -0.1266431 4.24272 -0.1266431 4.24272 -0.08442872 4.24272 -0.1266431 4.545771 -0.1266431 4.24272 -0.1266431 4.545771 -0.1688575 4.545771 -0.1688575 4.545771 -0.1266431 4.545771 -0.1688575 4.848823 -0.1688575 4.545771 -0.1688575 4.848823 -0.2096233 4.848823 -0.2096233 4.848823 -0.1688575 4.848823 -0.2096233 5.252891 -0.2096233 4.848823 -0.2096233 5.252891 -0.2503891 5.252891 -0.2503891 5.252891 -0.2096233 5.252891 -0.2503891 5.65696 -0.2503891 5.252891 -0.2503891 5.65696 -0.2911549 5.65696 -0.2911549 5.65696 -0.2503891 5.65696 -0.2911549 6.061028 -0.2911549 5.65696 -0.2911549 6.061028 -0.3319208 6.061028 -0.3319208 6.061028 -0.2911549 6.061028 -0.3319208 6.465097 -0.3319208 6.061028 -0.3319208 6.465097 -0.4134523 6.465097 -0.4134523 6.465097 -0.3319208 6.465097 -0.4134523 6.869165 -0.4134523 6.465097 -0.4134523 6.869165 -0.494984 6.869165 -0.494984 6.869165 -0.4134523 6.869165 -0.494984 7.273234 -0.494984 6.869165 -0.494984 7.273234 -0.541056 7.273234 -0.541056 7.273234 -0.494984 7.273234 -0.541056 7.677302 -0.541056 7.273234 -0.541056 7.677302 -0.587128 7.677302 -0.587128 7.677302 -0.541056 7.677302 -0.587128 8.081372 -0.587128 7.677302 -0.587128 8.081372 -0.6332 8.081372 -0.6332 8.081372 -0.587128 8.081372 -0.6332 8.48544 -0.6332 8.081372 -0.6332 8.48544 -0.679272 8.48544 -0.679272 8.48544 -0.6332 8.48544 -0.679272 8.889509 -0.679272 8.48544 -0.679272 8.889509 -0.756946 8.889509 -0.756946 8.889509 -0.679272 8.889509 -0.756946 9.293577 -0.756946 8.889509 -0.756946 9.293577 -0.8346199 9.293577 -0.8346199 9.293577 -0.756946 9.293577 -0.8346199 9.697646 -0.8346199 9.293577 -0.8346199 9.697646 -0.912294 9.697646 -0.912294 9.697646 -0.8346199 9.697646 -0.912294 10.10171 -0.08442872 4.24272 0 4.24272 -0.08442872 4.545771 -0.08442872 4.545771 0 4.24272 0 4.59628 -0.08442872 4.545771 0 4.59628 -0.08442872 4.848823 -0.08442872 4.848823 0 4.59628 0 4.94984 -0.08442872 4.848823 0 4.94984 -0.08442872 5.252891 -0.08442872 5.252891 0 4.94984 0 5.3034 -0.08442872 5.252891 0 5.3034 -0.08442872 5.65696 -0.08442872 5.65696 0 5.3034 0 5.65696 -0.08442872 5.65696 0 5.65696 0 6.010519 -0.08442872 5.65696 0 6.010519 -0.08442872 6.061028 -0.08442872 6.061028 0 6.010519 0 6.364079 -0.08442872 6.061028 0 6.364079 -0.08442872 6.465097 -0.08442872 6.465097 0 6.364079 0 6.717639 -0.08442872 6.465097 0 6.717639 -0.08442872 6.869165 -0.08442872 6.869165 0 6.717639 0 7.071199 -0.08442872 6.869165 0 7.071199 -0.08442872 7.273234 -0.08442872 7.273234 0 7.071199 0 7.42476 -0.08442872 7.273234 0 7.42476 -0.08442872 7.677302 -0.08442872 7.677302 0 7.42476 0 7.77832 -0.08442872 7.677302 0 7.77832 -0.08442872 8.081372 -0.08442872 8.081372 0 7.77832 0 8.13188 -0.08442872 8.081372 0 8.13188 -0.08442872 8.48544 -0.08442872 8.48544 0 8.13188 0 8.48544 -0.08442872 8.48544 0 8.48544 0 8.839 -0.08442872 8.48544 0 8.839 -0.08442872 8.889509 -0.08442872 8.889509 0 8.839 0 9.19256 -0.08442872 8.889509 0 9.19256 -0.08442872 9.293577 -0.08442872 9.293577 0 9.19256 0 9.54612 -0.08442872 9.293577 0 9.54612 -0.08442872 9.697646 -0.08442872 9.697646 0 9.54612 0 9.89968 -0.08442872 9.697646 0 9.89968 -0.08442872 10.10171 -0.08442872 10.10171 0 9.89968 0 10.25324 -0.08442872 10.10171 0 10.25324 -0.08442872 10.50578 -0.08442872 10.50578 0 10.25324 0 10.6068 -0.08442872 10.50578 0 10.6068 -0.08442872 10.90985 -0.08442872 10.90985 0 10.6068 0 10.96036 -0.08442872 10.90985 0 10.96036 -0.06187295 11.31392 -0.06187295 11.31392 0 10.96036 0 11.31392 -0.06187295 11.31392 -0.123746 11.31392 -0.08442872 10.90985 -0.08442872 10.90985 -0.123746 11.31392 -0.1266431 10.90985 -0.08442872 10.90985 -0.1266431 10.90985 -0.08442872 10.50578 -0.08442872 10.50578 -0.1266431 10.90985 -0.1266431 10.50578 -0.08442872 10.50578 -0.1266431 10.50578 -0.08442872 10.10171 -0.08442872 10.10171 -0.1266431 10.50578 -0.1266431 10.10171 -0.08442872 10.10171 -0.1266431 10.10171 -0.08442872 9.697646 -0.08442872 9.697646 -0.1266431 10.10171 -0.1266431 9.697646 -0.08442872 9.697646 -0.1266431 9.697646 -0.08442872 9.293577 -0.08442872 9.293577 -0.1266431 9.697646 -0.1266431 9.293577 -0.08442872 9.293577 -0.1266431 9.293577 -0.08442872 8.889509 -0.08442872 8.889509 -0.1266431 9.293577 -0.1266431 8.889509 -0.08442872 8.889509 -0.1266431 8.889509 -0.08442872 8.48544 -0.08442872 8.48544 -0.1266431 8.889509 -0.1266431 8.48544 -0.08442872 8.48544 -0.1266431 8.48544 -0.08442872 8.081372 -0.08442872 8.081372 -0.1266431 8.48544 -0.1266431 8.081372 -0.08442872 8.081372 -0.1266431 8.081372 -0.08442872 7.677302 -0.08442872 7.677302 -0.1266431 8.081372 -0.1266431 7.677302 -0.08442872 7.677302 -0.1266431 7.677302 -0.08442872 7.273234 -0.08442872 7.273234 -0.1266431 7.677302 -0.1266431 7.273234 -0.08442872 7.273234 -0.1266431 7.273234 -0.08442872 6.869165 -0.08442872 6.869165 -0.1266431 7.273234 -0.1266431 6.869165 -0.08442872 6.869165 -0.1266431 6.869165 -0.08442872 6.465097 -0.08442872 6.465097 -0.1266431 6.869165 -0.1266431 6.465097 -0.08442872 6.465097 -0.1266431 6.465097 -0.08442872 6.061028 -0.08442872 6.061028 -0.1266431 6.465097 -0.1266431 6.061028 -0.08442872 6.061028 -0.1266431 6.061028 -0.08442872 5.65696 -0.08442872 5.65696 -0.1266431 6.061028 -0.1266431 5.65696 -0.08442872 5.65696 -0.1266431 5.65696 -0.08442872 5.252891 -0.08442872 5.252891 -0.1266431 5.65696 -0.1266431 5.252891 -0.08442872 5.252891 -0.1266431 5.252891 -0.08442872 4.848823 -0.08442872 4.848823 -0.1266431 5.252891 -0.1266431 4.848823 -0.08442872 4.848823 -0.1266431 4.848823 -0.08442872 4.545771 -0.08442872 4.545771 -0.1266431 4.848823 -0.1266431 4.545771 -0.08442872 4.545771 -0.1266431 4.545771 -0.08442872 4.24272 -0.1266431 10.90985 -0.123746 11.31392 -0.1688575 10.90985 -0.1688575 10.90985 -0.123746 11.31392 -0.1856189 11.31392 -0.1688575 10.90985 -0.1856189 11.31392 -0.2096233 10.90985 -0.2096233 10.90985 -0.1856189 11.31392 -0.247492 11.31392 -0.2096233 10.90985 -0.247492 11.31392 -0.2503891 10.90985 -0.2503891 10.90985 -0.247492 11.31392 -0.2911549 10.90985 -0.2503891 10.90985 -0.2911549 10.90985 -0.2503891 10.50578 -0.2503891 10.50578 -0.2911549 10.90985 -0.2911549 10.50578 -0.2503891 10.50578 -0.2911549 10.50578 -0.2503891 10.10171 -0.2503891 10.10171 -0.2911549 10.50578 -0.2911549 10.10171 -0.2503891 10.10171 -0.2911549 10.10171 -0.2503891 9.697646 -0.2503891 9.697646 -0.2911549 10.10171 -0.2911549 9.697646 -0.2503891 9.697646 -0.2911549 9.697646 -0.2503891 9.293577 -0.2503891 9.293577 -0.2911549 9.697646 -0.2911549 9.293577 -0.2503891 9.293577 -0.2911549 9.293577 -0.2503891 8.889509 -0.2503891 8.889509 -0.2911549 9.293577 -0.2911549 8.889509 -0.2503891 8.889509 -0.2911549 8.889509 -0.2503891 8.48544 -0.2503891 8.48544 -0.2911549 8.889509 -0.2911549 8.48544 -0.2503891 8.48544 -0.2911549 8.48544 -0.2503891 8.081372 -0.2503891 8.081372 -0.2911549 8.48544 -0.2911549 8.081372 -0.2503891 8.081372 -0.2911549 8.081372 -0.2503891 7.677302 -0.2503891 7.677302 -0.2911549 8.081372 -0.2911549 7.677302 -0.2503891 7.677302 -0.2911549 7.677302 -0.2503891 7.273234 -0.2503891 7.273234 -0.2911549 7.677302 -0.2911549 7.273234 -0.2503891 7.273234 -0.2911549 7.273234 -0.2503891 6.869165 -0.2503891 6.869165 -0.2911549 7.273234 -0.2911549 6.869165 -0.2503891 6.869165 -0.2911549 6.869165 -0.2503891 6.465097 -0.2503891 6.465097 -0.2911549 6.869165 -0.2911549 6.465097 -0.2503891 6.465097 -0.2911549 6.465097 -0.2503891 6.061028 -0.2503891 6.061028 -0.2911549 6.465097 -0.2911549 6.061028 -0.2503891 6.061028 -0.2911549 6.061028 -0.2503891 5.65696 -0.247492 11.31392 -0.309365 11.31392 -0.2911549 10.90985 -0.2911549 10.90985 -0.309365 11.31392 -0.3319208 10.90985 -0.2911549 10.90985 -0.3319208 10.90985 -0.2911549 10.50578 -0.2911549 10.50578 -0.3319208 10.90985 -0.3319208 10.50578 -0.2911549 10.50578 -0.3319208 10.50578 -0.2911549 10.10171 -0.2911549 10.10171 -0.3319208 10.50578 -0.3319208 10.10171 -0.2911549 10.10171 -0.3319208 10.10171 -0.2911549 9.697646 -0.2911549 9.697646 -0.3319208 10.10171 -0.3319208 9.697646 -0.2911549 9.697646 -0.3319208 9.697646 -0.2911549 9.293577 -0.2911549 9.293577 -0.3319208 9.697646 -0.3319208 9.293577 -0.2911549 9.293577 -0.3319208 9.293577 -0.2911549 8.889509 -0.2911549 8.889509 -0.3319208 9.293577 -0.3319208 8.889509 -0.2911549 8.889509 -0.3319208 8.889509 -0.2911549 8.48544 -0.2911549 8.48544 -0.3319208 8.889509 -0.3319208 8.48544 -0.2911549 8.48544 -0.3319208 8.48544 -0.2911549 8.081372 -0.2911549 8.081372 -0.3319208 8.48544 -0.3319208 8.081372 -0.2911549 8.081372 -0.3319208 8.081372 -0.2911549 7.677302 -0.2911549 7.677302 -0.3319208 8.081372 -0.3319208 7.677302 -0.2911549 7.677302 -0.3319208 7.677302 -0.2911549 7.273234 -0.2911549 7.273234 -0.3319208 7.677302 -0.3319208 7.273234 -0.2911549 7.273234 -0.3319208 7.273234 -0.2911549 6.869165 -0.2911549 6.869165 -0.3319208 7.273234 -0.3319208 6.869165 -0.2911549 6.869165 -0.3319208 6.869165 -0.2911549 6.465097 -0.2911549 6.465097 -0.3319208 6.869165 -0.3319208 6.465097 -0.2911549 6.465097 -0.3319208 6.465097 -0.2911549 6.061028 -0.309365 11.31392 -0.371238 11.31392 -0.3319208 10.90985 -0.3319208 10.90985 -0.371238 11.31392 -0.4134523 10.90985 -0.3319208 10.90985 -0.4134523 10.90985 -0.3319208 10.50578 -0.3319208 10.50578 -0.4134523 10.90985 -0.4134523 10.50578 -0.3319208 10.50578 -0.4134523 10.50578 -0.3319208 10.10171 -0.3319208 10.10171 -0.4134523 10.50578 -0.4134523 10.10171 -0.3319208 10.10171 -0.4134523 10.10171 -0.3319208 9.697646 -0.3319208 9.697646 -0.4134523 10.10171 -0.4134523 9.697646 -0.3319208 9.697646 -0.4134523 9.697646 -0.3319208 9.293577 -0.3319208 9.293577 -0.4134523 9.697646 -0.4134523 9.293577 -0.3319208 9.293577 -0.4134523 9.293577 -0.3319208 8.889509 -0.3319208 8.889509 -0.4134523 9.293577 -0.4134523 8.889509 -0.3319208 8.889509 -0.4134523 8.889509 -0.3319208 8.48544 -0.3319208 8.48544 -0.4134523 8.889509 -0.4134523 8.48544 -0.3319208 8.48544 -0.4134523 8.48544 -0.3319208 8.081372 -0.3319208 8.081372 -0.4134523 8.48544 -0.4134523 8.081372 -0.3319208 8.081372 -0.4134523 8.081372 -0.3319208 7.677302 -0.3319208 7.677302 -0.4134523 8.081372 -0.4134523 7.677302 -0.3319208 7.677302 -0.4134523 7.677302 -0.3319208 7.273234 -0.3319208 7.273234 -0.4134523 7.677302 -0.4134523 7.273234 -0.3319208 7.273234 -0.4134523 7.273234 -0.3319208 6.869165 -0.3319208 6.869165 -0.4134523 7.273234 -0.4134523 6.869165 -0.3319208 6.869165 -0.4134523 6.869165 -0.3319208 6.465097 -0.371238 11.31392 -0.433111 11.31392 -0.4134523 10.90985 -0.4134523 10.90985 -0.433111 11.31392 -0.494984 10.90985 -0.4134523 10.90985 -0.494984 10.90985 -0.4134523 10.50578 -0.4134523 10.50578 -0.494984 10.90985 -0.494984 10.50578 -0.4134523 10.50578 -0.494984 10.50578 -0.4134523 10.10171 -0.4134523 10.10171 -0.494984 10.50578 -0.494984 10.10171 -0.4134523 10.10171 -0.494984 10.10171 -0.4134523 9.697646 -0.4134523 9.697646 -0.494984 10.10171 -0.494984 9.697646 -0.4134523 9.697646 -0.494984 9.697646 -0.4134523 9.293577 -0.4134523 9.293577 -0.494984 9.697646 -0.494984 9.293577 -0.4134523 9.293577 -0.494984 9.293577 -0.4134523 8.889509 -0.4134523 8.889509 -0.494984 9.293577 -0.494984 8.889509 -0.4134523 8.889509 -0.494984 8.889509 -0.4134523 8.48544 -0.4134523 8.48544 -0.494984 8.889509 -0.494984 8.48544 -0.4134523 8.48544 -0.494984 8.48544 -0.4134523 8.081372 -0.4134523 8.081372 -0.494984 8.48544 -0.494984 8.081372 -0.4134523 8.081372 -0.494984 8.081372 -0.4134523 7.677302 -0.4134523 7.677302 -0.494984 8.081372 -0.494984 7.677302 -0.4134523 7.677302 -0.494984 7.677302 -0.4134523 7.273234 -0.4134523 7.273234 -0.494984 7.677302 -0.494984 7.273234 -0.4134523 7.273234 -0.494984 7.273234 -0.4134523 6.869165 -0.433111 11.31392 -0.494984 11.31392 -0.494984 10.90985 -0.494984 10.90985 -0.494984 11.31392 -0.541056 10.90985 -0.494984 10.90985 -0.541056 10.90985 -0.494984 10.50578 -0.494984 10.50578 -0.541056 10.90985 -0.541056 10.50578 -0.494984 10.50578 -0.541056 10.50578 -0.494984 10.10171 -0.494984 10.10171 -0.541056 10.50578 -0.541056 10.10171 -0.494984 10.10171 -0.541056 10.10171 -0.494984 9.697646 -0.494984 9.697646 -0.541056 10.10171 -0.541056 9.697646 -0.494984 9.697646 -0.541056 9.697646 -0.494984 9.293577 -0.494984 9.293577 -0.541056 9.697646 -0.541056 9.293577 -0.494984 9.293577 -0.541056 9.293577 -0.494984 8.889509 -0.494984 8.889509 -0.541056 9.293577 -0.541056 8.889509 -0.494984 8.889509 -0.541056 8.889509 -0.494984 8.48544 -0.494984 8.48544 -0.541056 8.889509 -0.541056 8.48544 -0.494984 8.48544 -0.541056 8.48544 -0.494984 8.081372 -0.494984 8.081372 -0.541056 8.48544 -0.541056 8.081372 -0.494984 8.081372 -0.541056 8.081372 -0.494984 7.677302 -0.494984 7.677302 -0.541056 8.081372 -0.541056 7.677302 -0.494984 7.677302 -0.541056 7.677302 -0.494984 7.273234 -0.494984 11.31392 -0.556857 11.31392 -0.541056 10.90985 -0.541056 10.90985 -0.556857 11.31392 -0.587128 10.90985 -0.541056 10.90985 -0.587128 10.90985 -0.541056 10.50578 -0.541056 10.50578 -0.587128 10.90985 -0.587128 10.50578 -0.541056 10.50578 -0.587128 10.50578 -0.541056 10.10171 -0.541056 10.10171 -0.587128 10.50578 -0.587128 10.10171 -0.541056 10.10171 -0.587128 10.10171 -0.541056 9.697646 -0.541056 9.697646 -0.587128 10.10171 -0.587128 9.697646 -0.541056 9.697646 -0.587128 9.697646 -0.541056 9.293577 -0.541056 9.293577 -0.587128 9.697646 -0.587128 9.293577 -0.541056 9.293577 -0.587128 9.293577 -0.541056 8.889509 -0.541056 8.889509 -0.587128 9.293577 -0.587128 8.889509 -0.541056 8.889509 -0.587128 8.889509 -0.541056 8.48544 -0.541056 8.48544 -0.587128 8.889509 -0.587128 8.48544 -0.541056 8.48544 -0.587128 8.48544 -0.541056 8.081372 -0.541056 8.081372 -0.587128 8.48544 -0.587128 8.081372 -0.541056 8.081372 -0.587128 8.081372 -0.541056 7.677302 -0.556857 11.31392 -0.61873 11.31392 -0.587128 10.90985 -0.587128 10.90985 -0.61873 11.31392 -0.6332 10.90985 -0.587128 10.90985 -0.6332 10.90985 -0.587128 10.50578 -0.587128 10.50578 -0.6332 10.90985 -0.6332 10.50578 -0.587128 10.50578 -0.6332 10.50578 -0.587128 10.10171 -0.587128 10.10171 -0.6332 10.50578 -0.6332 10.10171 -0.587128 10.10171 -0.6332 10.10171 -0.587128 9.697646 -0.587128 9.697646 -0.6332 10.10171 -0.6332 9.697646 -0.587128 9.697646 -0.6332 9.697646 -0.587128 9.293577 -0.587128 9.293577 -0.6332 9.697646 -0.6332 9.293577 -0.587128 9.293577 -0.6332 9.293577 -0.587128 8.889509 -0.587128 8.889509 -0.6332 9.293577 -0.6332 8.889509 -0.587128 8.889509 -0.6332 8.889509 -0.587128 8.48544 -0.587128 8.48544 -0.6332 8.889509 -0.6332 8.48544 -0.587128 8.48544 -0.6332 8.48544 -0.587128 8.081372 -0.61873 11.31392 -0.680603 11.31392 -0.6332 10.90985 -0.6332 10.90985 -0.680603 11.31392 -0.679272 10.90985 -0.6332 10.90985 -0.679272 10.90985 -0.6332 10.50578 -0.6332 10.50578 -0.679272 10.90985 -0.679272 10.50578 -0.6332 10.50578 -0.679272 10.50578 -0.6332 10.10171 -0.6332 10.10171 -0.679272 10.50578 -0.679272 10.10171 -0.6332 10.10171 -0.679272 10.10171 -0.6332 9.697646 -0.6332 9.697646 -0.679272 10.10171 -0.679272 9.697646 -0.6332 9.697646 -0.679272 9.697646 -0.6332 9.293577 -0.6332 9.293577 -0.679272 9.697646 -0.679272 9.293577 -0.6332 9.293577 -0.679272 9.293577 -0.6332 8.889509 -0.6332 8.889509 -0.679272 9.293577 -0.679272 8.889509 -0.6332 8.889509 -0.679272 8.889509 -0.6332 8.48544 -0.680603 11.31392 -0.742476 11.31392 -0.679272 10.90985 -0.679272 10.90985 -0.742476 11.31392 -0.756946 10.90985 -0.679272 10.90985 -0.756946 10.90985 -0.679272 10.50578 -0.679272 10.50578 -0.756946 10.90985 -0.756946 10.50578 -0.679272 10.50578 -0.756946 10.50578 -0.679272 10.10171 -0.679272 10.10171 -0.756946 10.50578 -0.756946 10.10171 -0.679272 10.10171 -0.756946 10.10171 -0.679272 9.697646 -0.679272 9.697646 -0.756946 10.10171 -0.756946 9.697646 -0.679272 9.697646 -0.756946 9.697646 -0.679272 9.293577 -0.679272 9.293577 -0.756946 9.697646 -0.756946 9.293577 -0.679272 9.293577 -0.756946 9.293577 -0.679272 8.889509 -0.742476 11.31392 -0.804349 11.31392 -0.756946 10.90985 -0.756946 10.90985 -0.804349 11.31392 -0.866222 11.31392 -0.756946 10.90985 -0.866222 11.31392 -0.8346199 10.90985 -0.8346199 10.90985 -0.866222 11.31392 -0.928095 11.31392 -0.8346199 10.90985 -0.928095 11.31392 -0.912294 10.90985 -0.912294 4.24272 -0.989968 4.24272 -0.912294 3.939668 -0.912294 3.939668 -0.989968 4.24272 -0.989968 3.88916 -0.912294 3.939668 -0.989968 3.88916 -0.912294 3.636617 -0.912294 3.636617 -0.989968 3.88916 -0.989968 3.5356 -0.912294 3.636617 -0.989968 3.5356 -0.912294 3.333565 -0.912294 3.333565 -0.989968 3.5356 -0.989968 3.18204 -0.912294 3.333565 -0.989968 3.18204 -0.912294 3.030514 -0.912294 3.030514 -0.989968 3.18204 -0.989968 2.82848 -0.912294 3.030514 -0.989968 2.82848 -0.912294 2.727463 -0.912294 2.727463 -0.989968 2.82848 -0.989968 2.47492 -0.912294 2.727463 -0.989968 2.47492 -0.912294 2.424411 -0.912294 2.424411 -0.989968 2.47492 -0.989968 2.12136 -0.912294 2.424411 -0.989968 2.12136 -0.912294 2.12136 -0.912294 2.12136 -0.989968 2.12136 -0.912294 1.818308 -0.912294 2.12136 -0.912294 1.818308 -0.8346199 1.818308 -0.8346199 1.818308 -0.912294 1.818308 -0.8346199 1.515257 -0.8346199 1.818308 -0.8346199 1.515257 -0.756946 1.515257 -0.756946 1.515257 -0.8346199 1.515257 -0.756946 1.212206 -0.756946 1.515257 -0.756946 1.212206 -0.679272 1.212206 -0.679272 1.212206 -0.756946 1.212206 -0.679272 0.9091542 -0.679272 1.212206 -0.679272 0.9091542 -0.6332 0.9091542 -0.6332 0.9091542 -0.679272 0.9091542 -0.6332 0.6061028 -0.6332 0.9091542 -0.6332 0.6061028 -0.587128 0.6061028 -0.587128 0.6061028 -0.6332 0.6061028 -0.587128 0.3030514 -0.587128 0.6061028 -0.587128 0.3030514 -0.541056 0.3030514 -0.541056 0.3030514 -0.587128 0.3030514 -0.556857 0 -0.541056 0.3030514 -0.556857 0 -0.494984 0 -0.989968 2.12136 -0.989968 1.7678 -0.912294 1.818308 -0.912294 1.818308 -0.989968 1.7678 -0.912294 1.515257 -0.912294 1.818308 -0.912294 1.515257 -0.8346199 1.515257 -0.8346199 1.515257 -0.912294 1.515257 -0.8346199 1.212206 -0.8346199 1.515257 -0.8346199 1.212206 -0.756946 1.212206 -0.756946 1.212206 -0.8346199 1.212206 -0.756946 0.9091542 -0.756946 1.212206 -0.756946 0.9091542 -0.679272 0.9091542 -0.679272 0.9091542 -0.756946 0.9091542 -0.679272 0.6061028 -0.679272 0.9091542 -0.679272 0.6061028 -0.6332 0.6061028 -0.6332 0.6061028 -0.679272 0.6061028 -0.6332 0.3030514 -0.6332 0.6061028 -0.6332 0.3030514 -0.587128 0.3030514 -0.587128 0.3030514 -0.6332 0.3030514 -0.61873 0 -0.587128 0.3030514 -0.61873 0 -0.556857 0 -0.989968 1.7678 -0.989968 1.41424 -0.912294 1.515257 -0.912294 1.515257 -0.989968 1.41424 -0.912294 1.212206 -0.912294 1.515257 -0.912294 1.212206 -0.8346199 1.212206 -0.8346199 1.212206 -0.912294 1.212206 -0.8346199 0.9091542 -0.8346199 1.212206 -0.8346199 0.9091542 -0.756946 0.9091542 -0.756946 0.9091542 -0.8346199 0.9091542 -0.756946 0.6061028 -0.756946 0.9091542 -0.756946 0.6061028 -0.679272 0.6061028 -0.679272 0.6061028 -0.756946 0.6061028 -0.679272 0.3030514 -0.679272 0.6061028 -0.679272 0.3030514 -0.6332 0.3030514 -0.6332 0.3030514 -0.679272 0.3030514 -0.680603 0 -0.6332 0.3030514 -0.680603 0 -0.61873 0 -0.989968 1.41424 -0.989968 1.06068 -0.912294 1.212206 -0.912294 1.212206 -0.989968 1.06068 -0.912294 0.9091542 -0.912294 1.212206 -0.912294 0.9091542 -0.8346199 0.9091542 -0.8346199 0.9091542 -0.912294 0.9091542 -0.8346199 0.6061028 -0.8346199 0.9091542 -0.8346199 0.6061028 -0.756946 0.6061028 -0.756946 0.6061028 -0.8346199 0.6061028 -0.756946 0.3030514 -0.756946 0.6061028 -0.756946 0.3030514 -0.679272 0.3030514 -0.679272 0.3030514 -0.756946 0.3030514 -0.742476 0 -0.679272 0.3030514 -0.742476 0 -0.680603 0 -0.989968 1.06068 -0.989968 0.70712 -0.912294 0.9091542 -0.912294 0.9091542 -0.989968 0.70712 -0.912294 0.6061028 -0.912294 0.9091542 -0.912294 0.6061028 -0.8346199 0.6061028 -0.8346199 0.6061028 -0.912294 0.6061028 -0.8346199 0.3030514 -0.8346199 0.6061028 -0.8346199 0.3030514 -0.756946 0.3030514 -0.756946 0.3030514 -0.8346199 0.3030514 -0.804349 0 -0.756946 0.3030514 -0.804349 0 -0.742476 0 -0.989968 0.70712 -0.989968 0.35356 -0.912294 0.6061028 -0.912294 0.6061028 -0.989968 0.35356 -0.912294 0.3030514 -0.912294 0.6061028 -0.912294 0.3030514 -0.8346199 0.3030514 -0.8346199 0.3030514 -0.912294 0.3030514 -0.866222 0 -0.8346199 0.3030514 -0.866222 0 -0.804349 0 -0.989968 0 -0.928095 0 -0.989968 0.35356 -0.989968 0.35356 -0.928095 0 -0.912294 0.3030514 -0.928095 0 -0.866222 0 -0.912294 0.3030514 -0.541056 0.3030514 -0.494984 0 -0.494984 0.3030514 -0.494984 0.3030514 -0.494984 0 -0.433111 0 -0.494984 0.3030514 -0.433111 0 -0.4134523 0.3030514 -0.4134523 0.3030514 -0.433111 0 -0.371238 0 -0.4134523 0.3030514 -0.371238 0 -0.3319208 0.3030514 -0.3319208 0.3030514 -0.371238 0 -0.309365 0 -0.3319208 0.3030514 -0.309365 0 -0.2911549 0.3030514 -0.2911549 0.3030514 -0.309365 0 -0.247492 0 -0.2911549 0.3030514 -0.247492 0 -0.2503891 0.3030514 -0.2503891 0.3030514 -0.247492 0 -0.2096233 0.3030514 -0.2503891 0.3030514 -0.2096233 0.3030514 -0.2503891 0.6061028 -0.2503891 0.6061028 -0.2096233 0.3030514 -0.2096233 0.6061028 -0.2503891 0.6061028 -0.2096233 0.6061028 -0.2503891 0.9091542 -0.247492 0 -0.1856189 0 -0.2096233 0.3030514 -0.2096233 0.3030514 -0.1856189 0 -0.1688575 0.3030514 -0.2096233 0.3030514 -0.1688575 0.3030514 -0.2096233 0.6061028 -0.1856189 0 -0.123746 0 -0.1688575 0.3030514 -0.1266431 0.3030514 -0.08442872 0.3030514 -0.1266431 0.6061028 -0.1266431 0.6061028 -0.08442872 0.3030514 -0.08442872 0.6061028 -0.1266431 0.6061028 -0.08442872 0.6061028 -0.1266431 0.9091542 -0.1266431 0.9091542 -0.08442872 0.6061028 -0.08442872 0.9091542 -0.1266431 0.9091542 -0.08442872 0.9091542 -0.1266431 1.212206 -0.1266431 1.212206 -0.08442872 0.9091542 -0.08442872 1.212206 -0.1266431 1.212206 -0.08442872 1.212206 -0.1266431 1.515257 -0.1266431 1.515257 -0.08442872 1.212206 -0.08442872 1.515257 -0.1266431 1.515257 -0.08442872 1.515257 -0.1266431 1.818308 -0.1266431 1.818308 -0.08442872 1.515257 -0.08442872 1.818308 -0.1266431 1.818308 -0.08442872 1.818308 -0.1266431 2.12136 -0.1266431 2.12136 -0.08442872 1.818308 -0.08442872 2.12136 -0.1266431 2.12136 -0.08442872 2.12136 -0.1266431 2.424411 -0.2911549 0.3030514 -0.2503891 0.3030514 -0.2911549 0.6061028 -0.2911549 0.6061028 -0.2503891 0.3030514 -0.2503891 0.6061028 -0.2911549 0.6061028 -0.2503891 0.6061028 -0.2911549 0.9091542 -0.2911549 0.9091542 -0.2503891 0.6061028 -0.2503891 0.9091542 -0.2911549 0.9091542 -0.2503891 0.9091542 -0.2911549 1.212206 -0.3319208 0.3030514 -0.2911549 0.3030514 -0.3319208 0.6061028 -0.3319208 0.6061028 -0.2911549 0.3030514 -0.2911549 0.6061028 -0.3319208 0.6061028 -0.2911549 0.6061028 -0.3319208 0.9091542 -0.3319208 0.9091542 -0.2911549 0.6061028 -0.2911549 0.9091542 -0.3319208 0.9091542 -0.2911549 0.9091542 -0.3319208 1.212206 -0.3319208 1.212206 -0.2911549 0.9091542 -0.2911549 1.212206 -0.3319208 1.212206 -0.2911549 1.212206 -0.3319208 1.515257 -0.4134523 0.3030514 -0.3319208 0.3030514 -0.4134523 0.6061028 -0.4134523 0.6061028 -0.3319208 0.3030514 -0.3319208 0.6061028 -0.4134523 0.6061028 -0.3319208 0.6061028 -0.4134523 0.9091542 -0.4134523 0.9091542 -0.3319208 0.6061028 -0.3319208 0.9091542 -0.4134523 0.9091542 -0.3319208 0.9091542 -0.4134523 1.212206 -0.4134523 1.212206 -0.3319208 0.9091542 -0.3319208 1.212206 -0.4134523 1.212206 -0.3319208 1.212206 -0.4134523 1.515257 -0.4134523 1.515257 -0.3319208 1.212206 -0.3319208 1.515257 -0.4134523 1.515257 -0.3319208 1.515257 -0.4134523 1.818308 -0.494984 0.3030514 -0.4134523 0.3030514 -0.494984 0.6061028 -0.494984 0.6061028 -0.4134523 0.3030514 -0.4134523 0.6061028 -0.494984 0.6061028 -0.4134523 0.6061028 -0.494984 0.9091542 -0.494984 0.9091542 -0.4134523 0.6061028 -0.4134523 0.9091542 -0.494984 0.9091542 -0.4134523 0.9091542 -0.494984 1.212206 -0.494984 1.212206 -0.4134523 0.9091542 -0.4134523 1.212206 -0.494984 1.212206 -0.4134523 1.212206 -0.494984 1.515257 -0.494984 1.515257 -0.4134523 1.212206 -0.4134523 1.515257 -0.494984 1.515257 -0.4134523 1.515257 -0.494984 1.818308 -0.494984 1.818308 -0.4134523 1.515257 -0.4134523 1.818308 -0.494984 1.818308 -0.4134523 1.818308 -0.494984 2.12136 -0.541056 0.3030514 -0.494984 0.3030514 -0.541056 0.6061028 -0.541056 0.6061028 -0.494984 0.3030514 -0.494984 0.6061028 -0.541056 0.6061028 -0.494984 0.6061028 -0.541056 0.9091542 -0.541056 0.9091542 -0.494984 0.6061028 -0.494984 0.9091542 -0.541056 0.9091542 -0.494984 0.9091542 -0.541056 1.212206 -0.541056 1.212206 -0.494984 0.9091542 -0.494984 1.212206 -0.541056 1.212206 -0.494984 1.212206 -0.541056 1.515257 -0.541056 1.515257 -0.494984 1.212206 -0.494984 1.515257 -0.541056 1.515257 -0.494984 1.515257 -0.541056 1.818308 -0.541056 1.818308 -0.494984 1.515257 -0.494984 1.818308 -0.541056 1.818308 -0.494984 1.818308 -0.541056 2.12136 -0.541056 2.12136 -0.494984 1.818308 -0.494984 2.12136 -0.541056 2.12136 -0.494984 2.12136 -0.541056 2.424411 -0.1266431 0.3030514 -0.1266431 0.6061028 -0.1688575 0.6061028 -0.1688575 0.6061028 -0.1266431 0.6061028 -0.1688575 0.9091542 -0.1688575 0.6061028 -0.1688575 0.9091542 -0.2096233 0.9091542 -0.2096233 0.9091542 -0.1688575 0.9091542 -0.2096233 1.212206 -0.2096233 0.9091542 -0.2096233 1.212206 -0.2503891 1.212206 -0.2503891 1.212206 -0.2096233 1.212206 -0.2503891 1.515257 -0.2503891 1.212206 -0.2503891 1.515257 -0.2911549 1.515257 -0.2911549 1.515257 -0.2503891 1.515257 -0.2911549 1.818308 -0.2911549 1.515257 -0.2911549 1.818308 -0.3319208 1.818308 -0.3319208 1.818308 -0.2911549 1.818308 -0.3319208 2.12136 -0.3319208 1.818308 -0.3319208 2.12136 -0.4134523 2.12136 -0.4134523 2.12136 -0.3319208 2.12136 -0.4134523 2.424411 -0.4134523 2.12136 -0.4134523 2.424411 -0.494984 2.424411 -0.494984 2.424411 -0.4134523 2.424411 -0.494984 2.727463 -0.494984 2.424411 -0.494984 2.727463 -0.541056 2.727463 -0.541056 2.727463 -0.494984 2.727463 -0.541056 3.030514 -0.541056 2.727463 -0.541056 3.030514 -0.587128 3.030514 -0.587128 3.030514 -0.541056 3.030514 -0.587128 3.333565 -0.587128 3.030514 -0.587128 3.333565 -0.6332 3.333565 -0.6332 3.333565 -0.587128 3.333565 -0.6332 3.636617 -0.6332 3.333565 -0.6332 3.636617 -0.679272 3.636617 -0.679272 3.636617 -0.6332 3.636617 -0.679272 3.939668 -0.679272 3.636617 -0.679272 3.939668 -0.756946 3.939668 -0.756946 3.939668 -0.679272 3.939668 -0.756946 4.24272 -0.756946 3.939668 -0.756946 4.24272 -0.8346199 4.24272 -0.8346199 4.24272 -0.756946 4.24272 -0.8346199 4.545771 -0.8346199 4.24272 -0.8346199 4.545771 -0.912294 4.545771 -0.912294 4.545771 -0.8346199 4.545771 -0.912294 4.848823 -0.1688575 0.9091542 -0.1266431 0.6061028 -0.1266431 0.9091542 -0.541056 0.3030514 -0.541056 0.6061028 -0.587128 0.6061028 -0.587128 0.6061028 -0.541056 0.6061028 -0.587128 0.9091542 -0.587128 0.6061028 -0.587128 0.9091542 -0.6332 0.9091542 -0.6332 0.9091542 -0.587128 0.9091542 -0.6332 1.212206 -0.6332 0.9091542 -0.6332 1.212206 -0.679272 1.212206 -0.679272 1.212206 -0.6332 1.212206 -0.679272 1.515257 -0.679272 1.212206 -0.679272 1.515257 -0.756946 1.515257 -0.756946 1.515257 -0.679272 1.515257 -0.756946 1.818308 -0.756946 1.515257 -0.756946 1.818308 -0.8346199 1.818308 -0.8346199 1.818308 -0.756946 1.818308 -0.8346199 2.12136 -0.8346199 1.818308 -0.8346199 2.12136 -0.912294 2.12136 -0.912294 2.12136 -0.8346199 2.12136 -0.912294 2.424411 -0.587128 0.9091542 -0.541056 0.6061028 -0.541056 0.9091542 -0.1688575 0.9091542 -0.1266431 0.9091542 -0.1688575 1.212206 -0.1688575 1.212206 -0.1266431 0.9091542 -0.1266431 1.212206 -0.1688575 1.212206 -0.1266431 1.212206 -0.1688575 1.515257 -0.1688575 1.515257 -0.1266431 1.212206 -0.1266431 1.515257 -0.1688575 1.515257 -0.1266431 1.515257 -0.1688575 1.818308 -0.1688575 1.818308 -0.1266431 1.515257 -0.1266431 1.818308 -0.1688575 1.818308 -0.1266431 1.818308 -0.1688575 2.12136 -0.1688575 2.12136 -0.1266431 1.818308 -0.1266431 2.12136 -0.1688575 2.12136 -0.1266431 2.12136 -0.1688575 2.424411 -0.1688575 2.424411 -0.1266431 2.12136 -0.1266431 2.424411 -0.1688575 2.424411 -0.1266431 2.424411 -0.1688575 2.727463 -0.587128 0.9091542 -0.541056 0.9091542 -0.587128 1.212206 -0.587128 1.212206 -0.541056 0.9091542 -0.541056 1.212206 -0.587128 1.212206 -0.541056 1.212206 -0.587128 1.515257 -0.587128 1.515257 -0.541056 1.212206 -0.541056 1.515257 -0.587128 1.515257 -0.541056 1.515257 -0.587128 1.818308 -0.587128 1.818308 -0.541056 1.515257 -0.541056 1.818308 -0.587128 1.818308 -0.541056 1.818308 -0.587128 2.12136 -0.587128 2.12136 -0.541056 1.818308 -0.541056 2.12136 -0.587128 2.12136 -0.541056 2.12136 -0.587128 2.424411 -0.587128 2.424411 -0.541056 2.12136 -0.541056 2.424411 -0.587128 2.424411 -0.541056 2.424411 -0.587128 2.727463 -0.1688575 0.9091542 -0.1688575 1.212206 -0.2096233 1.212206 -0.2096233 1.212206 -0.1688575 1.212206 -0.2096233 1.515257 -0.2096233 1.212206 -0.2096233 1.515257 -0.2503891 1.515257 -0.2503891 1.515257 -0.2096233 1.515257 -0.2503891 1.818308 -0.2503891 1.515257 -0.2503891 1.818308 -0.2911549 1.818308 -0.2911549 1.818308 -0.2503891 1.818308 -0.2911549 2.12136 -0.2911549 1.818308 -0.2911549 2.12136 -0.3319208 2.12136 -0.3319208 2.12136 -0.2911549 2.12136 -0.3319208 2.424411 -0.3319208 2.12136 -0.3319208 2.424411 -0.4134523 2.424411 -0.4134523 2.424411 -0.3319208 2.424411 -0.4134523 2.727463 -0.4134523 2.424411 -0.4134523 2.727463 -0.494984 2.727463 -0.494984 2.727463 -0.4134523 2.727463 -0.494984 3.030514 -0.494984 2.727463 -0.494984 3.030514 -0.541056 3.030514 -0.541056 3.030514 -0.494984 3.030514 -0.541056 3.333565 -0.541056 3.030514 -0.541056 3.333565 -0.587128 3.333565 -0.587128 3.333565 -0.541056 3.333565 -0.587128 3.636617 -0.587128 3.333565 -0.587128 3.636617 -0.6332 3.636617 -0.6332 3.636617 -0.587128 3.636617 -0.6332 3.939668 -0.6332 3.636617 -0.6332 3.939668 -0.679272 3.939668 -0.679272 3.939668 -0.6332 3.939668 -0.679272 4.24272 -0.679272 3.939668 -0.679272 4.24272 -0.756946 4.24272 -0.756946 4.24272 -0.679272 4.24272 -0.756946 4.545771 -0.756946 4.24272 -0.756946 4.545771 -0.8346199 4.545771 -0.8346199 4.545771 -0.756946 4.545771 -0.8346199 4.848823 -0.8346199 4.545771 -0.8346199 4.848823 -0.912294 4.848823 -0.912294 4.848823 -0.8346199 4.848823 -0.912294 5.252891 -0.2096233 1.515257 -0.1688575 1.212206 -0.1688575 1.515257 -0.587128 0.9091542 -0.587128 1.212206 -0.6332 1.212206 -0.6332 1.212206 -0.587128 1.212206 -0.6332 1.515257 -0.6332 1.212206 -0.6332 1.515257 -0.679272 1.515257 -0.679272 1.515257 -0.6332 1.515257 -0.679272 1.818308 -0.679272 1.515257 -0.679272 1.818308 -0.756946 1.818308 -0.756946 1.818308 -0.679272 1.818308 -0.756946 2.12136 -0.756946 1.818308 -0.756946 2.12136 -0.8346199 2.12136 -0.8346199 2.12136 -0.756946 2.12136 -0.8346199 2.424411 -0.8346199 2.12136 -0.8346199 2.424411 -0.912294 2.424411 -0.912294 2.424411 -0.8346199 2.424411 -0.912294 2.727463 -0.6332 1.515257 -0.587128 1.212206 -0.587128 1.515257 -0.2096233 1.515257 -0.1688575 1.515257 -0.2096233 1.818308 -0.2096233 1.818308 -0.1688575 1.515257 -0.1688575 1.818308 -0.2096233 1.818308 -0.1688575 1.818308 -0.2096233 2.12136 -0.2096233 2.12136 -0.1688575 1.818308 -0.1688575 2.12136 -0.2096233 2.12136 -0.1688575 2.12136 -0.2096233 2.424411 -0.2096233 2.424411 -0.1688575 2.12136 -0.1688575 2.424411 -0.2096233 2.424411 -0.1688575 2.424411 -0.2096233 2.727463 -0.2096233 2.727463 -0.1688575 2.424411 -0.1688575 2.727463 -0.2096233 2.727463 -0.1688575 2.727463 -0.2096233 3.030514 -0.6332 1.515257 -0.587128 1.515257 -0.6332 1.818308 -0.6332 1.818308 -0.587128 1.515257 -0.587128 1.818308 -0.6332 1.818308 -0.587128 1.818308 -0.6332 2.12136 -0.6332 2.12136 -0.587128 1.818308 -0.587128 2.12136 -0.6332 2.12136 -0.587128 2.12136 -0.6332 2.424411 -0.6332 2.424411 -0.587128 2.12136 -0.587128 2.424411 -0.6332 2.424411 -0.587128 2.424411 -0.6332 2.727463 -0.6332 2.727463 -0.587128 2.424411 -0.587128 2.727463 -0.6332 2.727463 -0.587128 2.727463 -0.6332 3.030514 -0.2096233 1.515257 -0.2096233 1.818308 -0.2503891 1.818308 -0.2503891 1.818308 -0.2096233 1.818308 -0.2503891 2.12136 -0.2503891 1.818308 -0.2503891 2.12136 -0.2911549 2.12136 -0.2911549 2.12136 -0.2503891 2.12136 -0.2911549 2.424411 -0.2911549 2.12136 -0.2911549 2.424411 -0.3319208 2.424411 -0.3319208 2.424411 -0.2911549 2.424411 -0.3319208 2.727463 -0.3319208 2.424411 -0.3319208 2.727463 -0.4134523 2.727463 -0.4134523 2.727463 -0.3319208 2.727463 -0.4134523 3.030514 -0.4134523 2.727463 -0.4134523 3.030514 -0.494984 3.030514 -0.494984 3.030514 -0.4134523 3.030514 -0.494984 3.333565 -0.494984 3.030514 -0.494984 3.333565 -0.541056 3.333565 -0.541056 3.333565 -0.494984 3.333565 -0.541056 3.636617 -0.541056 3.333565 -0.541056 3.636617 -0.587128 3.636617 -0.587128 3.636617 -0.541056 3.636617 -0.587128 3.939668 -0.587128 3.636617 -0.587128 3.939668 -0.6332 3.939668 -0.6332 3.939668 -0.587128 3.939668 -0.6332 4.24272 -0.6332 3.939668 -0.6332 4.24272 -0.679272 4.24272 -0.679272 4.24272 -0.6332 4.24272 -0.679272 4.545771 -0.679272 4.24272 -0.679272 4.545771 -0.756946 4.545771 -0.756946 4.545771 -0.679272 4.545771 -0.756946 4.848823 -0.756946 4.545771 -0.756946 4.848823 -0.8346199 4.848823 -0.8346199 4.848823 -0.756946 4.848823 -0.8346199 5.252891 -0.8346199 4.848823 -0.8346199 5.252891 -0.912294 5.252891 -0.912294 5.252891 -0.8346199 5.252891 -0.912294 5.65696 -0.2503891 2.12136 -0.2096233 1.818308 -0.2096233 2.12136 -0.6332 1.515257 -0.6332 1.818308 -0.679272 1.818308 -0.679272 1.818308 -0.6332 1.818308 -0.679272 2.12136 -0.679272 1.818308 -0.679272 2.12136 -0.756946 2.12136 -0.756946 2.12136 -0.679272 2.12136 -0.756946 2.424411 -0.756946 2.12136 -0.756946 2.424411 -0.8346199 2.424411 -0.8346199 2.424411 -0.756946 2.424411 -0.8346199 2.727463 -0.8346199 2.424411 -0.8346199 2.727463 -0.912294 2.727463 -0.912294 2.727463 -0.8346199 2.727463 -0.912294 3.030514 -0.679272 2.12136 -0.6332 1.818308 -0.6332 2.12136 -0.2503891 2.12136 -0.2096233 2.12136 -0.2503891 2.424411 -0.2503891 2.424411 -0.2096233 2.12136 -0.2096233 2.424411 -0.2503891 2.424411 -0.2096233 2.424411 -0.2503891 2.727463 -0.2503891 2.727463 -0.2096233 2.424411 -0.2096233 2.727463 -0.2503891 2.727463 -0.2096233 2.727463 -0.2503891 3.030514 -0.2503891 3.030514 -0.2096233 2.727463 -0.2096233 3.030514 -0.2503891 3.030514 -0.2096233 3.030514 -0.2503891 3.333565 -0.2503891 2.12136 -0.2503891 2.424411 -0.2911549 2.424411 -0.2911549 2.424411 -0.2503891 2.424411 -0.2911549 2.727463 -0.2911549 2.424411 -0.2911549 2.727463 -0.3319208 2.727463 -0.3319208 2.727463 -0.2911549 2.727463 -0.3319208 3.030514 -0.3319208 2.727463 -0.3319208 3.030514 -0.4134523 3.030514 -0.4134523 3.030514 -0.3319208 3.030514 -0.4134523 3.333565 -0.4134523 3.030514 -0.4134523 3.333565 -0.494984 3.333565 -0.494984 3.333565 -0.4134523 3.333565 -0.494984 3.636617 -0.494984 3.333565 -0.494984 3.636617 -0.541056 3.636617 -0.541056 3.636617 -0.494984 3.636617 -0.541056 3.939668 -0.541056 3.636617 -0.541056 3.939668 -0.587128 3.939668 -0.587128 3.939668 -0.541056 3.939668 -0.587128 4.24272 -0.587128 3.939668 -0.587128 4.24272 -0.6332 4.24272 -0.6332 4.24272 -0.587128 4.24272 -0.6332 4.545771 -0.6332 4.24272 -0.6332 4.545771 -0.679272 4.545771 -0.679272 4.545771 -0.6332 4.545771 -0.679272 4.848823 -0.679272 4.545771 -0.679272 4.848823 -0.756946 4.848823 -0.756946 4.848823 -0.679272 4.848823 -0.756946 5.252891 -0.756946 4.848823 -0.756946 5.252891 -0.8346199 5.252891 -0.8346199 5.252891 -0.756946 5.252891 -0.8346199 5.65696 -0.8346199 5.252891 -0.8346199 5.65696 -0.912294 5.65696 -0.912294 5.65696 -0.8346199 5.65696 -0.912294 6.061028 -0.2911549 2.727463 -0.2503891 2.424411 -0.2503891 2.727463 -0.679272 2.12136 -0.6332 2.12136 -0.679272 2.424411 -0.679272 2.424411 -0.6332 2.12136 -0.6332 2.424411 -0.679272 2.424411 -0.6332 2.424411 -0.679272 2.727463 -0.679272 2.727463 -0.6332 2.424411 -0.6332 2.727463 -0.679272 2.727463 -0.6332 2.727463 -0.679272 3.030514 -0.679272 3.030514 -0.6332 2.727463 -0.6332 3.030514 -0.679272 3.030514 -0.6332 3.030514 -0.679272 3.333565 -0.679272 2.12136 -0.679272 2.424411 -0.756946 2.424411 -0.756946 2.424411 -0.679272 2.424411 -0.756946 2.727463 -0.756946 2.424411 -0.756946 2.727463 -0.8346199 2.727463 -0.8346199 2.727463 -0.756946 2.727463 -0.8346199 3.030514 -0.8346199 2.727463 -0.8346199 3.030514 -0.912294 3.030514 -0.912294 3.030514 -0.8346199 3.030514 -0.912294 3.333565 -0.756946 2.727463 -0.679272 2.424411 -0.679272 2.727463 -0.2911549 2.727463 -0.2503891 2.727463 -0.2911549 3.030514 -0.2911549 3.030514 -0.2503891 2.727463 -0.2503891 3.030514 -0.2911549 3.030514 -0.2503891 3.030514 -0.2911549 3.333565 -0.2911549 3.333565 -0.2503891 3.030514 -0.2503891 3.333565 -0.2911549 3.333565 -0.2503891 3.333565 -0.2911549 3.636617 -0.756946 2.727463 -0.679272 2.727463 -0.756946 3.030514 -0.756946 3.030514 -0.679272 2.727463 -0.679272 3.030514 -0.756946 3.030514 -0.679272 3.030514 -0.756946 3.333565 -0.756946 3.333565 -0.679272 3.030514 -0.679272 3.333565 -0.756946 3.333565 -0.679272 3.333565 -0.756946 3.636617 -0.2911549 2.727463 -0.2911549 3.030514 -0.3319208 3.030514 -0.3319208 3.030514 -0.2911549 3.030514 -0.3319208 3.333565 -0.3319208 3.030514 -0.3319208 3.333565 -0.4134523 3.333565 -0.4134523 3.333565 -0.3319208 3.333565 -0.4134523 3.636617 -0.4134523 3.333565 -0.4134523 3.636617 -0.494984 3.636617 -0.494984 3.636617 -0.4134523 3.636617 -0.494984 3.939668 -0.494984 3.636617 -0.494984 3.939668 -0.541056 3.939668 -0.541056 3.939668 -0.494984 3.939668 -0.541056 4.24272 -0.541056 3.939668 -0.541056 4.24272 -0.587128 4.24272 -0.587128 4.24272 -0.541056 4.24272 -0.587128 4.545771 -0.587128 4.24272 -0.587128 4.545771 -0.6332 4.545771 -0.6332 4.545771 -0.587128 4.545771 -0.6332 4.848823 -0.6332 4.545771 -0.6332 4.848823 -0.679272 4.848823 -0.679272 4.848823 -0.6332 4.848823 -0.679272 5.252891 -0.679272 4.848823 -0.679272 5.252891 -0.756946 5.252891 -0.756946 5.252891 -0.679272 5.252891 -0.756946 5.65696 -0.756946 5.252891 -0.756946 5.65696 -0.8346199 5.65696 -0.8346199 5.65696 -0.756946 5.65696 -0.8346199 6.061028 -0.8346199 5.65696 -0.8346199 6.061028 -0.912294 6.061028 -0.912294 6.061028 -0.8346199 6.061028 -0.912294 6.465097 -0.3319208 3.333565 -0.2911549 3.030514 -0.2911549 3.333565 -0.756946 2.727463 -0.756946 3.030514 -0.8346199 3.030514 -0.8346199 3.030514 -0.756946 3.030514 -0.8346199 3.333565 -0.8346199 3.030514 -0.8346199 3.333565 -0.912294 3.333565 -0.912294 3.333565 -0.8346199 3.333565 -0.912294 3.636617 -0.8346199 3.333565 -0.756946 3.030514 -0.756946 3.333565 -0.3319208 3.333565 -0.2911549 3.333565 -0.3319208 3.636617 -0.3319208 3.636617 -0.2911549 3.333565 -0.2911549 3.636617 -0.3319208 3.636617 -0.2911549 3.636617 -0.3319208 3.939668 -0.8346199 3.333565 -0.756946 3.333565 -0.8346199 3.636617 -0.8346199 3.636617 -0.756946 3.333565 -0.756946 3.636617 -0.8346199 3.636617 -0.756946 3.636617 -0.8346199 3.939668 -0.3319208 3.333565 -0.3319208 3.636617 -0.4134523 3.636617 -0.4134523 3.636617 -0.3319208 3.636617 -0.4134523 3.939668 -0.4134523 3.636617 -0.4134523 3.939668 -0.494984 3.939668 -0.494984 3.939668 -0.4134523 3.939668 -0.494984 4.24272 -0.494984 3.939668 -0.494984 4.24272 -0.541056 4.24272 -0.541056 4.24272 -0.494984 4.24272 -0.541056 4.545771 -0.541056 4.24272 -0.541056 4.545771 -0.587128 4.545771 -0.587128 4.545771 -0.541056 4.545771 -0.587128 4.848823 -0.587128 4.545771 -0.587128 4.848823 -0.6332 4.848823 -0.6332 4.848823 -0.587128 4.848823 -0.6332 5.252891 -0.6332 4.848823 -0.6332 5.252891 -0.679272 5.252891 -0.679272 5.252891 -0.6332 5.252891 -0.679272 5.65696 -0.679272 5.252891 -0.679272 5.65696 -0.756946 5.65696 -0.756946 5.65696 -0.679272 5.65696 -0.756946 6.061028 -0.756946 5.65696 -0.756946 6.061028 -0.8346199 6.061028 -0.8346199 6.061028 -0.756946 6.061028 -0.8346199 6.465097 -0.8346199 6.061028 -0.8346199 6.465097 -0.912294 6.465097 -0.912294 6.465097 -0.8346199 6.465097 -0.912294 6.869165 -0.4134523 3.939668 -0.3319208 3.636617 -0.3319208 3.939668 -0.912294 3.939668 -0.912294 3.636617 -0.8346199 3.636617 -0.8346199 3.636617 -0.912294 3.636617 -0.8346199 3.333565 -0.912294 3.939668 -0.8346199 3.636617 -0.8346199 3.939668 -0.494984 4.24272 -0.4134523 3.939668 -0.4134523 4.24272 -0.4134523 4.24272 -0.4134523 3.939668 -0.3319208 3.939668 -0.912294 4.24272 -0.912294 3.939668 -0.8346199 3.939668 -0.1688575 4.848823 -0.1266431 4.545771 -0.1266431 4.848823 -0.494984 4.24272 -0.4134523 4.24272 -0.494984 4.545771 -0.494984 4.24272 -0.494984 4.545771 -0.541056 4.545771 -0.541056 4.545771 -0.494984 4.545771 -0.541056 4.848823 -0.541056 4.545771 -0.541056 4.848823 -0.587128 4.848823 -0.587128 4.848823 -0.541056 4.848823 -0.587128 5.252891 -0.587128 4.848823 -0.587128 5.252891 -0.6332 5.252891 -0.6332 5.252891 -0.587128 5.252891 -0.6332 5.65696 -0.6332 5.252891 -0.6332 5.65696 -0.679272 5.65696 -0.679272 5.65696 -0.6332 5.65696 -0.679272 6.061028 -0.679272 5.65696 -0.679272 6.061028 -0.756946 6.061028 -0.756946 6.061028 -0.679272 6.061028 -0.756946 6.465097 -0.756946 6.061028 -0.756946 6.465097 -0.8346199 6.465097 -0.8346199 6.465097 -0.756946 6.465097 -0.8346199 6.869165 -0.8346199 6.465097 -0.8346199 6.869165 -0.912294 6.869165 -0.912294 6.869165 -0.8346199 6.869165 -0.912294 7.273234 -0.1688575 4.848823 -0.1266431 4.848823 -0.1688575 5.252891 -0.1688575 5.252891 -0.1266431 4.848823 -0.1266431 5.252891 -0.1688575 5.252891 -0.1266431 5.252891 -0.1688575 5.65696 -0.1688575 5.65696 -0.1266431 5.252891 -0.1266431 5.65696 -0.1688575 5.65696 -0.1266431 5.65696 -0.1688575 6.061028 -0.1688575 6.061028 -0.1266431 5.65696 -0.1266431 6.061028 -0.1688575 6.061028 -0.1266431 6.061028 -0.1688575 6.465097 -0.1688575 6.465097 -0.1266431 6.061028 -0.1266431 6.465097 -0.1688575 6.465097 -0.1266431 6.465097 -0.1688575 6.869165 -0.1688575 6.869165 -0.1266431 6.465097 -0.1266431 6.869165 -0.1688575 6.869165 -0.1266431 6.869165 -0.1688575 7.273234 -0.1688575 7.273234 -0.1266431 6.869165 -0.1266431 7.273234 -0.1688575 7.273234 -0.1266431 7.273234 -0.1688575 7.677302 -0.1688575 7.677302 -0.1266431 7.273234 -0.1266431 7.677302 -0.1688575 7.677302 -0.1266431 7.677302 -0.1688575 8.081372 -0.1688575 8.081372 -0.1266431 7.677302 -0.1266431 8.081372 -0.1688575 8.081372 -0.1266431 8.081372 -0.1688575 8.48544 -0.1688575 8.48544 -0.1266431 8.081372 -0.1266431 8.48544 -0.1688575 8.48544 -0.1266431 8.48544 -0.1688575 8.889509 -0.1688575 8.889509 -0.1266431 8.48544 -0.1266431 8.889509 -0.1688575 8.889509 -0.1266431 8.889509 -0.1688575 9.293577 -0.1688575 9.293577 -0.1266431 8.889509 -0.1266431 9.293577 -0.1688575 9.293577 -0.1266431 9.293577 -0.1688575 9.697646 -0.1688575 9.697646 -0.1266431 9.293577 -0.1266431 9.697646 -0.1688575 9.697646 -0.1266431 9.697646 -0.1688575 10.10171 -0.1688575 10.10171 -0.1266431 9.697646 -0.1266431 10.10171 -0.1688575 10.10171 -0.1266431 10.10171 -0.1688575 10.50578 -0.1688575 10.50578 -0.1266431 10.10171 -0.1266431 10.50578 -0.1688575 10.50578 -0.1266431 10.50578 -0.1688575 10.90985 -0.1688575 10.90985 -0.1266431 10.50578 -0.1266431 10.90985 -0.1688575 4.848823 -0.1688575 5.252891 -0.2096233 5.252891 -0.2096233 5.252891 -0.1688575 5.252891 -0.2096233 5.65696 -0.2096233 5.252891 -0.2096233 5.65696 -0.2503891 5.65696 -0.2503891 5.65696 -0.2096233 5.65696 -0.2503891 6.061028 -0.2096233 5.65696 -0.1688575 5.252891 -0.1688575 5.65696 -0.2096233 5.65696 -0.1688575 5.65696 -0.2096233 6.061028 -0.2096233 6.061028 -0.1688575 5.65696 -0.1688575 6.061028 -0.2096233 6.061028 -0.1688575 6.061028 -0.2096233 6.465097 -0.2096233 6.465097 -0.1688575 6.061028 -0.1688575 6.465097 -0.2096233 6.465097 -0.1688575 6.465097 -0.2096233 6.869165 -0.2096233 6.869165 -0.1688575 6.465097 -0.1688575 6.869165 -0.2096233 6.869165 -0.1688575 6.869165 -0.2096233 7.273234 -0.2096233 7.273234 -0.1688575 6.869165 -0.1688575 7.273234 -0.2096233 7.273234 -0.1688575 7.273234 -0.2096233 7.677302 -0.2096233 7.677302 -0.1688575 7.273234 -0.1688575 7.677302 -0.2096233 7.677302 -0.1688575 7.677302 -0.2096233 8.081372 -0.2096233 8.081372 -0.1688575 7.677302 -0.1688575 8.081372 -0.2096233 8.081372 -0.1688575 8.081372 -0.2096233 8.48544 -0.2096233 8.48544 -0.1688575 8.081372 -0.1688575 8.48544 -0.2096233 8.48544 -0.1688575 8.48544 -0.2096233 8.889509 -0.2096233 8.889509 -0.1688575 8.48544 -0.1688575 8.889509 -0.2096233 8.889509 -0.1688575 8.889509 -0.2096233 9.293577 -0.2096233 9.293577 -0.1688575 8.889509 -0.1688575 9.293577 -0.2096233 9.293577 -0.1688575 9.293577 -0.2096233 9.697646 -0.2096233 9.697646 -0.1688575 9.293577 -0.1688575 9.697646 -0.2096233 9.697646 -0.1688575 9.697646 -0.2096233 10.10171 -0.2096233 10.10171 -0.1688575 9.697646 -0.1688575 10.10171 -0.2096233 10.10171 -0.1688575 10.10171 -0.2096233 10.50578 -0.2096233 10.50578 -0.1688575 10.10171 -0.1688575 10.50578 -0.2096233 10.50578 -0.1688575 10.50578 -0.2096233 10.90985 -0.2096233 10.90985 -0.1688575 10.50578 -0.1688575 10.90985 -0.2503891 6.465097 -0.2503891 6.061028 -0.2096233 6.061028 -0.2096233 6.061028 -0.2503891 6.061028 -0.2096233 5.65696 -0.2503891 6.465097 -0.2096233 6.061028 -0.2096233 6.465097 -0.2503891 6.869165 -0.2503891 6.465097 -0.2096233 6.465097 -0.2503891 6.869165 -0.2096233 6.465097 -0.2096233 6.869165 -0.2503891 7.273234 -0.2503891 6.869165 -0.2096233 6.869165 -0.2503891 7.273234 -0.2096233 6.869165 -0.2096233 7.273234 -0.2503891 7.677302 -0.2503891 7.273234 -0.2096233 7.273234 -0.2503891 7.677302 -0.2096233 7.273234 -0.2096233 7.677302 -0.2503891 8.081372 -0.2503891 7.677302 -0.2096233 7.677302 -0.2503891 8.081372 -0.2096233 7.677302 -0.2096233 8.081372 -0.2503891 8.48544 -0.2503891 8.081372 -0.2096233 8.081372 -0.2503891 8.48544 -0.2096233 8.081372 -0.2096233 8.48544 -0.2503891 8.889509 -0.2503891 8.48544 -0.2096233 8.48544 -0.2503891 8.889509 -0.2096233 8.48544 -0.2096233 8.889509 -0.2503891 9.293577 -0.2503891 8.889509 -0.2096233 8.889509 -0.2503891 9.293577 -0.2096233 8.889509 -0.2096233 9.293577 -0.2503891 9.697646 -0.2503891 9.293577 -0.2096233 9.293577 -0.2503891 9.697646 -0.2096233 9.293577 -0.2096233 9.697646 -0.8346199 9.697646 -0.756946 9.293577 -0.756946 9.697646 -0.2503891 10.10171 -0.2503891 9.697646 -0.2096233 9.697646 -0.2503891 10.10171 -0.2096233 9.697646 -0.2096233 10.10171 -0.8346199 9.697646 -0.756946 9.697646 -0.8346199 10.10171 -0.8346199 10.10171 -0.756946 9.697646 -0.756946 10.10171 -0.8346199 10.10171 -0.756946 10.10171 -0.8346199 10.50578 -0.8346199 10.50578 -0.756946 10.10171 -0.756946 10.50578 -0.8346199 10.50578 -0.756946 10.50578 -0.8346199 10.90985 -0.8346199 10.90985 -0.756946 10.50578 -0.756946 10.90985 -0.2503891 10.50578 -0.2503891 10.10171 -0.2096233 10.10171 -0.2503891 10.50578 -0.2096233 10.10171 -0.2096233 10.50578 -0.912294 10.50578 -0.912294 10.10171 -0.8346199 10.10171 -0.8346199 10.10171 -0.912294 10.10171 -0.8346199 9.697646 -0.912294 10.50578 -0.8346199 10.10171 -0.8346199 10.50578 -0.2503891 10.90985 -0.2503891 10.50578 -0.2096233 10.50578 -0.2503891 10.90985 -0.2096233 10.50578 -0.2096233 10.90985 -0.912294 10.90985 -0.912294 10.50578 -0.8346199 10.50578 -0.912294 10.90985 -0.8346199 10.50578 -0.8346199 10.90985 0 11.31392 0 10.96036 0.06187295 11.31392 0.06187295 11.31392 0 10.96036 0.07767397 10.90985 0.06187295 11.31392 0.07767397 10.90985 0.123746 11.31392 0.123746 11.31392 0.07767397 10.90985 0.155348 10.90985 0.123746 11.31392 0.155348 10.90985 0.1856189 11.31392 0.1856189 11.31392 0.155348 10.90985 0.233022 10.90985 0.1856189 11.31392 0.233022 10.90985 0.247492 11.31392 0.247492 11.31392 0.233022 10.90985 0.310696 10.90985 0.247492 11.31392 0.310696 10.90985 0.309365 11.31392 0.309365 11.31392 0.310696 10.90985 0.356768 10.90985 0.309365 11.31392 0.356768 10.90985 0.371238 11.31392 0.371238 11.31392 0.356768 10.90985 0.40284 10.90985 0.371238 11.31392 0.40284 10.90985 0.433111 11.31392 0.433111 11.31392 0.40284 10.90985 0.448912 10.90985 0.433111 11.31392 0.448912 10.90985 0.494984 11.31392 0.494984 11.31392 0.448912 10.90985 0.494984 10.90985 0.494984 11.31392 0.494984 10.90985 0.556857 11.31392 0.556857 11.31392 0.494984 10.90985 0.5765156 10.90985 0.556857 11.31392 0.5765156 10.90985 0.61873 11.31392 0.61873 11.31392 0.5765156 10.90985 0.6580472 10.90985 0.61873 11.31392 0.6580472 10.90985 0.698813 10.90985 0.698813 10.90985 0.6580472 10.90985 0.698813 10.50578 0.698813 10.90985 0.698813 10.50578 0.7395789 10.50578 0.7395789 10.50578 0.698813 10.50578 0.7395789 10.10171 0.7395789 10.50578 0.7395789 10.10171 0.7803447 10.10171 0.7803447 10.10171 0.7395789 10.10171 0.7803447 9.697646 0.7803447 10.10171 0.7803447 9.697646 0.8211104 9.697646 0.8211104 9.697646 0.7803447 9.697646 0.8211104 9.293577 0.8211104 9.697646 0.8211104 9.293577 0.8633248 9.293577 0.8633248 9.293577 0.8211104 9.293577 0.8633248 8.889509 0.8633248 9.293577 0.8633248 8.889509 0.9055392 8.889509 0.9055392 8.889509 0.8633248 8.889509 0.9055392 8.48544 0.9055392 8.889509 0.9055392 8.48544 0.989968 8.839 0.989968 8.839 0.9055392 8.48544 0.989968 8.48544 0.989968 8.48544 0.9055392 8.48544 0.989968 8.13188 0.989968 8.13188 0.9055392 8.48544 0.9055392 8.081372 0.989968 8.13188 0.9055392 8.081372 0.989968 7.77832 0.989968 7.77832 0.9055392 8.081372 0.9055392 7.677302 0.989968 7.77832 0.9055392 7.677302 0.989968 7.42476 0.989968 7.42476 0.9055392 7.677302 0.9055392 7.273234 0.989968 7.42476 0.9055392 7.273234 0.989968 7.071199 0.989968 7.071199 0.9055392 7.273234 0.9055392 6.869165 0.989968 7.071199 0.9055392 6.869165 0.989968 6.717639 0.989968 6.717639 0.9055392 6.869165 0.9055392 6.465097 0.989968 6.717639 0.9055392 6.465097 0.989968 6.364079 0.989968 6.364079 0.9055392 6.465097 0.9055392 6.061028 0.989968 6.364079 0.9055392 6.061028 0.989968 6.010519 0.989968 6.010519 0.9055392 6.061028 0.9055392 5.65696 0.989968 6.010519 0.9055392 5.65696 0.989968 5.65696 0.989968 5.65696 0.9055392 5.65696 0.989968 5.3034 0.989968 5.3034 0.9055392 5.65696 0.9055392 5.252891 0.989968 5.3034 0.9055392 5.252891 0.989968 4.94984 0.989968 4.94984 0.9055392 5.252891 0.9055392 4.848823 0.989968 4.94984 0.9055392 4.848823 0.989968 4.59628 0.989968 4.59628 0.9055392 4.848823 0.9055392 4.545771 0.989968 4.59628 0.9055392 4.545771 0.989968 4.24272 0.989968 4.24272 0.9055392 4.545771 0.9055392 4.24272 0.989968 4.24272 0.9055392 4.24272 0.9055392 3.939668 0.9055392 3.939668 0.9055392 4.24272 0.8633248 4.24272 0.9055392 3.939668 0.8633248 4.24272 0.8633248 3.939668 0.8633248 3.939668 0.8633248 4.24272 0.8211104 4.24272 0.8633248 3.939668 0.8211104 4.24272 0.8211104 3.939668 0.8211104 3.939668 0.8211104 4.24272 0.7803447 4.24272 0.8211104 3.939668 0.7803447 4.24272 0.7803447 3.939668 0.7803447 3.939668 0.7803447 4.24272 0.7395789 4.24272 0.7803447 3.939668 0.7395789 4.24272 0.7395789 3.939668 0.7395789 3.939668 0.7395789 4.24272 0.698813 4.24272 0.7395789 3.939668 0.698813 4.24272 0.698813 3.939668 0.698813 3.939668 0.698813 4.24272 0.6580472 4.24272 0.698813 3.939668 0.6580472 4.24272 0.6580472 3.939668 0.6580472 3.939668 0.6580472 4.24272 0.5765156 4.24272 0.6580472 3.939668 0.5765156 4.24272 0.5765156 3.939668 0.5765156 3.939668 0.5765156 4.24272 0.494984 4.24272 0.5765156 3.939668 0.494984 4.24272 0.494984 3.939668 0.494984 3.939668 0.494984 4.24272 0.448912 4.24272 0.494984 3.939668 0.448912 4.24272 0.448912 3.939668 0.448912 3.939668 0.448912 4.24272 0.40284 4.24272 0.448912 3.939668 0.40284 4.24272 0.40284 3.939668 0.40284 3.939668 0.40284 4.24272 0.356768 4.24272 0.40284 3.939668 0.356768 4.24272 0.356768 3.939668 0.356768 3.939668 0.356768 4.24272 0.310696 4.24272 0.356768 3.939668 0.310696 4.24272 0.310696 3.939668 0.310696 3.939668 0.310696 4.24272 0.233022 4.24272 0.310696 3.939668 0.233022 4.24272 0.233022 3.939668 0.233022 3.939668 0.233022 4.24272 0.155348 4.24272 0.233022 3.939668 0.155348 4.24272 0.155348 3.939668 0.155348 3.939668 0.155348 4.24272 0.07767397 4.24272 0.155348 3.939668 0.07767397 4.24272 0.07767397 3.939668 0.07767397 3.939668 0.07767397 4.24272 0 4.24272 0.07767397 3.939668 0 4.24272 0 3.88916 0 10.96036 0 10.6068 0.07767397 10.90985 0.07767397 10.90985 0 10.6068 0.07767397 10.50578 0.07767397 10.90985 0.07767397 10.50578 0.155348 10.50578 0.155348 10.50578 0.07767397 10.50578 0.155348 10.10171 0.155348 10.50578 0.155348 10.10171 0.233022 10.10171 0.233022 10.10171 0.155348 10.10171 0.233022 9.697646 0.233022 10.10171 0.233022 9.697646 0.310696 9.697646 0.310696 9.697646 0.233022 9.697646 0.310696 9.293577 0.310696 9.697646 0.310696 9.293577 0.356768 9.293577 0.356768 9.293577 0.310696 9.293577 0.356768 8.889509 0.356768 9.293577 0.356768 8.889509 0.40284 8.889509 0.40284 8.889509 0.356768 8.889509 0.40284 8.48544 0.40284 8.889509 0.40284 8.48544 0.448912 8.48544 0.448912 8.48544 0.40284 8.48544 0.448912 8.081372 0.448912 8.48544 0.448912 8.081372 0.494984 8.081372 0.494984 8.081372 0.448912 8.081372 0.494984 7.677302 0.494984 8.081372 0.494984 7.677302 0.5765156 7.677302 0.5765156 7.677302 0.494984 7.677302 0.5765156 7.273234 0.5765156 7.677302 0.5765156 7.273234 0.6580472 7.273234 0.6580472 7.273234 0.5765156 7.273234 0.6580472 6.869165 0.6580472 7.273234 0.6580472 6.869165 0.698813 6.869165 0.698813 6.869165 0.6580472 6.869165 0.698813 6.465097 0.698813 6.869165 0.698813 6.465097 0.7395789 6.465097 0.7395789 6.465097 0.698813 6.465097 0.7395789 6.061028 0.7395789 6.465097 0.7395789 6.061028 0.7803447 6.061028 0.7803447 6.061028 0.7395789 6.061028 0.7803447 5.65696 0.7803447 6.061028 0.7803447 5.65696 0.8211104 5.65696 0.8211104 5.65696 0.7803447 5.65696 0.8211104 5.252891 0.8211104 5.65696 0.8211104 5.252891 0.8633248 5.252891 0.8633248 5.252891 0.8211104 5.252891 0.8633248 4.848823 0.8633248 5.252891 0.8633248 4.848823 0.9055392 4.848823 0.9055392 4.848823 0.8633248 4.848823 0.9055392 4.545771 0 10.6068 0 10.25324 0.07767397 10.50578 0.07767397 10.50578 0 10.25324 0.07767397 10.10171 0.07767397 10.50578 0.07767397 10.10171 0.155348 10.10171 0.155348 10.10171 0.07767397 10.10171 0.155348 9.697646 0.155348 10.10171 0.155348 9.697646 0.233022 9.697646 0.233022 9.697646 0.155348 9.697646 0.233022 9.293577 0.233022 9.697646 0.233022 9.293577 0.310696 9.293577 0.310696 9.293577 0.233022 9.293577 0.310696 8.889509 0.310696 9.293577 0.310696 8.889509 0.356768 8.889509 0.356768 8.889509 0.310696 8.889509 0.356768 8.48544 0.356768 8.889509 0.356768 8.48544 0.40284 8.48544 0.40284 8.48544 0.356768 8.48544 0.40284 8.081372 0.40284 8.48544 0.40284 8.081372 0.448912 8.081372 0.448912 8.081372 0.40284 8.081372 0.448912 7.677302 0.448912 8.081372 0.448912 7.677302 0.494984 7.677302 0.494984 7.677302 0.448912 7.677302 0.494984 7.273234 0.494984 7.677302 0.494984 7.273234 0.5765156 7.273234 0.5765156 7.273234 0.494984 7.273234 0.5765156 6.869165 0.5765156 7.273234 0.5765156 6.869165 0.6580472 6.869165 0.6580472 6.869165 0.5765156 6.869165 0.6580472 6.465097 0.6580472 6.869165 0.6580472 6.465097 0.698813 6.465097 0.698813 6.465097 0.6580472 6.465097 0.698813 6.061028 0.698813 6.465097 0.698813 6.061028 0.7395789 6.061028 0.7395789 6.061028 0.698813 6.061028 0.7395789 5.65696 0.7395789 6.061028 0.7395789 5.65696 0.7803447 5.65696 0.7803447 5.65696 0.7395789 5.65696 0.7803447 5.252891 0.7803447 5.65696 0.7803447 5.252891 0.8211104 5.252891 0.8211104 5.252891 0.7803447 5.252891 0.8211104 4.848823 0.8211104 5.252891 0.8211104 4.848823 0.8633248 4.848823 0.8633248 4.848823 0.8211104 4.848823 0.8633248 4.545771 0.8633248 4.848823 0.8633248 4.545771 0.9055392 4.545771 0.9055392 4.545771 0.8633248 4.545771 0.9055392 4.24272 0 10.25324 0 9.89968 0.07767397 10.10171 0.07767397 10.10171 0 9.89968 0.07767397 9.697646 0.07767397 10.10171 0.07767397 9.697646 0.155348 9.697646 0.155348 9.697646 0.07767397 9.697646 0.155348 9.293577 0.155348 9.697646 0.155348 9.293577 0.233022 9.293577 0.233022 9.293577 0.155348 9.293577 0.233022 8.889509 0.233022 9.293577 0.233022 8.889509 0.310696 8.889509 0.310696 8.889509 0.233022 8.889509 0.310696 8.48544 0.310696 8.889509 0.310696 8.48544 0.356768 8.48544 0.356768 8.48544 0.310696 8.48544 0.356768 8.081372 0.356768 8.48544 0.356768 8.081372 0.40284 8.081372 0.40284 8.081372 0.356768 8.081372 0.40284 7.677302 0.40284 8.081372 0.40284 7.677302 0.448912 7.677302 0.448912 7.677302 0.40284 7.677302 0.448912 7.273234 0.448912 7.677302 0.448912 7.273234 0.494984 7.273234 0.494984 7.273234 0.448912 7.273234 0.494984 6.869165 0.494984 7.273234 0.494984 6.869165 0.5765156 6.869165 0.5765156 6.869165 0.494984 6.869165 0.5765156 6.465097 0.5765156 6.869165 0.5765156 6.465097 0.6580472 6.465097 0.6580472 6.465097 0.5765156 6.465097 0.6580472 6.061028 0.6580472 6.465097 0.6580472 6.061028 0.698813 6.061028 0.698813 6.061028 0.6580472 6.061028 0.698813 5.65696 0.698813 6.061028 0.698813 5.65696 0.7395789 5.65696 0.7395789 5.65696 0.698813 5.65696 0.7395789 5.252891 0.7395789 5.65696 0.7395789 5.252891 0.7803447 5.252891 0.7803447 5.252891 0.7395789 5.252891 0.7803447 4.848823 0.7803447 5.252891 0.7803447 4.848823 0.8211104 4.848823 0.8211104 4.848823 0.7803447 4.848823 0.8211104 4.545771 0.8211104 4.848823 0.8211104 4.545771 0.8633248 4.545771 0.8633248 4.545771 0.8211104 4.545771 0.8633248 4.24272 0.8633248 4.545771 0.8633248 4.24272 0.9055392 4.24272 0 9.89968 0 9.54612 0.07767397 9.697646 0.07767397 9.697646 0 9.54612 0.07767397 9.293577 0.07767397 9.697646 0.07767397 9.293577 0.155348 9.293577 0.155348 9.293577 0.07767397 9.293577 0.155348 8.889509 0.155348 9.293577 0.155348 8.889509 0.233022 8.889509 0.233022 8.889509 0.155348 8.889509 0.233022 8.48544 0.233022 8.889509 0.233022 8.48544 0.310696 8.48544 0.310696 8.48544 0.233022 8.48544 0.310696 8.081372 0.310696 8.48544 0.310696 8.081372 0.356768 8.081372 0.356768 8.081372 0.310696 8.081372 0.356768 7.677302 0.356768 8.081372 0.356768 7.677302 0.40284 7.677302 0.40284 7.677302 0.356768 7.677302 0.40284 7.273234 0.40284 7.677302 0.40284 7.273234 0.448912 7.273234 0.448912 7.273234 0.40284 7.273234 0.448912 6.869165 0.448912 7.273234 0.448912 6.869165 0.494984 6.869165 0.494984 6.869165 0.448912 6.869165 0.494984 6.465097 0.494984 6.869165 0.494984 6.465097 0.5765156 6.465097 0.5765156 6.465097 0.494984 6.465097 0.5765156 6.061028 0.5765156 6.465097 0.5765156 6.061028 0.6580472 6.061028 0.6580472 6.061028 0.5765156 6.061028 0.6580472 5.65696 0.6580472 6.061028 0.6580472 5.65696 0.698813 5.65696 0.698813 5.65696 0.6580472 5.65696 0.698813 5.252891 0.698813 5.65696 0.698813 5.252891 0.7395789 5.252891 0.7395789 5.252891 0.698813 5.252891 0.7395789 4.848823 0.7395789 5.252891 0.7395789 4.848823 0.7803447 4.848823 0.7803447 4.848823 0.7395789 4.848823 0.7803447 4.545771 0.7803447 4.848823 0.7803447 4.545771 0.8211104 4.545771 0.8211104 4.545771 0.7803447 4.545771 0.8211104 4.24272 0.8211104 4.545771 0.8211104 4.24272 0.8633248 4.24272 0 9.54612 0 9.19256 0.07767397 9.293577 0.07767397 9.293577 0 9.19256 0.07767397 8.889509 0.07767397 9.293577 0.07767397 8.889509 0.155348 8.889509 0.155348 8.889509 0.07767397 8.889509 0.155348 8.48544 0.155348 8.889509 0.155348 8.48544 0.233022 8.48544 0.233022 8.48544 0.155348 8.48544 0.233022 8.081372 0.233022 8.48544 0.233022 8.081372 0.310696 8.081372 0.310696 8.081372 0.233022 8.081372 0.310696 7.677302 0.310696 8.081372 0.310696 7.677302 0.356768 7.677302 0.356768 7.677302 0.310696 7.677302 0.356768 7.273234 0.356768 7.677302 0.356768 7.273234 0.40284 7.273234 0.40284 7.273234 0.356768 7.273234 0.40284 6.869165 0.40284 7.273234 0.40284 6.869165 0.448912 6.869165 0.448912 6.869165 0.40284 6.869165 0.448912 6.465097 0.448912 6.869165 0.448912 6.465097 0.494984 6.465097 0.494984 6.465097 0.448912 6.465097 0.494984 6.061028 0.494984 6.465097 0.494984 6.061028 0.5765156 6.061028 0.5765156 6.061028 0.494984 6.061028 0.5765156 5.65696 0.5765156 6.061028 0.5765156 5.65696 0.6580472 5.65696 0.6580472 5.65696 0.5765156 5.65696 0.6580472 5.252891 0.6580472 5.65696 0.6580472 5.252891 0.698813 5.252891 0.698813 5.252891 0.6580472 5.252891 0.698813 4.848823 0.698813 5.252891 0.698813 4.848823 0.7395789 4.848823 0.7395789 4.848823 0.698813 4.848823 0.7395789 4.545771 0.7395789 4.848823 0.7395789 4.545771 0.7803447 4.545771 0.7803447 4.545771 0.7395789 4.545771 0.7803447 4.24272 0.7803447 4.545771 0.7803447 4.24272 0.8211104 4.24272 0 9.19256 0 8.839 0.07767397 8.889509 0.07767397 8.889509 0 8.839 0.07767397 8.48544 0.07767397 8.889509 0.07767397 8.48544 0.155348 8.48544 0.155348 8.48544 0.07767397 8.48544 0.155348 8.081372 0.155348 8.48544 0.155348 8.081372 0.233022 8.081372 0.233022 8.081372 0.155348 8.081372 0.233022 7.677302 0.233022 8.081372 0.233022 7.677302 0.310696 7.677302 0.310696 7.677302 0.233022 7.677302 0.310696 7.273234 0.310696 7.677302 0.310696 7.273234 0.356768 7.273234 0.356768 7.273234 0.310696 7.273234 0.356768 6.869165 0.356768 7.273234 0.356768 6.869165 0.40284 6.869165 0.40284 6.869165 0.356768 6.869165 0.40284 6.465097 0.40284 6.869165 0.40284 6.465097 0.448912 6.465097 0.448912 6.465097 0.40284 6.465097 0.448912 6.061028 0.448912 6.465097 0.448912 6.061028 0.494984 6.061028 0.494984 6.061028 0.448912 6.061028 0.494984 5.65696 0.494984 6.061028 0.494984 5.65696 0.5765156 5.65696 0.5765156 5.65696 0.494984 5.65696 0.5765156 5.252891 0.5765156 5.65696 0.5765156 5.252891 0.6580472 5.252891 0.6580472 5.252891 0.5765156 5.252891 0.6580472 4.848823 0.6580472 5.252891 0.6580472 4.848823 0.698813 4.848823 0.698813 4.848823 0.6580472 4.848823 0.698813 4.545771 0.698813 4.848823 0.698813 4.545771 0.7395789 4.545771 0.7395789 4.545771 0.698813 4.545771 0.7395789 4.24272 0.7395789 4.545771 0.7395789 4.24272 0.7803447 4.24272 0 8.839 0 8.48544 0.07767397 8.48544 0.07767397 8.48544 0 8.48544 0 8.13188 0.07767397 8.48544 0 8.13188 0.07767397 8.081372 0.07767397 8.081372 0 8.13188 0 7.77832 0.07767397 8.081372 0 7.77832 0.07767397 7.677302 0.07767397 7.677302 0 7.77832 0 7.42476 0.07767397 7.677302 0 7.42476 0.07767397 7.273234 0.07767397 7.273234 0 7.42476 0 7.071199 0.07767397 7.273234 0 7.071199 0.07767397 6.869165 0.07767397 6.869165 0 7.071199 0 6.717639 0.07767397 6.869165 0 6.717639 0.07767397 6.465097 0.07767397 6.465097 0 6.717639 0 6.364079 0.07767397 6.465097 0 6.364079 0.07767397 6.061028 0.07767397 6.061028 0 6.364079 0 6.010519 0.07767397 6.061028 0 6.010519 0.07767397 5.65696 0.07767397 5.65696 0 6.010519 0 5.65696 0.07767397 5.65696 0 5.65696 0 5.3034 0.07767397 5.65696 0 5.3034 0.07767397 5.252891 0.07767397 5.252891 0 5.3034 0 4.94984 0.07767397 5.252891 0 4.94984 0.07767397 4.848823 0.07767397 4.848823 0 4.94984 0 4.59628 0.07767397 4.848823 0 4.59628 0.07767397 4.545771 0.07767397 4.545771 0 4.59628 0 4.24272 0.07767397 4.545771 0 4.24272 0.07767397 4.24272 0.07767397 3.939668 0 3.88916 0.07767397 3.636617 0.07767397 3.636617 0 3.88916 0 3.5356 0.07767397 3.636617 0 3.5356 0.07767397 3.333565 0.07767397 3.333565 0 3.5356 0 3.18204 0.07767397 3.333565 0 3.18204 0.07767397 3.030514 0.07767397 3.030514 0 3.18204 0 2.82848 0.07767397 3.030514 0 2.82848 0.07767397 2.727463 0.07767397 2.727463 0 2.82848 0 2.47492 0.07767397 2.727463 0 2.47492 0.07767397 2.424411 0.07767397 2.424411 0 2.47492 0 2.12136 0.07767397 2.424411 0 2.12136 0.07767397 2.12136 0.07767397 2.12136 0 2.12136 0.07767397 1.818308 0.07767397 2.12136 0.07767397 1.818308 0.155348 1.818308 0.155348 1.818308 0.07767397 1.818308 0.155348 1.515257 0.155348 1.818308 0.155348 1.515257 0.233022 1.515257 0.233022 1.515257 0.155348 1.515257 0.233022 1.212206 0.233022 1.515257 0.233022 1.212206 0.310696 1.212206 0.310696 1.212206 0.233022 1.212206 0.310696 0.9091542 0.310696 1.212206 0.310696 0.9091542 0.356768 0.9091542 0.356768 0.9091542 0.310696 0.9091542 0.356768 0.6061028 0.356768 0.9091542 0.356768 0.6061028 0.40284 0.6061028 0.40284 0.6061028 0.356768 0.6061028 0.40284 0.3030514 0.40284 0.6061028 0.40284 0.3030514 0.448912 0.3030514 0.448912 0.3030514 0.40284 0.3030514 0.433111 0 0.448912 0.3030514 0.433111 0 0.494984 0 0 2.12136 0 1.7678 0.07767397 1.818308 0.07767397 1.818308 0 1.7678 0.07767397 1.515257 0.07767397 1.818308 0.07767397 1.515257 0.155348 1.515257 0.155348 1.515257 0.07767397 1.515257 0.155348 1.212206 0.155348 1.515257 0.155348 1.212206 0.233022 1.212206 0.233022 1.212206 0.155348 1.212206 0.233022 0.9091542 0.233022 1.212206 0.233022 0.9091542 0.310696 0.9091542 0.310696 0.9091542 0.233022 0.9091542 0.310696 0.6061028 0.310696 0.9091542 0.310696 0.6061028 0.356768 0.6061028 0.356768 0.6061028 0.310696 0.6061028 0.356768 0.3030514 0.356768 0.6061028 0.356768 0.3030514 0.40284 0.3030514 0.40284 0.3030514 0.356768 0.3030514 0.371238 0 0.40284 0.3030514 0.371238 0 0.433111 0 0 1.7678 0 1.41424 0.07767397 1.515257 0.07767397 1.515257 0 1.41424 0.07767397 1.212206 0.07767397 1.515257 0.07767397 1.212206 0.155348 1.212206 0.155348 1.212206 0.07767397 1.212206 0.155348 0.9091542 0.155348 1.212206 0.155348 0.9091542 0.233022 0.9091542 0.233022 0.9091542 0.155348 0.9091542 0.233022 0.6061028 0.233022 0.9091542 0.233022 0.6061028 0.310696 0.6061028 0.310696 0.6061028 0.233022 0.6061028 0.310696 0.3030514 0.310696 0.6061028 0.310696 0.3030514 0.356768 0.3030514 0.356768 0.3030514 0.310696 0.3030514 0.309365 0 0.356768 0.3030514 0.309365 0 0.371238 0 0 1.41424 0 1.06068 0.07767397 1.212206 0.07767397 1.212206 0 1.06068 0.07767397 0.9091542 0.07767397 1.212206 0.07767397 0.9091542 0.155348 0.9091542 0.155348 0.9091542 0.07767397 0.9091542 0.155348 0.6061028 0.155348 0.9091542 0.155348 0.6061028 0.233022 0.6061028 0.233022 0.6061028 0.155348 0.6061028 0.233022 0.3030514 0.233022 0.6061028 0.233022 0.3030514 0.310696 0.3030514 0.310696 0.3030514 0.233022 0.3030514 0.247492 0 0.310696 0.3030514 0.247492 0 0.309365 0 0 1.06068 0 0.70712 0.07767397 0.9091542 0.07767397 0.9091542 0 0.70712 0.07767397 0.6061028 0.07767397 0.9091542 0.07767397 0.6061028 0.155348 0.6061028 0.155348 0.6061028 0.07767397 0.6061028 0.155348 0.3030514 0.155348 0.6061028 0.155348 0.3030514 0.233022 0.3030514 0.233022 0.3030514 0.155348 0.3030514 0.1856189 0 0.233022 0.3030514 0.1856189 0 0.247492 0 0 0.70712 0 0.35356 0.07767397 0.6061028 0.07767397 0.6061028 0 0.35356 0.07767397 0.3030514 0.07767397 0.6061028 0.07767397 0.3030514 0.155348 0.3030514 0.155348 0.3030514 0.07767397 0.3030514 0.123746 0 0.155348 0.3030514 0.123746 0 0.1856189 0 0 0 0.06187295 0 0 0.35356 0 0.35356 0.06187295 0 0.07767397 0.3030514 0.06187295 0 0.123746 0 0.07767397 0.3030514 0.448912 0.3030514 0.494984 0 0.494984 0.3030514 0.494984 0.3030514 0.494984 0 0.556857 0 0.494984 0.3030514 0.556857 0 0.5765156 0.3030514 0.5765156 0.3030514 0.556857 0 0.61873 0 0.5765156 0.3030514 0.61873 0 0.6580472 0.3030514 0.6580472 0.3030514 0.61873 0 0.680603 0 0.6580472 0.3030514 0.680603 0 0.698813 0.3030514 0.698813 0.3030514 0.680603 0 0.742476 0 0.698813 0.3030514 0.742476 0 0.7395789 0.3030514 0.7395789 0.3030514 0.742476 0 0.804349 0 0.7395789 0.3030514 0.804349 0 0.7803447 0.3030514 0.7803447 0.3030514 0.804349 0 0.866222 0 0.7803447 0.3030514 0.866222 0 0.8211104 0.3030514 0.8211104 0.3030514 0.866222 0 0.8633248 0.3030514 0.8211104 0.3030514 0.8633248 0.3030514 0.8211104 0.6061028 0.8211104 0.6061028 0.8633248 0.3030514 0.8633248 0.6061028 0.8211104 0.6061028 0.8633248 0.6061028 0.8211104 0.9091542 0.8211104 0.9091542 0.8633248 0.6061028 0.8633248 0.9091542 0.8211104 0.9091542 0.8633248 0.9091542 0.8211104 1.212206 0.8211104 1.212206 0.8633248 0.9091542 0.8633248 1.212206 0.8211104 1.212206 0.8633248 1.212206 0.8211104 1.515257 0.8211104 1.515257 0.8633248 1.212206 0.8633248 1.515257 0.8211104 1.515257 0.8633248 1.515257 0.8211104 1.818308 0.8211104 1.818308 0.8633248 1.515257 0.8633248 1.818308 0.8211104 1.818308 0.8633248 1.818308 0.8211104 2.12136 0.8211104 2.12136 0.8633248 1.818308 0.8633248 2.12136 0.8211104 2.12136 0.8633248 2.12136 0.8211104 2.424411 0.8211104 2.424411 0.8633248 2.12136 0.8633248 2.424411 0.8211104 2.424411 0.8633248 2.424411 0.8211104 2.727463 0.8211104 2.727463 0.8633248 2.424411 0.8633248 2.727463 0.8211104 2.727463 0.8633248 2.727463 0.8211104 3.030514 0.8211104 3.030514 0.8633248 2.727463 0.8633248 3.030514 0.8211104 3.030514 0.8633248 3.030514 0.8211104 3.333565 0.8211104 3.333565 0.8633248 3.030514 0.8633248 3.333565 0.8211104 3.333565 0.8633248 3.333565 0.8211104 3.636617 0.8211104 3.636617 0.8633248 3.333565 0.8633248 3.636617 0.8211104 3.636617 0.8633248 3.636617 0.8211104 3.939668 0.8211104 3.939668 0.8633248 3.636617 0.8633248 3.939668 0.866222 0 0.928095 0 0.8633248 0.3030514 0.8633248 0.3030514 0.928095 0 0.9055392 0.3030514 0.8633248 0.3030514 0.9055392 0.3030514 0.8633248 0.6061028 0.8633248 0.6061028 0.9055392 0.3030514 0.9055392 0.6061028 0.8633248 0.6061028 0.9055392 0.6061028 0.8633248 0.9091542 0.8633248 0.9091542 0.9055392 0.6061028 0.9055392 0.9091542 0.8633248 0.9091542 0.9055392 0.9091542 0.8633248 1.212206 0.8633248 1.212206 0.9055392 0.9091542 0.9055392 1.212206 0.8633248 1.212206 0.9055392 1.212206 0.8633248 1.515257 0.8633248 1.515257 0.9055392 1.212206 0.9055392 1.515257 0.8633248 1.515257 0.9055392 1.515257 0.8633248 1.818308 0.8633248 1.818308 0.9055392 1.515257 0.9055392 1.818308 0.8633248 1.818308 0.9055392 1.818308 0.8633248 2.12136 0.8633248 2.12136 0.9055392 1.818308 0.9055392 2.12136 0.8633248 2.12136 0.9055392 2.12136 0.8633248 2.424411 0.8633248 2.424411 0.9055392 2.12136 0.9055392 2.424411 0.8633248 2.424411 0.9055392 2.424411 0.8633248 2.727463 0.8633248 2.727463 0.9055392 2.424411 0.9055392 2.727463 0.8633248 2.727463 0.9055392 2.727463 0.8633248 3.030514 0.8633248 3.030514 0.9055392 2.727463 0.9055392 3.030514 0.8633248 3.030514 0.9055392 3.030514 0.8633248 3.333565 0.8633248 3.333565 0.9055392 3.030514 0.9055392 3.333565 0.8633248 3.333565 0.9055392 3.333565 0.8633248 3.636617 0.8633248 3.636617 0.9055392 3.333565 0.9055392 3.636617 0.8633248 3.636617 0.9055392 3.636617 0.8633248 3.939668 0.8633248 3.939668 0.9055392 3.636617 0.9055392 3.939668 0.928095 0 0.989968 0 0.9055392 0.3030514 0.9055392 0.3030514 0.989968 0 0.989968 0.35356 0.9055392 0.3030514 0.989968 0.35356 0.9055392 0.6061028 0.9055392 0.6061028 0.989968 0.35356 0.989968 0.70712 0.9055392 0.6061028 0.989968 0.70712 0.9055392 0.9091542 0.9055392 0.9091542 0.989968 0.70712 0.989968 1.06068 0.9055392 0.9091542 0.989968 1.06068 0.9055392 1.212206 0.9055392 1.212206 0.989968 1.06068 0.989968 1.41424 0.9055392 1.212206 0.989968 1.41424 0.9055392 1.515257 0.9055392 1.515257 0.989968 1.41424 0.989968 1.7678 0.9055392 1.515257 0.989968 1.7678 0.9055392 1.818308 0.9055392 1.818308 0.989968 1.7678 0.989968 2.12136 0.9055392 1.818308 0.989968 2.12136 0.9055392 2.12136 0.9055392 2.12136 0.989968 2.12136 0.9055392 2.424411 0.989968 2.12136 0.989968 2.47492 0.9055392 2.424411 0.9055392 2.424411 0.989968 2.47492 0.9055392 2.727463 0.989968 2.47492 0.989968 2.82848 0.9055392 2.727463 0.9055392 2.727463 0.989968 2.82848 0.9055392 3.030514 0.989968 2.82848 0.989968 3.18204 0.9055392 3.030514 0.9055392 3.030514 0.989968 3.18204 0.9055392 3.333565 0.989968 3.18204 0.989968 3.5356 0.9055392 3.333565 0.9055392 3.333565 0.989968 3.5356 0.9055392 3.636617 0.989968 3.5356 0.989968 3.88916 0.9055392 3.636617 0.9055392 3.636617 0.989968 3.88916 0.9055392 3.939668 0.989968 3.88916 0.989968 4.24272 0.9055392 3.939668 0.989968 8.839 0.989968 9.19256 0.9055392 8.889509 0.9055392 8.889509 0.989968 9.19256 0.9055392 9.293577 0.9055392 8.889509 0.9055392 9.293577 0.8633248 9.293577 0.8633248 9.293577 0.9055392 9.293577 0.8633248 9.697646 0.8633248 9.293577 0.8633248 9.697646 0.8211104 9.697646 0.8211104 9.697646 0.8633248 9.697646 0.8211104 10.10171 0.8211104 9.697646 0.8211104 10.10171 0.7803447 10.10171 0.7803447 10.10171 0.8211104 10.10171 0.7803447 10.50578 0.7803447 10.10171 0.7803447 10.50578 0.7395789 10.50578 0.7395789 10.50578 0.7803447 10.50578 0.7395789 10.90985 0.7395789 10.50578 0.7395789 10.90985 0.698813 10.90985 0.698813 10.90985 0.7395789 10.90985 0.680603 11.31392 0.698813 10.90985 0.680603 11.31392 0.61873 11.31392 0.989968 9.19256 0.989968 9.54612 0.9055392 9.293577 0.9055392 9.293577 0.989968 9.54612 0.9055392 9.697646 0.9055392 9.293577 0.9055392 9.697646 0.8633248 9.697646 0.8633248 9.697646 0.9055392 9.697646 0.8633248 10.10171 0.8633248 9.697646 0.8633248 10.10171 0.8211104 10.10171 0.8211104 10.10171 0.8633248 10.10171 0.8211104 10.50578 0.8211104 10.10171 0.8211104 10.50578 0.7803447 10.50578 0.7803447 10.50578 0.8211104 10.50578 0.7803447 10.90985 0.7803447 10.50578 0.7803447 10.90985 0.7395789 10.90985 0.7395789 10.90985 0.7803447 10.90985 0.680603 11.31392 0.989968 9.54612 0.989968 9.89968 0.9055392 9.697646 0.9055392 9.697646 0.989968 9.89968 0.9055392 10.10171 0.9055392 9.697646 0.9055392 10.10171 0.8633248 10.10171 0.8633248 10.10171 0.9055392 10.10171 0.8633248 10.50578 0.8633248 10.10171 0.8633248 10.50578 0.8211104 10.50578 0.8211104 10.50578 0.8633248 10.50578 0.8211104 10.90985 0.8211104 10.50578 0.8211104 10.90985 0.7803447 10.90985 0.7803447 10.90985 0.8211104 10.90985 0.742476 11.31392 0.7803447 10.90985 0.742476 11.31392 0.680603 11.31392 0.989968 9.89968 0.989968 10.25324 0.9055392 10.10171 0.9055392 10.10171 0.989968 10.25324 0.9055392 10.50578 0.9055392 10.10171 0.9055392 10.50578 0.8633248 10.50578 0.8633248 10.50578 0.9055392 10.50578 0.8633248 10.90985 0.8633248 10.50578 0.8633248 10.90985 0.8211104 10.90985 0.8211104 10.90985 0.8633248 10.90985 0.804349 11.31392 0.8211104 10.90985 0.804349 11.31392 0.742476 11.31392 0.989968 10.25324 0.989968 10.6068 0.9055392 10.50578 0.9055392 10.50578 0.989968 10.6068 0.9055392 10.90985 0.9055392 10.50578 0.9055392 10.90985 0.8633248 10.90985 0.8633248 10.90985 0.9055392 10.90985 0.804349 11.31392 0.989968 10.6068 0.989968 10.96036 0.9055392 10.90985 0.9055392 10.90985 0.989968 10.96036 0.866222 11.31392 0.9055392 10.90985 0.866222 11.31392 0.804349 11.31392 0.989968 11.31392 0.928095 11.31392 0.989968 10.96036 0.989968 10.96036 0.928095 11.31392 0.866222 11.31392 0.07767397 10.90985 0.155348 10.50578 0.155348 10.90985 0.155348 10.90985 0.155348 10.50578 0.233022 10.50578 0.155348 10.90985 0.233022 10.50578 0.233022 10.90985 0.233022 10.90985 0.233022 10.50578 0.310696 10.50578 0.233022 10.90985 0.310696 10.50578 0.310696 10.90985 0.310696 10.90985 0.310696 10.50578 0.356768 10.50578 0.310696 10.90985 0.356768 10.50578 0.356768 10.90985 0.356768 10.90985 0.356768 10.50578 0.40284 10.50578 0.356768 10.90985 0.40284 10.50578 0.40284 10.90985 0.40284 10.90985 0.40284 10.50578 0.448912 10.50578 0.40284 10.90985 0.448912 10.50578 0.448912 10.90985 0.448912 10.90985 0.448912 10.50578 0.494984 10.50578 0.448912 10.90985 0.494984 10.50578 0.494984 10.90985 0.494984 10.90985 0.494984 10.50578 0.5765156 10.50578 0.494984 10.90985 0.5765156 10.50578 0.5765156 10.90985 0.5765156 10.90985 0.5765156 10.50578 0.6580472 10.50578 0.5765156 10.90985 0.6580472 10.50578 0.6580472 10.90985 0.6580472 10.90985 0.6580472 10.50578 0.698813 10.50578 0.155348 10.50578 0.233022 10.10171 0.233022 10.50578 0.233022 10.50578 0.233022 10.10171 0.310696 10.10171 0.233022 10.50578 0.310696 10.10171 0.310696 10.50578 0.310696 10.50578 0.310696 10.10171 0.356768 10.10171 0.310696 10.50578 0.356768 10.10171 0.356768 10.50578 0.356768 10.50578 0.356768 10.10171 0.40284 10.10171 0.356768 10.50578 0.40284 10.10171 0.40284 10.50578 0.40284 10.50578 0.40284 10.10171 0.448912 10.10171 0.40284 10.50578 0.448912 10.10171 0.448912 10.50578 0.448912 10.50578 0.448912 10.10171 0.494984 10.10171 0.448912 10.50578 0.494984 10.10171 0.494984 10.50578 0.494984 10.50578 0.494984 10.10171 0.5765156 10.10171 0.494984 10.50578 0.5765156 10.10171 0.5765156 10.50578 0.5765156 10.50578 0.5765156 10.10171 0.6580472 10.10171 0.5765156 10.50578 0.6580472 10.10171 0.6580472 10.50578 0.6580472 10.50578 0.6580472 10.10171 0.698813 10.10171 0.6580472 10.50578 0.698813 10.10171 0.698813 10.50578 0.698813 10.50578 0.698813 10.10171 0.7395789 10.10171 0.233022 10.10171 0.310696 9.697646 0.310696 10.10171 0.310696 10.10171 0.310696 9.697646 0.356768 9.697646 0.310696 10.10171 0.356768 9.697646 0.356768 10.10171 0.356768 10.10171 0.356768 9.697646 0.40284 9.697646 0.356768 10.10171 0.40284 9.697646 0.40284 10.10171 0.40284 10.10171 0.40284 9.697646 0.448912 9.697646 0.40284 10.10171 0.448912 9.697646 0.448912 10.10171 0.448912 10.10171 0.448912 9.697646 0.494984 9.697646 0.448912 10.10171 0.494984 9.697646 0.494984 10.10171 0.494984 10.10171 0.494984 9.697646 0.5765156 9.697646 0.494984 10.10171 0.5765156 9.697646 0.5765156 10.10171 0.5765156 10.10171 0.5765156 9.697646 0.6580472 9.697646 0.5765156 10.10171 0.6580472 9.697646 0.6580472 10.10171 0.6580472 10.10171 0.6580472 9.697646 0.698813 9.697646 0.6580472 10.10171 0.698813 9.697646 0.698813 10.10171 0.698813 10.10171 0.698813 9.697646 0.7395789 9.697646 0.698813 10.10171 0.7395789 9.697646 0.7395789 10.10171 0.7395789 10.10171 0.7395789 9.697646 0.7803447 9.697646 0.310696 9.697646 0.356768 9.293577 0.356768 9.697646 0.356768 9.697646 0.356768 9.293577 0.40284 9.293577 0.356768 9.697646 0.40284 9.293577 0.40284 9.697646 0.40284 9.697646 0.40284 9.293577 0.448912 9.293577 0.40284 9.697646 0.448912 9.293577 0.448912 9.697646 0.448912 9.697646 0.448912 9.293577 0.494984 9.293577 0.448912 9.697646 0.494984 9.293577 0.494984 9.697646 0.494984 9.697646 0.494984 9.293577 0.5765156 9.293577 0.494984 9.697646 0.5765156 9.293577 0.5765156 9.697646 0.5765156 9.697646 0.5765156 9.293577 0.6580472 9.293577 0.5765156 9.697646 0.6580472 9.293577 0.6580472 9.697646 0.6580472 9.697646 0.6580472 9.293577 0.698813 9.293577 0.6580472 9.697646 0.698813 9.293577 0.698813 9.697646 0.698813 9.697646 0.698813 9.293577 0.7395789 9.293577 0.698813 9.697646 0.7395789 9.293577 0.7395789 9.697646 0.7395789 9.697646 0.7395789 9.293577 0.7803447 9.293577 0.7395789 9.697646 0.7803447 9.293577 0.7803447 9.697646 0.7803447 9.697646 0.7803447 9.293577 0.8211104 9.293577 0.356768 9.293577 0.40284 8.889509 0.40284 9.293577 0.40284 9.293577 0.40284 8.889509 0.448912 8.889509 0.40284 9.293577 0.448912 8.889509 0.448912 9.293577 0.448912 9.293577 0.448912 8.889509 0.494984 8.889509 0.448912 9.293577 0.494984 8.889509 0.494984 9.293577 0.494984 9.293577 0.494984 8.889509 0.5765156 8.889509 0.494984 9.293577 0.5765156 8.889509 0.5765156 9.293577 0.5765156 9.293577 0.5765156 8.889509 0.6580472 8.889509 0.5765156 9.293577 0.6580472 8.889509 0.6580472 9.293577 0.6580472 9.293577 0.6580472 8.889509 0.698813 8.889509 0.6580472 9.293577 0.698813 8.889509 0.698813 9.293577 0.698813 9.293577 0.698813 8.889509 0.7395789 8.889509 0.698813 9.293577 0.7395789 8.889509 0.7395789 9.293577 0.7395789 9.293577 0.7395789 8.889509 0.7803447 8.889509 0.7395789 9.293577 0.7803447 8.889509 0.7803447 9.293577 0.7803447 9.293577 0.7803447 8.889509 0.8211104 8.889509 0.7803447 9.293577 0.8211104 8.889509 0.8211104 9.293577 0.8211104 9.293577 0.8211104 8.889509 0.8633248 8.889509 0.40284 8.889509 0.448912 8.48544 0.448912 8.889509 0.448912 8.889509 0.448912 8.48544 0.494984 8.48544 0.448912 8.889509 0.494984 8.48544 0.494984 8.889509 0.494984 8.889509 0.494984 8.48544 0.5765156 8.48544 0.494984 8.889509 0.5765156 8.48544 0.5765156 8.889509 0.5765156 8.889509 0.5765156 8.48544 0.6580472 8.48544 0.5765156 8.889509 0.6580472 8.48544 0.6580472 8.889509 0.6580472 8.889509 0.6580472 8.48544 0.698813 8.48544 0.6580472 8.889509 0.698813 8.48544 0.698813 8.889509 0.698813 8.889509 0.698813 8.48544 0.7395789 8.48544 0.698813 8.889509 0.7395789 8.48544 0.7395789 8.889509 0.7395789 8.889509 0.7395789 8.48544 0.7803447 8.48544 0.7395789 8.889509 0.7803447 8.48544 0.7803447 8.889509 0.7803447 8.889509 0.7803447 8.48544 0.8211104 8.48544 0.7803447 8.889509 0.8211104 8.48544 0.8211104 8.889509 0.8211104 8.889509 0.8211104 8.48544 0.8633248 8.48544 0.8211104 8.889509 0.8633248 8.48544 0.8633248 8.889509 0.8633248 8.889509 0.8633248 8.48544 0.9055392 8.48544 0.448912 8.48544 0.494984 8.081372 0.494984 8.48544 0.494984 8.48544 0.494984 8.081372 0.5765156 8.081372 0.494984 8.48544 0.5765156 8.081372 0.5765156 8.48544 0.5765156 8.48544 0.5765156 8.081372 0.6580472 8.081372 0.5765156 8.48544 0.6580472 8.081372 0.6580472 8.48544 0.6580472 8.48544 0.6580472 8.081372 0.698813 8.081372 0.6580472 8.48544 0.698813 8.081372 0.698813 8.48544 0.698813 8.48544 0.698813 8.081372 0.7395789 8.081372 0.698813 8.48544 0.7395789 8.081372 0.7395789 8.48544 0.7395789 8.48544 0.7395789 8.081372 0.7803447 8.081372 0.7395789 8.48544 0.7803447 8.081372 0.7803447 8.48544 0.7803447 8.48544 0.7803447 8.081372 0.8211104 8.081372 0.7803447 8.48544 0.8211104 8.081372 0.8211104 8.48544 0.8211104 8.48544 0.8211104 8.081372 0.8633248 8.081372 0.8211104 8.48544 0.8633248 8.081372 0.8633248 8.48544 0.8633248 8.48544 0.8633248 8.081372 0.9055392 8.081372 0.8633248 8.48544 0.9055392 8.081372 0.9055392 8.48544 0.07767397 8.48544 0.07767397 8.081372 0.155348 8.081372 0.155348 8.081372 0.07767397 8.081372 0.155348 7.677302 0.155348 8.081372 0.155348 7.677302 0.233022 7.677302 0.233022 7.677302 0.155348 7.677302 0.233022 7.273234 0.233022 7.677302 0.233022 7.273234 0.310696 7.273234 0.310696 7.273234 0.233022 7.273234 0.310696 6.869165 0.310696 7.273234 0.310696 6.869165 0.356768 6.869165 0.356768 6.869165 0.310696 6.869165 0.356768 6.465097 0.356768 6.869165 0.356768 6.465097 0.40284 6.465097 0.40284 6.465097 0.356768 6.465097 0.40284 6.061028 0.40284 6.465097 0.40284 6.061028 0.448912 6.061028 0.448912 6.061028 0.40284 6.061028 0.448912 5.65696 0.448912 6.061028 0.448912 5.65696 0.494984 5.65696 0.494984 5.65696 0.448912 5.65696 0.494984 5.252891 0.494984 5.65696 0.494984 5.252891 0.5765156 5.252891 0.5765156 5.252891 0.494984 5.252891 0.5765156 4.848823 0.5765156 5.252891 0.5765156 4.848823 0.6580472 4.848823 0.6580472 4.848823 0.5765156 4.848823 0.6580472 4.545771 0.6580472 4.848823 0.6580472 4.545771 0.698813 4.545771 0.698813 4.545771 0.6580472 4.545771 0.698813 4.24272 0.698813 4.545771 0.698813 4.24272 0.7395789 4.24272 0.494984 8.081372 0.5765156 7.677302 0.5765156 8.081372 0.5765156 8.081372 0.5765156 7.677302 0.6580472 7.677302 0.5765156 8.081372 0.6580472 7.677302 0.6580472 8.081372 0.6580472 8.081372 0.6580472 7.677302 0.698813 7.677302 0.6580472 8.081372 0.698813 7.677302 0.698813 8.081372 0.698813 8.081372 0.698813 7.677302 0.7395789 7.677302 0.698813 8.081372 0.7395789 7.677302 0.7395789 8.081372 0.7395789 8.081372 0.7395789 7.677302 0.7803447 7.677302 0.7395789 8.081372 0.7803447 7.677302 0.7803447 8.081372 0.7803447 8.081372 0.7803447 7.677302 0.8211104 7.677302 0.7803447 8.081372 0.8211104 7.677302 0.8211104 8.081372 0.8211104 8.081372 0.8211104 7.677302 0.8633248 7.677302 0.8211104 8.081372 0.8633248 7.677302 0.8633248 8.081372 0.8633248 8.081372 0.8633248 7.677302 0.9055392 7.677302 0.8633248 8.081372 0.9055392 7.677302 0.9055392 8.081372 0.07767397 8.081372 0.07767397 7.677302 0.155348 7.677302 0.155348 7.677302 0.07767397 7.677302 0.155348 7.273234 0.155348 7.677302 0.155348 7.273234 0.233022 7.273234 0.233022 7.273234 0.155348 7.273234 0.233022 6.869165 0.233022 7.273234 0.233022 6.869165 0.310696 6.869165 0.310696 6.869165 0.233022 6.869165 0.310696 6.465097 0.310696 6.869165 0.310696 6.465097 0.356768 6.465097 0.356768 6.465097 0.310696 6.465097 0.356768 6.061028 0.356768 6.465097 0.356768 6.061028 0.40284 6.061028 0.40284 6.061028 0.356768 6.061028 0.40284 5.65696 0.40284 6.061028 0.40284 5.65696 0.448912 5.65696 0.448912 5.65696 0.40284 5.65696 0.448912 5.252891 0.448912 5.65696 0.448912 5.252891 0.494984 5.252891 0.494984 5.252891 0.448912 5.252891 0.494984 4.848823 0.494984 5.252891 0.494984 4.848823 0.5765156 4.848823 0.5765156 4.848823 0.494984 4.848823 0.5765156 4.545771 0.5765156 4.848823 0.5765156 4.545771 0.6580472 4.545771 0.6580472 4.545771 0.5765156 4.545771 0.6580472 4.24272 0.6580472 4.545771 0.6580472 4.24272 0.698813 4.24272 0.5765156 7.677302 0.6580472 7.273234 0.6580472 7.677302 0.6580472 7.677302 0.6580472 7.273234 0.698813 7.273234 0.6580472 7.677302 0.698813 7.273234 0.698813 7.677302 0.698813 7.677302 0.698813 7.273234 0.7395789 7.273234 0.698813 7.677302 0.7395789 7.273234 0.7395789 7.677302 0.7395789 7.677302 0.7395789 7.273234 0.7803447 7.273234 0.7395789 7.677302 0.7803447 7.273234 0.7803447 7.677302 0.7803447 7.677302 0.7803447 7.273234 0.8211104 7.273234 0.7803447 7.677302 0.8211104 7.273234 0.8211104 7.677302 0.8211104 7.677302 0.8211104 7.273234 0.8633248 7.273234 0.8211104 7.677302 0.8633248 7.273234 0.8633248 7.677302 0.8633248 7.677302 0.8633248 7.273234 0.9055392 7.273234 0.8633248 7.677302 0.9055392 7.273234 0.9055392 7.677302 0.07767397 7.677302 0.07767397 7.273234 0.155348 7.273234 0.155348 7.273234 0.07767397 7.273234 0.155348 6.869165 0.155348 7.273234 0.155348 6.869165 0.233022 6.869165 0.233022 6.869165 0.155348 6.869165 0.233022 6.465097 0.233022 6.869165 0.233022 6.465097 0.310696 6.465097 0.310696 6.465097 0.233022 6.465097 0.310696 6.061028 0.310696 6.465097 0.310696 6.061028 0.356768 6.061028 0.356768 6.061028 0.310696 6.061028 0.356768 5.65696 0.356768 6.061028 0.356768 5.65696 0.40284 5.65696 0.40284 5.65696 0.356768 5.65696 0.40284 5.252891 0.40284 5.65696 0.40284 5.252891 0.448912 5.252891 0.448912 5.252891 0.40284 5.252891 0.448912 4.848823 0.448912 5.252891 0.448912 4.848823 0.494984 4.848823 0.494984 4.848823 0.448912 4.848823 0.494984 4.545771 0.494984 4.848823 0.494984 4.545771 0.5765156 4.545771 0.5765156 4.545771 0.494984 4.545771 0.5765156 4.24272 0.5765156 4.545771 0.5765156 4.24272 0.6580472 4.24272 0.6580472 7.273234 0.698813 6.869165 0.698813 7.273234 0.698813 7.273234 0.698813 6.869165 0.7395789 6.869165 0.698813 7.273234 0.7395789 6.869165 0.7395789 7.273234 0.7395789 7.273234 0.7395789 6.869165 0.7803447 6.869165 0.7395789 7.273234 0.7803447 6.869165 0.7803447 7.273234 0.7803447 7.273234 0.7803447 6.869165 0.8211104 6.869165 0.7803447 7.273234 0.8211104 6.869165 0.8211104 7.273234 0.8211104 7.273234 0.8211104 6.869165 0.8633248 6.869165 0.8211104 7.273234 0.8633248 6.869165 0.8633248 7.273234 0.8633248 7.273234 0.8633248 6.869165 0.9055392 6.869165 0.8633248 7.273234 0.9055392 6.869165 0.9055392 7.273234 0.07767397 7.273234 0.07767397 6.869165 0.155348 6.869165 0.155348 6.869165 0.07767397 6.869165 0.155348 6.465097 0.155348 6.869165 0.155348 6.465097 0.233022 6.465097 0.233022 6.465097 0.155348 6.465097 0.233022 6.061028 0.233022 6.465097 0.233022 6.061028 0.310696 6.061028 0.310696 6.061028 0.233022 6.061028 0.310696 5.65696 0.310696 6.061028 0.310696 5.65696 0.356768 5.65696 0.356768 5.65696 0.310696 5.65696 0.356768 5.252891 0.356768 5.65696 0.356768 5.252891 0.40284 5.252891 0.40284 5.252891 0.356768 5.252891 0.40284 4.848823 0.40284 5.252891 0.40284 4.848823 0.448912 4.848823 0.448912 4.848823 0.40284 4.848823 0.448912 4.545771 0.448912 4.848823 0.448912 4.545771 0.494984 4.545771 0.494984 4.545771 0.448912 4.545771 0.494984 4.24272 0.494984 4.545771 0.494984 4.24272 0.5765156 4.24272 0.698813 6.869165 0.7395789 6.465097 0.7395789 6.869165 0.7395789 6.869165 0.7395789 6.465097 0.7803447 6.465097 0.7395789 6.869165 0.7803447 6.465097 0.7803447 6.869165 0.7803447 6.869165 0.7803447 6.465097 0.8211104 6.465097 0.7803447 6.869165 0.8211104 6.465097 0.8211104 6.869165 0.8211104 6.869165 0.8211104 6.465097 0.8633248 6.465097 0.8211104 6.869165 0.8633248 6.465097 0.8633248 6.869165 0.8633248 6.869165 0.8633248 6.465097 0.9055392 6.465097 0.8633248 6.869165 0.9055392 6.465097 0.9055392 6.869165 0.07767397 6.869165 0.07767397 6.465097 0.155348 6.465097 0.155348 6.465097 0.07767397 6.465097 0.155348 6.061028 0.155348 6.465097 0.155348 6.061028 0.233022 6.061028 0.233022 6.061028 0.155348 6.061028 0.233022 5.65696 0.233022 6.061028 0.233022 5.65696 0.310696 5.65696 0.310696 5.65696 0.233022 5.65696 0.310696 5.252891 0.310696 5.65696 0.310696 5.252891 0.356768 5.252891 0.356768 5.252891 0.310696 5.252891 0.356768 4.848823 0.356768 5.252891 0.356768 4.848823 0.40284 4.848823 0.40284 4.848823 0.356768 4.848823 0.40284 4.545771 0.40284 4.848823 0.40284 4.545771 0.448912 4.545771 0.448912 4.545771 0.40284 4.545771 0.448912 4.24272 0.448912 4.545771 0.448912 4.24272 0.494984 4.24272 0.7395789 6.465097 0.7803447 6.061028 0.7803447 6.465097 0.7803447 6.465097 0.7803447 6.061028 0.8211104 6.061028 0.7803447 6.465097 0.8211104 6.061028 0.8211104 6.465097 0.8211104 6.465097 0.8211104 6.061028 0.8633248 6.061028 0.8211104 6.465097 0.8633248 6.061028 0.8633248 6.465097 0.8633248 6.465097 0.8633248 6.061028 0.9055392 6.061028 0.8633248 6.465097 0.9055392 6.061028 0.9055392 6.465097 0.07767397 6.465097 0.07767397 6.061028 0.155348 6.061028 0.155348 6.061028 0.07767397 6.061028 0.155348 5.65696 0.155348 6.061028 0.155348 5.65696 0.233022 5.65696 0.233022 5.65696 0.155348 5.65696 0.233022 5.252891 0.233022 5.65696 0.233022 5.252891 0.310696 5.252891 0.310696 5.252891 0.233022 5.252891 0.310696 4.848823 0.310696 5.252891 0.310696 4.848823 0.356768 4.848823 0.356768 4.848823 0.310696 4.848823 0.356768 4.545771 0.356768 4.848823 0.356768 4.545771 0.40284 4.545771 0.40284 4.545771 0.356768 4.545771 0.40284 4.24272 0.40284 4.545771 0.40284 4.24272 0.448912 4.24272 0.7803447 6.061028 0.8211104 5.65696 0.8211104 6.061028 0.8211104 6.061028 0.8211104 5.65696 0.8633248 5.65696 0.8211104 6.061028 0.8633248 5.65696 0.8633248 6.061028 0.8633248 6.061028 0.8633248 5.65696 0.9055392 5.65696 0.8633248 6.061028 0.9055392 5.65696 0.9055392 6.061028 0.07767397 6.061028 0.07767397 5.65696 0.155348 5.65696 0.155348 5.65696 0.07767397 5.65696 0.155348 5.252891 0.155348 5.65696 0.155348 5.252891 0.233022 5.252891 0.233022 5.252891 0.155348 5.252891 0.233022 4.848823 0.233022 5.252891 0.233022 4.848823 0.310696 4.848823 0.310696 4.848823 0.233022 4.848823 0.310696 4.545771 0.310696 4.848823 0.310696 4.545771 0.356768 4.545771 0.356768 4.545771 0.310696 4.545771 0.356768 4.24272 0.356768 4.545771 0.356768 4.24272 0.40284 4.24272 0.9055392 5.252891 0.9055392 5.65696 0.8633248 5.65696 0.9055392 5.252891 0.8633248 5.65696 0.8633248 5.252891 0.8633248 5.252891 0.8633248 5.65696 0.8211104 5.65696 0.07767397 5.65696 0.07767397 5.252891 0.155348 5.252891 0.155348 5.252891 0.07767397 5.252891 0.155348 4.848823 0.155348 5.252891 0.155348 4.848823 0.233022 4.848823 0.233022 4.848823 0.155348 4.848823 0.233022 4.545771 0.233022 4.848823 0.233022 4.545771 0.310696 4.545771 0.310696 4.545771 0.233022 4.545771 0.310696 4.24272 0.310696 4.545771 0.310696 4.24272 0.356768 4.24272 0.9055392 4.848823 0.9055392 5.252891 0.8633248 5.252891 0.07767397 5.252891 0.07767397 4.848823 0.155348 4.848823 0.155348 4.848823 0.07767397 4.848823 0.155348 4.545771 0.155348 4.848823 0.155348 4.545771 0.233022 4.545771 0.233022 4.545771 0.155348 4.545771 0.233022 4.24272 0.233022 4.545771 0.233022 4.24272 0.310696 4.24272 0.07767397 4.848823 0.07767397 4.545771 0.155348 4.545771 0.155348 4.545771 0.07767397 4.545771 0.155348 4.24272 0.155348 4.545771 0.155348 4.24272 0.233022 4.24272 0.07767397 4.24272 0.155348 4.24272 0.07767397 4.545771 0.155348 3.939668 0.07767397 3.939668 0.155348 3.636617 0.155348 3.636617 0.07767397 3.939668 0.07767397 3.636617 0.155348 3.636617 0.07767397 3.636617 0.155348 3.333565 0.155348 3.333565 0.07767397 3.636617 0.07767397 3.333565 0.155348 3.333565 0.07767397 3.333565 0.155348 3.030514 0.155348 3.030514 0.07767397 3.333565 0.07767397 3.030514 0.155348 3.030514 0.07767397 3.030514 0.155348 2.727463 0.155348 2.727463 0.07767397 3.030514 0.07767397 2.727463 0.155348 2.727463 0.07767397 2.727463 0.155348 2.424411 0.155348 2.424411 0.07767397 2.727463 0.07767397 2.424411 0.155348 2.424411 0.07767397 2.424411 0.155348 2.12136 0.155348 2.12136 0.07767397 2.424411 0.07767397 2.12136 0.155348 2.12136 0.07767397 2.12136 0.155348 1.818308 0.233022 3.939668 0.155348 3.939668 0.233022 3.636617 0.233022 3.636617 0.155348 3.939668 0.155348 3.636617 0.233022 3.636617 0.155348 3.636617 0.233022 3.333565 0.233022 3.333565 0.155348 3.636617 0.155348 3.333565 0.233022 3.333565 0.155348 3.333565 0.233022 3.030514 0.233022 3.030514 0.155348 3.333565 0.155348 3.030514 0.233022 3.030514 0.155348 3.030514 0.233022 2.727463 0.233022 2.727463 0.155348 3.030514 0.155348 2.727463 0.233022 2.727463 0.155348 2.727463 0.233022 2.424411 0.233022 2.424411 0.155348 2.727463 0.155348 2.424411 0.233022 2.424411 0.155348 2.424411 0.233022 2.12136 0.233022 2.12136 0.155348 2.424411 0.155348 2.12136 0.233022 2.12136 0.155348 2.12136 0.233022 1.818308 0.233022 1.818308 0.155348 2.12136 0.155348 1.818308 0.233022 1.818308 0.155348 1.818308 0.233022 1.515257 0.310696 3.939668 0.233022 3.939668 0.310696 3.636617 0.310696 3.636617 0.233022 3.939668 0.233022 3.636617 0.310696 3.636617 0.233022 3.636617 0.310696 3.333565 0.310696 3.333565 0.233022 3.636617 0.233022 3.333565 0.310696 3.333565 0.233022 3.333565 0.310696 3.030514 0.310696 3.030514 0.233022 3.333565 0.233022 3.030514 0.310696 3.030514 0.233022 3.030514 0.310696 2.727463 0.310696 2.727463 0.233022 3.030514 0.233022 2.727463 0.310696 2.727463 0.233022 2.727463 0.310696 2.424411 0.310696 2.424411 0.233022 2.727463 0.233022 2.424411 0.310696 2.424411 0.233022 2.424411 0.310696 2.12136 0.310696 2.12136 0.233022 2.424411 0.233022 2.12136 0.310696 2.12136 0.233022 2.12136 0.310696 1.818308 0.310696 1.818308 0.233022 2.12136 0.233022 1.818308 0.310696 1.818308 0.233022 1.818308 0.310696 1.515257 0.310696 1.515257 0.233022 1.818308 0.233022 1.515257 0.310696 1.515257 0.233022 1.515257 0.310696 1.212206 0.356768 3.939668 0.310696 3.939668 0.356768 3.636617 0.356768 3.636617 0.310696 3.939668 0.310696 3.636617 0.356768 3.636617 0.310696 3.636617 0.356768 3.333565 0.356768 3.333565 0.310696 3.636617 0.310696 3.333565 0.356768 3.333565 0.310696 3.333565 0.356768 3.030514 0.356768 3.030514 0.310696 3.333565 0.310696 3.030514 0.356768 3.030514 0.310696 3.030514 0.356768 2.727463 0.356768 2.727463 0.310696 3.030514 0.310696 2.727463 0.356768 2.727463 0.310696 2.727463 0.356768 2.424411 0.356768 2.424411 0.310696 2.727463 0.310696 2.424411 0.356768 2.424411 0.310696 2.424411 0.356768 2.12136 0.356768 2.12136 0.310696 2.424411 0.310696 2.12136 0.356768 2.12136 0.310696 2.12136 0.356768 1.818308 0.356768 1.818308 0.310696 2.12136 0.310696 1.818308 0.356768 1.818308 0.310696 1.818308 0.356768 1.515257 0.356768 1.515257 0.310696 1.818308 0.310696 1.515257 0.356768 1.515257 0.310696 1.515257 0.356768 1.212206 0.356768 1.212206 0.310696 1.515257 0.310696 1.212206 0.356768 1.212206 0.310696 1.212206 0.356768 0.9091542 0.40284 3.939668 0.356768 3.939668 0.40284 3.636617 0.40284 3.636617 0.356768 3.939668 0.356768 3.636617 0.40284 3.636617 0.356768 3.636617 0.40284 3.333565 0.40284 3.333565 0.356768 3.636617 0.356768 3.333565 0.40284 3.333565 0.356768 3.333565 0.40284 3.030514 0.40284 3.030514 0.356768 3.333565 0.356768 3.030514 0.40284 3.030514 0.356768 3.030514 0.40284 2.727463 0.40284 2.727463 0.356768 3.030514 0.356768 2.727463 0.40284 2.727463 0.356768 2.727463 0.40284 2.424411 0.40284 2.424411 0.356768 2.727463 0.356768 2.424411 0.40284 2.424411 0.356768 2.424411 0.40284 2.12136 0.40284 2.12136 0.356768 2.424411 0.356768 2.12136 0.40284 2.12136 0.356768 2.12136 0.40284 1.818308 0.40284 1.818308 0.356768 2.12136 0.356768 1.818308 0.40284 1.818308 0.356768 1.818308 0.40284 1.515257 0.40284 1.515257 0.356768 1.818308 0.356768 1.515257 0.40284 1.515257 0.356768 1.515257 0.40284 1.212206 0.40284 1.212206 0.356768 1.515257 0.356768 1.212206 0.40284 1.212206 0.356768 1.212206 0.40284 0.9091542 0.40284 0.9091542 0.356768 1.212206 0.356768 0.9091542 0.40284 0.9091542 0.356768 0.9091542 0.40284 0.6061028 0.448912 3.939668 0.40284 3.939668 0.448912 3.636617 0.448912 3.636617 0.40284 3.939668 0.40284 3.636617 0.448912 3.636617 0.40284 3.636617 0.448912 3.333565 0.448912 3.333565 0.40284 3.636617 0.40284 3.333565 0.448912 3.333565 0.40284 3.333565 0.448912 3.030514 0.448912 3.030514 0.40284 3.333565 0.40284 3.030514 0.448912 3.030514 0.40284 3.030514 0.448912 2.727463 0.448912 2.727463 0.40284 3.030514 0.40284 2.727463 0.448912 2.727463 0.40284 2.727463 0.448912 2.424411 0.448912 2.424411 0.40284 2.727463 0.40284 2.424411 0.448912 2.424411 0.40284 2.424411 0.448912 2.12136 0.448912 2.12136 0.40284 2.424411 0.40284 2.12136 0.448912 2.12136 0.40284 2.12136 0.448912 1.818308 0.448912 1.818308 0.40284 2.12136 0.40284 1.818308 0.448912 1.818308 0.40284 1.818308 0.448912 1.515257 0.448912 1.515257 0.40284 1.818308 0.40284 1.515257 0.448912 1.515257 0.40284 1.515257 0.448912 1.212206 0.448912 1.212206 0.40284 1.515257 0.40284 1.212206 0.448912 1.212206 0.40284 1.212206 0.448912 0.9091542 0.448912 0.9091542 0.40284 1.212206 0.40284 0.9091542 0.448912 0.9091542 0.40284 0.9091542 0.448912 0.6061028 0.448912 0.6061028 0.40284 0.9091542 0.40284 0.6061028 0.448912 0.6061028 0.40284 0.6061028 0.448912 0.3030514 0.494984 3.939668 0.448912 3.939668 0.494984 3.636617 0.494984 3.636617 0.448912 3.939668 0.448912 3.636617 0.494984 3.636617 0.448912 3.636617 0.494984 3.333565 0.494984 3.333565 0.448912 3.636617 0.448912 3.333565 0.494984 3.333565 0.448912 3.333565 0.494984 3.030514 0.494984 3.030514 0.448912 3.333565 0.448912 3.030514 0.494984 3.030514 0.448912 3.030514 0.494984 2.727463 0.494984 2.727463 0.448912 3.030514 0.448912 2.727463 0.494984 2.727463 0.448912 2.727463 0.494984 2.424411 0.494984 2.424411 0.448912 2.727463 0.448912 2.424411 0.494984 2.424411 0.448912 2.424411 0.494984 2.12136 0.494984 2.12136 0.448912 2.424411 0.448912 2.12136 0.494984 2.12136 0.448912 2.12136 0.494984 1.818308 0.494984 1.818308 0.448912 2.12136 0.448912 1.818308 0.494984 1.818308 0.448912 1.818308 0.494984 1.515257 0.494984 1.515257 0.448912 1.818308 0.448912 1.515257 0.494984 1.515257 0.448912 1.515257 0.494984 1.212206 0.494984 1.212206 0.448912 1.515257 0.448912 1.212206 0.494984 1.212206 0.448912 1.212206 0.494984 0.9091542 0.494984 0.9091542 0.448912 1.212206 0.448912 0.9091542 0.494984 0.9091542 0.448912 0.9091542 0.494984 0.6061028 0.494984 0.6061028 0.448912 0.9091542 0.448912 0.6061028 0.494984 0.6061028 0.448912 0.6061028 0.494984 0.3030514 0.494984 0.3030514 0.448912 0.6061028 0.448912 0.3030514 0.5765156 3.939668 0.494984 3.939668 0.5765156 3.636617 0.5765156 3.636617 0.494984 3.939668 0.494984 3.636617 0.5765156 3.636617 0.494984 3.636617 0.5765156 3.333565 0.5765156 3.333565 0.494984 3.636617 0.494984 3.333565 0.5765156 3.333565 0.494984 3.333565 0.5765156 3.030514 0.5765156 3.030514 0.494984 3.333565 0.494984 3.030514 0.5765156 3.030514 0.494984 3.030514 0.5765156 2.727463 0.5765156 2.727463 0.494984 3.030514 0.494984 2.727463 0.5765156 2.727463 0.494984 2.727463 0.5765156 2.424411 0.5765156 2.424411 0.494984 2.727463 0.494984 2.424411 0.5765156 2.424411 0.494984 2.424411 0.5765156 2.12136 0.5765156 2.12136 0.494984 2.424411 0.494984 2.12136 0.5765156 2.12136 0.494984 2.12136 0.5765156 1.818308 0.5765156 1.818308 0.494984 2.12136 0.494984 1.818308 0.5765156 1.818308 0.494984 1.818308 0.5765156 1.515257 0.5765156 1.515257 0.494984 1.818308 0.494984 1.515257 0.5765156 1.515257 0.494984 1.515257 0.5765156 1.212206 0.5765156 1.212206 0.494984 1.515257 0.494984 1.212206 0.5765156 1.212206 0.494984 1.212206 0.5765156 0.9091542 0.5765156 0.9091542 0.494984 1.212206 0.494984 0.9091542 0.5765156 0.9091542 0.494984 0.9091542 0.5765156 0.6061028 0.5765156 0.6061028 0.494984 0.9091542 0.494984 0.6061028 0.5765156 0.6061028 0.494984 0.6061028 0.5765156 0.3030514 0.5765156 0.3030514 0.494984 0.6061028 0.494984 0.3030514 0.6580472 3.939668 0.5765156 3.939668 0.6580472 3.636617 0.6580472 3.636617 0.5765156 3.939668 0.5765156 3.636617 0.6580472 3.636617 0.5765156 3.636617 0.6580472 3.333565 0.6580472 3.333565 0.5765156 3.636617 0.5765156 3.333565 0.6580472 3.333565 0.5765156 3.333565 0.6580472 3.030514 0.6580472 3.030514 0.5765156 3.333565 0.5765156 3.030514 0.6580472 3.030514 0.5765156 3.030514 0.6580472 2.727463 0.6580472 2.727463 0.5765156 3.030514 0.5765156 2.727463 0.6580472 2.727463 0.5765156 2.727463 0.6580472 2.424411 0.6580472 2.424411 0.5765156 2.727463 0.5765156 2.424411 0.6580472 2.424411 0.5765156 2.424411 0.6580472 2.12136 0.6580472 2.12136 0.5765156 2.424411 0.5765156 2.12136 0.6580472 2.12136 0.5765156 2.12136 0.6580472 1.818308 0.6580472 1.818308 0.5765156 2.12136 0.5765156 1.818308 0.6580472 1.818308 0.5765156 1.818308 0.6580472 1.515257 0.6580472 1.515257 0.5765156 1.818308 0.5765156 1.515257 0.6580472 1.515257 0.5765156 1.515257 0.6580472 1.212206 0.6580472 1.212206 0.5765156 1.515257 0.5765156 1.212206 0.6580472 1.212206 0.5765156 1.212206 0.6580472 0.9091542 0.6580472 0.9091542 0.5765156 1.212206 0.5765156 0.9091542 0.6580472 0.9091542 0.5765156 0.9091542 0.6580472 0.6061028 0.6580472 0.6061028 0.5765156 0.9091542 0.5765156 0.6061028 0.6580472 0.6061028 0.5765156 0.6061028 0.6580472 0.3030514 0.6580472 0.3030514 0.5765156 0.6061028 0.5765156 0.3030514 0.698813 3.939668 0.6580472 3.939668 0.698813 3.636617 0.698813 3.636617 0.6580472 3.939668 0.6580472 3.636617 0.698813 3.636617 0.6580472 3.636617 0.698813 3.333565 0.698813 3.333565 0.6580472 3.636617 0.6580472 3.333565 0.698813 3.333565 0.6580472 3.333565 0.698813 3.030514 0.698813 3.030514 0.6580472 3.333565 0.6580472 3.030514 0.698813 3.030514 0.6580472 3.030514 0.698813 2.727463 0.698813 2.727463 0.6580472 3.030514 0.6580472 2.727463 0.698813 2.727463 0.6580472 2.727463 0.698813 2.424411 0.698813 2.424411 0.6580472 2.727463 0.6580472 2.424411 0.698813 2.424411 0.6580472 2.424411 0.698813 2.12136 0.698813 2.12136 0.6580472 2.424411 0.6580472 2.12136 0.698813 2.12136 0.6580472 2.12136 0.698813 1.818308 0.698813 1.818308 0.6580472 2.12136 0.6580472 1.818308 0.698813 1.818308 0.6580472 1.818308 0.698813 1.515257 0.698813 1.515257 0.6580472 1.818308 0.6580472 1.515257 0.698813 1.515257 0.6580472 1.515257 0.698813 1.212206 0.698813 1.212206 0.6580472 1.515257 0.6580472 1.212206 0.698813 1.212206 0.6580472 1.212206 0.698813 0.9091542 0.698813 0.9091542 0.6580472 1.212206 0.6580472 0.9091542 0.698813 0.9091542 0.6580472 0.9091542 0.698813 0.6061028 0.698813 0.6061028 0.6580472 0.9091542 0.6580472 0.6061028 0.698813 0.6061028 0.6580472 0.6061028 0.698813 0.3030514 0.698813 0.3030514 0.6580472 0.6061028 0.6580472 0.3030514 0.7395789 3.939668 0.698813 3.939668 0.7395789 3.636617 0.7395789 3.636617 0.698813 3.939668 0.698813 3.636617 0.7395789 3.636617 0.698813 3.636617 0.7395789 3.333565 0.7395789 3.333565 0.698813 3.636617 0.698813 3.333565 0.7395789 3.333565 0.698813 3.333565 0.7395789 3.030514 0.7395789 3.030514 0.698813 3.333565 0.698813 3.030514 0.7395789 3.030514 0.698813 3.030514 0.7395789 2.727463 0.7395789 2.727463 0.698813 3.030514 0.698813 2.727463 0.7395789 2.727463 0.698813 2.727463 0.7395789 2.424411 0.7395789 2.424411 0.698813 2.727463 0.698813 2.424411 0.7395789 2.424411 0.698813 2.424411 0.7395789 2.12136 0.7395789 2.12136 0.698813 2.424411 0.698813 2.12136 0.7395789 2.12136 0.698813 2.12136 0.7395789 1.818308 0.7395789 1.818308 0.698813 2.12136 0.698813 1.818308 0.7395789 1.818308 0.698813 1.818308 0.7395789 1.515257 0.7395789 1.515257 0.698813 1.818308 0.698813 1.515257 0.7395789 1.515257 0.698813 1.515257 0.7395789 1.212206 0.7395789 1.212206 0.698813 1.515257 0.698813 1.212206 0.7395789 1.212206 0.698813 1.212206 0.7395789 0.9091542 0.7395789 0.9091542 0.698813 1.212206 0.698813 0.9091542 0.7395789 0.9091542 0.698813 0.9091542 0.7395789 0.6061028 0.7395789 0.6061028 0.698813 0.9091542 0.698813 0.6061028 0.7395789 0.6061028 0.698813 0.6061028 0.7395789 0.3030514 0.7395789 0.3030514 0.698813 0.6061028 0.698813 0.3030514 0.8211104 3.636617 0.8211104 3.939668 0.7803447 3.939668 0.7803447 3.939668 0.7395789 3.939668 0.7803447 3.636617 0.7803447 3.636617 0.7395789 3.939668 0.7395789 3.636617 0.7803447 3.636617 0.7395789 3.636617 0.7803447 3.333565 0.7803447 3.333565 0.7395789 3.636617 0.7395789 3.333565 0.7803447 3.333565 0.7395789 3.333565 0.7803447 3.030514 0.7803447 3.030514 0.7395789 3.333565 0.7395789 3.030514 0.7803447 3.030514 0.7395789 3.030514 0.7803447 2.727463 0.7803447 2.727463 0.7395789 3.030514 0.7395789 2.727463 0.7803447 2.727463 0.7395789 2.727463 0.7803447 2.424411 0.7803447 2.424411 0.7395789 2.727463 0.7395789 2.424411 0.7803447 2.424411 0.7395789 2.424411 0.7803447 2.12136 0.7803447 2.12136 0.7395789 2.424411 0.7395789 2.12136 0.7803447 2.12136 0.7395789 2.12136 0.7803447 1.818308 0.7803447 1.818308 0.7395789 2.12136 0.7395789 1.818308 0.7803447 1.818308 0.7395789 1.818308 0.7803447 1.515257 0.7803447 1.515257 0.7395789 1.818308 0.7395789 1.515257 0.7803447 1.515257 0.7395789 1.515257 0.7803447 1.212206 0.7803447 1.212206 0.7395789 1.515257 0.7395789 1.212206 0.7803447 1.212206 0.7395789 1.212206 0.7803447 0.9091542 0.7803447 0.9091542 0.7395789 1.212206 0.7395789 0.9091542 0.7803447 0.9091542 0.7395789 0.9091542 0.7803447 0.6061028 0.7803447 0.6061028 0.7395789 0.9091542 0.7395789 0.6061028 0.7803447 0.6061028 0.7395789 0.6061028 0.7803447 0.3030514 0.7803447 0.3030514 0.7395789 0.6061028 0.7395789 0.3030514 0.8211104 3.333565 0.8211104 3.636617 0.7803447 3.636617 0.7803447 3.636617 0.8211104 3.636617 0.7803447 3.939668 0.8211104 3.333565 0.7803447 3.636617 0.7803447 3.333565 0.8211104 3.030514 0.8211104 3.333565 0.7803447 3.333565 0.8211104 3.030514 0.7803447 3.333565 0.7803447 3.030514 0.8211104 2.727463 0.8211104 3.030514 0.7803447 3.030514 0.8211104 2.727463 0.7803447 3.030514 0.7803447 2.727463 0.8211104 2.424411 0.8211104 2.727463 0.7803447 2.727463 0.8211104 2.424411 0.7803447 2.727463 0.7803447 2.424411 0.8211104 2.12136 0.8211104 2.424411 0.7803447 2.424411 0.8211104 2.12136 0.7803447 2.424411 0.7803447 2.12136 0.8211104 2.12136 0.7803447 2.12136 0.8211104 1.818308 0.8211104 1.818308 0.7803447 2.12136 0.7803447 1.818308 0.8211104 1.818308 0.7803447 1.818308 0.8211104 1.515257 0.8211104 1.515257 0.7803447 1.818308 0.7803447 1.515257 0.8211104 1.515257 0.7803447 1.515257 0.8211104 1.212206 0.8211104 1.212206 0.7803447 1.515257 0.7803447 1.212206 0.8211104 1.212206 0.7803447 1.212206 0.8211104 0.9091542 0.8211104 0.9091542 0.7803447 1.212206 0.7803447 0.9091542 0.8211104 0.9091542 0.7803447 0.9091542 0.8211104 0.6061028 0.8211104 0.6061028 0.7803447 0.9091542 0.7803447 0.6061028 0.8211104 0.6061028 0.7803447 0.6061028 0.8211104 0.3030514 0.8211104 0.3030514 0.7803447 0.6061028 0.7803447 0.3030514 0 0 0 -0.35356 0.06187295 0 0.06187295 0 0 -0.35356 0.07767397 -0.4040685 0.06187295 0 0.07767397 -0.4040685 0.123746 0 0.123746 0 0.07767397 -0.4040685 0.155348 -0.4040685 0.123746 0 0.155348 -0.4040685 0.1856189 0 0.1856189 0 0.155348 -0.4040685 0.233022 -0.4040685 0.1856189 0 0.233022 -0.4040685 0.247492 0 0.247492 0 0.233022 -0.4040685 0.310696 -0.4040685 0.247492 0 0.310696 -0.4040685 0.309365 0 0.309365 0 0.310696 -0.4040685 0.356768 -0.4040685 0.309365 0 0.356768 -0.4040685 0.371238 0 0.371238 0 0.356768 -0.4040685 0.40284 -0.4040685 0.371238 0 0.40284 -0.4040685 0.433111 0 0.433111 0 0.40284 -0.4040685 0.448912 -0.4040685 0.433111 0 0.448912 -0.4040685 0.494984 0 0.494984 0 0.448912 -0.4040685 0.494984 -0.4040685 0.494984 0 0.494984 -0.4040685 0.556857 0 0.556857 0 0.494984 -0.4040685 0.5765156 -0.4040685 0.556857 0 0.5765156 -0.4040685 0.61873 0 0.61873 0 0.5765156 -0.4040685 0.6580472 -0.4040685 0.61873 0 0.6580472 -0.4040685 0.698813 -0.4040685 0.698813 -0.4040685 0.6580472 -0.4040685 0.698813 -0.8081371 0.698813 -0.4040685 0.698813 -0.8081371 0.7395789 -0.8081371 0.7395789 -0.8081371 0.698813 -0.8081371 0.7395789 -1.212206 0.7395789 -0.8081371 0.7395789 -1.212206 0.7803447 -1.212206 0.7803447 -1.212206 0.7395789 -1.212206 0.7803447 -1.616274 0.7803447 -1.212206 0.7803447 -1.616274 0.8211104 -1.616274 0.8211104 -1.616274 0.7803447 -1.616274 0.8211104 -2.020343 0.8211104 -1.616274 0.8211104 -2.020343 0.8633248 -2.020343 0.8633248 -2.020343 0.8211104 -2.020343 0.8633248 -2.424411 0.8633248 -2.020343 0.8633248 -2.424411 0.9055392 -2.424411 0.9055392 -2.424411 0.8633248 -2.424411 0.9055392 -2.82848 0.9055392 -2.424411 0.9055392 -2.82848 0.989968 -2.47492 0.989968 -2.47492 0.9055392 -2.82848 0.989968 -2.82848 0.989968 -2.82848 0.9055392 -2.82848 0.989968 -3.18204 0.989968 -3.18204 0.9055392 -2.82848 0.9055392 -3.232548 0.989968 -3.18204 0.9055392 -3.232548 0.989968 -3.5356 0.989968 -3.5356 0.9055392 -3.232548 0.9055392 -3.636617 0.989968 -3.5356 0.9055392 -3.636617 0.989968 -3.88916 0.989968 -3.88916 0.9055392 -3.636617 0.9055392 -4.040686 0.989968 -3.88916 0.9055392 -4.040686 0.989968 -4.24272 0.989968 -4.24272 0.9055392 -4.040686 0.9055392 -4.444754 0.989968 -4.24272 0.9055392 -4.444754 0.989968 -4.59628 0.989968 -4.59628 0.9055392 -4.444754 0.9055392 -4.848823 0.989968 -4.59628 0.9055392 -4.848823 0.989968 -4.94984 0.989968 -4.94984 0.9055392 -4.848823 0.9055392 -5.252891 0.989968 -4.94984 0.9055392 -5.252891 0.989968 -5.3034 0.989968 -5.3034 0.9055392 -5.252891 0.9055392 -5.65696 0.989968 -5.3034 0.9055392 -5.65696 0.989968 -5.65696 0.989968 -5.65696 0.9055392 -5.65696 0.989968 -6.010519 0.989968 -6.010519 0.9055392 -5.65696 0.9055392 -6.061028 0.989968 -6.010519 0.9055392 -6.061028 0.989968 -6.364079 0.989968 -6.364079 0.9055392 -6.061028 0.9055392 -6.465097 0.989968 -6.364079 0.9055392 -6.465097 0.989968 -6.717639 0.989968 -6.717639 0.9055392 -6.465097 0.9055392 -6.768148 0.989968 -6.717639 0.9055392 -6.768148 0.989968 -7.071199 0.989968 -7.071199 0.9055392 -6.768148 0.9055392 -7.071199 0.989968 -7.071199 0.9055392 -7.071199 0.9055392 -7.374251 0.9055392 -7.374251 0.9055392 -7.071199 0.8633248 -7.071199 0.9055392 -7.374251 0.8633248 -7.071199 0.8633248 -7.374251 0.8633248 -7.374251 0.8633248 -7.071199 0.8211104 -7.071199 0.8633248 -7.374251 0.8211104 -7.071199 0.8211104 -7.374251 0.8211104 -7.374251 0.8211104 -7.071199 0.7803447 -7.071199 0.8211104 -7.374251 0.7803447 -7.071199 0.7803447 -7.374251 0.7803447 -7.374251 0.7803447 -7.071199 0.7395789 -7.071199 0.7803447 -7.374251 0.7395789 -7.071199 0.7395789 -7.374251 0.7395789 -7.374251 0.7395789 -7.071199 0.698813 -7.071199 0.7395789 -7.374251 0.698813 -7.071199 0.698813 -7.374251 0.698813 -7.374251 0.698813 -7.071199 0.6580472 -7.071199 0.698813 -7.374251 0.6580472 -7.071199 0.6580472 -7.374251 0.6580472 -7.374251 0.6580472 -7.071199 0.5765156 -7.071199 0.6580472 -7.374251 0.5765156 -7.071199 0.5765156 -7.374251 0.5765156 -7.374251 0.5765156 -7.071199 0.494984 -7.071199 0.5765156 -7.374251 0.494984 -7.071199 0.494984 -7.374251 0.494984 -7.374251 0.494984 -7.071199 0.448912 -7.071199 0.494984 -7.374251 0.448912 -7.071199 0.448912 -7.374251 0.448912 -7.374251 0.448912 -7.071199 0.40284 -7.071199 0.448912 -7.374251 0.40284 -7.071199 0.40284 -7.374251 0.40284 -7.374251 0.40284 -7.071199 0.356768 -7.071199 0.40284 -7.374251 0.356768 -7.071199 0.356768 -7.374251 0.356768 -7.374251 0.356768 -7.071199 0.310696 -7.071199 0.356768 -7.374251 0.310696 -7.071199 0.310696 -7.374251 0.310696 -7.374251 0.310696 -7.071199 0.233022 -7.071199 0.310696 -7.374251 0.233022 -7.071199 0.233022 -7.374251 0.233022 -7.374251 0.233022 -7.071199 0.155348 -7.071199 0.233022 -7.374251 0.155348 -7.071199 0.155348 -7.374251 0.155348 -7.374251 0.155348 -7.071199 0.07767397 -7.071199 0.155348 -7.374251 0.07767397 -7.071199 0.07767397 -7.374251 0.07767397 -7.374251 0.07767397 -7.071199 0 -7.071199 0.07767397 -7.374251 0 -7.071199 0 -7.42476 0 -0.35356 0 -0.70712 0.07767397 -0.4040685 0.07767397 -0.4040685 0 -0.70712 0.07767397 -0.8081371 0.07767397 -0.4040685 0.07767397 -0.8081371 0.155348 -0.8081371 0.155348 -0.8081371 0.07767397 -0.8081371 0.155348 -1.212206 0.155348 -0.8081371 0.155348 -1.212206 0.233022 -1.212206 0.233022 -1.212206 0.155348 -1.212206 0.233022 -1.616274 0.233022 -1.212206 0.233022 -1.616274 0.310696 -1.616274 0.310696 -1.616274 0.233022 -1.616274 0.310696 -2.020343 0.310696 -1.616274 0.310696 -2.020343 0.356768 -2.020343 0.356768 -2.020343 0.310696 -2.020343 0.356768 -2.424411 0.356768 -2.020343 0.356768 -2.424411 0.40284 -2.424411 0.40284 -2.424411 0.356768 -2.424411 0.40284 -2.82848 0.40284 -2.424411 0.40284 -2.82848 0.448912 -2.82848 0.448912 -2.82848 0.40284 -2.82848 0.448912 -3.232548 0.448912 -2.82848 0.448912 -3.232548 0.494984 -3.232548 0.494984 -3.232548 0.448912 -3.232548 0.494984 -3.636617 0.494984 -3.232548 0.494984 -3.636617 0.5765156 -3.636617 0.5765156 -3.636617 0.494984 -3.636617 0.5765156 -4.040686 0.5765156 -3.636617 0.5765156 -4.040686 0.6580472 -4.040686 0.6580472 -4.040686 0.5765156 -4.040686 0.6580472 -4.444754 0.6580472 -4.040686 0.6580472 -4.444754 0.698813 -4.444754 0.698813 -4.444754 0.6580472 -4.444754 0.698813 -4.848823 0.698813 -4.444754 0.698813 -4.848823 0.7395789 -4.848823 0.7395789 -4.848823 0.698813 -4.848823 0.7395789 -5.252891 0.7395789 -4.848823 0.7395789 -5.252891 0.7803447 -5.252891 0.7803447 -5.252891 0.7395789 -5.252891 0.7803447 -5.65696 0.7803447 -5.252891 0.7803447 -5.65696 0.8211104 -5.65696 0.8211104 -5.65696 0.7803447 -5.65696 0.8211104 -6.061028 0.8211104 -5.65696 0.8211104 -6.061028 0.8633248 -6.061028 0.8633248 -6.061028 0.8211104 -6.061028 0.8633248 -6.465097 0.8633248 -6.061028 0.8633248 -6.465097 0.9055392 -6.465097 0.9055392 -6.465097 0.8633248 -6.465097 0.9055392 -6.768148 0 -0.70712 0 -1.06068 0.07767397 -0.8081371 0.07767397 -0.8081371 0 -1.06068 0.07767397 -1.212206 0.07767397 -0.8081371 0.07767397 -1.212206 0.155348 -1.212206 0.155348 -1.212206 0.07767397 -1.212206 0.155348 -1.616274 0.155348 -1.212206 0.155348 -1.616274 0.233022 -1.616274 0.233022 -1.616274 0.155348 -1.616274 0.233022 -2.020343 0.233022 -1.616274 0.233022 -2.020343 0.310696 -2.020343 0.310696 -2.020343 0.233022 -2.020343 0.310696 -2.424411 0.310696 -2.020343 0.310696 -2.424411 0.356768 -2.424411 0.356768 -2.424411 0.310696 -2.424411 0.356768 -2.82848 0.356768 -2.424411 0.356768 -2.82848 0.40284 -2.82848 0.40284 -2.82848 0.356768 -2.82848 0.40284 -3.232548 0.40284 -2.82848 0.40284 -3.232548 0.448912 -3.232548 0.448912 -3.232548 0.40284 -3.232548 0.448912 -3.636617 0.448912 -3.232548 0.448912 -3.636617 0.494984 -3.636617 0.494984 -3.636617 0.448912 -3.636617 0.494984 -4.040686 0.494984 -3.636617 0.494984 -4.040686 0.5765156 -4.040686 0.5765156 -4.040686 0.494984 -4.040686 0.5765156 -4.444754 0.5765156 -4.040686 0.5765156 -4.444754 0.6580472 -4.444754 0.6580472 -4.444754 0.5765156 -4.444754 0.6580472 -4.848823 0.6580472 -4.444754 0.6580472 -4.848823 0.698813 -4.848823 0.698813 -4.848823 0.6580472 -4.848823 0.698813 -5.252891 0.698813 -4.848823 0.698813 -5.252891 0.7395789 -5.252891 0.7395789 -5.252891 0.698813 -5.252891 0.7395789 -5.65696 0.7395789 -5.252891 0.7395789 -5.65696 0.7803447 -5.65696 0.7803447 -5.65696 0.7395789 -5.65696 0.7803447 -6.061028 0.7803447 -5.65696 0.7803447 -6.061028 0.8211104 -6.061028 0.8211104 -6.061028 0.7803447 -6.061028 0.8211104 -6.465097 0.8211104 -6.061028 0.8211104 -6.465097 0.8633248 -6.465097 0.8633248 -6.465097 0.8211104 -6.465097 0.8633248 -6.768148 0.8633248 -6.465097 0.8633248 -6.768148 0.9055392 -6.768148 0.9055392 -6.768148 0.8633248 -6.768148 0.9055392 -7.071199 0 -1.06068 0 -1.41424 0.07767397 -1.212206 0.07767397 -1.212206 0 -1.41424 0.07767397 -1.616274 0.07767397 -1.212206 0.07767397 -1.616274 0.155348 -1.616274 0.155348 -1.616274 0.07767397 -1.616274 0.155348 -2.020343 0.155348 -1.616274 0.155348 -2.020343 0.233022 -2.020343 0.233022 -2.020343 0.155348 -2.020343 0.233022 -2.424411 0.233022 -2.020343 0.233022 -2.424411 0.310696 -2.424411 0.310696 -2.424411 0.233022 -2.424411 0.310696 -2.82848 0.310696 -2.424411 0.310696 -2.82848 0.356768 -2.82848 0.356768 -2.82848 0.310696 -2.82848 0.356768 -3.232548 0.356768 -2.82848 0.356768 -3.232548 0.40284 -3.232548 0.40284 -3.232548 0.356768 -3.232548 0.40284 -3.636617 0.40284 -3.232548 0.40284 -3.636617 0.448912 -3.636617 0.448912 -3.636617 0.40284 -3.636617 0.448912 -4.040686 0.448912 -3.636617 0.448912 -4.040686 0.494984 -4.040686 0.494984 -4.040686 0.448912 -4.040686 0.494984 -4.444754 0.494984 -4.040686 0.494984 -4.444754 0.5765156 -4.444754 0.5765156 -4.444754 0.494984 -4.444754 0.5765156 -4.848823 0.5765156 -4.444754 0.5765156 -4.848823 0.6580472 -4.848823 0.6580472 -4.848823 0.5765156 -4.848823 0.6580472 -5.252891 0.6580472 -4.848823 0.6580472 -5.252891 0.698813 -5.252891 0.698813 -5.252891 0.6580472 -5.252891 0.698813 -5.65696 0.698813 -5.252891 0.698813 -5.65696 0.7395789 -5.65696 0.7395789 -5.65696 0.698813 -5.65696 0.7395789 -6.061028 0.7395789 -5.65696 0.7395789 -6.061028 0.7803447 -6.061028 0.7803447 -6.061028 0.7395789 -6.061028 0.7803447 -6.465097 0.7803447 -6.061028 0.7803447 -6.465097 0.8211104 -6.465097 0.8211104 -6.465097 0.7803447 -6.465097 0.8211104 -6.768148 0.8211104 -6.465097 0.8211104 -6.768148 0.8633248 -6.768148 0.8633248 -6.768148 0.8211104 -6.768148 0.8633248 -7.071199 0.8633248 -6.768148 0.8633248 -7.071199 0.9055392 -7.071199 0 -1.41424 0 -1.7678 0.07767397 -1.616274 0.07767397 -1.616274 0 -1.7678 0.07767397 -2.020343 0.07767397 -1.616274 0.07767397 -2.020343 0.155348 -2.020343 0.155348 -2.020343 0.07767397 -2.020343 0.155348 -2.424411 0.155348 -2.020343 0.155348 -2.424411 0.233022 -2.424411 0.233022 -2.424411 0.155348 -2.424411 0.233022 -2.82848 0.233022 -2.424411 0.233022 -2.82848 0.310696 -2.82848 0.310696 -2.82848 0.233022 -2.82848 0.310696 -3.232548 0.310696 -2.82848 0.310696 -3.232548 0.356768 -3.232548 0.356768 -3.232548 0.310696 -3.232548 0.356768 -3.636617 0.356768 -3.232548 0.356768 -3.636617 0.40284 -3.636617 0.40284 -3.636617 0.356768 -3.636617 0.40284 -4.040686 0.40284 -3.636617 0.40284 -4.040686 0.448912 -4.040686 0.448912 -4.040686 0.40284 -4.040686 0.448912 -4.444754 0.448912 -4.040686 0.448912 -4.444754 0.494984 -4.444754 0.494984 -4.444754 0.448912 -4.444754 0.494984 -4.848823 0.494984 -4.444754 0.494984 -4.848823 0.5765156 -4.848823 0.5765156 -4.848823 0.494984 -4.848823 0.5765156 -5.252891 0.5765156 -4.848823 0.5765156 -5.252891 0.6580472 -5.252891 0.6580472 -5.252891 0.5765156 -5.252891 0.6580472 -5.65696 0.6580472 -5.252891 0.6580472 -5.65696 0.698813 -5.65696 0.698813 -5.65696 0.6580472 -5.65696 0.698813 -6.061028 0.698813 -5.65696 0.698813 -6.061028 0.7395789 -6.061028 0.7395789 -6.061028 0.698813 -6.061028 0.7395789 -6.465097 0.7395789 -6.061028 0.7395789 -6.465097 0.7803447 -6.465097 0.7803447 -6.465097 0.7395789 -6.465097 0.7803447 -6.768148 0.7803447 -6.465097 0.7803447 -6.768148 0.8211104 -6.768148 0.8211104 -6.768148 0.7803447 -6.768148 0.8211104 -7.071199 0.8211104 -6.768148 0.8211104 -7.071199 0.8633248 -7.071199 0 -1.7678 0 -2.12136 0.07767397 -2.020343 0.07767397 -2.020343 0 -2.12136 0.07767397 -2.424411 0.07767397 -2.020343 0.07767397 -2.424411 0.155348 -2.424411 0.155348 -2.424411 0.07767397 -2.424411 0.155348 -2.82848 0.155348 -2.424411 0.155348 -2.82848 0.233022 -2.82848 0.233022 -2.82848 0.155348 -2.82848 0.233022 -3.232548 0.233022 -2.82848 0.233022 -3.232548 0.310696 -3.232548 0.310696 -3.232548 0.233022 -3.232548 0.310696 -3.636617 0.310696 -3.232548 0.310696 -3.636617 0.356768 -3.636617 0.356768 -3.636617 0.310696 -3.636617 0.356768 -4.040686 0.356768 -3.636617 0.356768 -4.040686 0.40284 -4.040686 0.40284 -4.040686 0.356768 -4.040686 0.40284 -4.444754 0.40284 -4.040686 0.40284 -4.444754 0.448912 -4.444754 0.448912 -4.444754 0.40284 -4.444754 0.448912 -4.848823 0.448912 -4.444754 0.448912 -4.848823 0.494984 -4.848823 0.494984 -4.848823 0.448912 -4.848823 0.494984 -5.252891 0.494984 -4.848823 0.494984 -5.252891 0.5765156 -5.252891 0.5765156 -5.252891 0.494984 -5.252891 0.5765156 -5.65696 0.5765156 -5.252891 0.5765156 -5.65696 0.6580472 -5.65696 0.6580472 -5.65696 0.5765156 -5.65696 0.6580472 -6.061028 0.6580472 -5.65696 0.6580472 -6.061028 0.698813 -6.061028 0.698813 -6.061028 0.6580472 -6.061028 0.698813 -6.465097 0.698813 -6.061028 0.698813 -6.465097 0.7395789 -6.465097 0.7395789 -6.465097 0.698813 -6.465097 0.7395789 -6.768148 0.7395789 -6.465097 0.7395789 -6.768148 0.7803447 -6.768148 0.7803447 -6.768148 0.7395789 -6.768148 0.7803447 -7.071199 0.7803447 -6.768148 0.7803447 -7.071199 0.8211104 -7.071199 0 -2.12136 0 -2.47492 0.07767397 -2.424411 0.07767397 -2.424411 0 -2.47492 0.07767397 -2.82848 0.07767397 -2.424411 0.07767397 -2.82848 0.155348 -2.82848 0.155348 -2.82848 0.07767397 -2.82848 0.155348 -3.232548 0.155348 -2.82848 0.155348 -3.232548 0.233022 -3.232548 0.233022 -3.232548 0.155348 -3.232548 0.233022 -3.636617 0.233022 -3.232548 0.233022 -3.636617 0.310696 -3.636617 0.310696 -3.636617 0.233022 -3.636617 0.310696 -4.040686 0.310696 -3.636617 0.310696 -4.040686 0.356768 -4.040686 0.356768 -4.040686 0.310696 -4.040686 0.356768 -4.444754 0.356768 -4.040686 0.356768 -4.444754 0.40284 -4.444754 0.40284 -4.444754 0.356768 -4.444754 0.40284 -4.848823 0.40284 -4.444754 0.40284 -4.848823 0.448912 -4.848823 0.448912 -4.848823 0.40284 -4.848823 0.448912 -5.252891 0.448912 -4.848823 0.448912 -5.252891 0.494984 -5.252891 0.494984 -5.252891 0.448912 -5.252891 0.494984 -5.65696 0.494984 -5.252891 0.494984 -5.65696 0.5765156 -5.65696 0.5765156 -5.65696 0.494984 -5.65696 0.5765156 -6.061028 0.5765156 -5.65696 0.5765156 -6.061028 0.6580472 -6.061028 0.6580472 -6.061028 0.5765156 -6.061028 0.6580472 -6.465097 0.6580472 -6.061028 0.6580472 -6.465097 0.698813 -6.465097 0.698813 -6.465097 0.6580472 -6.465097 0.698813 -6.768148 0.698813 -6.465097 0.698813 -6.768148 0.7395789 -6.768148 0.7395789 -6.768148 0.698813 -6.768148 0.7395789 -7.071199 0.7395789 -6.768148 0.7395789 -7.071199 0.7803447 -7.071199 0 -2.47492 0 -2.82848 0.07767397 -2.82848 0.07767397 -2.82848 0 -2.82848 0 -3.18204 0.07767397 -2.82848 0 -3.18204 0.07767397 -3.232548 0.07767397 -3.232548 0 -3.18204 0 -3.5356 0.07767397 -3.232548 0 -3.5356 0.07767397 -3.636617 0.07767397 -3.636617 0 -3.5356 0 -3.88916 0.07767397 -3.636617 0 -3.88916 0.07767397 -4.040686 0.07767397 -4.040686 0 -3.88916 0 -4.24272 0.07767397 -4.040686 0 -4.24272 0.07767397 -4.444754 0.07767397 -4.444754 0 -4.24272 0 -4.59628 0.07767397 -4.444754 0 -4.59628 0.07767397 -4.848823 0.07767397 -4.848823 0 -4.59628 0 -4.94984 0.07767397 -4.848823 0 -4.94984 0.07767397 -5.252891 0.07767397 -5.252891 0 -4.94984 0 -5.3034 0.07767397 -5.252891 0 -5.3034 0.07767397 -5.65696 0.07767397 -5.65696 0 -5.3034 0 -5.65696 0.07767397 -5.65696 0 -5.65696 0 -6.010519 0.07767397 -5.65696 0 -6.010519 0.07767397 -6.061028 0.07767397 -6.061028 0 -6.010519 0 -6.364079 0.07767397 -6.061028 0 -6.364079 0.07767397 -6.465097 0.07767397 -6.465097 0 -6.364079 0 -6.717639 0.07767397 -6.465097 0 -6.717639 0.07767397 -6.768148 0.07767397 -6.768148 0 -6.717639 0 -7.071199 0.07767397 -6.768148 0 -7.071199 0.07767397 -7.071199 0.07767397 -7.374251 0 -7.42476 0.07767397 -7.677302 0.07767397 -7.677302 0 -7.42476 0 -7.77832 0.07767397 -7.677302 0 -7.77832 0.07767397 -7.980354 0.07767397 -7.980354 0 -7.77832 0 -8.13188 0.07767397 -7.980354 0 -8.13188 0.07767397 -8.283406 0.07767397 -8.283406 0 -8.13188 0 -8.48544 0.07767397 -8.283406 0 -8.48544 0.07767397 -8.586457 0.07767397 -8.586457 0 -8.48544 0 -8.839 0.07767397 -8.586457 0 -8.839 0.07767397 -8.889509 0.07767397 -8.889509 0 -8.839 0 -9.19256 0.07767397 -8.889509 0 -9.19256 0.07767397 -9.19256 0.07767397 -9.19256 0 -9.19256 0.07767397 -9.495612 0.07767397 -9.19256 0.07767397 -9.495612 0.155348 -9.495612 0.155348 -9.495612 0.07767397 -9.495612 0.155348 -9.798663 0.155348 -9.495612 0.155348 -9.798663 0.233022 -9.798663 0.233022 -9.798663 0.155348 -9.798663 0.233022 -10.10171 0.233022 -9.798663 0.233022 -10.10171 0.310696 -10.10171 0.310696 -10.10171 0.233022 -10.10171 0.310696 -10.40476 0.310696 -10.10171 0.310696 -10.40476 0.356768 -10.40476 0.356768 -10.40476 0.310696 -10.40476 0.356768 -10.70782 0.356768 -10.40476 0.356768 -10.70782 0.40284 -10.70782 0.40284 -10.70782 0.356768 -10.70782 0.40284 -11.01087 0.40284 -10.70782 0.40284 -11.01087 0.448912 -11.01087 0.448912 -11.01087 0.40284 -11.01087 0.433111 -11.31392 0.448912 -11.01087 0.433111 -11.31392 0.494984 -11.31392 0 -9.19256 0 -9.54612 0.07767397 -9.495612 0.07767397 -9.495612 0 -9.54612 0.07767397 -9.798663 0.07767397 -9.495612 0.07767397 -9.798663 0.155348 -9.798663 0.155348 -9.798663 0.07767397 -9.798663 0.155348 -10.10171 0.155348 -9.798663 0.155348 -10.10171 0.233022 -10.10171 0.233022 -10.10171 0.155348 -10.10171 0.233022 -10.40476 0.233022 -10.10171 0.233022 -10.40476 0.310696 -10.40476 0.310696 -10.40476 0.233022 -10.40476 0.310696 -10.70782 0.310696 -10.40476 0.310696 -10.70782 0.356768 -10.70782 0.356768 -10.70782 0.310696 -10.70782 0.356768 -11.01087 0.356768 -10.70782 0.356768 -11.01087 0.40284 -11.01087 0.40284 -11.01087 0.356768 -11.01087 0.371238 -11.31392 0.40284 -11.01087 0.371238 -11.31392 0.433111 -11.31392 0 -9.54612 0 -9.89968 0.07767397 -9.798663 0.07767397 -9.798663 0 -9.89968 0.07767397 -10.10171 0.07767397 -9.798663 0.07767397 -10.10171 0.155348 -10.10171 0.155348 -10.10171 0.07767397 -10.10171 0.155348 -10.40476 0.155348 -10.10171 0.155348 -10.40476 0.233022 -10.40476 0.233022 -10.40476 0.155348 -10.40476 0.233022 -10.70782 0.233022 -10.40476 0.233022 -10.70782 0.310696 -10.70782 0.310696 -10.70782 0.233022 -10.70782 0.310696 -11.01087 0.310696 -10.70782 0.310696 -11.01087 0.356768 -11.01087 0.356768 -11.01087 0.310696 -11.01087 0.309365 -11.31392 0.356768 -11.01087 0.309365 -11.31392 0.371238 -11.31392 0 -9.89968 0 -10.25324 0.07767397 -10.10171 0.07767397 -10.10171 0 -10.25324 0.07767397 -10.40476 0.07767397 -10.10171 0.07767397 -10.40476 0.155348 -10.40476 0.155348 -10.40476 0.07767397 -10.40476 0.155348 -10.70782 0.155348 -10.40476 0.155348 -10.70782 0.233022 -10.70782 0.233022 -10.70782 0.155348 -10.70782 0.233022 -11.01087 0.233022 -10.70782 0.233022 -11.01087 0.310696 -11.01087 0.310696 -11.01087 0.233022 -11.01087 0.247492 -11.31392 0.310696 -11.01087 0.247492 -11.31392 0.309365 -11.31392 0 -10.25324 0 -10.6068 0.07767397 -10.40476 0.07767397 -10.40476 0 -10.6068 0.07767397 -10.70782 0.07767397 -10.40476 0.07767397 -10.70782 0.155348 -10.70782 0.155348 -10.70782 0.07767397 -10.70782 0.155348 -11.01087 0.155348 -10.70782 0.155348 -11.01087 0.233022 -11.01087 0.233022 -11.01087 0.155348 -11.01087 0.1856189 -11.31392 0.233022 -11.01087 0.1856189 -11.31392 0.247492 -11.31392 0 -10.6068 0 -10.96036 0.07767397 -10.70782 0.07767397 -10.70782 0 -10.96036 0.07767397 -11.01087 0.07767397 -10.70782 0.07767397 -11.01087 0.155348 -11.01087 0.155348 -11.01087 0.07767397 -11.01087 0.123746 -11.31392 0.155348 -11.01087 0.123746 -11.31392 0.1856189 -11.31392 0 -11.31392 0.06187295 -11.31392 0 -10.96036 0 -10.96036 0.06187295 -11.31392 0.07767397 -11.01087 0.06187295 -11.31392 0.123746 -11.31392 0.07767397 -11.01087 0.448912 -11.01087 0.494984 -11.31392 0.494984 -11.01087 0.494984 -11.01087 0.494984 -11.31392 0.556857 -11.31392 0.494984 -11.01087 0.556857 -11.31392 0.5765156 -11.01087 0.5765156 -11.01087 0.556857 -11.31392 0.61873 -11.31392 0.5765156 -11.01087 0.61873 -11.31392 0.6580472 -11.01087 0.6580472 -11.01087 0.61873 -11.31392 0.680603 -11.31392 0.6580472 -11.01087 0.680603 -11.31392 0.698813 -11.01087 0.698813 -11.01087 0.680603 -11.31392 0.742476 -11.31392 0.698813 -11.01087 0.742476 -11.31392 0.7395789 -11.01087 0.7395789 -11.01087 0.742476 -11.31392 0.804349 -11.31392 0.7395789 -11.01087 0.804349 -11.31392 0.7803447 -11.01087 0.7803447 -11.01087 0.804349 -11.31392 0.866222 -11.31392 0.7803447 -11.01087 0.866222 -11.31392 0.8211104 -11.01087 0.8211104 -11.01087 0.866222 -11.31392 0.8633248 -11.01087 0.8211104 -11.01087 0.8633248 -11.01087 0.8211104 -10.70782 0.8211104 -10.70782 0.8633248 -11.01087 0.8633248 -10.70782 0.8211104 -10.70782 0.8633248 -10.70782 0.8211104 -10.40476 0.8211104 -10.40476 0.8633248 -10.70782 0.8633248 -10.40476 0.8211104 -10.40476 0.8633248 -10.40476 0.8211104 -10.10171 0.8211104 -10.10171 0.8633248 -10.40476 0.8633248 -10.10171 0.8211104 -10.10171 0.8633248 -10.10171 0.8211104 -9.798663 0.8211104 -9.798663 0.8633248 -10.10171 0.8633248 -9.798663 0.8211104 -9.798663 0.8633248 -9.798663 0.8211104 -9.495612 0.8211104 -9.495612 0.8633248 -9.798663 0.8633248 -9.495612 0.8211104 -9.495612 0.8633248 -9.495612 0.8211104 -9.19256 0.8211104 -9.19256 0.8633248 -9.495612 0.8633248 -9.19256 0.8211104 -9.19256 0.8633248 -9.19256 0.8211104 -8.889509 0.8211104 -8.889509 0.8633248 -9.19256 0.8633248 -8.889509 0.8211104 -8.889509 0.8633248 -8.889509 0.8211104 -8.586457 0.8211104 -8.586457 0.8633248 -8.889509 0.8633248 -8.586457 0.8211104 -8.586457 0.8633248 -8.586457 0.8211104 -8.283406 0.8211104 -8.283406 0.8633248 -8.586457 0.8633248 -8.283406 0.8211104 -8.283406 0.8633248 -8.283406 0.8211104 -7.980354 0.8211104 -7.980354 0.8633248 -8.283406 0.8633248 -7.980354 0.8211104 -7.980354 0.8633248 -7.980354 0.8211104 -7.677302 0.8211104 -7.677302 0.8633248 -7.980354 0.8633248 -7.677302 0.8211104 -7.677302 0.8633248 -7.677302 0.8211104 -7.374251 0.8211104 -7.374251 0.8633248 -7.677302 0.8633248 -7.374251 0.866222 -11.31392 0.928095 -11.31392 0.8633248 -11.01087 0.8633248 -11.01087 0.928095 -11.31392 0.9055392 -11.01087 0.8633248 -11.01087 0.9055392 -11.01087 0.8633248 -10.70782 0.8633248 -10.70782 0.9055392 -11.01087 0.9055392 -10.70782 0.8633248 -10.70782 0.9055392 -10.70782 0.8633248 -10.40476 0.8633248 -10.40476 0.9055392 -10.70782 0.9055392 -10.40476 0.8633248 -10.40476 0.9055392 -10.40476 0.8633248 -10.10171 0.8633248 -10.10171 0.9055392 -10.40476 0.9055392 -10.10171 0.8633248 -10.10171 0.9055392 -10.10171 0.8633248 -9.798663 0.8633248 -9.798663 0.9055392 -10.10171 0.9055392 -9.798663 0.8633248 -9.798663 0.9055392 -9.798663 0.8633248 -9.495612 0.8633248 -9.495612 0.9055392 -9.798663 0.9055392 -9.495612 0.8633248 -9.495612 0.9055392 -9.495612 0.8633248 -9.19256 0.8633248 -9.19256 0.9055392 -9.495612 0.9055392 -9.19256 0.8633248 -9.19256 0.9055392 -9.19256 0.8633248 -8.889509 0.8633248 -8.889509 0.9055392 -9.19256 0.9055392 -8.889509 0.8633248 -8.889509 0.9055392 -8.889509 0.8633248 -8.586457 0.8633248 -8.586457 0.9055392 -8.889509 0.9055392 -8.586457 0.8633248 -8.586457 0.9055392 -8.586457 0.8633248 -8.283406 0.8633248 -8.283406 0.9055392 -8.586457 0.9055392 -8.283406 0.8633248 -8.283406 0.9055392 -8.283406 0.8633248 -7.980354 0.8633248 -7.980354 0.9055392 -8.283406 0.9055392 -7.980354 0.8633248 -7.980354 0.9055392 -7.980354 0.8633248 -7.677302 0.8633248 -7.677302 0.9055392 -7.980354 0.9055392 -7.677302 0.8633248 -7.677302 0.9055392 -7.677302 0.8633248 -7.374251 0.8633248 -7.374251 0.9055392 -7.677302 0.9055392 -7.374251 0.928095 -11.31392 0.989968 -11.31392 0.9055392 -11.01087 0.9055392 -11.01087 0.989968 -11.31392 0.989968 -10.96036 0.9055392 -11.01087 0.989968 -10.96036 0.9055392 -10.70782 0.9055392 -10.70782 0.989968 -10.96036 0.989968 -10.6068 0.9055392 -10.70782 0.989968 -10.6068 0.9055392 -10.40476 0.9055392 -10.40476 0.989968 -10.6068 0.989968 -10.25324 0.9055392 -10.40476 0.989968 -10.25324 0.9055392 -10.10171 0.9055392 -10.10171 0.989968 -10.25324 0.989968 -9.89968 0.9055392 -10.10171 0.989968 -9.89968 0.9055392 -9.798663 0.9055392 -9.798663 0.989968 -9.89968 0.989968 -9.54612 0.9055392 -9.798663 0.989968 -9.54612 0.9055392 -9.495612 0.9055392 -9.495612 0.989968 -9.54612 0.989968 -9.19256 0.9055392 -9.495612 0.989968 -9.19256 0.9055392 -9.19256 0.9055392 -9.19256 0.989968 -9.19256 0.9055392 -8.889509 0.989968 -9.19256 0.989968 -8.839 0.9055392 -8.889509 0.9055392 -8.889509 0.989968 -8.839 0.9055392 -8.586457 0.989968 -8.839 0.989968 -8.48544 0.9055392 -8.586457 0.9055392 -8.586457 0.989968 -8.48544 0.9055392 -8.283406 0.989968 -8.48544 0.989968 -8.13188 0.9055392 -8.283406 0.9055392 -8.283406 0.989968 -8.13188 0.9055392 -7.980354 0.989968 -8.13188 0.989968 -7.77832 0.9055392 -7.980354 0.9055392 -7.980354 0.989968 -7.77832 0.9055392 -7.677302 0.989968 -7.77832 0.989968 -7.42476 0.9055392 -7.677302 0.9055392 -7.677302 0.989968 -7.42476 0.9055392 -7.374251 0.989968 -7.42476 0.989968 -7.071199 0.9055392 -7.374251 0.989968 -2.47492 0.989968 -2.12136 0.9055392 -2.424411 0.9055392 -2.424411 0.989968 -2.12136 0.9055392 -2.020343 0.9055392 -2.424411 0.9055392 -2.020343 0.8633248 -2.020343 0.8633248 -2.020343 0.9055392 -2.020343 0.8633248 -1.616274 0.8633248 -2.020343 0.8633248 -1.616274 0.8211104 -1.616274 0.8211104 -1.616274 0.8633248 -1.616274 0.8211104 -1.212206 0.8211104 -1.616274 0.8211104 -1.212206 0.7803447 -1.212206 0.7803447 -1.212206 0.8211104 -1.212206 0.7803447 -0.8081371 0.7803447 -1.212206 0.7803447 -0.8081371 0.7395789 -0.8081371 0.7395789 -0.8081371 0.7803447 -0.8081371 0.7395789 -0.4040685 0.7395789 -0.8081371 0.7395789 -0.4040685 0.698813 -0.4040685 0.698813 -0.4040685 0.7395789 -0.4040685 0.680603 0 0.698813 -0.4040685 0.680603 0 0.61873 0 0.989968 -2.12136 0.989968 -1.7678 0.9055392 -2.020343 0.9055392 -2.020343 0.989968 -1.7678 0.9055392 -1.616274 0.9055392 -2.020343 0.9055392 -1.616274 0.8633248 -1.616274 0.8633248 -1.616274 0.9055392 -1.616274 0.8633248 -1.212206 0.8633248 -1.616274 0.8633248 -1.212206 0.8211104 -1.212206 0.8211104 -1.212206 0.8633248 -1.212206 0.8211104 -0.8081371 0.8211104 -1.212206 0.8211104 -0.8081371 0.7803447 -0.8081371 0.7803447 -0.8081371 0.8211104 -0.8081371 0.7803447 -0.4040685 0.7803447 -0.8081371 0.7803447 -0.4040685 0.7395789 -0.4040685 0.7395789 -0.4040685 0.7803447 -0.4040685 0.680603 0 0.989968 -1.7678 0.989968 -1.41424 0.9055392 -1.616274 0.9055392 -1.616274 0.989968 -1.41424 0.9055392 -1.212206 0.9055392 -1.616274 0.9055392 -1.212206 0.8633248 -1.212206 0.8633248 -1.212206 0.9055392 -1.212206 0.8633248 -0.8081371 0.8633248 -1.212206 0.8633248 -0.8081371 0.8211104 -0.8081371 0.8211104 -0.8081371 0.8633248 -0.8081371 0.8211104 -0.4040685 0.8211104 -0.8081371 0.8211104 -0.4040685 0.7803447 -0.4040685 0.7803447 -0.4040685 0.8211104 -0.4040685 0.742476 0 0.7803447 -0.4040685 0.742476 0 0.680603 0 0.989968 -1.41424 0.989968 -1.06068 0.9055392 -1.212206 0.9055392 -1.212206 0.989968 -1.06068 0.9055392 -0.8081371 0.9055392 -1.212206 0.9055392 -0.8081371 0.8633248 -0.8081371 0.8633248 -0.8081371 0.9055392 -0.8081371 0.8633248 -0.4040685 0.8633248 -0.8081371 0.8633248 -0.4040685 0.8211104 -0.4040685 0.8211104 -0.4040685 0.8633248 -0.4040685 0.804349 0 0.8211104 -0.4040685 0.804349 0 0.742476 0 0.989968 -1.06068 0.989968 -0.70712 0.9055392 -0.8081371 0.9055392 -0.8081371 0.989968 -0.70712 0.9055392 -0.4040685 0.9055392 -0.8081371 0.9055392 -0.4040685 0.8633248 -0.4040685 0.8633248 -0.4040685 0.9055392 -0.4040685 0.804349 0 0.989968 -0.70712 0.989968 -0.35356 0.9055392 -0.4040685 0.9055392 -0.4040685 0.989968 -0.35356 0.866222 0 0.9055392 -0.4040685 0.866222 0 0.804349 0 0.989968 0 0.928095 0 0.989968 -0.35356 0.989968 -0.35356 0.928095 0 0.866222 0 0.07767397 -0.4040685 0.155348 -0.8081371 0.155348 -0.4040685 0.155348 -0.4040685 0.155348 -0.8081371 0.233022 -0.8081371 0.155348 -0.4040685 0.233022 -0.8081371 0.233022 -0.4040685 0.233022 -0.4040685 0.233022 -0.8081371 0.310696 -0.8081371 0.233022 -0.4040685 0.310696 -0.8081371 0.310696 -0.4040685 0.310696 -0.4040685 0.310696 -0.8081371 0.356768 -0.8081371 0.310696 -0.4040685 0.356768 -0.8081371 0.356768 -0.4040685 0.356768 -0.4040685 0.356768 -0.8081371 0.40284 -0.8081371 0.356768 -0.4040685 0.40284 -0.8081371 0.40284 -0.4040685 0.40284 -0.4040685 0.40284 -0.8081371 0.448912 -0.8081371 0.40284 -0.4040685 0.448912 -0.8081371 0.448912 -0.4040685 0.448912 -0.4040685 0.448912 -0.8081371 0.494984 -0.8081371 0.448912 -0.4040685 0.494984 -0.8081371 0.494984 -0.4040685 0.494984 -0.4040685 0.494984 -0.8081371 0.5765156 -0.8081371 0.494984 -0.4040685 0.5765156 -0.8081371 0.5765156 -0.4040685 0.5765156 -0.4040685 0.5765156 -0.8081371 0.6580472 -0.8081371 0.5765156 -0.4040685 0.6580472 -0.8081371 0.6580472 -0.4040685 0.6580472 -0.4040685 0.6580472 -0.8081371 0.698813 -0.8081371 0.155348 -0.8081371 0.233022 -1.212206 0.233022 -0.8081371 0.233022 -0.8081371 0.233022 -1.212206 0.310696 -1.212206 0.233022 -0.8081371 0.310696 -1.212206 0.310696 -0.8081371 0.310696 -0.8081371 0.310696 -1.212206 0.356768 -1.212206 0.310696 -0.8081371 0.356768 -1.212206 0.356768 -0.8081371 0.356768 -0.8081371 0.356768 -1.212206 0.40284 -1.212206 0.356768 -0.8081371 0.40284 -1.212206 0.40284 -0.8081371 0.40284 -0.8081371 0.40284 -1.212206 0.448912 -1.212206 0.40284 -0.8081371 0.448912 -1.212206 0.448912 -0.8081371 0.448912 -0.8081371 0.448912 -1.212206 0.494984 -1.212206 0.448912 -0.8081371 0.494984 -1.212206 0.494984 -0.8081371 0.494984 -0.8081371 0.494984 -1.212206 0.5765156 -1.212206 0.494984 -0.8081371 0.5765156 -1.212206 0.5765156 -0.8081371 0.5765156 -0.8081371 0.5765156 -1.212206 0.6580472 -1.212206 0.5765156 -0.8081371 0.6580472 -1.212206 0.6580472 -0.8081371 0.6580472 -0.8081371 0.6580472 -1.212206 0.698813 -1.212206 0.6580472 -0.8081371 0.698813 -1.212206 0.698813 -0.8081371 0.698813 -0.8081371 0.698813 -1.212206 0.7395789 -1.212206 0.233022 -1.212206 0.310696 -1.616274 0.310696 -1.212206 0.310696 -1.212206 0.310696 -1.616274 0.356768 -1.616274 0.310696 -1.212206 0.356768 -1.616274 0.356768 -1.212206 0.356768 -1.212206 0.356768 -1.616274 0.40284 -1.616274 0.356768 -1.212206 0.40284 -1.616274 0.40284 -1.212206 0.40284 -1.212206 0.40284 -1.616274 0.448912 -1.616274 0.40284 -1.212206 0.448912 -1.616274 0.448912 -1.212206 0.448912 -1.212206 0.448912 -1.616274 0.494984 -1.616274 0.448912 -1.212206 0.494984 -1.616274 0.494984 -1.212206 0.494984 -1.212206 0.494984 -1.616274 0.5765156 -1.616274 0.494984 -1.212206 0.5765156 -1.616274 0.5765156 -1.212206 0.5765156 -1.212206 0.5765156 -1.616274 0.6580472 -1.616274 0.5765156 -1.212206 0.6580472 -1.616274 0.6580472 -1.212206 0.6580472 -1.212206 0.6580472 -1.616274 0.698813 -1.616274 0.6580472 -1.212206 0.698813 -1.616274 0.698813 -1.212206 0.698813 -1.212206 0.698813 -1.616274 0.7395789 -1.616274 0.698813 -1.212206 0.7395789 -1.616274 0.7395789 -1.212206 0.7395789 -1.212206 0.7395789 -1.616274 0.7803447 -1.616274 0.310696 -1.616274 0.356768 -2.020343 0.356768 -1.616274 0.356768 -1.616274 0.356768 -2.020343 0.40284 -2.020343 0.356768 -1.616274 0.40284 -2.020343 0.40284 -1.616274 0.40284 -1.616274 0.40284 -2.020343 0.448912 -2.020343 0.40284 -1.616274 0.448912 -2.020343 0.448912 -1.616274 0.448912 -1.616274 0.448912 -2.020343 0.494984 -2.020343 0.448912 -1.616274 0.494984 -2.020343 0.494984 -1.616274 0.494984 -1.616274 0.494984 -2.020343 0.5765156 -2.020343 0.494984 -1.616274 0.5765156 -2.020343 0.5765156 -1.616274 0.5765156 -1.616274 0.5765156 -2.020343 0.6580472 -2.020343 0.5765156 -1.616274 0.6580472 -2.020343 0.6580472 -1.616274 0.6580472 -1.616274 0.6580472 -2.020343 0.698813 -2.020343 0.6580472 -1.616274 0.698813 -2.020343 0.698813 -1.616274 0.698813 -1.616274 0.698813 -2.020343 0.7395789 -2.020343 0.698813 -1.616274 0.7395789 -2.020343 0.7395789 -1.616274 0.7395789 -1.616274 0.7395789 -2.020343 0.7803447 -2.020343 0.7395789 -1.616274 0.7803447 -2.020343 0.7803447 -1.616274 0.7803447 -1.616274 0.7803447 -2.020343 0.8211104 -2.020343 0.356768 -2.020343 0.40284 -2.424411 0.40284 -2.020343 0.40284 -2.020343 0.40284 -2.424411 0.448912 -2.424411 0.40284 -2.020343 0.448912 -2.424411 0.448912 -2.020343 0.448912 -2.020343 0.448912 -2.424411 0.494984 -2.424411 0.448912 -2.020343 0.494984 -2.424411 0.494984 -2.020343 0.494984 -2.020343 0.494984 -2.424411 0.5765156 -2.424411 0.494984 -2.020343 0.5765156 -2.424411 0.5765156 -2.020343 0.5765156 -2.020343 0.5765156 -2.424411 0.6580472 -2.424411 0.5765156 -2.020343 0.6580472 -2.424411 0.6580472 -2.020343 0.6580472 -2.020343 0.6580472 -2.424411 0.698813 -2.424411 0.6580472 -2.020343 0.698813 -2.424411 0.698813 -2.020343 0.698813 -2.020343 0.698813 -2.424411 0.7395789 -2.424411 0.698813 -2.020343 0.7395789 -2.424411 0.7395789 -2.020343 0.7395789 -2.020343 0.7395789 -2.424411 0.7803447 -2.424411 0.7395789 -2.020343 0.7803447 -2.424411 0.7803447 -2.020343 0.7803447 -2.020343 0.7803447 -2.424411 0.8211104 -2.424411 0.7803447 -2.020343 0.8211104 -2.424411 0.8211104 -2.020343 0.8211104 -2.020343 0.8211104 -2.424411 0.8633248 -2.424411 0.40284 -2.424411 0.448912 -2.82848 0.448912 -2.424411 0.448912 -2.424411 0.448912 -2.82848 0.494984 -2.82848 0.448912 -2.424411 0.494984 -2.82848 0.494984 -2.424411 0.494984 -2.424411 0.494984 -2.82848 0.5765156 -2.82848 0.494984 -2.424411 0.5765156 -2.82848 0.5765156 -2.424411 0.5765156 -2.424411 0.5765156 -2.82848 0.6580472 -2.82848 0.5765156 -2.424411 0.6580472 -2.82848 0.6580472 -2.424411 0.6580472 -2.424411 0.6580472 -2.82848 0.698813 -2.82848 0.6580472 -2.424411 0.698813 -2.82848 0.698813 -2.424411 0.698813 -2.424411 0.698813 -2.82848 0.7395789 -2.82848 0.698813 -2.424411 0.7395789 -2.82848 0.7395789 -2.424411 0.7395789 -2.424411 0.7395789 -2.82848 0.7803447 -2.82848 0.7395789 -2.424411 0.7803447 -2.82848 0.7803447 -2.424411 0.7803447 -2.424411 0.7803447 -2.82848 0.8211104 -2.82848 0.7803447 -2.424411 0.8211104 -2.82848 0.8211104 -2.424411 0.8211104 -2.424411 0.8211104 -2.82848 0.8633248 -2.82848 0.8211104 -2.424411 0.8633248 -2.82848 0.8633248 -2.424411 0.8633248 -2.424411 0.8633248 -2.82848 0.9055392 -2.82848 0.448912 -2.82848 0.494984 -3.232548 0.494984 -2.82848 0.494984 -2.82848 0.494984 -3.232548 0.5765156 -3.232548 0.494984 -2.82848 0.5765156 -3.232548 0.5765156 -2.82848 0.5765156 -2.82848 0.5765156 -3.232548 0.6580472 -3.232548 0.5765156 -2.82848 0.6580472 -3.232548 0.6580472 -2.82848 0.6580472 -2.82848 0.6580472 -3.232548 0.698813 -3.232548 0.6580472 -2.82848 0.698813 -3.232548 0.698813 -2.82848 0.698813 -2.82848 0.698813 -3.232548 0.7395789 -3.232548 0.698813 -2.82848 0.7395789 -3.232548 0.7395789 -2.82848 0.7395789 -2.82848 0.7395789 -3.232548 0.7803447 -3.232548 0.7395789 -2.82848 0.7803447 -3.232548 0.7803447 -2.82848 0.7803447 -2.82848 0.7803447 -3.232548 0.8211104 -3.232548 0.7803447 -2.82848 0.8211104 -3.232548 0.8211104 -2.82848 0.8211104 -2.82848 0.8211104 -3.232548 0.8633248 -3.232548 0.8211104 -2.82848 0.8633248 -3.232548 0.8633248 -2.82848 0.8633248 -2.82848 0.8633248 -3.232548 0.9055392 -3.232548 0.8633248 -2.82848 0.9055392 -3.232548 0.9055392 -2.82848 0.07767397 -2.82848 0.07767397 -3.232548 0.155348 -3.232548 0.155348 -3.232548 0.07767397 -3.232548 0.155348 -3.636617 0.155348 -3.232548 0.155348 -3.636617 0.233022 -3.636617 0.233022 -3.636617 0.155348 -3.636617 0.233022 -4.040686 0.233022 -3.636617 0.233022 -4.040686 0.310696 -4.040686 0.310696 -4.040686 0.233022 -4.040686 0.310696 -4.444754 0.310696 -4.040686 0.310696 -4.444754 0.356768 -4.444754 0.356768 -4.444754 0.310696 -4.444754 0.356768 -4.848823 0.356768 -4.444754 0.356768 -4.848823 0.40284 -4.848823 0.40284 -4.848823 0.356768 -4.848823 0.40284 -5.252891 0.40284 -4.848823 0.40284 -5.252891 0.448912 -5.252891 0.448912 -5.252891 0.40284 -5.252891 0.448912 -5.65696 0.448912 -5.252891 0.448912 -5.65696 0.494984 -5.65696 0.494984 -5.65696 0.448912 -5.65696 0.494984 -6.061028 0.494984 -5.65696 0.494984 -6.061028 0.5765156 -6.061028 0.5765156 -6.061028 0.494984 -6.061028 0.5765156 -6.465097 0.5765156 -6.061028 0.5765156 -6.465097 0.6580472 -6.465097 0.6580472 -6.465097 0.5765156 -6.465097 0.6580472 -6.768148 0.6580472 -6.465097 0.6580472 -6.768148 0.698813 -6.768148 0.698813 -6.768148 0.6580472 -6.768148 0.698813 -7.071199 0.698813 -6.768148 0.698813 -7.071199 0.7395789 -7.071199 0.494984 -3.232548 0.5765156 -3.636617 0.5765156 -3.232548 0.5765156 -3.232548 0.5765156 -3.636617 0.6580472 -3.636617 0.5765156 -3.232548 0.6580472 -3.636617 0.6580472 -3.232548 0.6580472 -3.232548 0.6580472 -3.636617 0.698813 -3.636617 0.6580472 -3.232548 0.698813 -3.636617 0.698813 -3.232548 0.698813 -3.232548 0.698813 -3.636617 0.7395789 -3.636617 0.698813 -3.232548 0.7395789 -3.636617 0.7395789 -3.232548 0.7395789 -3.232548 0.7395789 -3.636617 0.7803447 -3.636617 0.7395789 -3.232548 0.7803447 -3.636617 0.7803447 -3.232548 0.7803447 -3.232548 0.7803447 -3.636617 0.8211104 -3.636617 0.7803447 -3.232548 0.8211104 -3.636617 0.8211104 -3.232548 0.8211104 -3.232548 0.8211104 -3.636617 0.8633248 -3.636617 0.8211104 -3.232548 0.8633248 -3.636617 0.8633248 -3.232548 0.8633248 -3.232548 0.8633248 -3.636617 0.9055392 -3.636617 0.8633248 -3.232548 0.9055392 -3.636617 0.9055392 -3.232548 0.07767397 -3.232548 0.07767397 -3.636617 0.155348 -3.636617 0.155348 -3.636617 0.07767397 -3.636617 0.155348 -4.040686 0.155348 -3.636617 0.155348 -4.040686 0.233022 -4.040686 0.233022 -4.040686 0.155348 -4.040686 0.233022 -4.444754 0.233022 -4.040686 0.233022 -4.444754 0.310696 -4.444754 0.310696 -4.444754 0.233022 -4.444754 0.310696 -4.848823 0.310696 -4.444754 0.310696 -4.848823 0.356768 -4.848823 0.356768 -4.848823 0.310696 -4.848823 0.356768 -5.252891 0.356768 -4.848823 0.356768 -5.252891 0.40284 -5.252891 0.40284 -5.252891 0.356768 -5.252891 0.40284 -5.65696 0.40284 -5.252891 0.40284 -5.65696 0.448912 -5.65696 0.448912 -5.65696 0.40284 -5.65696 0.448912 -6.061028 0.448912 -5.65696 0.448912 -6.061028 0.494984 -6.061028 0.494984 -6.061028 0.448912 -6.061028 0.494984 -6.465097 0.494984 -6.061028 0.494984 -6.465097 0.5765156 -6.465097 0.5765156 -6.465097 0.494984 -6.465097 0.5765156 -6.768148 0.5765156 -6.465097 0.5765156 -6.768148 0.6580472 -6.768148 0.6580472 -6.768148 0.5765156 -6.768148 0.6580472 -7.071199 0.6580472 -6.768148 0.6580472 -7.071199 0.698813 -7.071199 0.5765156 -3.636617 0.6580472 -4.040686 0.6580472 -3.636617 0.6580472 -3.636617 0.6580472 -4.040686 0.698813 -4.040686 0.6580472 -3.636617 0.698813 -4.040686 0.698813 -3.636617 0.698813 -3.636617 0.698813 -4.040686 0.7395789 -4.040686 0.698813 -3.636617 0.7395789 -4.040686 0.7395789 -3.636617 0.7395789 -3.636617 0.7395789 -4.040686 0.7803447 -4.040686 0.7395789 -3.636617 0.7803447 -4.040686 0.7803447 -3.636617 0.7803447 -3.636617 0.7803447 -4.040686 0.8211104 -4.040686 0.7803447 -3.636617 0.8211104 -4.040686 0.8211104 -3.636617 0.8211104 -3.636617 0.8211104 -4.040686 0.8633248 -4.040686 0.8211104 -3.636617 0.8633248 -4.040686 0.8633248 -3.636617 0.8633248 -3.636617 0.8633248 -4.040686 0.9055392 -4.040686 0.8633248 -3.636617 0.9055392 -4.040686 0.9055392 -3.636617 0.07767397 -3.636617 0.07767397 -4.040686 0.155348 -4.040686 0.155348 -4.040686 0.07767397 -4.040686 0.155348 -4.444754 0.155348 -4.040686 0.155348 -4.444754 0.233022 -4.444754 0.233022 -4.444754 0.155348 -4.444754 0.233022 -4.848823 0.233022 -4.444754 0.233022 -4.848823 0.310696 -4.848823 0.310696 -4.848823 0.233022 -4.848823 0.310696 -5.252891 0.310696 -4.848823 0.310696 -5.252891 0.356768 -5.252891 0.356768 -5.252891 0.310696 -5.252891 0.356768 -5.65696 0.356768 -5.252891 0.356768 -5.65696 0.40284 -5.65696 0.40284 -5.65696 0.356768 -5.65696 0.40284 -6.061028 0.40284 -5.65696 0.40284 -6.061028 0.448912 -6.061028 0.448912 -6.061028 0.40284 -6.061028 0.448912 -6.465097 0.448912 -6.061028 0.448912 -6.465097 0.494984 -6.465097 0.494984 -6.465097 0.448912 -6.465097 0.494984 -6.768148 0.494984 -6.465097 0.494984 -6.768148 0.5765156 -6.768148 0.5765156 -6.768148 0.494984 -6.768148 0.5765156 -7.071199 0.5765156 -6.768148 0.5765156 -7.071199 0.6580472 -7.071199 0.6580472 -4.040686 0.698813 -4.444754 0.698813 -4.040686 0.698813 -4.040686 0.698813 -4.444754 0.7395789 -4.444754 0.698813 -4.040686 0.7395789 -4.444754 0.7395789 -4.040686 0.7395789 -4.040686 0.7395789 -4.444754 0.7803447 -4.444754 0.7395789 -4.040686 0.7803447 -4.444754 0.7803447 -4.040686 0.7803447 -4.040686 0.7803447 -4.444754 0.8211104 -4.444754 0.7803447 -4.040686 0.8211104 -4.444754 0.8211104 -4.040686 0.8211104 -4.040686 0.8211104 -4.444754 0.8633248 -4.444754 0.8211104 -4.040686 0.8633248 -4.444754 0.8633248 -4.040686 0.8633248 -4.040686 0.8633248 -4.444754 0.9055392 -4.444754 0.8633248 -4.040686 0.9055392 -4.444754 0.9055392 -4.040686 0.07767397 -4.040686 0.07767397 -4.444754 0.155348 -4.444754 0.155348 -4.444754 0.07767397 -4.444754 0.155348 -4.848823 0.155348 -4.444754 0.155348 -4.848823 0.233022 -4.848823 0.233022 -4.848823 0.155348 -4.848823 0.233022 -5.252891 0.233022 -4.848823 0.233022 -5.252891 0.310696 -5.252891 0.310696 -5.252891 0.233022 -5.252891 0.310696 -5.65696 0.310696 -5.252891 0.310696 -5.65696 0.356768 -5.65696 0.356768 -5.65696 0.310696 -5.65696 0.356768 -6.061028 0.356768 -5.65696 0.356768 -6.061028 0.40284 -6.061028 0.40284 -6.061028 0.356768 -6.061028 0.40284 -6.465097 0.40284 -6.061028 0.40284 -6.465097 0.448912 -6.465097 0.448912 -6.465097 0.40284 -6.465097 0.448912 -6.768148 0.448912 -6.465097 0.448912 -6.768148 0.494984 -6.768148 0.494984 -6.768148 0.448912 -6.768148 0.494984 -7.071199 0.494984 -6.768148 0.494984 -7.071199 0.5765156 -7.071199 0.698813 -4.444754 0.7395789 -4.848823 0.7395789 -4.444754 0.7395789 -4.444754 0.7395789 -4.848823 0.7803447 -4.848823 0.7395789 -4.444754 0.7803447 -4.848823 0.7803447 -4.444754 0.7803447 -4.444754 0.7803447 -4.848823 0.8211104 -4.848823 0.7803447 -4.444754 0.8211104 -4.848823 0.8211104 -4.444754 0.8211104 -4.444754 0.8211104 -4.848823 0.8633248 -4.848823 0.8211104 -4.444754 0.8633248 -4.848823 0.8633248 -4.444754 0.8633248 -4.444754 0.8633248 -4.848823 0.9055392 -4.848823 0.8633248 -4.444754 0.9055392 -4.848823 0.9055392 -4.444754 0.07767397 -4.444754 0.07767397 -4.848823 0.155348 -4.848823 0.155348 -4.848823 0.07767397 -4.848823 0.155348 -5.252891 0.155348 -4.848823 0.155348 -5.252891 0.233022 -5.252891 0.233022 -5.252891 0.155348 -5.252891 0.233022 -5.65696 0.233022 -5.252891 0.233022 -5.65696 0.310696 -5.65696 0.310696 -5.65696 0.233022 -5.65696 0.310696 -6.061028 0.310696 -5.65696 0.310696 -6.061028 0.356768 -6.061028 0.356768 -6.061028 0.310696 -6.061028 0.356768 -6.465097 0.356768 -6.061028 0.356768 -6.465097 0.40284 -6.465097 0.40284 -6.465097 0.356768 -6.465097 0.40284 -6.768148 0.40284 -6.465097 0.40284 -6.768148 0.448912 -6.768148 0.448912 -6.768148 0.40284 -6.768148 0.448912 -7.071199 0.448912 -6.768148 0.448912 -7.071199 0.494984 -7.071199 0.7395789 -4.848823 0.7803447 -5.252891 0.7803447 -4.848823 0.7803447 -4.848823 0.7803447 -5.252891 0.8211104 -5.252891 0.7803447 -4.848823 0.8211104 -5.252891 0.8211104 -4.848823 0.8211104 -4.848823 0.8211104 -5.252891 0.8633248 -5.252891 0.8211104 -4.848823 0.8633248 -5.252891 0.8633248 -4.848823 0.8633248 -4.848823 0.8633248 -5.252891 0.9055392 -5.252891 0.8633248 -4.848823 0.9055392 -5.252891 0.9055392 -4.848823 0.07767397 -4.848823 0.07767397 -5.252891 0.155348 -5.252891 0.155348 -5.252891 0.07767397 -5.252891 0.155348 -5.65696 0.155348 -5.252891 0.155348 -5.65696 0.233022 -5.65696 0.233022 -5.65696 0.155348 -5.65696 0.233022 -6.061028 0.233022 -5.65696 0.233022 -6.061028 0.310696 -6.061028 0.310696 -6.061028 0.233022 -6.061028 0.310696 -6.465097 0.310696 -6.061028 0.310696 -6.465097 0.356768 -6.465097 0.356768 -6.465097 0.310696 -6.465097 0.356768 -6.768148 0.356768 -6.465097 0.356768 -6.768148 0.40284 -6.768148 0.40284 -6.768148 0.356768 -6.768148 0.40284 -7.071199 0.40284 -6.768148 0.40284 -7.071199 0.448912 -7.071199 0.7803447 -5.252891 0.8211104 -5.65696 0.8211104 -5.252891 0.8211104 -5.252891 0.8211104 -5.65696 0.8633248 -5.65696 0.8211104 -5.252891 0.8633248 -5.65696 0.8633248 -5.252891 0.8633248 -5.252891 0.8633248 -5.65696 0.9055392 -5.65696 0.8633248 -5.252891 0.9055392 -5.65696 0.9055392 -5.252891 0.07767397 -5.252891 0.07767397 -5.65696 0.155348 -5.65696 0.155348 -5.65696 0.07767397 -5.65696 0.155348 -6.061028 0.155348 -5.65696 0.155348 -6.061028 0.233022 -6.061028 0.233022 -6.061028 0.155348 -6.061028 0.233022 -6.465097 0.233022 -6.061028 0.233022 -6.465097 0.310696 -6.465097 0.310696 -6.465097 0.233022 -6.465097 0.310696 -6.768148 0.310696 -6.465097 0.310696 -6.768148 0.356768 -6.768148 0.356768 -6.768148 0.310696 -6.768148 0.356768 -7.071199 0.356768 -6.768148 0.356768 -7.071199 0.40284 -7.071199 0.9055392 -6.061028 0.9055392 -5.65696 0.8633248 -5.65696 0.9055392 -6.061028 0.8633248 -5.65696 0.8633248 -6.061028 0.8633248 -6.061028 0.8633248 -5.65696 0.8211104 -5.65696 0.07767397 -5.65696 0.07767397 -6.061028 0.155348 -6.061028 0.155348 -6.061028 0.07767397 -6.061028 0.155348 -6.465097 0.155348 -6.061028 0.155348 -6.465097 0.233022 -6.465097 0.233022 -6.465097 0.155348 -6.465097 0.233022 -6.768148 0.233022 -6.465097 0.233022 -6.768148 0.310696 -6.768148 0.310696 -6.768148 0.233022 -6.768148 0.310696 -7.071199 0.310696 -6.768148 0.310696 -7.071199 0.356768 -7.071199 0.9055392 -6.465097 0.9055392 -6.061028 0.8633248 -6.061028 0.07767397 -6.061028 0.07767397 -6.465097 0.155348 -6.465097 0.155348 -6.465097 0.07767397 -6.465097 0.155348 -6.768148 0.155348 -6.465097 0.155348 -6.768148 0.233022 -6.768148 0.233022 -6.768148 0.155348 -6.768148 0.233022 -7.071199 0.233022 -6.768148 0.233022 -7.071199 0.310696 -7.071199 0.07767397 -6.465097 0.07767397 -6.768148 0.155348 -6.768148 0.155348 -6.768148 0.07767397 -6.768148 0.155348 -7.071199 0.155348 -6.768148 0.155348 -7.071199 0.233022 -7.071199 0.07767397 -7.071199 0.155348 -7.071199 0.07767397 -6.768148 0.155348 -7.374251 0.07767397 -7.374251 0.155348 -7.677302 0.155348 -7.677302 0.07767397 -7.374251 0.07767397 -7.677302 0.155348 -7.677302 0.07767397 -7.677302 0.155348 -7.980354 0.155348 -7.980354 0.07767397 -7.677302 0.07767397 -7.980354 0.155348 -7.980354 0.07767397 -7.980354 0.155348 -8.283406 0.155348 -8.283406 0.07767397 -7.980354 0.07767397 -8.283406 0.155348 -8.283406 0.07767397 -8.283406 0.155348 -8.586457 0.155348 -8.586457 0.07767397 -8.283406 0.07767397 -8.586457 0.155348 -8.586457 0.07767397 -8.586457 0.155348 -8.889509 0.155348 -8.889509 0.07767397 -8.586457 0.07767397 -8.889509 0.155348 -8.889509 0.07767397 -8.889509 0.155348 -9.19256 0.155348 -9.19256 0.07767397 -8.889509 0.07767397 -9.19256 0.155348 -9.19256 0.07767397 -9.19256 0.155348 -9.495612 0.233022 -7.374251 0.155348 -7.374251 0.233022 -7.677302 0.233022 -7.677302 0.155348 -7.374251 0.155348 -7.677302 0.233022 -7.677302 0.155348 -7.677302 0.233022 -7.980354 0.233022 -7.980354 0.155348 -7.677302 0.155348 -7.980354 0.233022 -7.980354 0.155348 -7.980354 0.233022 -8.283406 0.233022 -8.283406 0.155348 -7.980354 0.155348 -8.283406 0.233022 -8.283406 0.155348 -8.283406 0.233022 -8.586457 0.233022 -8.586457 0.155348 -8.283406 0.155348 -8.586457 0.233022 -8.586457 0.155348 -8.586457 0.233022 -8.889509 0.233022 -8.889509 0.155348 -8.586457 0.155348 -8.889509 0.233022 -8.889509 0.155348 -8.889509 0.233022 -9.19256 0.233022 -9.19256 0.155348 -8.889509 0.155348 -9.19256 0.233022 -9.19256 0.155348 -9.19256 0.233022 -9.495612 0.233022 -9.495612 0.155348 -9.19256 0.155348 -9.495612 0.233022 -9.495612 0.155348 -9.495612 0.233022 -9.798663 0.310696 -7.374251 0.233022 -7.374251 0.310696 -7.677302 0.310696 -7.677302 0.233022 -7.374251 0.233022 -7.677302 0.310696 -7.677302 0.233022 -7.677302 0.310696 -7.980354 0.310696 -7.980354 0.233022 -7.677302 0.233022 -7.980354 0.310696 -7.980354 0.233022 -7.980354 0.310696 -8.283406 0.310696 -8.283406 0.233022 -7.980354 0.233022 -8.283406 0.310696 -8.283406 0.233022 -8.283406 0.310696 -8.586457 0.310696 -8.586457 0.233022 -8.283406 0.233022 -8.586457 0.310696 -8.586457 0.233022 -8.586457 0.310696 -8.889509 0.310696 -8.889509 0.233022 -8.586457 0.233022 -8.889509 0.310696 -8.889509 0.233022 -8.889509 0.310696 -9.19256 0.310696 -9.19256 0.233022 -8.889509 0.233022 -9.19256 0.310696 -9.19256 0.233022 -9.19256 0.310696 -9.495612 0.310696 -9.495612 0.233022 -9.19256 0.233022 -9.495612 0.310696 -9.495612 0.233022 -9.495612 0.310696 -9.798663 0.310696 -9.798663 0.233022 -9.495612 0.233022 -9.798663 0.310696 -9.798663 0.233022 -9.798663 0.310696 -10.10171 0.356768 -7.374251 0.310696 -7.374251 0.356768 -7.677302 0.356768 -7.677302 0.310696 -7.374251 0.310696 -7.677302 0.356768 -7.677302 0.310696 -7.677302 0.356768 -7.980354 0.356768 -7.980354 0.310696 -7.677302 0.310696 -7.980354 0.356768 -7.980354 0.310696 -7.980354 0.356768 -8.283406 0.356768 -8.283406 0.310696 -7.980354 0.310696 -8.283406 0.356768 -8.283406 0.310696 -8.283406 0.356768 -8.586457 0.356768 -8.586457 0.310696 -8.283406 0.310696 -8.586457 0.356768 -8.586457 0.310696 -8.586457 0.356768 -8.889509 0.356768 -8.889509 0.310696 -8.586457 0.310696 -8.889509 0.356768 -8.889509 0.310696 -8.889509 0.356768 -9.19256 0.356768 -9.19256 0.310696 -8.889509 0.310696 -9.19256 0.356768 -9.19256 0.310696 -9.19256 0.356768 -9.495612 0.356768 -9.495612 0.310696 -9.19256 0.310696 -9.495612 0.356768 -9.495612 0.310696 -9.495612 0.356768 -9.798663 0.356768 -9.798663 0.310696 -9.495612 0.310696 -9.798663 0.356768 -9.798663 0.310696 -9.798663 0.356768 -10.10171 0.356768 -10.10171 0.310696 -9.798663 0.310696 -10.10171 0.356768 -10.10171 0.310696 -10.10171 0.356768 -10.40476 0.40284 -7.374251 0.356768 -7.374251 0.40284 -7.677302 0.40284 -7.677302 0.356768 -7.374251 0.356768 -7.677302 0.40284 -7.677302 0.356768 -7.677302 0.40284 -7.980354 0.40284 -7.980354 0.356768 -7.677302 0.356768 -7.980354 0.40284 -7.980354 0.356768 -7.980354 0.40284 -8.283406 0.40284 -8.283406 0.356768 -7.980354 0.356768 -8.283406 0.40284 -8.283406 0.356768 -8.283406 0.40284 -8.586457 0.40284 -8.586457 0.356768 -8.283406 0.356768 -8.586457 0.40284 -8.586457 0.356768 -8.586457 0.40284 -8.889509 0.40284 -8.889509 0.356768 -8.586457 0.356768 -8.889509 0.40284 -8.889509 0.356768 -8.889509 0.40284 -9.19256 0.40284 -9.19256 0.356768 -8.889509 0.356768 -9.19256 0.40284 -9.19256 0.356768 -9.19256 0.40284 -9.495612 0.40284 -9.495612 0.356768 -9.19256 0.356768 -9.495612 0.40284 -9.495612 0.356768 -9.495612 0.40284 -9.798663 0.40284 -9.798663 0.356768 -9.495612 0.356768 -9.798663 0.40284 -9.798663 0.356768 -9.798663 0.40284 -10.10171 0.40284 -10.10171 0.356768 -9.798663 0.356768 -10.10171 0.40284 -10.10171 0.356768 -10.10171 0.40284 -10.40476 0.40284 -10.40476 0.356768 -10.10171 0.356768 -10.40476 0.40284 -10.40476 0.356768 -10.40476 0.40284 -10.70782 0.448912 -7.374251 0.40284 -7.374251 0.448912 -7.677302 0.448912 -7.677302 0.40284 -7.374251 0.40284 -7.677302 0.448912 -7.677302 0.40284 -7.677302 0.448912 -7.980354 0.448912 -7.980354 0.40284 -7.677302 0.40284 -7.980354 0.448912 -7.980354 0.40284 -7.980354 0.448912 -8.283406 0.448912 -8.283406 0.40284 -7.980354 0.40284 -8.283406 0.448912 -8.283406 0.40284 -8.283406 0.448912 -8.586457 0.448912 -8.586457 0.40284 -8.283406 0.40284 -8.586457 0.448912 -8.586457 0.40284 -8.586457 0.448912 -8.889509 0.448912 -8.889509 0.40284 -8.586457 0.40284 -8.889509 0.448912 -8.889509 0.40284 -8.889509 0.448912 -9.19256 0.448912 -9.19256 0.40284 -8.889509 0.40284 -9.19256 0.448912 -9.19256 0.40284 -9.19256 0.448912 -9.495612 0.448912 -9.495612 0.40284 -9.19256 0.40284 -9.495612 0.448912 -9.495612 0.40284 -9.495612 0.448912 -9.798663 0.448912 -9.798663 0.40284 -9.495612 0.40284 -9.798663 0.448912 -9.798663 0.40284 -9.798663 0.448912 -10.10171 0.448912 -10.10171 0.40284 -9.798663 0.40284 -10.10171 0.448912 -10.10171 0.40284 -10.10171 0.448912 -10.40476 0.448912 -10.40476 0.40284 -10.10171 0.40284 -10.40476 0.448912 -10.40476 0.40284 -10.40476 0.448912 -10.70782 0.448912 -10.70782 0.40284 -10.40476 0.40284 -10.70782 0.448912 -10.70782 0.40284 -10.70782 0.448912 -11.01087 0.494984 -7.374251 0.448912 -7.374251 0.494984 -7.677302 0.494984 -7.677302 0.448912 -7.374251 0.448912 -7.677302 0.494984 -7.677302 0.448912 -7.677302 0.494984 -7.980354 0.494984 -7.980354 0.448912 -7.677302 0.448912 -7.980354 0.494984 -7.980354 0.448912 -7.980354 0.494984 -8.283406 0.494984 -8.283406 0.448912 -7.980354 0.448912 -8.283406 0.494984 -8.283406 0.448912 -8.283406 0.494984 -8.586457 0.494984 -8.586457 0.448912 -8.283406 0.448912 -8.586457 0.494984 -8.586457 0.448912 -8.586457 0.494984 -8.889509 0.494984 -8.889509 0.448912 -8.586457 0.448912 -8.889509 0.494984 -8.889509 0.448912 -8.889509 0.494984 -9.19256 0.494984 -9.19256 0.448912 -8.889509 0.448912 -9.19256 0.494984 -9.19256 0.448912 -9.19256 0.494984 -9.495612 0.494984 -9.495612 0.448912 -9.19256 0.448912 -9.495612 0.494984 -9.495612 0.448912 -9.495612 0.494984 -9.798663 0.494984 -9.798663 0.448912 -9.495612 0.448912 -9.798663 0.494984 -9.798663 0.448912 -9.798663 0.494984 -10.10171 0.494984 -10.10171 0.448912 -9.798663 0.448912 -10.10171 0.494984 -10.10171 0.448912 -10.10171 0.494984 -10.40476 0.494984 -10.40476 0.448912 -10.10171 0.448912 -10.40476 0.494984 -10.40476 0.448912 -10.40476 0.494984 -10.70782 0.494984 -10.70782 0.448912 -10.40476 0.448912 -10.70782 0.494984 -10.70782 0.448912 -10.70782 0.494984 -11.01087 0.494984 -11.01087 0.448912 -10.70782 0.448912 -11.01087 0.5765156 -7.374251 0.494984 -7.374251 0.5765156 -7.677302 0.5765156 -7.677302 0.494984 -7.374251 0.494984 -7.677302 0.5765156 -7.677302 0.494984 -7.677302 0.5765156 -7.980354 0.5765156 -7.980354 0.494984 -7.677302 0.494984 -7.980354 0.5765156 -7.980354 0.494984 -7.980354 0.5765156 -8.283406 0.5765156 -8.283406 0.494984 -7.980354 0.494984 -8.283406 0.5765156 -8.283406 0.494984 -8.283406 0.5765156 -8.586457 0.5765156 -8.586457 0.494984 -8.283406 0.494984 -8.586457 0.5765156 -8.586457 0.494984 -8.586457 0.5765156 -8.889509 0.5765156 -8.889509 0.494984 -8.586457 0.494984 -8.889509 0.5765156 -8.889509 0.494984 -8.889509 0.5765156 -9.19256 0.5765156 -9.19256 0.494984 -8.889509 0.494984 -9.19256 0.5765156 -9.19256 0.494984 -9.19256 0.5765156 -9.495612 0.5765156 -9.495612 0.494984 -9.19256 0.494984 -9.495612 0.5765156 -9.495612 0.494984 -9.495612 0.5765156 -9.798663 0.5765156 -9.798663 0.494984 -9.495612 0.494984 -9.798663 0.5765156 -9.798663 0.494984 -9.798663 0.5765156 -10.10171 0.5765156 -10.10171 0.494984 -9.798663 0.494984 -10.10171 0.5765156 -10.10171 0.494984 -10.10171 0.5765156 -10.40476 0.5765156 -10.40476 0.494984 -10.10171 0.494984 -10.40476 0.5765156 -10.40476 0.494984 -10.40476 0.5765156 -10.70782 0.5765156 -10.70782 0.494984 -10.40476 0.494984 -10.70782 0.5765156 -10.70782 0.494984 -10.70782 0.5765156 -11.01087 0.5765156 -11.01087 0.494984 -10.70782 0.494984 -11.01087 0.6580472 -7.374251 0.5765156 -7.374251 0.6580472 -7.677302 0.6580472 -7.677302 0.5765156 -7.374251 0.5765156 -7.677302 0.6580472 -7.677302 0.5765156 -7.677302 0.6580472 -7.980354 0.6580472 -7.980354 0.5765156 -7.677302 0.5765156 -7.980354 0.6580472 -7.980354 0.5765156 -7.980354 0.6580472 -8.283406 0.6580472 -8.283406 0.5765156 -7.980354 0.5765156 -8.283406 0.6580472 -8.283406 0.5765156 -8.283406 0.6580472 -8.586457 0.6580472 -8.586457 0.5765156 -8.283406 0.5765156 -8.586457 0.6580472 -8.586457 0.5765156 -8.586457 0.6580472 -8.889509 0.6580472 -8.889509 0.5765156 -8.586457 0.5765156 -8.889509 0.6580472 -8.889509 0.5765156 -8.889509 0.6580472 -9.19256 0.6580472 -9.19256 0.5765156 -8.889509 0.5765156 -9.19256 0.6580472 -9.19256 0.5765156 -9.19256 0.6580472 -9.495612 0.6580472 -9.495612 0.5765156 -9.19256 0.5765156 -9.495612 0.6580472 -9.495612 0.5765156 -9.495612 0.6580472 -9.798663 0.6580472 -9.798663 0.5765156 -9.495612 0.5765156 -9.798663 0.6580472 -9.798663 0.5765156 -9.798663 0.6580472 -10.10171 0.6580472 -10.10171 0.5765156 -9.798663 0.5765156 -10.10171 0.6580472 -10.10171 0.5765156 -10.10171 0.6580472 -10.40476 0.6580472 -10.40476 0.5765156 -10.10171 0.5765156 -10.40476 0.6580472 -10.40476 0.5765156 -10.40476 0.6580472 -10.70782 0.6580472 -10.70782 0.5765156 -10.40476 0.5765156 -10.70782 0.6580472 -10.70782 0.5765156 -10.70782 0.6580472 -11.01087 0.6580472 -11.01087 0.5765156 -10.70782 0.5765156 -11.01087 0.698813 -7.374251 0.6580472 -7.374251 0.698813 -7.677302 0.698813 -7.677302 0.6580472 -7.374251 0.6580472 -7.677302 0.698813 -7.677302 0.6580472 -7.677302 0.698813 -7.980354 0.698813 -7.980354 0.6580472 -7.677302 0.6580472 -7.980354 0.698813 -7.980354 0.6580472 -7.980354 0.698813 -8.283406 0.698813 -8.283406 0.6580472 -7.980354 0.6580472 -8.283406 0.698813 -8.283406 0.6580472 -8.283406 0.698813 -8.586457 0.698813 -8.586457 0.6580472 -8.283406 0.6580472 -8.586457 0.698813 -8.586457 0.6580472 -8.586457 0.698813 -8.889509 0.698813 -8.889509 0.6580472 -8.586457 0.6580472 -8.889509 0.698813 -8.889509 0.6580472 -8.889509 0.698813 -9.19256 0.698813 -9.19256 0.6580472 -8.889509 0.6580472 -9.19256 0.698813 -9.19256 0.6580472 -9.19256 0.698813 -9.495612 0.698813 -9.495612 0.6580472 -9.19256 0.6580472 -9.495612 0.698813 -9.495612 0.6580472 -9.495612 0.698813 -9.798663 0.698813 -9.798663 0.6580472 -9.495612 0.6580472 -9.798663 0.698813 -9.798663 0.6580472 -9.798663 0.698813 -10.10171 0.698813 -10.10171 0.6580472 -9.798663 0.6580472 -10.10171 0.698813 -10.10171 0.6580472 -10.10171 0.698813 -10.40476 0.698813 -10.40476 0.6580472 -10.10171 0.6580472 -10.40476 0.698813 -10.40476 0.6580472 -10.40476 0.698813 -10.70782 0.698813 -10.70782 0.6580472 -10.40476 0.6580472 -10.70782 0.698813 -10.70782 0.6580472 -10.70782 0.698813 -11.01087 0.698813 -11.01087 0.6580472 -10.70782 0.6580472 -11.01087 0.7395789 -7.374251 0.698813 -7.374251 0.7395789 -7.677302 0.7395789 -7.677302 0.698813 -7.374251 0.698813 -7.677302 0.7395789 -7.677302 0.698813 -7.677302 0.7395789 -7.980354 0.7395789 -7.980354 0.698813 -7.677302 0.698813 -7.980354 0.7395789 -7.980354 0.698813 -7.980354 0.7395789 -8.283406 0.7395789 -8.283406 0.698813 -7.980354 0.698813 -8.283406 0.7395789 -8.283406 0.698813 -8.283406 0.7395789 -8.586457 0.7395789 -8.586457 0.698813 -8.283406 0.698813 -8.586457 0.7395789 -8.586457 0.698813 -8.586457 0.7395789 -8.889509 0.7395789 -8.889509 0.698813 -8.586457 0.698813 -8.889509 0.7395789 -8.889509 0.698813 -8.889509 0.7395789 -9.19256 0.7395789 -9.19256 0.698813 -8.889509 0.698813 -9.19256 0.7395789 -9.19256 0.698813 -9.19256 0.7395789 -9.495612 0.7395789 -9.495612 0.698813 -9.19256 0.698813 -9.495612 0.7395789 -9.495612 0.698813 -9.495612 0.7395789 -9.798663 0.7395789 -9.798663 0.698813 -9.495612 0.698813 -9.798663 0.7395789 -9.798663 0.698813 -9.798663 0.7395789 -10.10171 0.7395789 -10.10171 0.698813 -9.798663 0.698813 -10.10171 0.7395789 -10.10171 0.698813 -10.10171 0.7395789 -10.40476 0.7395789 -10.40476 0.698813 -10.10171 0.698813 -10.40476 0.7395789 -10.40476 0.698813 -10.40476 0.7395789 -10.70782 0.7395789 -10.70782 0.698813 -10.40476 0.698813 -10.70782 0.7395789 -10.70782 0.698813 -10.70782 0.7395789 -11.01087 0.7395789 -11.01087 0.698813 -10.70782 0.698813 -11.01087 0.8211104 -7.677302 0.8211104 -7.374251 0.7803447 -7.374251 0.7803447 -7.374251 0.7395789 -7.374251 0.7803447 -7.677302 0.7803447 -7.677302 0.7395789 -7.374251 0.7395789 -7.677302 0.7803447 -7.677302 0.7395789 -7.677302 0.7803447 -7.980354 0.7803447 -7.980354 0.7395789 -7.677302 0.7395789 -7.980354 0.7803447 -7.980354 0.7395789 -7.980354 0.7803447 -8.283406 0.7803447 -8.283406 0.7395789 -7.980354 0.7395789 -8.283406 0.7803447 -8.283406 0.7395789 -8.283406 0.7803447 -8.586457 0.7803447 -8.586457 0.7395789 -8.283406 0.7395789 -8.586457 0.7803447 -8.586457 0.7395789 -8.586457 0.7803447 -8.889509 0.7803447 -8.889509 0.7395789 -8.586457 0.7395789 -8.889509 0.7803447 -8.889509 0.7395789 -8.889509 0.7803447 -9.19256 0.7803447 -9.19256 0.7395789 -8.889509 0.7395789 -9.19256 0.7803447 -9.19256 0.7395789 -9.19256 0.7803447 -9.495612 0.7803447 -9.495612 0.7395789 -9.19256 0.7395789 -9.495612 0.7803447 -9.495612 0.7395789 -9.495612 0.7803447 -9.798663 0.7803447 -9.798663 0.7395789 -9.495612 0.7395789 -9.798663 0.7803447 -9.798663 0.7395789 -9.798663 0.7803447 -10.10171 0.7803447 -10.10171 0.7395789 -9.798663 0.7395789 -10.10171 0.7803447 -10.10171 0.7395789 -10.10171 0.7803447 -10.40476 0.7803447 -10.40476 0.7395789 -10.10171 0.7395789 -10.40476 0.7803447 -10.40476 0.7395789 -10.40476 0.7803447 -10.70782 0.7803447 -10.70782 0.7395789 -10.40476 0.7395789 -10.70782 0.7803447 -10.70782 0.7395789 -10.70782 0.7803447 -11.01087 0.7803447 -11.01087 0.7395789 -10.70782 0.7395789 -11.01087 0.8211104 -7.980354 0.8211104 -7.677302 0.7803447 -7.677302 0.7803447 -7.677302 0.8211104 -7.677302 0.7803447 -7.374251 0.8211104 -7.980354 0.7803447 -7.677302 0.7803447 -7.980354 0.8211104 -8.283406 0.8211104 -7.980354 0.7803447 -7.980354 0.8211104 -8.283406 0.7803447 -7.980354 0.7803447 -8.283406 0.8211104 -8.586457 0.8211104 -8.283406 0.7803447 -8.283406 0.8211104 -8.586457 0.7803447 -8.283406 0.7803447 -8.586457 0.8211104 -8.889509 0.8211104 -8.586457 0.7803447 -8.586457 0.8211104 -8.889509 0.7803447 -8.586457 0.7803447 -8.889509 0.8211104 -9.19256 0.8211104 -8.889509 0.7803447 -8.889509 0.8211104 -9.19256 0.7803447 -8.889509 0.7803447 -9.19256 0.8211104 -9.19256 0.7803447 -9.19256 0.8211104 -9.495612 0.8211104 -9.495612 0.7803447 -9.19256 0.7803447 -9.495612 0.8211104 -9.495612 0.7803447 -9.495612 0.8211104 -9.798663 0.8211104 -9.798663 0.7803447 -9.495612 0.7803447 -9.798663 0.8211104 -9.798663 0.7803447 -9.798663 0.8211104 -10.10171 0.8211104 -10.10171 0.7803447 -9.798663 0.7803447 -10.10171 0.8211104 -10.10171 0.7803447 -10.10171 0.8211104 -10.40476 0.8211104 -10.40476 0.7803447 -10.10171 0.7803447 -10.40476 0.8211104 -10.40476 0.7803447 -10.40476 0.8211104 -10.70782 0.8211104 -10.70782 0.7803447 -10.40476 0.7803447 -10.70782 0.8211104 -10.70782 0.7803447 -10.70782 0.8211104 -11.01087 0.8211104 -11.01087 0.7803447 -10.70782 0.7803447 -11.01087</float_array>
          <technique_common>
            <accessor source="#Body1-mesh-map-0-array" count="13032" stride="2">
              <param name="S" type="float"/>
              <param name="T" type="float"/>
            </accessor>
          </technique_common>
        </source>
        <vertices id="Body1-mesh-vertices">
          <input semantic="POSITION" source="#Body1-mesh-positions"/>
        </vertices>
        <triangles material="Powder_Coat__Yellow_-material" count="4344">
          <input semantic="VERTEX" source="#Body1-mesh-vertices" offset="0"/>
          <input semantic="NORMAL" source="#Body1-mesh-normals" offset="1"/>
          <input semantic="TEXCOORD" source="#Body1-mesh-map-0" offset="2" set="0"/>
          <p>0 0 0 1 1 1 95 2 2 95 2 3 1 1 4 96 3 5 95 2 6 96 3 7 94 4 8 94 4 9 96 3 10 97 5 11 94 4 12 97 5 13 98 6 14 98 6 15 97 5 16 114 7 17 98 6 18 114 7 19 115 8 20 115 8 21 114 7 22 131 9 23 115 8 24 131 9 25 132 10 26 132 10 27 131 9 28 148 11 29 132 10 30 148 11 31 149 12 32 149 12 33 148 11 34 165 13 35 149 12 36 165 13 37 166 14 38 166 14 39 165 13 40 182 15 41 166 14 42 182 15 43 183 16 44 183 16 45 182 15 46 216 17 47 183 16 48 216 17 49 215 18 50 215 18 51 216 17 52 200 19 53 215 18 54 200 19 55 201 20 56 201 20 57 200 19 58 233 21 59 201 20 60 233 21 61 234 22 62 234 22 63 233 21 64 250 23 65 234 22 66 250 23 67 251 24 68 251 24 69 250 23 70 267 25 71 251 24 72 267 25 73 268 26 74 268 26 75 267 25 76 284 27 77 268 26 78 284 27 79 285 28 80 285 28 81 284 27 82 301 29 83 285 28 84 301 29 85 302 30 86 302 30 87 301 29 88 321 31 89 302 30 90 321 31 91 320 32 92 320 32 93 321 31 94 319 33 95 320 32 96 319 33 97 68 34 98 68 34 99 319 33 100 67 35 101 67 35 102 319 33 103 351 36 104 67 35 105 351 36 106 66 37 107 66 37 108 351 36 109 367 38 110 66 37 111 367 38 112 65 39 113 65 39 114 367 38 115 383 40 116 65 39 117 383 40 118 64 41 119 64 41 120 383 40 121 63 42 122 63 42 123 383 40 124 399 43 125 63 42 126 399 43 127 62 44 128 62 44 129 399 43 130 415 45 131 62 44 132 415 45 133 61 46 134 61 46 135 415 45 136 431 47 137 61 46 138 431 47 139 60 48 140 60 48 141 431 47 142 447 49 143 60 48 144 447 49 145 59 50 146 59 50 147 447 49 148 463 51 149 59 50 150 463 51 151 58 52 152 58 52 153 463 51 154 479 53 155 58 52 156 479 53 157 57 54 158 57 54 159 479 53 160 495 55 161 57 54 162 495 55 163 56 56 164 56 56 165 495 55 166 55 57 167 55 57 168 495 55 169 511 58 170 55 57 171 511 58 172 54 59 173 54 59 174 511 58 175 527 60 176 54 59 177 527 60 178 53 61 179 53 61 180 527 60 181 543 62 182 53 61 183 543 62 184 52 63 185 52 63 186 543 62 187 559 64 188 52 63 189 559 64 190 51 65 191 51 65 192 559 64 193 575 66 194 51 65 195 575 66 196 50 67 197 50 67 198 575 66 199 591 68 200 50 67 201 591 68 202 49 69 203 49 69 204 591 68 205 47 70 206 49 69 207 47 70 208 48 71 209 96 3 210 1 1 211 112 72 212 112 72 213 1 1 214 2 73 215 112 72 216 2 73 217 128 74 218 128 74 219 2 73 220 3 75 221 128 74 222 3 75 223 144 76 224 144 76 225 3 75 226 4 77 227 144 76 228 4 77 229 160 78 230 160 78 231 4 77 232 5 79 233 160 78 234 5 79 235 176 80 236 176 80 237 5 79 238 6 81 239 176 80 240 6 81 241 223 82 242 223 82 243 6 81 244 192 83 245 223 82 246 192 83 247 193 84 248 193 84 249 192 83 250 225 85 251 193 84 252 225 85 253 226 86 254 226 86 255 225 85 256 242 87 257 226 86 258 242 87 259 243 88 260 243 88 261 242 87 262 259 89 263 243 88 264 259 89 265 260 90 266 260 90 267 259 89 268 276 91 269 260 90 270 276 91 271 277 92 272 277 92 273 276 91 274 293 93 275 277 92 276 293 93 277 294 94 278 294 94 279 293 93 280 329 95 281 294 94 282 329 95 283 328 96 284 328 96 285 329 95 286 311 97 287 328 96 288 311 97 289 312 98 290 312 98 291 311 97 292 344 99 293 312 98 294 344 99 295 345 100 296 345 100 297 344 99 298 361 101 299 345 100 300 361 101 301 362 102 302 362 102 303 361 101 304 378 103 305 362 102 306 378 103 307 379 104 308 379 104 309 378 103 310 395 105 311 379 104 312 395 105 313 396 106 314 396 106 315 395 105 316 412 107 317 396 106 318 412 107 319 413 108 320 413 108 321 412 107 322 429 109 323 413 108 324 429 109 325 430 110 326 430 110 327 429 109 328 446 111 329 430 110 330 446 111 331 447 49 332 447 49 333 446 111 334 463 51 335 6 81 336 7 112 337 192 83 338 192 83 339 7 112 340 224 113 341 192 83 342 224 113 343 225 85 344 225 85 345 224 113 346 241 114 347 225 85 348 241 114 349 242 87 350 242 87 351 241 114 352 258 115 353 242 87 354 258 115 355 259 89 356 259 89 357 258 115 358 275 116 359 259 89 360 275 116 361 276 91 362 276 91 363 275 116 364 292 117 365 276 91 366 292 117 367 293 93 368 293 93 369 292 117 370 330 118 371 293 93 372 330 118 373 329 95 374 329 95 375 330 118 376 310 119 377 329 95 378 310 119 379 311 97 380 311 97 381 310 119 382 343 120 383 311 97 384 343 120 385 344 99 386 344 99 387 343 120 388 360 121 389 344 99 390 360 121 391 361 101 392 361 101 393 360 121 394 377 122 395 361 101 396 377 122 397 378 103 398 378 103 399 377 122 400 394 123 401 378 103 402 394 123 403 395 105 404 395 105 405 394 123 406 411 124 407 395 105 408 411 124 409 412 107 410 412 107 411 411 124 412 428 125 413 412 107 414 428 125 415 429 109 416 429 109 417 428 125 418 445 126 419 429 109 420 445 126 421 446 111 422 446 111 423 445 126 424 462 127 425 446 111 426 462 127 427 463 51 428 463 51 429 462 127 430 479 53 431 7 112 432 8 128 433 224 113 434 224 113 435 8 128 436 240 129 437 224 113 438 240 129 439 241 114 440 241 114 441 240 129 442 257 130 443 241 114 444 257 130 445 258 115 446 258 115 447 257 130 448 274 131 449 258 115 450 274 131 451 275 116 452 275 116 453 274 131 454 291 132 455 275 116 456 291 132 457 292 117 458 292 117 459 291 132 460 331 133 461 292 117 462 331 133 463 330 118 464 330 118 465 331 133 466 309 134 467 330 118 468 309 134 469 310 119 470 310 119 471 309 134 472 342 135 473 310 119 474 342 135 475 343 120 476 343 120 477 342 135 478 359 136 479 343 120 480 359 136 481 360 121 482 360 121 483 359 136 484 376 137 485 360 121 486 376 137 487 377 122 488 377 122 489 376 137 490 393 138 491 377 122 492 393 138 493 394 123 494 394 123 495 393 138 496 410 139 497 394 123 498 410 139 499 411 124 500 411 124 501 410 139 502 427 140 503 411 124 504 427 140 505 428 125 506 428 125 507 427 140 508 444 141 509 428 125 510 444 141 511 445 126 512 445 126 513 444 141 514 461 142 515 445 126 516 461 142 517 462 127 518 462 127 519 461 142 520 478 143 521 462 127 522 478 143 523 479 53 524 479 53 525 478 143 526 495 55 527 8 128 528 9 144 529 240 129 530 240 129 531 9 144 532 256 145 533 240 129 534 256 145 535 257 130 536 257 130 537 256 145 538 273 146 539 257 130 540 273 146 541 274 131 542 274 131 543 273 146 544 290 147 545 274 131 546 290 147 547 291 132 548 291 132 549 290 147 550 332 148 551 291 132 552 332 148 553 331 133 554 331 133 555 332 148 556 308 149 557 331 133 558 308 149 559 309 134 560 309 134 561 308 149 562 341 150 563 309 134 564 341 150 565 342 135 566 342 135 567 341 150 568 358 151 569 342 135 570 358 151 571 359 136 572 359 136 573 358 151 574 375 152 575 359 136 576 375 152 577 376 137 578 376 137 579 375 152 580 392 153 581 376 137 582 392 153 583 393 138 584 393 138 585 392 153 586 409 154 587 393 138 588 409 154 589 410 139 590 410 139 591 409 154 592 426 155 593 410 139 594 426 155 595 427 140 596 427 140 597 426 155 598 443 156 599 427 140 600 443 156 601 444 141 602 444 141 603 443 156 604 460 157 605 444 141 606 460 157 607 461 142 608 461 142 609 460 157 610 477 158 611 461 142 612 477 158 613 478 143 614 478 143 615 477 158 616 494 159 617 478 143 618 494 159 619 495 55 620 495 55 621 494 159 622 511 58 623 9 144 624 10 160 625 256 145 626 256 145 627 10 160 628 272 161 629 256 145 630 272 161 631 273 146 632 273 146 633 272 161 634 289 162 635 273 146 636 289 162 637 290 147 638 290 147 639 289 162 640 333 163 641 290 147 642 333 163 643 332 148 644 332 148 645 333 163 646 307 164 647 332 148 648 307 164 649 308 149 650 308 149 651 307 164 652 340 165 653 308 149 654 340 165 655 341 150 656 341 150 657 340 165 658 357 166 659 341 150 660 357 166 661 358 151 662 358 151 663 357 166 664 374 167 665 358 151 666 374 167 667 375 152 668 375 152 669 374 167 670 391 168 671 375 152 672 391 168 673 392 153 674 392 153 675 391 168 676 408 169 677 392 153 678 408 169 679 409 154 680 409 154 681 408 169 682 425 170 683 409 154 684 425 170 685 426 155 686 426 155 687 425 170 688 442 171 689 426 155 690 442 171 691 443 156 692 443 156 693 442 171 694 459 172 695 443 156 696 459 172 697 460 157 698 460 157 699 459 172 700 476 173 701 460 157 702 476 173 703 477 158 704 477 158 705 476 173 706 493 174 707 477 158 708 493 174 709 494 159 710 494 159 711 493 174 712 510 175 713 494 159 714 510 175 715 511 58 716 511 58 717 510 175 718 527 60 719 10 160 720 11 176 721 272 161 722 272 161 723 11 176 724 288 177 725 272 161 726 288 177 727 289 162 728 289 162 729 288 177 730 334 178 731 289 162 732 334 178 733 333 163 734 333 163 735 334 178 736 306 179 737 333 163 738 306 179 739 307 164 740 307 164 741 306 179 742 339 180 743 307 164 744 339 180 745 340 165 746 340 165 747 339 180 748 356 181 749 340 165 750 356 181 751 357 166 752 357 166 753 356 181 754 373 182 755 357 166 756 373 182 757 374 167 758 374 167 759 373 182 760 390 183 761 374 167 762 390 183 763 391 168 764 391 168 765 390 183 766 407 184 767 391 168 768 407 184 769 408 169 770 408 169 771 407 184 772 424 185 773 408 169 774 424 185 775 425 170 776 425 170 777 424 185 778 441 186 779 425 170 780 441 186 781 442 171 782 442 171 783 441 186 784 458 187 785 442 171 786 458 187 787 459 172 788 459 172 789 458 187 790 475 188 791 459 172 792 475 188 793 476 173 794 476 173 795 475 188 796 492 189 797 476 173 798 492 189 799 493 174 800 493 174 801 492 189 802 509 190 803 493 174 804 509 190 805 510 175 806 510 175 807 509 190 808 526 191 809 510 175 810 526 191 811 527 60 812 527 60 813 526 191 814 543 62 815 11 176 816 12 192 817 288 177 818 288 177 819 12 192 820 335 193 821 288 177 822 335 193 823 334 178 824 334 178 825 335 193 826 305 194 827 334 178 828 305 194 829 306 179 830 306 179 831 305 194 832 338 195 833 306 179 834 338 195 835 339 180 836 339 180 837 338 195 838 355 196 839 339 180 840 355 196 841 356 181 842 356 181 843 355 196 844 372 197 845 356 181 846 372 197 847 373 182 848 373 182 849 372 197 850 389 198 851 373 182 852 389 198 853 390 183 854 390 183 855 389 198 856 406 199 857 390 183 858 406 199 859 407 184 860 407 184 861 406 199 862 423 200 863 407 184 864 423 200 865 424 185 866 424 185 867 423 200 868 440 201 869 424 185 870 440 201 871 441 186 872 441 186 873 440 201 874 457 202 875 441 186 876 457 202 877 458 187 878 458 187 879 457 202 880 474 203 881 458 187 882 474 203 883 475 188 884 475 188 885 474 203 886 491 204 887 475 188 888 491 204 889 492 189 890 492 189 891 491 204 892 508 205 893 492 189 894 508 205 895 509 190 896 509 190 897 508 205 898 525 206 899 509 190 900 525 206 901 526 191 902 526 191 903 525 206 904 542 207 905 526 191 906 542 207 907 543 62 908 543 62 909 542 207 910 559 64 911 335 193 912 12 192 913 304 208 914 304 208 915 12 192 916 13 209 917 304 208 918 13 209 919 336 210 920 336 210 921 13 209 922 14 211 923 336 210 924 14 211 925 352 212 926 352 212 927 14 211 928 15 213 929 352 212 930 15 213 931 368 214 932 368 214 933 15 213 934 16 215 935 368 214 936 16 215 937 17 216 938 368 214 939 17 216 940 384 217 941 384 217 942 17 216 943 18 218 944 384 217 945 18 218 946 400 219 947 400 219 948 18 218 949 19 220 950 400 219 951 19 220 952 416 221 953 416 221 954 19 220 955 20 222 956 416 221 957 20 222 958 432 223 959 432 223 960 20 222 961 21 224 962 432 223 963 21 224 964 448 225 965 448 225 966 21 224 967 22 226 968 448 225 969 22 226 970 464 227 971 464 227 972 22 226 973 23 228 974 464 227 975 23 228 976 480 229 977 480 229 978 23 228 979 24 230 980 480 229 981 24 230 982 25 231 983 480 229 984 25 231 985 496 232 986 496 232 987 25 231 988 26 233 989 496 232 990 26 233 991 512 234 992 512 234 993 26 233 994 27 235 995 512 234 996 27 235 997 528 236 998 528 236 999 27 235 1000 28 237 1001 528 236 1002 28 237 1003 544 238 1004 544 238 1005 28 237 1006 29 239 1007 544 238 1008 29 239 1009 560 240 1010 560 240 1011 29 239 1012 30 241 1013 560 240 1014 30 241 1015 576 242 1016 576 242 1017 30 241 1018 31 243 1019 576 242 1020 31 243 1021 33 244 1022 33 244 1023 31 243 1024 32 245 1025 33 244 1026 34 246 1027 576 242 1028 576 242 1029 34 246 1030 577 247 1031 576 242 1032 577 247 1033 560 240 1034 560 240 1035 577 247 1036 561 248 1037 560 240 1038 561 248 1039 544 238 1040 544 238 1041 561 248 1042 545 249 1043 544 238 1044 545 249 1045 528 236 1046 528 236 1047 545 249 1048 529 250 1049 528 236 1050 529 250 1051 512 234 1052 512 234 1053 529 250 1054 513 251 1055 512 234 1056 513 251 1057 496 232 1058 496 232 1059 513 251 1060 497 252 1061 496 232 1062 497 252 1063 480 229 1064 480 229 1065 497 252 1066 481 253 1067 480 229 1068 481 253 1069 464 227 1070 464 227 1071 481 253 1072 465 254 1073 464 227 1074 465 254 1075 448 225 1076 448 225 1077 465 254 1078 449 255 1079 448 225 1080 449 255 1081 432 223 1082 432 223 1083 449 255 1084 433 256 1085 432 223 1086 433 256 1087 416 221 1088 416 221 1089 433 256 1090 417 257 1091 416 221 1092 417 257 1093 400 219 1094 400 219 1095 417 257 1096 401 258 1097 400 219 1098 401 258 1099 384 217 1100 384 217 1101 401 258 1102 385 259 1103 384 217 1104 385 259 1105 368 214 1106 368 214 1107 385 259 1108 369 260 1109 368 214 1110 369 260 1111 352 212 1112 352 212 1113 369 260 1114 353 261 1115 352 212 1116 353 261 1117 336 210 1118 336 210 1119 353 261 1120 337 262 1121 336 210 1122 337 262 1123 304 208 1124 304 208 1125 337 262 1126 305 194 1127 304 208 1128 305 194 1129 335 193 1130 577 247 1131 34 246 1132 578 263 1133 578 263 1134 34 246 1135 35 264 1136 578 263 1137 35 264 1138 579 265 1139 579 265 1140 35 264 1141 36 266 1142 579 265 1143 36 266 1144 580 267 1145 580 267 1146 36 266 1147 581 268 1148 580 267 1149 581 268 1150 564 269 1151 564 269 1152 581 268 1153 565 270 1154 564 269 1155 565 270 1156 548 271 1157 548 271 1158 565 270 1159 549 272 1160 548 271 1161 549 272 1162 532 273 1163 532 273 1164 549 272 1165 533 274 1166 532 273 1167 533 274 1168 516 275 1169 516 275 1170 533 274 1171 517 276 1172 516 275 1173 517 276 1174 500 277 1175 500 277 1176 517 276 1177 501 278 1178 500 277 1179 501 278 1180 484 279 1181 484 279 1182 501 278 1183 485 280 1184 484 279 1185 485 280 1186 468 281 1187 468 281 1188 485 280 1189 469 282 1190 468 281 1191 469 282 1192 452 283 1193 452 283 1194 469 282 1195 453 284 1196 452 283 1197 453 284 1198 436 285 1199 436 285 1200 453 284 1201 437 286 1202 436 285 1203 437 286 1204 420 287 1205 420 287 1206 437 286 1207 421 288 1208 420 287 1209 421 288 1210 404 289 1211 404 289 1212 421 288 1213 405 290 1214 404 289 1215 405 290 1216 388 291 1217 388 291 1218 405 290 1219 389 198 1220 388 291 1221 389 198 1222 372 197 1223 36 266 1224 37 292 1225 581 268 1226 581 268 1227 37 292 1228 582 293 1229 581 268 1230 582 293 1231 565 270 1232 565 270 1233 582 293 1234 566 294 1235 565 270 1236 566 294 1237 549 272 1238 549 272 1239 566 294 1240 550 295 1241 549 272 1242 550 295 1243 533 274 1244 533 274 1245 550 295 1246 534 296 1247 533 274 1248 534 296 1249 517 276 1250 517 276 1251 534 296 1252 518 297 1253 517 276 1254 518 297 1255 501 278 1256 501 278 1257 518 297 1258 502 298 1259 501 278 1260 502 298 1261 485 280 1262 485 280 1263 502 298 1264 486 299 1265 485 280 1266 486 299 1267 469 282 1268 469 282 1269 486 299 1270 470 300 1271 469 282 1272 470 300 1273 453 284 1274 453 284 1275 470 300 1276 454 301 1277 453 284 1278 454 301 1279 437 286 1280 437 286 1281 454 301 1282 438 302 1283 437 286 1284 438 302 1285 421 288 1286 421 288 1287 438 302 1288 422 303 1289 421 288 1290 422 303 1291 405 290 1292 405 290 1293 422 303 1294 406 199 1295 405 290 1296 406 199 1297 389 198 1298 37 292 1299 38 304 1300 582 293 1301 582 293 1302 38 304 1303 583 305 1304 582 293 1305 583 305 1306 566 294 1307 566 294 1308 583 305 1309 567 306 1310 566 294 1311 567 306 1312 550 295 1313 550 295 1314 567 306 1315 551 307 1316 550 295 1317 551 307 1318 534 296 1319 534 296 1320 551 307 1321 535 308 1322 534 296 1323 535 308 1324 518 297 1325 518 297 1326 535 308 1327 519 309 1328 518 297 1329 519 309 1330 502 298 1331 502 298 1332 519 309 1333 503 310 1334 502 298 1335 503 310 1336 486 299 1337 486 299 1338 503 310 1339 487 311 1340 486 299 1341 487 311 1342 470 300 1343 470 300 1344 487 311 1345 471 312 1346 470 300 1347 471 312 1348 454 301 1349 454 301 1350 471 312 1351 455 313 1352 454 301 1353 455 313 1354 438 302 1355 438 302 1356 455 313 1357 439 314 1358 438 302 1359 439 314 1360 422 303 1361 422 303 1362 439 314 1363 423 200 1364 422 303 1365 423 200 1366 406 199 1367 38 304 1368 39 315 1369 583 305 1370 583 305 1371 39 315 1372 584 316 1373 583 305 1374 584 316 1375 567 306 1376 567 306 1377 584 316 1378 568 317 1379 567 306 1380 568 317 1381 551 307 1382 551 307 1383 568 317 1384 552 318 1385 551 307 1386 552 318 1387 535 308 1388 535 308 1389 552 318 1390 536 319 1391 535 308 1392 536 319 1393 519 309 1394 519 309 1395 536 319 1396 520 320 1397 519 309 1398 520 320 1399 503 310 1400 503 310 1401 520 320 1402 504 321 1403 503 310 1404 504 321 1405 487 311 1406 487 311 1407 504 321 1408 488 322 1409 487 311 1410 488 322 1411 471 312 1412 471 312 1413 488 322 1414 472 323 1415 471 312 1416 472 323 1417 455 313 1418 455 313 1419 472 323 1420 456 324 1421 455 313 1422 456 324 1423 439 314 1424 439 314 1425 456 324 1426 440 201 1427 439 314 1428 440 201 1429 423 200 1430 39 315 1431 40 325 1432 584 316 1433 584 316 1434 40 325 1435 585 326 1436 584 316 1437 585 326 1438 568 317 1439 568 317 1440 585 326 1441 569 327 1442 568 317 1443 569 327 1444 552 318 1445 552 318 1446 569 327 1447 553 328 1448 552 318 1449 553 328 1450 536 319 1451 536 319 1452 553 328 1453 537 329 1454 536 319 1455 537 329 1456 520 320 1457 520 320 1458 537 329 1459 521 330 1460 520 320 1461 521 330 1462 504 321 1463 504 321 1464 521 330 1465 505 331 1466 504 321 1467 505 331 1468 488 322 1469 488 322 1470 505 331 1471 489 332 1472 488 322 1473 489 332 1474 472 323 1475 472 323 1476 489 332 1477 473 333 1478 472 323 1479 473 333 1480 456 324 1481 456 324 1482 473 333 1483 457 202 1484 456 324 1485 457 202 1486 440 201 1487 40 325 1488 41 334 1489 585 326 1490 585 326 1491 41 334 1492 586 335 1493 585 326 1494 586 335 1495 569 327 1496 569 327 1497 586 335 1498 570 336 1499 569 327 1500 570 336 1501 553 328 1502 553 328 1503 570 336 1504 554 337 1505 553 328 1506 554 337 1507 537 329 1508 537 329 1509 554 337 1510 538 338 1511 537 329 1512 538 338 1513 521 330 1514 521 330 1515 538 338 1516 522 339 1517 521 330 1518 522 339 1519 505 331 1520 505 331 1521 522 339 1522 506 340 1523 505 331 1524 506 340 1525 489 332 1526 489 332 1527 506 340 1528 490 341 1529 489 332 1530 490 341 1531 473 333 1532 473 333 1533 490 341 1534 474 203 1535 473 333 1536 474 203 1537 457 202 1538 41 334 1539 42 342 1540 586 335 1541 586 335 1542 42 342 1543 587 343 1544 586 335 1545 587 343 1546 570 336 1547 570 336 1548 587 343 1549 571 344 1550 570 336 1551 571 344 1552 554 337 1553 554 337 1554 571 344 1555 555 345 1556 554 337 1557 555 345 1558 538 338 1559 538 338 1560 555 345 1561 539 346 1562 538 338 1563 539 346 1564 522 339 1565 522 339 1566 539 346 1567 523 347 1568 522 339 1569 523 347 1570 506 340 1571 506 340 1572 523 347 1573 507 348 1574 506 340 1575 507 348 1576 490 341 1577 490 341 1578 507 348 1579 491 204 1580 490 341 1581 491 204 1582 474 203 1583 42 342 1584 43 349 1585 587 343 1586 587 343 1587 43 349 1588 588 350 1589 587 343 1590 588 350 1591 571 344 1592 571 344 1593 588 350 1594 572 351 1595 571 344 1596 572 351 1597 555 345 1598 555 345 1599 572 351 1600 556 352 1601 555 345 1602 556 352 1603 539 346 1604 539 346 1605 556 352 1606 540 353 1607 539 346 1608 540 353 1609 523 347 1610 523 347 1611 540 353 1612 524 354 1613 523 347 1614 524 354 1615 507 348 1616 507 348 1617 524 354 1618 508 205 1619 507 348 1620 508 205 1621 491 204 1622 43 349 1623 44 355 1624 588 350 1625 588 350 1626 44 355 1627 589 356 1628 588 350 1629 589 356 1630 572 351 1631 572 351 1632 589 356 1633 573 357 1634 572 351 1635 573 357 1636 556 352 1637 556 352 1638 573 357 1639 557 358 1640 556 352 1641 557 358 1642 540 353 1643 540 353 1644 557 358 1645 541 359 1646 540 353 1647 541 359 1648 524 354 1649 524 354 1650 541 359 1651 525 206 1652 524 354 1653 525 206 1654 508 205 1655 44 355 1656 45 360 1657 589 356 1658 589 356 1659 45 360 1660 46 361 1661 589 356 1662 46 361 1663 590 362 1664 590 362 1665 46 361 1666 47 70 1667 590 362 1668 47 70 1669 591 68 1670 320 32 1671 68 34 1672 303 363 1673 303 363 1674 68 34 1675 69 364 1676 303 363 1677 69 364 1678 287 365 1679 287 365 1680 69 364 1681 70 366 1682 287 365 1683 70 366 1684 271 367 1685 271 367 1686 70 366 1687 71 368 1688 271 367 1689 71 368 1690 255 369 1691 255 369 1692 71 368 1693 72 370 1694 255 369 1695 72 370 1696 239 371 1697 239 371 1698 72 370 1699 73 372 1700 239 371 1701 73 372 1702 207 373 1703 207 373 1704 73 372 1705 74 374 1706 207 373 1707 74 374 1708 208 375 1709 208 375 1710 74 374 1711 191 376 1712 208 375 1713 191 376 1714 190 377 1715 190 377 1716 191 376 1717 174 378 1718 190 377 1719 174 378 1720 173 379 1721 173 379 1722 174 378 1723 157 380 1724 173 379 1725 157 380 1726 156 381 1727 156 381 1728 157 380 1729 140 382 1730 156 381 1731 140 382 1732 139 383 1733 139 383 1734 140 382 1735 123 384 1736 139 383 1737 123 384 1738 122 385 1739 122 385 1740 123 384 1741 106 386 1742 122 385 1743 106 386 1744 105 387 1745 105 387 1746 106 386 1747 87 388 1748 105 387 1749 87 388 1750 88 389 1751 74 374 1752 75 390 1753 191 376 1754 191 376 1755 75 390 1756 175 391 1757 191 376 1758 175 391 1759 174 378 1760 174 378 1761 175 391 1762 158 392 1763 174 378 1764 158 392 1765 157 380 1766 157 380 1767 158 392 1768 141 393 1769 157 380 1770 141 393 1771 140 382 1772 140 382 1773 141 393 1774 124 394 1775 140 382 1776 124 394 1777 123 384 1778 123 384 1779 124 394 1780 107 395 1781 123 384 1782 107 395 1783 106 386 1784 106 386 1785 107 395 1786 86 396 1787 106 386 1788 86 396 1789 87 388 1790 75 390 1791 76 397 1792 175 391 1793 175 391 1794 76 397 1795 159 398 1796 175 391 1797 159 398 1798 158 392 1799 158 392 1800 159 398 1801 142 399 1802 158 392 1803 142 399 1804 141 393 1805 141 393 1806 142 399 1807 125 400 1808 141 393 1809 125 400 1810 124 394 1811 124 394 1812 125 400 1813 108 401 1814 124 394 1815 108 401 1816 107 395 1817 107 395 1818 108 401 1819 85 402 1820 107 395 1821 85 402 1822 86 396 1823 76 397 1824 77 403 1825 159 398 1826 159 398 1827 77 403 1828 143 404 1829 159 398 1830 143 404 1831 142 399 1832 142 399 1833 143 404 1834 126 405 1835 142 399 1836 126 405 1837 125 400 1838 125 400 1839 126 405 1840 109 406 1841 125 400 1842 109 406 1843 108 401 1844 108 401 1845 109 406 1846 84 407 1847 108 401 1848 84 407 1849 85 402 1850 77 403 1851 78 408 1852 143 404 1853 143 404 1854 78 408 1855 127 409 1856 143 404 1857 127 409 1858 126 405 1859 126 405 1860 127 409 1861 110 410 1862 126 405 1863 110 410 1864 109 406 1865 109 406 1866 110 410 1867 83 411 1868 109 406 1869 83 411 1870 84 407 1871 78 408 1872 79 412 1873 127 409 1874 127 409 1875 79 412 1876 111 413 1877 127 409 1878 111 413 1879 110 410 1880 110 410 1881 111 413 1882 82 414 1883 110 410 1884 82 414 1885 83 411 1886 80 415 1887 81 416 1888 79 412 1889 79 412 1890 81 416 1891 111 413 1892 81 416 1893 82 414 1894 111 413 1895 105 387 1896 88 389 1897 104 417 1898 104 417 1899 88 389 1900 89 418 1901 104 417 1902 89 418 1903 103 419 1904 103 419 1905 89 418 1906 90 420 1907 103 419 1908 90 420 1909 102 421 1910 102 421 1911 90 420 1912 91 422 1913 102 421 1914 91 422 1915 101 423 1916 101 423 1917 91 422 1918 92 424 1919 101 423 1920 92 424 1921 100 425 1922 100 425 1923 92 424 1924 99 426 1925 100 425 1926 99 426 1927 116 427 1928 116 427 1929 99 426 1930 115 8 1931 116 427 1932 115 8 1933 132 10 1934 92 424 1935 93 428 1936 99 426 1937 99 426 1938 93 428 1939 98 6 1940 99 426 1941 98 6 1942 115 8 1943 93 428 1944 94 4 1945 98 6 1946 97 5 1947 96 3 1948 113 429 1949 113 429 1950 96 3 1951 112 72 1952 113 429 1953 112 72 1954 129 430 1955 129 430 1956 112 72 1957 128 74 1958 129 430 1959 128 74 1960 145 431 1961 145 431 1962 128 74 1963 144 76 1964 145 431 1965 144 76 1966 161 432 1967 161 432 1968 144 76 1969 160 78 1970 161 432 1971 160 78 1972 177 433 1973 177 433 1974 160 78 1975 176 80 1976 177 433 1977 176 80 1978 222 434 1979 222 434 1980 176 80 1981 223 82 1982 222 434 1983 223 82 1984 193 84 1985 101 423 1986 100 425 1987 117 435 1988 117 435 1989 100 425 1990 116 427 1991 117 435 1992 116 427 1993 133 436 1994 133 436 1995 116 427 1996 132 10 1997 133 436 1998 132 10 1999 149 12 2000 102 421 2001 101 423 2002 118 437 2003 118 437 2004 101 423 2005 117 435 2006 118 437 2007 117 435 2008 134 438 2009 134 438 2010 117 435 2011 133 436 2012 134 438 2013 133 436 2014 150 439 2015 150 439 2016 133 436 2017 149 12 2018 150 439 2019 149 12 2020 166 14 2021 103 419 2022 102 421 2023 119 440 2024 119 440 2025 102 421 2026 118 437 2027 119 440 2028 118 437 2029 135 441 2030 135 441 2031 118 437 2032 134 438 2033 135 441 2034 134 438 2035 151 442 2036 151 442 2037 134 438 2038 150 439 2039 151 442 2040 150 439 2041 167 443 2042 167 443 2043 150 439 2044 166 14 2045 167 443 2046 166 14 2047 183 16 2048 104 417 2049 103 419 2050 120 444 2051 120 444 2052 103 419 2053 119 440 2054 120 444 2055 119 440 2056 136 445 2057 136 445 2058 119 440 2059 135 441 2060 136 445 2061 135 441 2062 152 446 2063 152 446 2064 135 441 2065 151 442 2066 152 446 2067 151 442 2068 168 447 2069 168 447 2070 151 442 2071 167 443 2072 168 447 2073 167 443 2074 184 448 2075 184 448 2076 167 443 2077 183 16 2078 184 448 2079 183 16 2080 215 18 2081 105 387 2082 104 417 2083 121 449 2084 121 449 2085 104 417 2086 120 444 2087 121 449 2088 120 444 2089 137 450 2090 137 450 2091 120 444 2092 136 445 2093 137 450 2094 136 445 2095 153 451 2096 153 451 2097 136 445 2098 152 446 2099 153 451 2100 152 446 2101 169 452 2102 169 452 2103 152 446 2104 168 447 2105 169 452 2106 168 447 2107 185 453 2108 185 453 2109 168 447 2110 184 448 2111 185 453 2112 184 448 2113 214 454 2114 214 454 2115 184 448 2116 215 18 2117 214 454 2118 215 18 2119 201 20 2120 97 5 2121 113 429 2122 114 7 2123 114 7 2124 113 429 2125 130 455 2126 114 7 2127 130 455 2128 131 9 2129 131 9 2130 130 455 2131 147 456 2132 131 9 2133 147 456 2134 148 11 2135 148 11 2136 147 456 2137 164 457 2138 148 11 2139 164 457 2140 165 13 2141 165 13 2142 164 457 2143 181 458 2144 165 13 2145 181 458 2146 182 15 2147 182 15 2148 181 458 2149 217 459 2150 182 15 2151 217 459 2152 216 17 2153 216 17 2154 217 459 2155 199 460 2156 216 17 2157 199 460 2158 200 19 2159 200 19 2160 199 460 2161 232 461 2162 200 19 2163 232 461 2164 233 21 2165 233 21 2166 232 461 2167 249 462 2168 233 21 2169 249 462 2170 250 23 2171 250 23 2172 249 462 2173 266 463 2174 250 23 2175 266 463 2176 267 25 2177 267 25 2178 266 463 2179 283 464 2180 267 25 2181 283 464 2182 284 27 2183 284 27 2184 283 464 2185 300 465 2186 284 27 2187 300 465 2188 301 29 2189 301 29 2190 300 465 2191 322 466 2192 301 29 2193 322 466 2194 321 31 2195 321 31 2196 322 466 2197 318 467 2198 321 31 2199 318 467 2200 319 33 2201 319 33 2202 318 467 2203 351 36 2204 130 455 2205 113 429 2206 129 430 2207 105 387 2208 121 449 2209 122 385 2210 122 385 2211 121 449 2212 138 468 2213 122 385 2214 138 468 2215 139 383 2216 139 383 2217 138 468 2218 155 469 2219 139 383 2220 155 469 2221 156 381 2222 156 381 2223 155 469 2224 172 470 2225 156 381 2226 172 470 2227 173 379 2228 173 379 2229 172 470 2230 189 471 2231 173 379 2232 189 471 2233 190 377 2234 190 377 2235 189 471 2236 209 472 2237 190 377 2238 209 472 2239 208 375 2240 208 375 2241 209 472 2242 207 373 2243 138 468 2244 121 449 2245 137 450 2246 130 455 2247 129 430 2248 146 473 2249 146 473 2250 129 430 2251 145 431 2252 146 473 2253 145 431 2254 162 474 2255 162 474 2256 145 431 2257 161 432 2258 162 474 2259 161 432 2260 178 475 2261 178 475 2262 161 432 2263 177 433 2264 178 475 2265 177 433 2266 221 476 2267 221 476 2268 177 433 2269 222 434 2270 221 476 2271 222 434 2272 194 477 2273 194 477 2274 222 434 2275 193 84 2276 194 477 2277 193 84 2278 226 86 2279 138 468 2280 137 450 2281 154 478 2282 154 478 2283 137 450 2284 153 451 2285 154 478 2286 153 451 2287 170 479 2288 170 479 2289 153 451 2290 169 452 2291 170 479 2292 169 452 2293 186 480 2294 186 480 2295 169 452 2296 185 453 2297 186 480 2298 185 453 2299 213 481 2300 213 481 2301 185 453 2302 214 454 2303 213 481 2304 214 454 2305 202 482 2306 202 482 2307 214 454 2308 201 20 2309 202 482 2310 201 20 2311 234 22 2312 130 455 2313 146 473 2314 147 456 2315 147 456 2316 146 473 2317 163 483 2318 147 456 2319 163 483 2320 164 457 2321 164 457 2322 163 483 2323 180 484 2324 164 457 2325 180 484 2326 181 458 2327 181 458 2328 180 484 2329 218 485 2330 181 458 2331 218 485 2332 217 459 2333 217 459 2334 218 485 2335 198 486 2336 217 459 2337 198 486 2338 199 460 2339 199 460 2340 198 486 2341 231 487 2342 199 460 2343 231 487 2344 232 461 2345 232 461 2346 231 487 2347 248 488 2348 232 461 2349 248 488 2350 249 462 2351 249 462 2352 248 488 2353 265 489 2354 249 462 2355 265 489 2356 266 463 2357 266 463 2358 265 489 2359 282 490 2360 266 463 2361 282 490 2362 283 464 2363 283 464 2364 282 490 2365 299 491 2366 283 464 2367 299 491 2368 300 465 2369 300 465 2370 299 491 2371 323 492 2372 300 465 2373 323 492 2374 322 466 2375 322 466 2376 323 492 2377 317 493 2378 322 466 2379 317 493 2380 318 467 2381 318 467 2382 317 493 2383 350 494 2384 318 467 2385 350 494 2386 351 36 2387 351 36 2388 350 494 2389 367 38 2390 163 483 2391 146 473 2392 162 474 2393 138 468 2394 154 478 2395 155 469 2396 155 469 2397 154 478 2398 171 495 2399 155 469 2400 171 495 2401 172 470 2402 172 470 2403 171 495 2404 188 496 2405 172 470 2406 188 496 2407 189 471 2408 189 471 2409 188 496 2410 210 497 2411 189 471 2412 210 497 2413 209 472 2414 209 472 2415 210 497 2416 206 498 2417 209 472 2418 206 498 2419 207 373 2420 207 373 2421 206 498 2422 239 371 2423 171 495 2424 154 478 2425 170 479 2426 163 483 2427 162 474 2428 179 499 2429 179 499 2430 162 474 2431 178 475 2432 179 499 2433 178 475 2434 220 500 2435 220 500 2436 178 475 2437 221 476 2438 220 500 2439 221 476 2440 195 501 2441 195 501 2442 221 476 2443 194 477 2444 195 501 2445 194 477 2446 227 502 2447 227 502 2448 194 477 2449 226 86 2450 227 502 2451 226 86 2452 243 88 2453 171 495 2454 170 479 2455 187 503 2456 187 503 2457 170 479 2458 186 480 2459 187 503 2460 186 480 2461 212 504 2462 212 504 2463 186 480 2464 213 481 2465 212 504 2466 213 481 2467 203 505 2468 203 505 2469 213 481 2470 202 482 2471 203 505 2472 202 482 2473 235 506 2474 235 506 2475 202 482 2476 234 22 2477 235 506 2478 234 22 2479 251 24 2480 163 483 2481 179 499 2482 180 484 2483 180 484 2484 179 499 2485 219 507 2486 180 484 2487 219 507 2488 218 485 2489 218 485 2490 219 507 2491 197 508 2492 218 485 2493 197 508 2494 198 486 2495 198 486 2496 197 508 2497 230 509 2498 198 486 2499 230 509 2500 231 487 2501 231 487 2502 230 509 2503 247 510 2504 231 487 2505 247 510 2506 248 488 2507 248 488 2508 247 510 2509 264 511 2510 248 488 2511 264 511 2512 265 489 2513 265 489 2514 264 511 2515 281 512 2516 265 489 2517 281 512 2518 282 490 2519 282 490 2520 281 512 2521 298 513 2522 282 490 2523 298 513 2524 299 491 2525 299 491 2526 298 513 2527 324 514 2528 299 491 2529 324 514 2530 323 492 2531 323 492 2532 324 514 2533 316 515 2534 323 492 2535 316 515 2536 317 493 2537 317 493 2538 316 515 2539 349 516 2540 317 493 2541 349 516 2542 350 494 2543 350 494 2544 349 516 2545 366 517 2546 350 494 2547 366 517 2548 367 38 2549 367 38 2550 366 517 2551 383 40 2552 219 507 2553 179 499 2554 220 500 2555 171 495 2556 187 503 2557 188 496 2558 188 496 2559 187 503 2560 211 518 2561 188 496 2562 211 518 2563 210 497 2564 210 497 2565 211 518 2566 205 519 2567 210 497 2568 205 519 2569 206 498 2570 206 498 2571 205 519 2572 238 520 2573 206 498 2574 238 520 2575 239 371 2576 239 371 2577 238 520 2578 255 369 2579 211 518 2580 187 503 2581 212 504 2582 219 507 2583 220 500 2584 196 521 2585 196 521 2586 220 500 2587 195 501 2588 196 521 2589 195 501 2590 228 522 2591 228 522 2592 195 501 2593 227 502 2594 228 522 2595 227 502 2596 244 523 2597 244 523 2598 227 502 2599 243 88 2600 244 523 2601 243 88 2602 260 90 2603 219 507 2604 196 521 2605 197 508 2606 197 508 2607 196 521 2608 229 524 2609 197 508 2610 229 524 2611 230 509 2612 230 509 2613 229 524 2614 246 525 2615 230 509 2616 246 525 2617 247 510 2618 247 510 2619 246 525 2620 263 526 2621 247 510 2622 263 526 2623 264 511 2624 264 511 2625 263 526 2626 280 527 2627 264 511 2628 280 527 2629 281 512 2630 281 512 2631 280 527 2632 297 528 2633 281 512 2634 297 528 2635 298 513 2636 298 513 2637 297 528 2638 325 529 2639 298 513 2640 325 529 2641 324 514 2642 324 514 2643 325 529 2644 315 530 2645 324 514 2646 315 530 2647 316 515 2648 316 515 2649 315 530 2650 348 531 2651 316 515 2652 348 531 2653 349 516 2654 349 516 2655 348 531 2656 365 532 2657 349 516 2658 365 532 2659 366 517 2660 366 517 2661 365 532 2662 382 533 2663 366 517 2664 382 533 2665 383 40 2666 383 40 2667 382 533 2668 399 43 2669 229 524 2670 196 521 2671 228 522 2672 211 518 2673 212 504 2674 204 534 2675 204 534 2676 212 504 2677 203 505 2678 204 534 2679 203 505 2680 236 535 2681 236 535 2682 203 505 2683 235 506 2684 236 535 2685 235 506 2686 252 536 2687 252 536 2688 235 506 2689 251 24 2690 252 536 2691 251 24 2692 268 26 2693 211 518 2694 204 534 2695 205 519 2696 205 519 2697 204 534 2698 237 537 2699 205 519 2700 237 537 2701 238 520 2702 238 520 2703 237 537 2704 254 538 2705 238 520 2706 254 538 2707 255 369 2708 255 369 2709 254 538 2710 271 367 2711 237 537 2712 204 534 2713 236 535 2714 229 524 2715 228 522 2716 245 539 2717 245 539 2718 228 522 2719 244 523 2720 245 539 2721 244 523 2722 261 540 2723 261 540 2724 244 523 2725 260 90 2726 261 540 2727 260 90 2728 277 92 2729 237 537 2730 236 535 2731 253 541 2732 253 541 2733 236 535 2734 252 536 2735 253 541 2736 252 536 2737 269 542 2738 269 542 2739 252 536 2740 268 26 2741 269 542 2742 268 26 2743 285 28 2744 229 524 2745 245 539 2746 246 525 2747 246 525 2748 245 539 2749 262 543 2750 246 525 2751 262 543 2752 263 526 2753 263 526 2754 262 543 2755 279 544 2756 263 526 2757 279 544 2758 280 527 2759 280 527 2760 279 544 2761 296 545 2762 280 527 2763 296 545 2764 297 528 2765 297 528 2766 296 545 2767 326 546 2768 297 528 2769 326 546 2770 325 529 2771 325 529 2772 326 546 2773 314 547 2774 325 529 2775 314 547 2776 315 530 2777 315 530 2778 314 547 2779 347 548 2780 315 530 2781 347 548 2782 348 531 2783 348 531 2784 347 548 2785 364 549 2786 348 531 2787 364 549 2788 365 532 2789 365 532 2790 364 549 2791 381 550 2792 365 532 2793 381 550 2794 382 533 2795 382 533 2796 381 550 2797 398 551 2798 382 533 2799 398 551 2800 399 43 2801 399 43 2802 398 551 2803 415 45 2804 262 543 2805 245 539 2806 261 540 2807 237 537 2808 253 541 2809 254 538 2810 254 538 2811 253 541 2812 270 552 2813 254 538 2814 270 552 2815 271 367 2816 271 367 2817 270 552 2818 287 365 2819 270 552 2820 253 541 2821 269 542 2822 262 543 2823 261 540 2824 278 553 2825 278 553 2826 261 540 2827 277 92 2828 278 553 2829 277 92 2830 294 94 2831 270 552 2832 269 542 2833 286 554 2834 286 554 2835 269 542 2836 285 28 2837 286 554 2838 285 28 2839 302 30 2840 262 543 2841 278 553 2842 279 544 2843 279 544 2844 278 553 2845 295 555 2846 279 544 2847 295 555 2848 296 545 2849 296 545 2850 295 555 2851 327 556 2852 296 545 2853 327 556 2854 326 546 2855 326 546 2856 327 556 2857 313 557 2858 326 546 2859 313 557 2860 314 547 2861 314 547 2862 313 557 2863 346 558 2864 314 547 2865 346 558 2866 347 548 2867 347 548 2868 346 558 2869 363 559 2870 347 548 2871 363 559 2872 364 549 2873 364 549 2874 363 559 2875 380 560 2876 364 549 2877 380 560 2878 381 550 2879 381 550 2880 380 560 2881 397 561 2882 381 550 2883 397 561 2884 398 551 2885 398 551 2886 397 561 2887 414 562 2888 398 551 2889 414 562 2890 415 45 2891 415 45 2892 414 562 2893 431 47 2894 295 555 2895 278 553 2896 294 94 2897 303 363 2898 287 365 2899 286 554 2900 286 554 2901 287 365 2902 270 552 2903 303 363 2904 286 554 2905 302 30 2906 327 556 2907 295 555 2908 328 96 2909 328 96 2910 295 555 2911 294 94 2912 320 32 2913 303 363 2914 302 30 2915 338 195 2916 305 194 2917 337 262 2918 327 556 2919 328 96 2920 312 98 2921 327 556 2922 312 98 2923 313 557 2924 313 557 2925 312 98 2926 345 100 2927 313 557 2928 345 100 2929 346 558 2930 346 558 2931 345 100 2932 362 102 2933 346 558 2934 362 102 2935 363 559 2936 363 559 2937 362 102 2938 379 104 2939 363 559 2940 379 104 2941 380 560 2942 380 560 2943 379 104 2944 396 106 2945 380 560 2946 396 106 2947 397 561 2948 397 561 2949 396 106 2950 413 108 2951 397 561 2952 413 108 2953 414 562 2954 414 562 2955 413 108 2956 430 110 2957 414 562 2958 430 110 2959 431 47 2960 431 47 2961 430 110 2962 447 49 2963 338 195 2964 337 262 2965 354 563 2966 354 563 2967 337 262 2968 353 261 2969 354 563 2970 353 261 2971 370 564 2972 370 564 2973 353 261 2974 369 260 2975 370 564 2976 369 260 2977 386 565 2978 386 565 2979 369 260 2980 385 259 2981 386 565 2982 385 259 2983 402 566 2984 402 566 2985 385 259 2986 401 258 2987 402 566 2988 401 258 2989 418 567 2990 418 567 2991 401 258 2992 417 257 2993 418 567 2994 417 257 2995 434 568 2996 434 568 2997 417 257 2998 433 256 2999 434 568 3000 433 256 3001 450 569 3002 450 569 3003 433 256 3004 449 255 3005 450 569 3006 449 255 3007 466 570 3008 466 570 3009 449 255 3010 465 254 3011 466 570 3012 465 254 3013 482 571 3014 482 571 3015 465 254 3016 481 253 3017 482 571 3018 481 253 3019 498 572 3020 498 572 3021 481 253 3022 497 252 3023 498 572 3024 497 252 3025 514 573 3026 514 573 3027 497 252 3028 513 251 3029 514 573 3030 513 251 3031 530 574 3032 530 574 3033 513 251 3034 529 250 3035 530 574 3036 529 250 3037 546 575 3038 546 575 3039 529 250 3040 545 249 3041 546 575 3042 545 249 3043 562 576 3044 562 576 3045 545 249 3046 561 248 3047 562 576 3048 561 248 3049 578 263 3050 578 263 3051 561 248 3052 577 247 3053 338 195 3054 354 563 3055 355 196 3056 355 196 3057 354 563 3058 371 577 3059 355 196 3060 371 577 3061 372 197 3062 372 197 3063 371 577 3064 388 291 3065 371 577 3066 354 563 3067 370 564 3068 371 577 3069 370 564 3070 387 578 3071 387 578 3072 370 564 3073 386 565 3074 387 578 3075 386 565 3076 403 579 3077 403 579 3078 386 565 3079 402 566 3080 403 579 3081 402 566 3082 419 580 3083 419 580 3084 402 566 3085 418 567 3086 419 580 3087 418 567 3088 435 581 3089 435 581 3090 418 567 3091 434 568 3092 435 581 3093 434 568 3094 451 582 3095 451 582 3096 434 568 3097 450 569 3098 451 582 3099 450 569 3100 467 583 3101 467 583 3102 450 569 3103 466 570 3104 467 583 3105 466 570 3106 483 584 3107 483 584 3108 466 570 3109 482 571 3110 483 584 3111 482 571 3112 499 585 3113 499 585 3114 482 571 3115 498 572 3116 499 585 3117 498 572 3118 515 586 3119 515 586 3120 498 572 3121 514 573 3122 515 586 3123 514 573 3124 531 587 3125 531 587 3126 514 573 3127 530 574 3128 531 587 3129 530 574 3130 547 588 3131 547 588 3132 530 574 3133 546 575 3134 547 588 3135 546 575 3136 563 589 3137 563 589 3138 546 575 3139 562 576 3140 563 589 3141 562 576 3142 579 265 3143 579 265 3144 562 576 3145 578 263 3146 404 289 3147 388 291 3148 387 578 3149 387 578 3150 388 291 3151 371 577 3152 404 289 3153 387 578 3154 403 579 3155 420 287 3156 404 289 3157 403 579 3158 420 287 3159 403 579 3160 419 580 3161 436 285 3162 420 287 3163 419 580 3164 436 285 3165 419 580 3166 435 581 3167 452 283 3168 436 285 3169 435 581 3170 452 283 3171 435 581 3172 451 582 3173 468 281 3174 452 283 3175 451 582 3176 468 281 3177 451 582 3178 467 583 3179 484 279 3180 468 281 3181 467 583 3182 484 279 3183 467 583 3184 483 584 3185 500 277 3186 484 279 3187 483 584 3188 500 277 3189 483 584 3190 499 585 3191 516 275 3192 500 277 3193 499 585 3194 516 275 3195 499 585 3196 515 586 3197 532 273 3198 516 275 3199 515 586 3200 532 273 3201 515 586 3202 531 587 3203 542 207 3204 525 206 3205 541 359 3206 548 271 3207 532 273 3208 531 587 3209 548 271 3210 531 587 3211 547 588 3212 542 207 3213 541 359 3214 558 590 3215 558 590 3216 541 359 3217 557 358 3218 558 590 3219 557 358 3220 574 591 3221 574 591 3222 557 358 3223 573 357 3224 574 591 3225 573 357 3226 590 362 3227 590 362 3228 573 357 3229 589 356 3230 564 269 3231 548 271 3232 547 588 3233 564 269 3234 547 588 3235 563 589 3236 575 66 3237 559 64 3238 558 590 3239 558 590 3240 559 64 3241 542 207 3242 575 66 3243 558 590 3244 574 591 3245 580 267 3246 564 269 3247 563 589 3248 580 267 3249 563 589 3250 579 265 3251 591 68 3252 575 66 3253 574 591 3254 591 68 3255 574 591 3256 590 362 3257 32 245 3258 592 592 3259 33 244 3260 33 244 3261 592 592 3262 654 593 3263 33 244 3264 654 593 3265 34 246 3266 34 246 3267 654 593 3268 655 594 3269 34 246 3270 655 594 3271 656 595 3272 656 595 3273 655 594 3274 672 596 3275 656 595 3276 672 596 3277 673 597 3278 673 597 3279 672 596 3280 689 598 3281 673 597 3282 689 598 3283 690 599 3284 690 599 3285 689 598 3286 706 600 3287 690 599 3288 706 600 3289 707 601 3290 707 601 3291 706 600 3292 723 602 3293 707 601 3294 723 602 3295 724 603 3296 724 603 3297 723 602 3298 740 604 3299 724 603 3300 740 604 3301 741 605 3302 741 605 3303 740 604 3304 774 606 3305 741 605 3306 774 606 3307 773 607 3308 773 607 3309 774 606 3310 758 608 3311 773 607 3312 758 608 3313 759 609 3314 759 609 3315 758 608 3316 791 610 3317 759 609 3318 791 610 3319 792 611 3320 792 611 3321 791 610 3322 808 612 3323 792 611 3324 808 612 3325 809 613 3326 809 613 3327 808 612 3328 825 614 3329 809 613 3330 825 614 3331 826 615 3332 826 615 3333 825 614 3334 842 616 3335 826 615 3336 842 616 3337 843 617 3338 843 617 3339 842 616 3340 859 618 3341 843 617 3342 859 618 3343 860 619 3344 860 619 3345 859 618 3346 879 620 3347 860 619 3348 879 620 3349 878 621 3350 878 621 3351 879 620 3352 877 622 3353 878 621 3354 877 622 3355 642 623 3356 642 623 3357 877 622 3358 641 624 3359 641 624 3360 877 622 3361 909 625 3362 641 624 3363 909 625 3364 640 626 3365 640 626 3366 909 625 3367 925 627 3368 640 626 3369 925 627 3370 639 628 3371 639 628 3372 925 627 3373 941 629 3374 639 628 3375 941 629 3376 638 630 3377 638 630 3378 941 629 3379 637 631 3380 637 631 3381 941 629 3382 957 632 3383 637 631 3384 957 632 3385 636 633 3386 636 633 3387 957 632 3388 973 634 3389 636 633 3390 973 634 3391 635 635 3392 635 635 3393 973 634 3394 989 636 3395 635 635 3396 989 636 3397 634 637 3398 634 637 3399 989 636 3400 1005 638 3401 634 637 3402 1005 638 3403 633 639 3404 633 639 3405 1005 638 3406 1021 640 3407 633 639 3408 1021 640 3409 632 641 3410 632 641 3411 1021 640 3412 1037 642 3413 632 641 3414 1037 642 3415 631 643 3416 631 643 3417 1037 642 3418 1053 644 3419 631 643 3420 1053 644 3421 630 645 3422 630 645 3423 1053 644 3424 629 646 3425 629 646 3426 1053 644 3427 1069 647 3428 629 646 3429 1069 647 3430 628 648 3431 628 648 3432 1069 647 3433 1085 649 3434 628 648 3435 1085 649 3436 627 650 3437 627 650 3438 1085 649 3439 1101 651 3440 627 650 3441 1101 651 3442 626 652 3443 626 652 3444 1101 651 3445 1117 653 3446 626 652 3447 1117 653 3448 625 654 3449 625 654 3450 1117 653 3451 1133 655 3452 625 654 3453 1133 655 3454 624 656 3455 624 656 3456 1133 655 3457 1149 657 3458 624 656 3459 1149 657 3460 623 658 3461 623 658 3462 1149 657 3463 81 416 3464 623 658 3465 81 416 3466 80 415 3467 654 593 3468 592 592 3469 670 659 3470 670 659 3471 592 592 3472 593 660 3473 670 659 3474 593 660 3475 686 661 3476 686 661 3477 593 660 3478 594 662 3479 686 661 3480 594 662 3481 702 663 3482 702 663 3483 594 662 3484 595 664 3485 702 663 3486 595 664 3487 718 665 3488 718 665 3489 595 664 3490 596 666 3491 718 665 3492 596 666 3493 734 667 3494 734 667 3495 596 666 3496 597 668 3497 734 667 3498 597 668 3499 781 669 3500 781 669 3501 597 668 3502 750 670 3503 781 669 3504 750 670 3505 751 671 3506 751 671 3507 750 670 3508 783 672 3509 751 671 3510 783 672 3511 784 673 3512 784 673 3513 783 672 3514 800 674 3515 784 673 3516 800 674 3517 801 675 3518 801 675 3519 800 674 3520 817 676 3521 801 675 3522 817 676 3523 818 677 3524 818 677 3525 817 676 3526 834 678 3527 818 677 3528 834 678 3529 835 679 3530 835 679 3531 834 678 3532 851 680 3533 835 679 3534 851 680 3535 852 681 3536 852 681 3537 851 680 3538 887 682 3539 852 681 3540 887 682 3541 886 683 3542 886 683 3543 887 682 3544 869 684 3545 886 683 3546 869 684 3547 870 685 3548 870 685 3549 869 684 3550 902 686 3551 870 685 3552 902 686 3553 903 687 3554 903 687 3555 902 686 3556 919 688 3557 903 687 3558 919 688 3559 920 689 3560 920 689 3561 919 688 3562 936 690 3563 920 689 3564 936 690 3565 937 691 3566 937 691 3567 936 690 3568 953 692 3569 937 691 3570 953 692 3571 954 693 3572 954 693 3573 953 692 3574 970 694 3575 954 693 3576 970 694 3577 971 695 3578 971 695 3579 970 694 3580 987 696 3581 971 695 3582 987 696 3583 988 697 3584 988 697 3585 987 696 3586 1004 698 3587 988 697 3588 1004 698 3589 1005 638 3590 1005 638 3591 1004 698 3592 1021 640 3593 597 668 3594 598 699 3595 750 670 3596 750 670 3597 598 699 3598 782 700 3599 750 670 3600 782 700 3601 783 672 3602 783 672 3603 782 700 3604 799 701 3605 783 672 3606 799 701 3607 800 674 3608 800 674 3609 799 701 3610 816 702 3611 800 674 3612 816 702 3613 817 676 3614 817 676 3615 816 702 3616 833 703 3617 817 676 3618 833 703 3619 834 678 3620 834 678 3621 833 703 3622 850 704 3623 834 678 3624 850 704 3625 851 680 3626 851 680 3627 850 704 3628 888 705 3629 851 680 3630 888 705 3631 887 682 3632 887 682 3633 888 705 3634 868 706 3635 887 682 3636 868 706 3637 869 684 3638 869 684 3639 868 706 3640 901 707 3641 869 684 3642 901 707 3643 902 686 3644 902 686 3645 901 707 3646 918 708 3647 902 686 3648 918 708 3649 919 688 3650 919 688 3651 918 708 3652 935 709 3653 919 688 3654 935 709 3655 936 690 3656 936 690 3657 935 709 3658 952 710 3659 936 690 3660 952 710 3661 953 692 3662 953 692 3663 952 710 3664 969 711 3665 953 692 3666 969 711 3667 970 694 3668 970 694 3669 969 711 3670 986 712 3671 970 694 3672 986 712 3673 987 696 3674 987 696 3675 986 712 3676 1003 713 3677 987 696 3678 1003 713 3679 1004 698 3680 1004 698 3681 1003 713 3682 1020 714 3683 1004 698 3684 1020 714 3685 1021 640 3686 1021 640 3687 1020 714 3688 1037 642 3689 598 699 3690 599 715 3691 782 700 3692 782 700 3693 599 715 3694 798 716 3695 782 700 3696 798 716 3697 799 701 3698 799 701 3699 798 716 3700 815 717 3701 799 701 3702 815 717 3703 816 702 3704 816 702 3705 815 717 3706 832 718 3707 816 702 3708 832 718 3709 833 703 3710 833 703 3711 832 718 3712 849 719 3713 833 703 3714 849 719 3715 850 704 3716 850 704 3717 849 719 3718 889 720 3719 850 704 3720 889 720 3721 888 705 3722 888 705 3723 889 720 3724 867 721 3725 888 705 3726 867 721 3727 868 706 3728 868 706 3729 867 721 3730 900 722 3731 868 706 3732 900 722 3733 901 707 3734 901 707 3735 900 722 3736 917 723 3737 901 707 3738 917 723 3739 918 708 3740 918 708 3741 917 723 3742 934 724 3743 918 708 3744 934 724 3745 935 709 3746 935 709 3747 934 724 3748 951 725 3749 935 709 3750 951 725 3751 952 710 3752 952 710 3753 951 725 3754 968 726 3755 952 710 3756 968 726 3757 969 711 3758 969 711 3759 968 726 3760 985 727 3761 969 711 3762 985 727 3763 986 712 3764 986 712 3765 985 727 3766 1002 728 3767 986 712 3768 1002 728 3769 1003 713 3770 1003 713 3771 1002 728 3772 1019 729 3773 1003 713 3774 1019 729 3775 1020 714 3776 1020 714 3777 1019 729 3778 1036 730 3779 1020 714 3780 1036 730 3781 1037 642 3782 1037 642 3783 1036 730 3784 1053 644 3785 599 715 3786 600 731 3787 798 716 3788 798 716 3789 600 731 3790 814 732 3791 798 716 3792 814 732 3793 815 717 3794 815 717 3795 814 732 3796 831 733 3797 815 717 3798 831 733 3799 832 718 3800 832 718 3801 831 733 3802 848 734 3803 832 718 3804 848 734 3805 849 719 3806 849 719 3807 848 734 3808 890 735 3809 849 719 3810 890 735 3811 889 720 3812 889 720 3813 890 735 3814 866 736 3815 889 720 3816 866 736 3817 867 721 3818 867 721 3819 866 736 3820 899 737 3821 867 721 3822 899 737 3823 900 722 3824 900 722 3825 899 737 3826 916 738 3827 900 722 3828 916 738 3829 917 723 3830 917 723 3831 916 738 3832 933 739 3833 917 723 3834 933 739 3835 934 724 3836 934 724 3837 933 739 3838 950 740 3839 934 724 3840 950 740 3841 951 725 3842 951 725 3843 950 740 3844 967 741 3845 951 725 3846 967 741 3847 968 726 3848 968 726 3849 967 741 3850 984 742 3851 968 726 3852 984 742 3853 985 727 3854 985 727 3855 984 742 3856 1001 743 3857 985 727 3858 1001 743 3859 1002 728 3860 1002 728 3861 1001 743 3862 1018 744 3863 1002 728 3864 1018 744 3865 1019 729 3866 1019 729 3867 1018 744 3868 1035 745 3869 1019 729 3870 1035 745 3871 1036 730 3872 1036 730 3873 1035 745 3874 1052 746 3875 1036 730 3876 1052 746 3877 1053 644 3878 1053 644 3879 1052 746 3880 1069 647 3881 600 731 3882 601 747 3883 814 732 3884 814 732 3885 601 747 3886 830 748 3887 814 732 3888 830 748 3889 831 733 3890 831 733 3891 830 748 3892 847 749 3893 831 733 3894 847 749 3895 848 734 3896 848 734 3897 847 749 3898 891 750 3899 848 734 3900 891 750 3901 890 735 3902 890 735 3903 891 750 3904 865 751 3905 890 735 3906 865 751 3907 866 736 3908 866 736 3909 865 751 3910 898 752 3911 866 736 3912 898 752 3913 899 737 3914 899 737 3915 898 752 3916 915 753 3917 899 737 3918 915 753 3919 916 738 3920 916 738 3921 915 753 3922 932 754 3923 916 738 3924 932 754 3925 933 739 3926 933 739 3927 932 754 3928 949 755 3929 933 739 3930 949 755 3931 950 740 3932 950 740 3933 949 755 3934 966 756 3935 950 740 3936 966 756 3937 967 741 3938 967 741 3939 966 756 3940 983 757 3941 967 741 3942 983 757 3943 984 742 3944 984 742 3945 983 757 3946 1000 758 3947 984 742 3948 1000 758 3949 1001 743 3950 1001 743 3951 1000 758 3952 1017 759 3953 1001 743 3954 1017 759 3955 1018 744 3956 1018 744 3957 1017 759 3958 1034 760 3959 1018 744 3960 1034 760 3961 1035 745 3962 1035 745 3963 1034 760 3964 1051 761 3965 1035 745 3966 1051 761 3967 1052 746 3968 1052 746 3969 1051 761 3970 1068 762 3971 1052 746 3972 1068 762 3973 1069 647 3974 1069 647 3975 1068 762 3976 1085 649 3977 601 747 3978 602 763 3979 830 748 3980 830 748 3981 602 763 3982 846 764 3983 830 748 3984 846 764 3985 847 749 3986 847 749 3987 846 764 3988 892 765 3989 847 749 3990 892 765 3991 891 750 3992 891 750 3993 892 765 3994 864 766 3995 891 750 3996 864 766 3997 865 751 3998 865 751 3999 864 766 4000 897 767 4001 865 751 4002 897 767 4003 898 752 4004 898 752 4005 897 767 4006 914 768 4007 898 752 4008 914 768 4009 915 753 4010 915 753 4011 914 768 4012 931 769 4013 915 753 4014 931 769 4015 932 754 4016 932 754 4017 931 769 4018 948 770 4019 932 754 4020 948 770 4021 949 755 4022 949 755 4023 948 770 4024 965 771 4025 949 755 4026 965 771 4027 966 756 4028 966 756 4029 965 771 4030 982 772 4031 966 756 4032 982 772 4033 983 757 4034 983 757 4035 982 772 4036 999 773 4037 983 757 4038 999 773 4039 1000 758 4040 1000 758 4041 999 773 4042 1016 774 4043 1000 758 4044 1016 774 4045 1017 759 4046 1017 759 4047 1016 774 4048 1033 775 4049 1017 759 4050 1033 775 4051 1034 760 4052 1034 760 4053 1033 775 4054 1050 776 4055 1034 760 4056 1050 776 4057 1051 761 4058 1051 761 4059 1050 776 4060 1067 777 4061 1051 761 4062 1067 777 4063 1068 762 4064 1068 762 4065 1067 777 4066 1084 778 4067 1068 762 4068 1084 778 4069 1085 649 4070 1085 649 4071 1084 778 4072 1101 651 4073 602 763 4074 603 779 4075 846 764 4076 846 764 4077 603 779 4078 893 780 4079 846 764 4080 893 780 4081 892 765 4082 892 765 4083 893 780 4084 863 781 4085 892 765 4086 863 781 4087 864 766 4088 864 766 4089 863 781 4090 896 782 4091 864 766 4092 896 782 4093 897 767 4094 897 767 4095 896 782 4096 913 783 4097 897 767 4098 913 783 4099 914 768 4100 914 768 4101 913 783 4102 930 784 4103 914 768 4104 930 784 4105 931 769 4106 931 769 4107 930 784 4108 947 785 4109 931 769 4110 947 785 4111 948 770 4112 948 770 4113 947 785 4114 964 786 4115 948 770 4116 964 786 4117 965 771 4118 965 771 4119 964 786 4120 981 787 4121 965 771 4122 981 787 4123 982 772 4124 982 772 4125 981 787 4126 998 788 4127 982 772 4128 998 788 4129 999 773 4130 999 773 4131 998 788 4132 1015 789 4133 999 773 4134 1015 789 4135 1016 774 4136 1016 774 4137 1015 789 4138 1032 790 4139 1016 774 4140 1032 790 4141 1033 775 4142 1033 775 4143 1032 790 4144 1049 791 4145 1033 775 4146 1049 791 4147 1050 776 4148 1050 776 4149 1049 791 4150 1066 792 4151 1050 776 4152 1066 792 4153 1067 777 4154 1067 777 4155 1066 792 4156 1083 793 4157 1067 777 4158 1083 793 4159 1084 778 4160 1084 778 4161 1083 793 4162 1100 794 4163 1084 778 4164 1100 794 4165 1101 651 4166 1101 651 4167 1100 794 4168 1117 653 4169 893 780 4170 603 779 4171 862 795 4172 862 795 4173 603 779 4174 604 796 4175 862 795 4176 604 796 4177 894 797 4178 894 797 4179 604 796 4180 605 798 4181 894 797 4182 605 798 4183 910 799 4184 910 799 4185 605 798 4186 606 800 4187 910 799 4188 606 800 4189 926 801 4190 926 801 4191 606 800 4192 607 802 4193 926 801 4194 607 802 4195 608 803 4196 926 801 4197 608 803 4198 942 804 4199 942 804 4200 608 803 4201 609 805 4202 942 804 4203 609 805 4204 958 806 4205 958 806 4206 609 805 4207 610 807 4208 958 806 4209 610 807 4210 974 808 4211 974 808 4212 610 807 4213 611 809 4214 974 808 4215 611 809 4216 990 810 4217 990 810 4218 611 809 4219 612 811 4220 990 810 4221 612 811 4222 1006 812 4223 1006 812 4224 612 811 4225 613 813 4226 1006 812 4227 613 813 4228 1022 814 4229 1022 814 4230 613 813 4231 614 815 4232 1022 814 4233 614 815 4234 1038 816 4235 1038 816 4236 614 815 4237 615 817 4238 1038 816 4239 615 817 4240 616 818 4241 1038 816 4242 616 818 4243 1054 819 4244 1054 819 4245 616 818 4246 617 820 4247 1054 819 4248 617 820 4249 1070 821 4250 1070 821 4251 617 820 4252 618 822 4253 1070 821 4254 618 822 4255 1086 823 4256 1086 823 4257 618 822 4258 619 824 4259 1086 823 4260 619 824 4261 1102 825 4262 1102 825 4263 619 824 4264 620 826 4265 1102 825 4266 620 826 4267 1118 827 4268 1118 827 4269 620 826 4270 621 828 4271 1118 827 4272 621 828 4273 1134 829 4274 1134 829 4275 621 828 4276 622 830 4277 1134 829 4278 622 830 4279 95 2 4280 95 2 4281 622 830 4282 0 0 4283 95 2 4284 94 4 4285 1134 829 4286 1134 829 4287 94 4 4288 1135 831 4289 1134 829 4290 1135 831 4291 1118 827 4292 1118 827 4293 1135 831 4294 1119 832 4295 1118 827 4296 1119 832 4297 1102 825 4298 1102 825 4299 1119 832 4300 1103 833 4301 1102 825 4302 1103 833 4303 1086 823 4304 1086 823 4305 1103 833 4306 1087 834 4307 1086 823 4308 1087 834 4309 1070 821 4310 1070 821 4311 1087 834 4312 1071 835 4313 1070 821 4314 1071 835 4315 1054 819 4316 1054 819 4317 1071 835 4318 1055 836 4319 1054 819 4320 1055 836 4321 1038 816 4322 1038 816 4323 1055 836 4324 1039 837 4325 1038 816 4326 1039 837 4327 1022 814 4328 1022 814 4329 1039 837 4330 1023 838 4331 1022 814 4332 1023 838 4333 1006 812 4334 1006 812 4335 1023 838 4336 1007 839 4337 1006 812 4338 1007 839 4339 990 810 4340 990 810 4341 1007 839 4342 991 840 4343 990 810 4344 991 840 4345 974 808 4346 974 808 4347 991 840 4348 975 841 4349 974 808 4350 975 841 4351 958 806 4352 958 806 4353 975 841 4354 959 842 4355 958 806 4356 959 842 4357 942 804 4358 942 804 4359 959 842 4360 943 843 4361 942 804 4362 943 843 4363 926 801 4364 926 801 4365 943 843 4366 927 844 4367 926 801 4368 927 844 4369 910 799 4370 910 799 4371 927 844 4372 911 845 4373 910 799 4374 911 845 4375 894 797 4376 894 797 4377 911 845 4378 895 846 4379 894 797 4380 895 846 4381 862 795 4382 862 795 4383 895 846 4384 863 781 4385 862 795 4386 863 781 4387 893 780 4388 1135 831 4389 94 4 4390 1136 847 4391 1136 847 4392 94 4 4393 93 428 4394 1136 847 4395 93 428 4396 1137 848 4397 1137 848 4398 93 428 4399 92 424 4400 1137 848 4401 92 424 4402 1138 849 4403 1138 849 4404 92 424 4405 1139 850 4406 1138 849 4407 1139 850 4408 1122 851 4409 1122 851 4410 1139 850 4411 1123 852 4412 1122 851 4413 1123 852 4414 1106 853 4415 1106 853 4416 1123 852 4417 1107 854 4418 1106 853 4419 1107 854 4420 1090 855 4421 1090 855 4422 1107 854 4423 1091 856 4424 1090 855 4425 1091 856 4426 1074 857 4427 1074 857 4428 1091 856 4429 1075 858 4430 1074 857 4431 1075 858 4432 1058 859 4433 1058 859 4434 1075 858 4435 1059 860 4436 1058 859 4437 1059 860 4438 1042 861 4439 1042 861 4440 1059 860 4441 1043 862 4442 1042 861 4443 1043 862 4444 1026 863 4445 1026 863 4446 1043 862 4447 1027 864 4448 1026 863 4449 1027 864 4450 1010 865 4451 1010 865 4452 1027 864 4453 1011 866 4454 1010 865 4455 1011 866 4456 994 867 4457 994 867 4458 1011 866 4459 995 868 4460 994 867 4461 995 868 4462 978 869 4463 978 869 4464 995 868 4465 979 870 4466 978 869 4467 979 870 4468 962 871 4469 962 871 4470 979 870 4471 963 872 4472 962 871 4473 963 872 4474 946 873 4475 946 873 4476 963 872 4477 947 785 4478 946 873 4479 947 785 4480 930 784 4481 92 424 4482 91 422 4483 1139 850 4484 1139 850 4485 91 422 4486 1140 874 4487 1139 850 4488 1140 874 4489 1123 852 4490 1123 852 4491 1140 874 4492 1124 875 4493 1123 852 4494 1124 875 4495 1107 854 4496 1107 854 4497 1124 875 4498 1108 876 4499 1107 854 4500 1108 876 4501 1091 856 4502 1091 856 4503 1108 876 4504 1092 877 4505 1091 856 4506 1092 877 4507 1075 858 4508 1075 858 4509 1092 877 4510 1076 878 4511 1075 858 4512 1076 878 4513 1059 860 4514 1059 860 4515 1076 878 4516 1060 879 4517 1059 860 4518 1060 879 4519 1043 862 4520 1043 862 4521 1060 879 4522 1044 880 4523 1043 862 4524 1044 880 4525 1027 864 4526 1027 864 4527 1044 880 4528 1028 881 4529 1027 864 4530 1028 881 4531 1011 866 4532 1011 866 4533 1028 881 4534 1012 882 4535 1011 866 4536 1012 882 4537 995 868 4538 995 868 4539 1012 882 4540 996 883 4541 995 868 4542 996 883 4543 979 870 4544 979 870 4545 996 883 4546 980 884 4547 979 870 4548 980 884 4549 963 872 4550 963 872 4551 980 884 4552 964 786 4553 963 872 4554 964 786 4555 947 785 4556 91 422 4557 90 420 4558 1140 874 4559 1140 874 4560 90 420 4561 1141 885 4562 1140 874 4563 1141 885 4564 1124 875 4565 1124 875 4566 1141 885 4567 1125 886 4568 1124 875 4569 1125 886 4570 1108 876 4571 1108 876 4572 1125 886 4573 1109 887 4574 1108 876 4575 1109 887 4576 1092 877 4577 1092 877 4578 1109 887 4579 1093 888 4580 1092 877 4581 1093 888 4582 1076 878 4583 1076 878 4584 1093 888 4585 1077 889 4586 1076 878 4587 1077 889 4588 1060 879 4589 1060 879 4590 1077 889 4591 1061 890 4592 1060 879 4593 1061 890 4594 1044 880 4595 1044 880 4596 1061 890 4597 1045 891 4598 1044 880 4599 1045 891 4600 1028 881 4601 1028 881 4602 1045 891 4603 1029 892 4604 1028 881 4605 1029 892 4606 1012 882 4607 1012 882 4608 1029 892 4609 1013 893 4610 1012 882 4611 1013 893 4612 996 883 4613 996 883 4614 1013 893 4615 997 894 4616 996 883 4617 997 894 4618 980 884 4619 980 884 4620 997 894 4621 981 787 4622 980 884 4623 981 787 4624 964 786 4625 90 420 4626 89 418 4627 1141 885 4628 1141 885 4629 89 418 4630 1142 895 4631 1141 885 4632 1142 895 4633 1125 886 4634 1125 886 4635 1142 895 4636 1126 896 4637 1125 886 4638 1126 896 4639 1109 887 4640 1109 887 4641 1126 896 4642 1110 897 4643 1109 887 4644 1110 897 4645 1093 888 4646 1093 888 4647 1110 897 4648 1094 898 4649 1093 888 4650 1094 898 4651 1077 889 4652 1077 889 4653 1094 898 4654 1078 899 4655 1077 889 4656 1078 899 4657 1061 890 4658 1061 890 4659 1078 899 4660 1062 900 4661 1061 890 4662 1062 900 4663 1045 891 4664 1045 891 4665 1062 900 4666 1046 901 4667 1045 891 4668 1046 901 4669 1029 892 4670 1029 892 4671 1046 901 4672 1030 902 4673 1029 892 4674 1030 902 4675 1013 893 4676 1013 893 4677 1030 902 4678 1014 903 4679 1013 893 4680 1014 903 4681 997 894 4682 997 894 4683 1014 903 4684 998 788 4685 997 894 4686 998 788 4687 981 787 4688 89 418 4689 88 389 4690 1142 895 4691 1142 895 4692 88 389 4693 1143 904 4694 1142 895 4695 1143 904 4696 1126 896 4697 1126 896 4698 1143 904 4699 1127 905 4700 1126 896 4701 1127 905 4702 1110 897 4703 1110 897 4704 1127 905 4705 1111 906 4706 1110 897 4707 1111 906 4708 1094 898 4709 1094 898 4710 1111 906 4711 1095 907 4712 1094 898 4713 1095 907 4714 1078 899 4715 1078 899 4716 1095 907 4717 1079 908 4718 1078 899 4719 1079 908 4720 1062 900 4721 1062 900 4722 1079 908 4723 1063 909 4724 1062 900 4725 1063 909 4726 1046 901 4727 1046 901 4728 1063 909 4729 1047 910 4730 1046 901 4731 1047 910 4732 1030 902 4733 1030 902 4734 1047 910 4735 1031 911 4736 1030 902 4737 1031 911 4738 1014 903 4739 1014 903 4740 1031 911 4741 1015 789 4742 1014 903 4743 1015 789 4744 998 788 4745 88 389 4746 87 388 4747 1143 904 4748 1143 904 4749 87 388 4750 1144 912 4751 1143 904 4752 1144 912 4753 1127 905 4754 1127 905 4755 1144 912 4756 1128 913 4757 1127 905 4758 1128 913 4759 1111 906 4760 1111 906 4761 1128 913 4762 1112 914 4763 1111 906 4764 1112 914 4765 1095 907 4766 1095 907 4767 1112 914 4768 1096 915 4769 1095 907 4770 1096 915 4771 1079 908 4772 1079 908 4773 1096 915 4774 1080 916 4775 1079 908 4776 1080 916 4777 1063 909 4778 1063 909 4779 1080 916 4780 1064 917 4781 1063 909 4782 1064 917 4783 1047 910 4784 1047 910 4785 1064 917 4786 1048 918 4787 1047 910 4788 1048 918 4789 1031 911 4790 1031 911 4791 1048 918 4792 1032 790 4793 1031 911 4794 1032 790 4795 1015 789 4796 87 388 4797 86 396 4798 1144 912 4799 1144 912 4800 86 396 4801 1145 919 4802 1144 912 4803 1145 919 4804 1128 913 4805 1128 913 4806 1145 919 4807 1129 920 4808 1128 913 4809 1129 920 4810 1112 914 4811 1112 914 4812 1129 920 4813 1113 921 4814 1112 914 4815 1113 921 4816 1096 915 4817 1096 915 4818 1113 921 4819 1097 922 4820 1096 915 4821 1097 922 4822 1080 916 4823 1080 916 4824 1097 922 4825 1081 923 4826 1080 916 4827 1081 923 4828 1064 917 4829 1064 917 4830 1081 923 4831 1065 924 4832 1064 917 4833 1065 924 4834 1048 918 4835 1048 918 4836 1065 924 4837 1049 791 4838 1048 918 4839 1049 791 4840 1032 790 4841 86 396 4842 85 402 4843 1145 919 4844 1145 919 4845 85 402 4846 1146 925 4847 1145 919 4848 1146 925 4849 1129 920 4850 1129 920 4851 1146 925 4852 1130 926 4853 1129 920 4854 1130 926 4855 1113 921 4856 1113 921 4857 1130 926 4858 1114 927 4859 1113 921 4860 1114 927 4861 1097 922 4862 1097 922 4863 1114 927 4864 1098 928 4865 1097 922 4866 1098 928 4867 1081 923 4868 1081 923 4869 1098 928 4870 1082 929 4871 1081 923 4872 1082 929 4873 1065 924 4874 1065 924 4875 1082 929 4876 1066 792 4877 1065 924 4878 1066 792 4879 1049 791 4880 85 402 4881 84 407 4882 1146 925 4883 1146 925 4884 84 407 4885 1147 930 4886 1146 925 4887 1147 930 4888 1130 926 4889 1130 926 4890 1147 930 4891 1131 931 4892 1130 926 4893 1131 931 4894 1114 927 4895 1114 927 4896 1131 931 4897 1115 932 4898 1114 927 4899 1115 932 4900 1098 928 4901 1098 928 4902 1115 932 4903 1099 933 4904 1098 928 4905 1099 933 4906 1082 929 4907 1082 929 4908 1099 933 4909 1083 793 4910 1082 929 4911 1083 793 4912 1066 792 4913 84 407 4914 83 411 4915 1147 930 4916 1147 930 4917 83 411 4918 82 414 4919 1147 930 4920 82 414 4921 1148 934 4922 1148 934 4923 82 414 4924 81 416 4925 1148 934 4926 81 416 4927 1149 657 4928 878 621 4929 642 623 4930 861 935 4931 861 935 4932 642 623 4933 643 936 4934 861 935 4935 643 936 4936 845 937 4937 845 937 4938 643 936 4939 644 938 4940 845 937 4941 644 938 4942 829 939 4943 829 939 4944 644 938 4945 645 940 4946 829 939 4947 645 940 4948 813 941 4949 813 941 4950 645 940 4951 646 942 4952 813 941 4953 646 942 4954 797 943 4955 797 943 4956 646 942 4957 647 944 4958 797 943 4959 647 944 4960 765 945 4961 765 945 4962 647 944 4963 648 946 4964 765 945 4965 648 946 4966 766 947 4967 766 947 4968 648 946 4969 749 948 4970 766 947 4971 749 948 4972 748 949 4973 748 949 4974 749 948 4975 732 950 4976 748 949 4977 732 950 4978 731 951 4979 731 951 4980 732 950 4981 715 952 4982 731 951 4983 715 952 4984 714 953 4985 714 953 4986 715 952 4987 698 954 4988 714 953 4989 698 954 4990 697 955 4991 697 955 4992 698 954 4993 681 956 4994 697 955 4995 681 956 4996 680 957 4997 680 957 4998 681 956 4999 664 958 5000 680 957 5001 664 958 5002 663 959 5003 663 959 5004 664 958 5005 41 334 5006 663 959 5007 41 334 5008 40 325 5009 648 946 5010 649 960 5011 749 948 5012 749 948 5013 649 960 5014 733 961 5015 749 948 5016 733 961 5017 732 950 5018 732 950 5019 733 961 5020 716 962 5021 732 950 5022 716 962 5023 715 952 5024 715 952 5025 716 962 5026 699 963 5027 715 952 5028 699 963 5029 698 954 5030 698 954 5031 699 963 5032 682 964 5033 698 954 5034 682 964 5035 681 956 5036 681 956 5037 682 964 5038 665 965 5039 681 956 5040 665 965 5041 664 958 5042 664 958 5043 665 965 5044 42 342 5045 664 958 5046 42 342 5047 41 334 5048 649 960 5049 650 966 5050 733 961 5051 733 961 5052 650 966 5053 717 967 5054 733 961 5055 717 967 5056 716 962 5057 716 962 5058 717 967 5059 700 968 5060 716 962 5061 700 968 5062 699 963 5063 699 963 5064 700 968 5065 683 969 5066 699 963 5067 683 969 5068 682 964 5069 682 964 5070 683 969 5071 666 970 5072 682 964 5073 666 970 5074 665 965 5075 665 965 5076 666 970 5077 43 349 5078 665 965 5079 43 349 5080 42 342 5081 650 966 5082 651 971 5083 717 967 5084 717 967 5085 651 971 5086 701 972 5087 717 967 5088 701 972 5089 700 968 5090 700 968 5091 701 972 5092 684 973 5093 700 968 5094 684 973 5095 683 969 5096 683 969 5097 684 973 5098 667 974 5099 683 969 5100 667 974 5101 666 970 5102 666 970 5103 667 974 5104 44 355 5105 666 970 5106 44 355 5107 43 349 5108 651 971 5109 652 975 5110 701 972 5111 701 972 5112 652 975 5113 685 976 5114 701 972 5115 685 976 5116 684 973 5117 684 973 5118 685 976 5119 668 977 5120 684 973 5121 668 977 5122 667 974 5123 667 974 5124 668 977 5125 45 360 5126 667 974 5127 45 360 5128 44 355 5129 652 975 5130 653 978 5131 685 976 5132 685 976 5133 653 978 5134 669 979 5135 685 976 5136 669 979 5137 668 977 5138 668 977 5139 669 979 5140 46 361 5141 668 977 5142 46 361 5143 45 360 5144 48 71 5145 47 70 5146 653 978 5147 653 978 5148 47 70 5149 669 979 5150 47 70 5151 46 361 5152 669 979 5153 663 959 5154 40 325 5155 662 980 5156 662 980 5157 40 325 5158 39 315 5159 662 980 5160 39 315 5161 661 981 5162 661 981 5163 39 315 5164 38 304 5165 661 981 5166 38 304 5167 660 982 5168 660 982 5169 38 304 5170 37 292 5171 660 982 5172 37 292 5173 659 983 5174 659 983 5175 37 292 5176 36 266 5177 659 983 5178 36 266 5179 658 984 5180 658 984 5181 36 266 5182 657 985 5183 658 984 5184 657 985 5185 674 986 5186 674 986 5187 657 985 5188 673 597 5189 674 986 5190 673 597 5191 690 599 5192 36 266 5193 35 264 5194 657 985 5195 657 985 5196 35 264 5197 656 595 5198 657 985 5199 656 595 5200 673 597 5201 35 264 5202 34 246 5203 656 595 5204 655 594 5205 654 593 5206 671 987 5207 671 987 5208 654 593 5209 670 659 5210 671 987 5211 670 659 5212 687 988 5213 687 988 5214 670 659 5215 686 661 5216 687 988 5217 686 661 5218 703 989 5219 703 989 5220 686 661 5221 702 663 5222 703 989 5223 702 663 5224 719 990 5225 719 990 5226 702 663 5227 718 665 5228 719 990 5229 718 665 5230 735 991 5231 735 991 5232 718 665 5233 734 667 5234 735 991 5235 734 667 5236 780 992 5237 780 992 5238 734 667 5239 781 669 5240 780 992 5241 781 669 5242 751 671 5243 659 983 5244 658 984 5245 675 993 5246 675 993 5247 658 984 5248 674 986 5249 675 993 5250 674 986 5251 691 994 5252 691 994 5253 674 986 5254 690 599 5255 691 994 5256 690 599 5257 707 601 5258 660 982 5259 659 983 5260 676 995 5261 676 995 5262 659 983 5263 675 993 5264 676 995 5265 675 993 5266 692 996 5267 692 996 5268 675 993 5269 691 994 5270 692 996 5271 691 994 5272 708 997 5273 708 997 5274 691 994 5275 707 601 5276 708 997 5277 707 601 5278 724 603 5279 661 981 5280 660 982 5281 677 998 5282 677 998 5283 660 982 5284 676 995 5285 677 998 5286 676 995 5287 693 999 5288 693 999 5289 676 995 5290 692 996 5291 693 999 5292 692 996 5293 709 1000 5294 709 1000 5295 692 996 5296 708 997 5297 709 1000 5298 708 997 5299 725 1001 5300 725 1001 5301 708 997 5302 724 603 5303 725 1001 5304 724 603 5305 741 605 5306 662 980 5307 661 981 5308 678 1002 5309 678 1002 5310 661 981 5311 677 998 5312 678 1002 5313 677 998 5314 694 1003 5315 694 1003 5316 677 998 5317 693 999 5318 694 1003 5319 693 999 5320 710 1004 5321 710 1004 5322 693 999 5323 709 1000 5324 710 1004 5325 709 1000 5326 726 1005 5327 726 1005 5328 709 1000 5329 725 1001 5330 726 1005 5331 725 1001 5332 742 1006 5333 742 1006 5334 725 1001 5335 741 605 5336 742 1006 5337 741 605 5338 773 607 5339 663 959 5340 662 980 5341 679 1007 5342 679 1007 5343 662 980 5344 678 1002 5345 679 1007 5346 678 1002 5347 695 1008 5348 695 1008 5349 678 1002 5350 694 1003 5351 695 1008 5352 694 1003 5353 711 1009 5354 711 1009 5355 694 1003 5356 710 1004 5357 711 1009 5358 710 1004 5359 727 1010 5360 727 1010 5361 710 1004 5362 726 1005 5363 727 1010 5364 726 1005 5365 743 1011 5366 743 1011 5367 726 1005 5368 742 1006 5369 743 1011 5370 742 1006 5371 772 1012 5372 772 1012 5373 742 1006 5374 773 607 5375 772 1012 5376 773 607 5377 759 609 5378 655 594 5379 671 987 5380 672 596 5381 672 596 5382 671 987 5383 688 1013 5384 672 596 5385 688 1013 5386 689 598 5387 689 598 5388 688 1013 5389 705 1014 5390 689 598 5391 705 1014 5392 706 600 5393 706 600 5394 705 1014 5395 722 1015 5396 706 600 5397 722 1015 5398 723 602 5399 723 602 5400 722 1015 5401 739 1016 5402 723 602 5403 739 1016 5404 740 604 5405 740 604 5406 739 1016 5407 775 1017 5408 740 604 5409 775 1017 5410 774 606 5411 774 606 5412 775 1017 5413 757 1018 5414 774 606 5415 757 1018 5416 758 608 5417 758 608 5418 757 1018 5419 790 1019 5420 758 608 5421 790 1019 5422 791 610 5423 791 610 5424 790 1019 5425 807 1020 5426 791 610 5427 807 1020 5428 808 612 5429 808 612 5430 807 1020 5431 824 1021 5432 808 612 5433 824 1021 5434 825 614 5435 825 614 5436 824 1021 5437 841 1022 5438 825 614 5439 841 1022 5440 842 616 5441 842 616 5442 841 1022 5443 858 1023 5444 842 616 5445 858 1023 5446 859 618 5447 859 618 5448 858 1023 5449 880 1024 5450 859 618 5451 880 1024 5452 879 620 5453 879 620 5454 880 1024 5455 876 1025 5456 879 620 5457 876 1025 5458 877 622 5459 877 622 5460 876 1025 5461 909 625 5462 688 1013 5463 671 987 5464 687 988 5465 663 959 5466 679 1007 5467 680 957 5468 680 957 5469 679 1007 5470 696 1026 5471 680 957 5472 696 1026 5473 697 955 5474 697 955 5475 696 1026 5476 713 1027 5477 697 955 5478 713 1027 5479 714 953 5480 714 953 5481 713 1027 5482 730 1028 5483 714 953 5484 730 1028 5485 731 951 5486 731 951 5487 730 1028 5488 747 1029 5489 731 951 5490 747 1029 5491 748 949 5492 748 949 5493 747 1029 5494 767 1030 5495 748 949 5496 767 1030 5497 766 947 5498 766 947 5499 767 1030 5500 765 945 5501 696 1026 5502 679 1007 5503 695 1008 5504 688 1013 5505 687 988 5506 704 1031 5507 704 1031 5508 687 988 5509 703 989 5510 704 1031 5511 703 989 5512 720 1032 5513 720 1032 5514 703 989 5515 719 990 5516 720 1032 5517 719 990 5518 736 1033 5519 736 1033 5520 719 990 5521 735 991 5522 736 1033 5523 735 991 5524 779 1034 5525 779 1034 5526 735 991 5527 780 992 5528 779 1034 5529 780 992 5530 752 1035 5531 752 1035 5532 780 992 5533 751 671 5534 752 1035 5535 751 671 5536 784 673 5537 696 1026 5538 695 1008 5539 712 1036 5540 712 1036 5541 695 1008 5542 711 1009 5543 712 1036 5544 711 1009 5545 728 1037 5546 728 1037 5547 711 1009 5548 727 1010 5549 728 1037 5550 727 1010 5551 744 1038 5552 744 1038 5553 727 1010 5554 743 1011 5555 744 1038 5556 743 1011 5557 771 1039 5558 771 1039 5559 743 1011 5560 772 1012 5561 771 1039 5562 772 1012 5563 760 1040 5564 760 1040 5565 772 1012 5566 759 609 5567 760 1040 5568 759 609 5569 792 611 5570 688 1013 5571 704 1031 5572 705 1014 5573 705 1014 5574 704 1031 5575 721 1041 5576 705 1014 5577 721 1041 5578 722 1015 5579 722 1015 5580 721 1041 5581 738 1042 5582 722 1015 5583 738 1042 5584 739 1016 5585 739 1016 5586 738 1042 5587 776 1043 5588 739 1016 5589 776 1043 5590 775 1017 5591 775 1017 5592 776 1043 5593 756 1044 5594 775 1017 5595 756 1044 5596 757 1018 5597 757 1018 5598 756 1044 5599 789 1045 5600 757 1018 5601 789 1045 5602 790 1019 5603 790 1019 5604 789 1045 5605 806 1046 5606 790 1019 5607 806 1046 5608 807 1020 5609 807 1020 5610 806 1046 5611 823 1047 5612 807 1020 5613 823 1047 5614 824 1021 5615 824 1021 5616 823 1047 5617 840 1048 5618 824 1021 5619 840 1048 5620 841 1022 5621 841 1022 5622 840 1048 5623 857 1049 5624 841 1022 5625 857 1049 5626 858 1023 5627 858 1023 5628 857 1049 5629 881 1050 5630 858 1023 5631 881 1050 5632 880 1024 5633 880 1024 5634 881 1050 5635 875 1051 5636 880 1024 5637 875 1051 5638 876 1025 5639 876 1025 5640 875 1051 5641 908 1052 5642 876 1025 5643 908 1052 5644 909 625 5645 909 625 5646 908 1052 5647 925 627 5648 721 1041 5649 704 1031 5650 720 1032 5651 696 1026 5652 712 1036 5653 713 1027 5654 713 1027 5655 712 1036 5656 729 1053 5657 713 1027 5658 729 1053 5659 730 1028 5660 730 1028 5661 729 1053 5662 746 1054 5663 730 1028 5664 746 1054 5665 747 1029 5666 747 1029 5667 746 1054 5668 768 1055 5669 747 1029 5670 768 1055 5671 767 1030 5672 767 1030 5673 768 1055 5674 764 1056 5675 767 1030 5676 764 1056 5677 765 945 5678 765 945 5679 764 1056 5680 797 943 5681 729 1053 5682 712 1036 5683 728 1037 5684 721 1041 5685 720 1032 5686 737 1057 5687 737 1057 5688 720 1032 5689 736 1033 5690 737 1057 5691 736 1033 5692 778 1058 5693 778 1058 5694 736 1033 5695 779 1034 5696 778 1058 5697 779 1034 5698 753 1059 5699 753 1059 5700 779 1034 5701 752 1035 5702 753 1059 5703 752 1035 5704 785 1060 5705 785 1060 5706 752 1035 5707 784 673 5708 785 1060 5709 784 673 5710 801 675 5711 729 1053 5712 728 1037 5713 745 1061 5714 745 1061 5715 728 1037 5716 744 1038 5717 745 1061 5718 744 1038 5719 770 1062 5720 770 1062 5721 744 1038 5722 771 1039 5723 770 1062 5724 771 1039 5725 761 1063 5726 761 1063 5727 771 1039 5728 760 1040 5729 761 1063 5730 760 1040 5731 793 1064 5732 793 1064 5733 760 1040 5734 792 611 5735 793 1064 5736 792 611 5737 809 613 5738 721 1041 5739 737 1057 5740 738 1042 5741 738 1042 5742 737 1057 5743 777 1065 5744 738 1042 5745 777 1065 5746 776 1043 5747 776 1043 5748 777 1065 5749 755 1066 5750 776 1043 5751 755 1066 5752 756 1044 5753 756 1044 5754 755 1066 5755 788 1067 5756 756 1044 5757 788 1067 5758 789 1045 5759 789 1045 5760 788 1067 5761 805 1068 5762 789 1045 5763 805 1068 5764 806 1046 5765 806 1046 5766 805 1068 5767 822 1069 5768 806 1046 5769 822 1069 5770 823 1047 5771 823 1047 5772 822 1069 5773 839 1070 5774 823 1047 5775 839 1070 5776 840 1048 5777 840 1048 5778 839 1070 5779 856 1071 5780 840 1048 5781 856 1071 5782 857 1049 5783 857 1049 5784 856 1071 5785 882 1072 5786 857 1049 5787 882 1072 5788 881 1050 5789 881 1050 5790 882 1072 5791 874 1073 5792 881 1050 5793 874 1073 5794 875 1051 5795 875 1051 5796 874 1073 5797 907 1074 5798 875 1051 5799 907 1074 5800 908 1052 5801 908 1052 5802 907 1074 5803 924 1075 5804 908 1052 5805 924 1075 5806 925 627 5807 925 627 5808 924 1075 5809 941 629 5810 777 1065 5811 737 1057 5812 778 1058 5813 729 1053 5814 745 1061 5815 746 1054 5816 746 1054 5817 745 1061 5818 769 1076 5819 746 1054 5820 769 1076 5821 768 1055 5822 768 1055 5823 769 1076 5824 763 1077 5825 768 1055 5826 763 1077 5827 764 1056 5828 764 1056 5829 763 1077 5830 796 1078 5831 764 1056 5832 796 1078 5833 797 943 5834 797 943 5835 796 1078 5836 813 941 5837 769 1076 5838 745 1061 5839 770 1062 5840 777 1065 5841 778 1058 5842 754 1079 5843 754 1079 5844 778 1058 5845 753 1059 5846 754 1079 5847 753 1059 5848 786 1080 5849 786 1080 5850 753 1059 5851 785 1060 5852 786 1080 5853 785 1060 5854 802 1081 5855 802 1081 5856 785 1060 5857 801 675 5858 802 1081 5859 801 675 5860 818 677 5861 777 1065 5862 754 1079 5863 755 1066 5864 755 1066 5865 754 1079 5866 787 1082 5867 755 1066 5868 787 1082 5869 788 1067 5870 788 1067 5871 787 1082 5872 804 1083 5873 788 1067 5874 804 1083 5875 805 1068 5876 805 1068 5877 804 1083 5878 821 1084 5879 805 1068 5880 821 1084 5881 822 1069 5882 822 1069 5883 821 1084 5884 838 1085 5885 822 1069 5886 838 1085 5887 839 1070 5888 839 1070 5889 838 1085 5890 855 1086 5891 839 1070 5892 855 1086 5893 856 1071 5894 856 1071 5895 855 1086 5896 883 1087 5897 856 1071 5898 883 1087 5899 882 1072 5900 882 1072 5901 883 1087 5902 873 1088 5903 882 1072 5904 873 1088 5905 874 1073 5906 874 1073 5907 873 1088 5908 906 1089 5909 874 1073 5910 906 1089 5911 907 1074 5912 907 1074 5913 906 1089 5914 923 1090 5915 907 1074 5916 923 1090 5917 924 1075 5918 924 1075 5919 923 1090 5920 940 1091 5921 924 1075 5922 940 1091 5923 941 629 5924 941 629 5925 940 1091 5926 957 632 5927 787 1082 5928 754 1079 5929 786 1080 5930 769 1076 5931 770 1062 5932 762 1092 5933 762 1092 5934 770 1062 5935 761 1063 5936 762 1092 5937 761 1063 5938 794 1093 5939 794 1093 5940 761 1063 5941 793 1064 5942 794 1093 5943 793 1064 5944 810 1094 5945 810 1094 5946 793 1064 5947 809 613 5948 810 1094 5949 809 613 5950 826 615 5951 769 1076 5952 762 1092 5953 763 1077 5954 763 1077 5955 762 1092 5956 795 1095 5957 763 1077 5958 795 1095 5959 796 1078 5960 796 1078 5961 795 1095 5962 812 1096 5963 796 1078 5964 812 1096 5965 813 941 5966 813 941 5967 812 1096 5968 829 939 5969 795 1095 5970 762 1092 5971 794 1093 5972 787 1082 5973 786 1080 5974 803 1097 5975 803 1097 5976 786 1080 5977 802 1081 5978 803 1097 5979 802 1081 5980 819 1098 5981 819 1098 5982 802 1081 5983 818 677 5984 819 1098 5985 818 677 5986 835 679 5987 795 1095 5988 794 1093 5989 811 1099 5990 811 1099 5991 794 1093 5992 810 1094 5993 811 1099 5994 810 1094 5995 827 1100 5996 827 1100 5997 810 1094 5998 826 615 5999 827 1100 6000 826 615 6001 843 617 6002 787 1082 6003 803 1097 6004 804 1083 6005 804 1083 6006 803 1097 6007 820 1101 6008 804 1083 6009 820 1101 6010 821 1084 6011 821 1084 6012 820 1101 6013 837 1102 6014 821 1084 6015 837 1102 6016 838 1085 6017 838 1085 6018 837 1102 6019 854 1103 6020 838 1085 6021 854 1103 6022 855 1086 6023 855 1086 6024 854 1103 6025 884 1104 6026 855 1086 6027 884 1104 6028 883 1087 6029 883 1087 6030 884 1104 6031 872 1105 6032 883 1087 6033 872 1105 6034 873 1088 6035 873 1088 6036 872 1105 6037 905 1106 6038 873 1088 6039 905 1106 6040 906 1089 6041 906 1089 6042 905 1106 6043 922 1107 6044 906 1089 6045 922 1107 6046 923 1090 6047 923 1090 6048 922 1107 6049 939 1108 6050 923 1090 6051 939 1108 6052 940 1091 6053 940 1091 6054 939 1108 6055 956 1109 6056 940 1091 6057 956 1109 6058 957 632 6059 957 632 6060 956 1109 6061 973 634 6062 820 1101 6063 803 1097 6064 819 1098 6065 795 1095 6066 811 1099 6067 812 1096 6068 812 1096 6069 811 1099 6070 828 1110 6071 812 1096 6072 828 1110 6073 829 939 6074 829 939 6075 828 1110 6076 845 937 6077 828 1110 6078 811 1099 6079 827 1100 6080 820 1101 6081 819 1098 6082 836 1111 6083 836 1111 6084 819 1098 6085 835 679 6086 836 1111 6087 835 679 6088 852 681 6089 828 1110 6090 827 1100 6091 844 1112 6092 844 1112 6093 827 1100 6094 843 617 6095 844 1112 6096 843 617 6097 860 619 6098 820 1101 6099 836 1111 6100 837 1102 6101 837 1102 6102 836 1111 6103 853 1113 6104 837 1102 6105 853 1113 6106 854 1103 6107 854 1103 6108 853 1113 6109 885 1114 6110 854 1103 6111 885 1114 6112 884 1104 6113 884 1104 6114 885 1114 6115 871 1115 6116 884 1104 6117 871 1115 6118 872 1105 6119 872 1105 6120 871 1115 6121 904 1116 6122 872 1105 6123 904 1116 6124 905 1106 6125 905 1106 6126 904 1116 6127 921 1117 6128 905 1106 6129 921 1117 6130 922 1107 6131 922 1107 6132 921 1117 6133 938 1118 6134 922 1107 6135 938 1118 6136 939 1108 6137 939 1108 6138 938 1118 6139 955 1119 6140 939 1108 6141 955 1119 6142 956 1109 6143 956 1109 6144 955 1119 6145 972 1120 6146 956 1109 6147 972 1120 6148 973 634 6149 973 634 6150 972 1120 6151 989 636 6152 853 1113 6153 836 1111 6154 852 681 6155 861 935 6156 845 937 6157 844 1112 6158 844 1112 6159 845 937 6160 828 1110 6161 861 935 6162 844 1112 6163 860 619 6164 885 1114 6165 853 1113 6166 886 683 6167 886 683 6168 853 1113 6169 852 681 6170 878 621 6171 861 935 6172 860 619 6173 896 782 6174 863 781 6175 895 846 6176 885 1114 6177 886 683 6178 870 685 6179 885 1114 6180 870 685 6181 871 1115 6182 871 1115 6183 870 685 6184 903 687 6185 871 1115 6186 903 687 6187 904 1116 6188 904 1116 6189 903 687 6190 920 689 6191 904 1116 6192 920 689 6193 921 1117 6194 921 1117 6195 920 689 6196 937 691 6197 921 1117 6198 937 691 6199 938 1118 6200 938 1118 6201 937 691 6202 954 693 6203 938 1118 6204 954 693 6205 955 1119 6206 955 1119 6207 954 693 6208 971 695 6209 955 1119 6210 971 695 6211 972 1120 6212 972 1120 6213 971 695 6214 988 697 6215 972 1120 6216 988 697 6217 989 636 6218 989 636 6219 988 697 6220 1005 638 6221 896 782 6222 895 846 6223 912 1121 6224 912 1121 6225 895 846 6226 911 845 6227 912 1121 6228 911 845 6229 928 1122 6230 928 1122 6231 911 845 6232 927 844 6233 928 1122 6234 927 844 6235 944 1123 6236 944 1123 6237 927 844 6238 943 843 6239 944 1123 6240 943 843 6241 960 1124 6242 960 1124 6243 943 843 6244 959 842 6245 960 1124 6246 959 842 6247 976 1125 6248 976 1125 6249 959 842 6250 975 841 6251 976 1125 6252 975 841 6253 992 1126 6254 992 1126 6255 975 841 6256 991 840 6257 992 1126 6258 991 840 6259 1008 1127 6260 1008 1127 6261 991 840 6262 1007 839 6263 1008 1127 6264 1007 839 6265 1024 1128 6266 1024 1128 6267 1007 839 6268 1023 838 6269 1024 1128 6270 1023 838 6271 1040 1129 6272 1040 1129 6273 1023 838 6274 1039 837 6275 1040 1129 6276 1039 837 6277 1056 1130 6278 1056 1130 6279 1039 837 6280 1055 836 6281 1056 1130 6282 1055 836 6283 1072 1131 6284 1072 1131 6285 1055 836 6286 1071 835 6287 1072 1131 6288 1071 835 6289 1088 1132 6290 1088 1132 6291 1071 835 6292 1087 834 6293 1088 1132 6294 1087 834 6295 1104 1133 6296 1104 1133 6297 1087 834 6298 1103 833 6299 1104 1133 6300 1103 833 6301 1120 1134 6302 1120 1134 6303 1103 833 6304 1119 832 6305 1120 1134 6306 1119 832 6307 1136 847 6308 1136 847 6309 1119 832 6310 1135 831 6311 896 782 6312 912 1121 6313 913 783 6314 913 783 6315 912 1121 6316 929 1135 6317 913 783 6318 929 1135 6319 930 784 6320 930 784 6321 929 1135 6322 946 873 6323 929 1135 6324 912 1121 6325 928 1122 6326 929 1135 6327 928 1122 6328 945 1136 6329 945 1136 6330 928 1122 6331 944 1123 6332 945 1136 6333 944 1123 6334 961 1137 6335 961 1137 6336 944 1123 6337 960 1124 6338 961 1137 6339 960 1124 6340 977 1138 6341 977 1138 6342 960 1124 6343 976 1125 6344 977 1138 6345 976 1125 6346 993 1139 6347 993 1139 6348 976 1125 6349 992 1126 6350 993 1139 6351 992 1126 6352 1009 1140 6353 1009 1140 6354 992 1126 6355 1008 1127 6356 1009 1140 6357 1008 1127 6358 1025 1141 6359 1025 1141 6360 1008 1127 6361 1024 1128 6362 1025 1141 6363 1024 1128 6364 1041 1142 6365 1041 1142 6366 1024 1128 6367 1040 1129 6368 1041 1142 6369 1040 1129 6370 1057 1143 6371 1057 1143 6372 1040 1129 6373 1056 1130 6374 1057 1143 6375 1056 1130 6376 1073 1144 6377 1073 1144 6378 1056 1130 6379 1072 1131 6380 1073 1144 6381 1072 1131 6382 1089 1145 6383 1089 1145 6384 1072 1131 6385 1088 1132 6386 1089 1145 6387 1088 1132 6388 1105 1146 6389 1105 1146 6390 1088 1132 6391 1104 1133 6392 1105 1146 6393 1104 1133 6394 1121 1147 6395 1121 1147 6396 1104 1133 6397 1120 1134 6398 1121 1147 6399 1120 1134 6400 1137 848 6401 1137 848 6402 1120 1134 6403 1136 847 6404 962 871 6405 946 873 6406 945 1136 6407 945 1136 6408 946 873 6409 929 1135 6410 962 871 6411 945 1136 6412 961 1137 6413 978 869 6414 962 871 6415 961 1137 6416 978 869 6417 961 1137 6418 977 1138 6419 994 867 6420 978 869 6421 977 1138 6422 994 867 6423 977 1138 6424 993 1139 6425 1010 865 6426 994 867 6427 993 1139 6428 1010 865 6429 993 1139 6430 1009 1140 6431 1026 863 6432 1010 865 6433 1009 1140 6434 1026 863 6435 1009 1140 6436 1025 1141 6437 1042 861 6438 1026 863 6439 1025 1141 6440 1042 861 6441 1025 1141 6442 1041 1142 6443 1058 859 6444 1042 861 6445 1041 1142 6446 1058 859 6447 1041 1142 6448 1057 1143 6449 1074 857 6450 1058 859 6451 1057 1143 6452 1074 857 6453 1057 1143 6454 1073 1144 6455 1090 855 6456 1074 857 6457 1073 1144 6458 1090 855 6459 1073 1144 6460 1089 1145 6461 1100 794 6462 1083 793 6463 1099 933 6464 1106 853 6465 1090 855 6466 1089 1145 6467 1106 853 6468 1089 1145 6469 1105 1146 6470 1100 794 6471 1099 933 6472 1116 1148 6473 1116 1148 6474 1099 933 6475 1115 932 6476 1116 1148 6477 1115 932 6478 1132 1149 6479 1132 1149 6480 1115 932 6481 1131 931 6482 1132 1149 6483 1131 931 6484 1148 934 6485 1148 934 6486 1131 931 6487 1147 930 6488 1122 851 6489 1106 853 6490 1105 1146 6491 1122 851 6492 1105 1146 6493 1121 1147 6494 1133 655 6495 1117 653 6496 1116 1148 6497 1116 1148 6498 1117 653 6499 1100 794 6500 1133 655 6501 1116 1148 6502 1132 1149 6503 1138 849 6504 1122 851 6505 1121 1147 6506 1138 849 6507 1121 1147 6508 1137 848 6509 1149 657 6510 1133 655 6511 1132 1149 6512 1149 657 6513 1132 1149 6514 1148 934 6515 0 0 6516 622 830 6517 1179 1150 6518 1179 1150 6519 622 830 6520 1180 1151 6521 1179 1150 6522 1180 1151 6523 1178 1152 6524 1178 1152 6525 1180 1151 6526 1181 1153 6527 1178 1152 6528 1181 1153 6529 1177 1154 6530 1177 1154 6531 1181 1153 6532 1182 1155 6533 1177 1154 6534 1182 1155 6535 1176 1156 6536 1176 1156 6537 1182 1155 6538 1183 1157 6539 1176 1156 6540 1183 1157 6541 1175 1158 6542 1175 1158 6543 1183 1157 6544 1184 1159 6545 1175 1158 6546 1184 1159 6547 1174 1160 6548 1174 1160 6549 1184 1159 6550 1185 1161 6551 1174 1160 6552 1185 1161 6553 1173 1162 6554 1173 1162 6555 1185 1161 6556 1186 1163 6557 1173 1162 6558 1186 1163 6559 1172 1164 6560 1172 1164 6561 1186 1163 6562 1187 1165 6563 1172 1164 6564 1187 1165 6565 1171 1166 6566 1171 1166 6567 1187 1165 6568 1188 1167 6569 1171 1166 6570 1188 1167 6571 1170 1168 6572 1170 1168 6573 1188 1167 6574 1189 1169 6575 1170 1168 6576 1189 1169 6577 1190 1170 6578 1190 1170 6579 1189 1169 6580 1206 1171 6581 1190 1170 6582 1206 1171 6583 1207 1172 6584 1207 1172 6585 1206 1171 6586 1223 1173 6587 1207 1172 6588 1223 1173 6589 1224 1174 6590 1224 1174 6591 1223 1173 6592 1240 1175 6593 1224 1174 6594 1240 1175 6595 1241 1176 6596 1241 1176 6597 1240 1175 6598 1257 1177 6599 1241 1176 6600 1257 1177 6601 1258 1178 6602 1258 1178 6603 1257 1177 6604 1274 1179 6605 1258 1178 6606 1274 1179 6607 1275 1180 6608 1275 1180 6609 1274 1179 6610 1291 1181 6611 1275 1180 6612 1291 1181 6613 629 646 6614 629 646 6615 1291 1181 6616 630 645 6617 630 645 6618 1291 1181 6619 631 643 6620 631 643 6621 1291 1181 6622 1307 1182 6623 631 643 6624 1307 1182 6625 632 641 6626 632 641 6627 1307 1182 6628 1323 1183 6629 632 641 6630 1323 1183 6631 633 639 6632 633 639 6633 1323 1183 6634 1339 1184 6635 633 639 6636 1339 1184 6637 634 637 6638 634 637 6639 1339 1184 6640 1355 1185 6641 634 637 6642 1355 1185 6643 635 635 6644 635 635 6645 1355 1185 6646 1371 1186 6647 635 635 6648 1371 1186 6649 636 633 6650 636 633 6651 1371 1186 6652 1387 1187 6653 636 633 6654 1387 1187 6655 637 631 6656 637 631 6657 1387 1187 6658 1403 1188 6659 637 631 6660 1403 1188 6661 638 630 6662 638 630 6663 1403 1188 6664 639 628 6665 639 628 6666 1403 1188 6667 1419 1189 6668 639 628 6669 1419 1189 6670 640 626 6671 640 626 6672 1419 1189 6673 1435 1190 6674 640 626 6675 1435 1190 6676 641 624 6677 641 624 6678 1435 1190 6679 1451 1191 6680 641 624 6681 1451 1191 6682 642 623 6683 642 623 6684 1451 1191 6685 1468 1192 6686 642 623 6687 1468 1192 6688 1467 1193 6689 1467 1193 6690 1468 1192 6691 1469 1194 6692 1467 1193 6693 1469 1194 6694 1466 1195 6695 1466 1195 6696 1469 1194 6697 1470 1196 6698 1466 1195 6699 1470 1196 6700 1465 1197 6701 1465 1197 6702 1470 1196 6703 1471 1198 6704 1465 1197 6705 1471 1198 6706 1464 1199 6707 1464 1199 6708 1471 1198 6709 1472 1200 6710 1464 1199 6711 1472 1200 6712 1463 1201 6713 1463 1201 6714 1472 1200 6715 1473 1202 6716 1463 1201 6717 1473 1202 6718 1462 1203 6719 1462 1203 6720 1473 1202 6721 1474 1204 6722 1462 1203 6723 1474 1204 6724 1461 1205 6725 1461 1205 6726 1474 1204 6727 1475 1206 6728 1461 1205 6729 1475 1206 6730 1460 1207 6731 1460 1207 6732 1475 1206 6733 1476 1208 6734 1460 1207 6735 1476 1208 6736 1459 1209 6737 1459 1209 6738 1476 1208 6739 1477 1210 6740 1459 1209 6741 1477 1210 6742 1458 1211 6743 1458 1211 6744 1477 1210 6745 1478 1212 6746 1458 1211 6747 1478 1212 6748 1457 1213 6749 1457 1213 6750 1478 1212 6751 1479 1214 6752 1457 1213 6753 1479 1214 6754 1456 1215 6755 1456 1215 6756 1479 1214 6757 1480 1216 6758 1456 1215 6759 1480 1216 6760 1455 1217 6761 1455 1217 6762 1480 1216 6763 1481 1218 6764 1455 1217 6765 1481 1218 6766 1454 1219 6767 1454 1219 6768 1481 1218 6769 1482 1220 6770 1454 1219 6771 1482 1220 6772 1453 1221 6773 1453 1221 6774 1482 1220 6775 1483 1222 6776 1453 1221 6777 1483 1222 6778 1452 1223 6779 1452 1223 6780 1483 1222 6781 603 779 6782 1452 1223 6783 603 779 6784 602 763 6785 622 830 6786 621 828 6787 1180 1151 6788 1180 1151 6789 621 828 6790 1196 1224 6791 1180 1151 6792 1196 1224 6793 1197 1225 6794 1197 1225 6795 1196 1224 6796 1213 1226 6797 1197 1225 6798 1213 1226 6799 1214 1227 6800 1214 1227 6801 1213 1226 6802 1230 1228 6803 1214 1227 6804 1230 1228 6805 1231 1229 6806 1231 1229 6807 1230 1228 6808 1247 1230 6809 1231 1229 6810 1247 1230 6811 1248 1231 6812 1248 1231 6813 1247 1230 6814 1264 1232 6815 1248 1231 6816 1264 1232 6817 1265 1233 6818 1265 1233 6819 1264 1232 6820 1281 1234 6821 1265 1233 6822 1281 1234 6823 1282 1235 6824 1282 1235 6825 1281 1234 6826 1298 1236 6827 1282 1235 6828 1298 1236 6829 1299 1237 6830 1299 1237 6831 1298 1236 6832 1315 1238 6833 1299 1237 6834 1315 1238 6835 1316 1239 6836 1316 1239 6837 1315 1238 6838 1332 1240 6839 1316 1239 6840 1332 1240 6841 1333 1241 6842 1333 1241 6843 1332 1240 6844 1349 1242 6845 1333 1241 6846 1349 1242 6847 1350 1243 6848 1350 1243 6849 1349 1242 6850 1366 1244 6851 1350 1243 6852 1366 1244 6853 1367 1245 6854 1367 1245 6855 1366 1244 6856 1383 1246 6857 1367 1245 6858 1383 1246 6859 1384 1247 6860 1384 1247 6861 1383 1246 6862 1400 1248 6863 1384 1247 6864 1400 1248 6865 1401 1249 6866 1401 1249 6867 1400 1248 6868 1417 1250 6869 1401 1249 6870 1417 1250 6871 1418 1251 6872 1418 1251 6873 1417 1250 6874 1434 1252 6875 1418 1251 6876 1434 1252 6877 1435 1190 6878 1435 1190 6879 1434 1252 6880 1451 1191 6881 621 828 6882 620 826 6883 1196 1224 6884 1196 1224 6885 620 826 6886 1212 1253 6887 1196 1224 6888 1212 1253 6889 1213 1226 6890 1213 1226 6891 1212 1253 6892 1229 1254 6893 1213 1226 6894 1229 1254 6895 1230 1228 6896 1230 1228 6897 1229 1254 6898 1246 1255 6899 1230 1228 6900 1246 1255 6901 1247 1230 6902 1247 1230 6903 1246 1255 6904 1263 1256 6905 1247 1230 6906 1263 1256 6907 1264 1232 6908 1264 1232 6909 1263 1256 6910 1280 1257 6911 1264 1232 6912 1280 1257 6913 1281 1234 6914 1281 1234 6915 1280 1257 6916 1297 1258 6917 1281 1234 6918 1297 1258 6919 1298 1236 6920 1298 1236 6921 1297 1258 6922 1314 1259 6923 1298 1236 6924 1314 1259 6925 1315 1238 6926 1315 1238 6927 1314 1259 6928 1331 1260 6929 1315 1238 6930 1331 1260 6931 1332 1240 6932 1332 1240 6933 1331 1260 6934 1348 1261 6935 1332 1240 6936 1348 1261 6937 1349 1242 6938 1349 1242 6939 1348 1261 6940 1365 1262 6941 1349 1242 6942 1365 1262 6943 1366 1244 6944 1366 1244 6945 1365 1262 6946 1382 1263 6947 1366 1244 6948 1382 1263 6949 1383 1246 6950 1383 1246 6951 1382 1263 6952 1399 1264 6953 1383 1246 6954 1399 1264 6955 1400 1248 6956 1400 1248 6957 1399 1264 6958 1416 1265 6959 1400 1248 6960 1416 1265 6961 1417 1250 6962 1417 1250 6963 1416 1265 6964 1433 1266 6965 1417 1250 6966 1433 1266 6967 1434 1252 6968 1434 1252 6969 1433 1266 6970 1450 1267 6971 1434 1252 6972 1450 1267 6973 1451 1191 6974 1451 1191 6975 1450 1267 6976 1468 1192 6977 620 826 6978 619 824 6979 1212 1253 6980 1212 1253 6981 619 824 6982 1228 1268 6983 1212 1253 6984 1228 1268 6985 1229 1254 6986 1229 1254 6987 1228 1268 6988 1245 1269 6989 1229 1254 6990 1245 1269 6991 1246 1255 6992 1246 1255 6993 1245 1269 6994 1262 1270 6995 1246 1255 6996 1262 1270 6997 1263 1256 6998 1263 1256 6999 1262 1270 7000 1279 1271 7001 1263 1256 7002 1279 1271 7003 1280 1257 7004 1280 1257 7005 1279 1271 7006 1296 1272 7007 1280 1257 7008 1296 1272 7009 1297 1258 7010 1297 1258 7011 1296 1272 7012 1313 1273 7013 1297 1258 7014 1313 1273 7015 1314 1259 7016 1314 1259 7017 1313 1273 7018 1330 1274 7019 1314 1259 7020 1330 1274 7021 1331 1260 7022 1331 1260 7023 1330 1274 7024 1347 1275 7025 1331 1260 7026 1347 1275 7027 1348 1261 7028 1348 1261 7029 1347 1275 7030 1364 1276 7031 1348 1261 7032 1364 1276 7033 1365 1262 7034 1365 1262 7035 1364 1276 7036 1381 1277 7037 1365 1262 7038 1381 1277 7039 1382 1263 7040 1382 1263 7041 1381 1277 7042 1398 1278 7043 1382 1263 7044 1398 1278 7045 1399 1264 7046 1399 1264 7047 1398 1278 7048 1415 1279 7049 1399 1264 7050 1415 1279 7051 1416 1265 7052 1416 1265 7053 1415 1279 7054 1432 1280 7055 1416 1265 7056 1432 1280 7057 1433 1266 7058 1433 1266 7059 1432 1280 7060 1449 1281 7061 1433 1266 7062 1449 1281 7063 1450 1267 7064 1450 1267 7065 1449 1281 7066 1469 1194 7067 1450 1267 7068 1469 1194 7069 1468 1192 7070 619 824 7071 618 822 7072 1228 1268 7073 1228 1268 7074 618 822 7075 1244 1282 7076 1228 1268 7077 1244 1282 7078 1245 1269 7079 1245 1269 7080 1244 1282 7081 1261 1283 7082 1245 1269 7083 1261 1283 7084 1262 1270 7085 1262 1270 7086 1261 1283 7087 1278 1284 7088 1262 1270 7089 1278 1284 7090 1279 1271 7091 1279 1271 7092 1278 1284 7093 1295 1285 7094 1279 1271 7095 1295 1285 7096 1296 1272 7097 1296 1272 7098 1295 1285 7099 1312 1286 7100 1296 1272 7101 1312 1286 7102 1313 1273 7103 1313 1273 7104 1312 1286 7105 1329 1287 7106 1313 1273 7107 1329 1287 7108 1330 1274 7109 1330 1274 7110 1329 1287 7111 1346 1288 7112 1330 1274 7113 1346 1288 7114 1347 1275 7115 1347 1275 7116 1346 1288 7117 1363 1289 7118 1347 1275 7119 1363 1289 7120 1364 1276 7121 1364 1276 7122 1363 1289 7123 1380 1290 7124 1364 1276 7125 1380 1290 7126 1381 1277 7127 1381 1277 7128 1380 1290 7129 1397 1291 7130 1381 1277 7131 1397 1291 7132 1398 1278 7133 1398 1278 7134 1397 1291 7135 1414 1292 7136 1398 1278 7137 1414 1292 7138 1415 1279 7139 1415 1279 7140 1414 1292 7141 1431 1293 7142 1415 1279 7143 1431 1293 7144 1432 1280 7145 1432 1280 7146 1431 1293 7147 1448 1294 7148 1432 1280 7149 1448 1294 7150 1449 1281 7151 1449 1281 7152 1448 1294 7153 1470 1196 7154 1449 1281 7155 1470 1196 7156 1469 1194 7157 618 822 7158 617 820 7159 1244 1282 7160 1244 1282 7161 617 820 7162 1260 1295 7163 1244 1282 7164 1260 1295 7165 1261 1283 7166 1261 1283 7167 1260 1295 7168 1277 1296 7169 1261 1283 7170 1277 1296 7171 1278 1284 7172 1278 1284 7173 1277 1296 7174 1294 1297 7175 1278 1284 7176 1294 1297 7177 1295 1285 7178 1295 1285 7179 1294 1297 7180 1311 1298 7181 1295 1285 7182 1311 1298 7183 1312 1286 7184 1312 1286 7185 1311 1298 7186 1328 1299 7187 1312 1286 7188 1328 1299 7189 1329 1287 7190 1329 1287 7191 1328 1299 7192 1345 1300 7193 1329 1287 7194 1345 1300 7195 1346 1288 7196 1346 1288 7197 1345 1300 7198 1362 1301 7199 1346 1288 7200 1362 1301 7201 1363 1289 7202 1363 1289 7203 1362 1301 7204 1379 1302 7205 1363 1289 7206 1379 1302 7207 1380 1290 7208 1380 1290 7209 1379 1302 7210 1396 1303 7211 1380 1290 7212 1396 1303 7213 1397 1291 7214 1397 1291 7215 1396 1303 7216 1413 1304 7217 1397 1291 7218 1413 1304 7219 1414 1292 7220 1414 1292 7221 1413 1304 7222 1430 1305 7223 1414 1292 7224 1430 1305 7225 1431 1293 7226 1431 1293 7227 1430 1305 7228 1447 1306 7229 1431 1293 7230 1447 1306 7231 1448 1294 7232 1448 1294 7233 1447 1306 7234 1471 1198 7235 1448 1294 7236 1471 1198 7237 1470 1196 7238 617 820 7239 616 818 7240 1260 1295 7241 1260 1295 7242 616 818 7243 1276 1307 7244 1260 1295 7245 1276 1307 7246 1277 1296 7247 1277 1296 7248 1276 1307 7249 1293 1308 7250 1277 1296 7251 1293 1308 7252 1294 1297 7253 1294 1297 7254 1293 1308 7255 1310 1309 7256 1294 1297 7257 1310 1309 7258 1311 1298 7259 1311 1298 7260 1310 1309 7261 1327 1310 7262 1311 1298 7263 1327 1310 7264 1328 1299 7265 1328 1299 7266 1327 1310 7267 1344 1311 7268 1328 1299 7269 1344 1311 7270 1345 1300 7271 1345 1300 7272 1344 1311 7273 1361 1312 7274 1345 1300 7275 1361 1312 7276 1362 1301 7277 1362 1301 7278 1361 1312 7279 1378 1313 7280 1362 1301 7281 1378 1313 7282 1379 1302 7283 1379 1302 7284 1378 1313 7285 1395 1314 7286 1379 1302 7287 1395 1314 7288 1396 1303 7289 1396 1303 7290 1395 1314 7291 1412 1315 7292 1396 1303 7293 1412 1315 7294 1413 1304 7295 1413 1304 7296 1412 1315 7297 1429 1316 7298 1413 1304 7299 1429 1316 7300 1430 1305 7301 1430 1305 7302 1429 1316 7303 1446 1317 7304 1430 1305 7305 1446 1317 7306 1447 1306 7307 1447 1306 7308 1446 1317 7309 1472 1200 7310 1447 1306 7311 1472 1200 7312 1471 1198 7313 616 818 7314 615 817 7315 1276 1307 7316 1276 1307 7317 615 817 7318 614 815 7319 1276 1307 7320 614 815 7321 1292 1318 7322 1292 1318 7323 614 815 7324 613 813 7325 1292 1318 7326 613 813 7327 1308 1319 7328 1308 1319 7329 613 813 7330 612 811 7331 1308 1319 7332 612 811 7333 1324 1320 7334 1324 1320 7335 612 811 7336 611 809 7337 1324 1320 7338 611 809 7339 1340 1321 7340 1340 1321 7341 611 809 7342 610 807 7343 1340 1321 7344 610 807 7345 1356 1322 7346 1356 1322 7347 610 807 7348 609 805 7349 1356 1322 7350 609 805 7351 1372 1323 7352 1372 1323 7353 609 805 7354 608 803 7355 1372 1323 7356 608 803 7357 1388 1324 7358 1388 1324 7359 608 803 7360 607 802 7361 1388 1324 7362 607 802 7363 606 800 7364 1388 1324 7365 606 800 7366 1404 1325 7367 1404 1325 7368 606 800 7369 605 798 7370 1404 1325 7371 605 798 7372 1420 1326 7373 1420 1326 7374 605 798 7375 604 796 7376 1420 1326 7377 604 796 7378 1436 1327 7379 1436 1327 7380 604 796 7381 603 779 7382 1436 1327 7383 603 779 7384 1483 1222 7385 1452 1223 7386 602 763 7387 1484 1328 7388 1484 1328 7389 602 763 7390 601 747 7391 1484 1328 7392 601 747 7393 1500 1329 7394 1500 1329 7395 601 747 7396 600 731 7397 1500 1329 7398 600 731 7399 1516 1330 7400 1516 1330 7401 600 731 7402 599 715 7403 1516 1330 7404 599 715 7405 1532 1331 7406 1532 1331 7407 599 715 7408 598 699 7409 1532 1331 7410 598 699 7411 1548 1332 7412 1548 1332 7413 598 699 7414 597 668 7415 1548 1332 7416 597 668 7417 1595 1333 7418 1595 1333 7419 597 668 7420 1564 1334 7421 1595 1333 7422 1564 1334 7423 1565 1335 7424 1565 1335 7425 1564 1334 7426 1597 1336 7427 1565 1335 7428 1597 1336 7429 1598 1337 7430 1598 1337 7431 1597 1336 7432 1614 1338 7433 1598 1337 7434 1614 1338 7435 1615 1339 7436 1615 1339 7437 1614 1338 7438 1631 1340 7439 1615 1339 7440 1631 1340 7441 1632 1341 7442 1632 1341 7443 1631 1340 7444 1648 1342 7445 1632 1341 7446 1648 1342 7447 1649 1343 7448 1649 1343 7449 1648 1342 7450 1665 1344 7451 1649 1343 7452 1665 1344 7453 1666 1345 7454 1666 1345 7455 1665 1344 7456 1156 1346 7457 1666 1345 7458 1156 1346 7459 1157 1347 7460 597 668 7461 596 666 7462 1564 1334 7463 1564 1334 7464 596 666 7465 1596 1348 7466 1564 1334 7467 1596 1348 7468 1597 1336 7469 1597 1336 7470 1596 1348 7471 1613 1349 7472 1597 1336 7473 1613 1349 7474 1614 1338 7475 1614 1338 7476 1613 1349 7477 1630 1350 7478 1614 1338 7479 1630 1350 7480 1631 1340 7481 1631 1340 7482 1630 1350 7483 1647 1351 7484 1631 1340 7485 1647 1351 7486 1648 1342 7487 1648 1342 7488 1647 1351 7489 1664 1352 7490 1648 1342 7491 1664 1352 7492 1665 1344 7493 1665 1344 7494 1664 1352 7495 1155 1353 7496 1665 1344 7497 1155 1353 7498 1156 1346 7499 596 666 7500 595 664 7501 1596 1348 7502 1596 1348 7503 595 664 7504 1612 1354 7505 1596 1348 7506 1612 1354 7507 1613 1349 7508 1613 1349 7509 1612 1354 7510 1629 1355 7511 1613 1349 7512 1629 1355 7513 1630 1350 7514 1630 1350 7515 1629 1355 7516 1646 1356 7517 1630 1350 7518 1646 1356 7519 1647 1351 7520 1647 1351 7521 1646 1356 7522 1663 1357 7523 1647 1351 7524 1663 1357 7525 1664 1352 7526 1664 1352 7527 1663 1357 7528 1154 1358 7529 1664 1352 7530 1154 1358 7531 1155 1353 7532 595 664 7533 594 662 7534 1612 1354 7535 1612 1354 7536 594 662 7537 1628 1359 7538 1612 1354 7539 1628 1359 7540 1629 1355 7541 1629 1355 7542 1628 1359 7543 1645 1360 7544 1629 1355 7545 1645 1360 7546 1646 1356 7547 1646 1356 7548 1645 1360 7549 1662 1361 7550 1646 1356 7551 1662 1361 7552 1663 1357 7553 1663 1357 7554 1662 1361 7555 1153 1362 7556 1663 1357 7557 1153 1362 7558 1154 1358 7559 594 662 7560 593 660 7561 1628 1359 7562 1628 1359 7563 593 660 7564 1644 1363 7565 1628 1359 7566 1644 1363 7567 1645 1360 7568 1645 1360 7569 1644 1363 7570 1661 1364 7571 1645 1360 7572 1661 1364 7573 1662 1361 7574 1662 1361 7575 1661 1364 7576 1152 1365 7577 1662 1361 7578 1152 1365 7579 1153 1362 7580 593 660 7581 592 592 7582 1644 1363 7583 1644 1363 7584 592 592 7585 1660 1366 7586 1644 1363 7587 1660 1366 7588 1661 1364 7589 1661 1364 7590 1660 1366 7591 1151 1367 7592 1661 1364 7593 1151 1367 7594 1152 1365 7595 32 245 7596 1150 1368 7597 592 592 7598 592 592 7599 1150 1368 7600 1660 1366 7601 1150 1368 7602 1151 1367 7603 1660 1366 7604 1666 1345 7605 1157 1347 7606 1667 1369 7607 1667 1369 7608 1157 1347 7609 1158 1370 7610 1667 1369 7611 1158 1370 7612 1668 1371 7613 1668 1371 7614 1158 1370 7615 1159 1372 7616 1668 1371 7617 1159 1372 7618 1669 1373 7619 1669 1373 7620 1159 1372 7621 1160 1374 7622 1669 1373 7623 1160 1374 7624 1670 1375 7625 1670 1375 7626 1160 1374 7627 1161 1376 7628 1670 1375 7629 1161 1376 7630 1671 1377 7631 1671 1377 7632 1161 1376 7633 1162 1378 7634 1671 1377 7635 1162 1378 7636 1672 1379 7637 1672 1379 7638 1162 1378 7639 1163 1380 7640 1672 1379 7641 1163 1380 7642 1673 1381 7643 1673 1381 7644 1163 1380 7645 1674 1382 7646 1673 1381 7647 1674 1382 7648 1657 1383 7649 1657 1383 7650 1674 1382 7651 1658 1384 7652 1657 1383 7653 1658 1384 7654 1641 1385 7655 1641 1385 7656 1658 1384 7657 1642 1386 7658 1641 1385 7659 1642 1386 7660 1625 1387 7661 1625 1387 7662 1642 1386 7663 1626 1388 7664 1625 1387 7665 1626 1388 7666 1609 1389 7667 1609 1389 7668 1626 1388 7669 1610 1390 7670 1609 1389 7671 1610 1390 7672 1577 1391 7673 1577 1391 7674 1610 1390 7675 1578 1392 7676 1577 1391 7677 1578 1392 7678 1582 1393 7679 1582 1393 7680 1578 1392 7681 1581 1394 7682 1582 1393 7683 1581 1394 7684 1561 1395 7685 1561 1395 7686 1581 1394 7687 1562 1396 7688 1561 1395 7689 1562 1396 7690 1545 1397 7691 1545 1397 7692 1562 1396 7693 1546 1398 7694 1545 1397 7695 1546 1398 7696 1529 1399 7697 1529 1399 7698 1546 1398 7699 1530 1400 7700 1529 1399 7701 1530 1400 7702 1513 1401 7703 1513 1401 7704 1530 1400 7705 1514 1402 7706 1513 1401 7707 1514 1402 7708 1497 1403 7709 1497 1403 7710 1514 1402 7711 1498 1404 7712 1497 1403 7713 1498 1404 7714 1465 1197 7715 1465 1197 7716 1498 1404 7717 1466 1195 7718 1163 1380 7719 1164 1405 7720 1674 1382 7721 1674 1382 7722 1164 1405 7723 1675 1406 7724 1674 1382 7725 1675 1406 7726 1658 1384 7727 1658 1384 7728 1675 1406 7729 1659 1407 7730 1658 1384 7731 1659 1407 7732 1642 1386 7733 1642 1386 7734 1659 1407 7735 1643 1408 7736 1642 1386 7737 1643 1408 7738 1626 1388 7739 1626 1388 7740 1643 1408 7741 1627 1409 7742 1626 1388 7743 1627 1409 7744 1610 1390 7745 1610 1390 7746 1627 1409 7747 1611 1410 7748 1610 1390 7749 1611 1410 7750 1578 1392 7751 1578 1392 7752 1611 1410 7753 1579 1411 7754 1578 1392 7755 1579 1411 7756 1581 1394 7757 1581 1394 7758 1579 1411 7759 1580 1412 7760 1581 1394 7761 1580 1412 7762 1562 1396 7763 1562 1396 7764 1580 1412 7765 1563 1413 7766 1562 1396 7767 1563 1413 7768 1546 1398 7769 1546 1398 7770 1563 1413 7771 1547 1414 7772 1546 1398 7773 1547 1414 7774 1530 1400 7775 1530 1400 7776 1547 1414 7777 1531 1415 7778 1530 1400 7779 1531 1415 7780 1514 1402 7781 1514 1402 7782 1531 1415 7783 1515 1416 7784 1514 1402 7785 1515 1416 7786 1498 1404 7787 1498 1404 7788 1515 1416 7789 1499 1417 7790 1498 1404 7791 1499 1417 7792 1466 1195 7793 1466 1195 7794 1499 1417 7795 1467 1193 7796 1164 1405 7797 48 71 7798 1675 1406 7799 1675 1406 7800 48 71 7801 653 978 7802 1675 1406 7803 653 978 7804 1659 1407 7805 1659 1407 7806 653 978 7807 652 975 7808 1659 1407 7809 652 975 7810 1643 1408 7811 1643 1408 7812 652 975 7813 651 971 7814 1643 1408 7815 651 971 7816 1627 1409 7817 1627 1409 7818 651 971 7819 650 966 7820 1627 1409 7821 650 966 7822 1611 1410 7823 1611 1410 7824 650 966 7825 649 960 7826 1611 1410 7827 649 960 7828 1579 1411 7829 1579 1411 7830 649 960 7831 648 946 7832 1579 1411 7833 648 946 7834 1580 1412 7835 1580 1412 7836 648 946 7837 1563 1413 7838 648 946 7839 647 944 7840 1563 1413 7841 1563 1413 7842 647 944 7843 1547 1414 7844 647 944 7845 646 942 7846 1547 1414 7847 1547 1414 7848 646 942 7849 1531 1415 7850 646 942 7851 645 940 7852 1531 1415 7853 1531 1415 7854 645 940 7855 1515 1416 7856 645 940 7857 644 938 7858 1515 1416 7859 1515 1416 7860 644 938 7861 1499 1417 7862 644 938 7863 643 936 7864 1499 1417 7865 1499 1417 7866 643 936 7867 1467 1193 7868 643 936 7869 642 623 7870 1467 1193 7871 629 646 7872 628 648 7873 1275 1180 7874 1275 1180 7875 628 648 7876 1259 1418 7877 1275 1180 7878 1259 1418 7879 1258 1178 7880 1258 1178 7881 1259 1418 7882 1242 1419 7883 1258 1178 7884 1242 1419 7885 1241 1176 7886 1241 1176 7887 1242 1419 7888 1225 1420 7889 1241 1176 7890 1225 1420 7891 1224 1174 7892 1224 1174 7893 1225 1420 7894 1208 1421 7895 1224 1174 7896 1208 1421 7897 1207 1172 7898 1207 1172 7899 1208 1421 7900 1191 1422 7901 1207 1172 7902 1191 1422 7903 1190 1170 7904 1190 1170 7905 1191 1422 7906 1169 1423 7907 1190 1170 7908 1169 1423 7909 1170 1168 7910 628 648 7911 627 650 7912 1259 1418 7913 1259 1418 7914 627 650 7915 1243 1424 7916 1259 1418 7917 1243 1424 7918 1242 1419 7919 1242 1419 7920 1243 1424 7921 1226 1425 7922 1242 1419 7923 1226 1425 7924 1225 1420 7925 1225 1420 7926 1226 1425 7927 1209 1426 7928 1225 1420 7929 1209 1426 7930 1208 1421 7931 1208 1421 7932 1209 1426 7933 1192 1427 7934 1208 1421 7935 1192 1427 7936 1191 1422 7937 1191 1422 7938 1192 1427 7939 1169 1423 7940 627 650 7941 626 652 7942 1243 1424 7943 1243 1424 7944 626 652 7945 1227 1428 7946 1243 1424 7947 1227 1428 7948 1226 1425 7949 1226 1425 7950 1227 1428 7951 1210 1429 7952 1226 1425 7953 1210 1429 7954 1209 1426 7955 1209 1426 7956 1210 1429 7957 1193 1430 7958 1209 1426 7959 1193 1430 7960 1192 1427 7961 1192 1427 7962 1193 1430 7963 1168 1431 7964 1192 1427 7965 1168 1431 7966 1169 1423 7967 626 652 7968 625 654 7969 1227 1428 7970 1227 1428 7971 625 654 7972 1211 1432 7973 1227 1428 7974 1211 1432 7975 1210 1429 7976 1210 1429 7977 1211 1432 7978 1194 1433 7979 1210 1429 7980 1194 1433 7981 1193 1430 7982 1193 1430 7983 1194 1433 7984 1167 1434 7985 1193 1430 7986 1167 1434 7987 1168 1431 7988 625 654 7989 624 656 7990 1211 1432 7991 1211 1432 7992 624 656 7993 1195 1435 7994 1211 1432 7995 1195 1435 7996 1194 1433 7997 1194 1433 7998 1195 1435 7999 1167 1434 8000 624 656 8001 623 658 8002 1195 1435 8003 1195 1435 8004 623 658 8005 1166 1436 8006 1195 1435 8007 1166 1436 8008 1167 1434 8009 80 415 8010 1165 1437 8011 623 658 8012 623 658 8013 1165 1437 8014 1166 1436 8015 1180 1151 8016 1197 1225 8017 1181 1153 8018 1181 1153 8019 1197 1225 8020 1198 1438 8021 1181 1153 8022 1198 1438 8023 1182 1155 8024 1182 1155 8025 1198 1438 8026 1199 1439 8027 1182 1155 8028 1199 1439 8029 1183 1157 8030 1183 1157 8031 1199 1439 8032 1200 1440 8033 1183 1157 8034 1200 1440 8035 1184 1159 8036 1184 1159 8037 1200 1440 8038 1201 1441 8039 1184 1159 8040 1201 1441 8041 1185 1161 8042 1185 1161 8043 1201 1441 8044 1202 1442 8045 1185 1161 8046 1202 1442 8047 1186 1163 8048 1186 1163 8049 1202 1442 8050 1203 1443 8051 1186 1163 8052 1203 1443 8053 1187 1165 8054 1187 1165 8055 1203 1443 8056 1204 1444 8057 1187 1165 8058 1204 1444 8059 1188 1167 8060 1188 1167 8061 1204 1444 8062 1205 1445 8063 1188 1167 8064 1205 1445 8065 1189 1169 8066 1189 1169 8067 1205 1445 8068 1206 1171 8069 1197 1225 8070 1214 1227 8071 1198 1438 8072 1198 1438 8073 1214 1227 8074 1215 1446 8075 1198 1438 8076 1215 1446 8077 1199 1439 8078 1199 1439 8079 1215 1446 8080 1216 1447 8081 1199 1439 8082 1216 1447 8083 1200 1440 8084 1200 1440 8085 1216 1447 8086 1217 1448 8087 1200 1440 8088 1217 1448 8089 1201 1441 8090 1201 1441 8091 1217 1448 8092 1218 1449 8093 1201 1441 8094 1218 1449 8095 1202 1442 8096 1202 1442 8097 1218 1449 8098 1219 1450 8099 1202 1442 8100 1219 1450 8101 1203 1443 8102 1203 1443 8103 1219 1450 8104 1220 1451 8105 1203 1443 8106 1220 1451 8107 1204 1444 8108 1204 1444 8109 1220 1451 8110 1221 1452 8111 1204 1444 8112 1221 1452 8113 1205 1445 8114 1205 1445 8115 1221 1452 8116 1222 1453 8117 1205 1445 8118 1222 1453 8119 1206 1171 8120 1206 1171 8121 1222 1453 8122 1223 1173 8123 1214 1227 8124 1231 1229 8125 1215 1446 8126 1215 1446 8127 1231 1229 8128 1232 1454 8129 1215 1446 8130 1232 1454 8131 1216 1447 8132 1216 1447 8133 1232 1454 8134 1233 1455 8135 1216 1447 8136 1233 1455 8137 1217 1448 8138 1217 1448 8139 1233 1455 8140 1234 1456 8141 1217 1448 8142 1234 1456 8143 1218 1449 8144 1218 1449 8145 1234 1456 8146 1235 1457 8147 1218 1449 8148 1235 1457 8149 1219 1450 8150 1219 1450 8151 1235 1457 8152 1236 1458 8153 1219 1450 8154 1236 1458 8155 1220 1451 8156 1220 1451 8157 1236 1458 8158 1237 1459 8159 1220 1451 8160 1237 1459 8161 1221 1452 8162 1221 1452 8163 1237 1459 8164 1238 1460 8165 1221 1452 8166 1238 1460 8167 1222 1453 8168 1222 1453 8169 1238 1460 8170 1239 1461 8171 1222 1453 8172 1239 1461 8173 1223 1173 8174 1223 1173 8175 1239 1461 8176 1240 1175 8177 1231 1229 8178 1248 1231 8179 1232 1454 8180 1232 1454 8181 1248 1231 8182 1249 1462 8183 1232 1454 8184 1249 1462 8185 1233 1455 8186 1233 1455 8187 1249 1462 8188 1250 1463 8189 1233 1455 8190 1250 1463 8191 1234 1456 8192 1234 1456 8193 1250 1463 8194 1251 1464 8195 1234 1456 8196 1251 1464 8197 1235 1457 8198 1235 1457 8199 1251 1464 8200 1252 1465 8201 1235 1457 8202 1252 1465 8203 1236 1458 8204 1236 1458 8205 1252 1465 8206 1253 1466 8207 1236 1458 8208 1253 1466 8209 1237 1459 8210 1237 1459 8211 1253 1466 8212 1254 1467 8213 1237 1459 8214 1254 1467 8215 1238 1460 8216 1238 1460 8217 1254 1467 8218 1255 1468 8219 1238 1460 8220 1255 1468 8221 1239 1461 8222 1239 1461 8223 1255 1468 8224 1256 1469 8225 1239 1461 8226 1256 1469 8227 1240 1175 8228 1240 1175 8229 1256 1469 8230 1257 1177 8231 1248 1231 8232 1265 1233 8233 1249 1462 8234 1249 1462 8235 1265 1233 8236 1266 1470 8237 1249 1462 8238 1266 1470 8239 1250 1463 8240 1250 1463 8241 1266 1470 8242 1267 1471 8243 1250 1463 8244 1267 1471 8245 1251 1464 8246 1251 1464 8247 1267 1471 8248 1268 1472 8249 1251 1464 8250 1268 1472 8251 1252 1465 8252 1252 1465 8253 1268 1472 8254 1269 1473 8255 1252 1465 8256 1269 1473 8257 1253 1466 8258 1253 1466 8259 1269 1473 8260 1270 1474 8261 1253 1466 8262 1270 1474 8263 1254 1467 8264 1254 1467 8265 1270 1474 8266 1271 1475 8267 1254 1467 8268 1271 1475 8269 1255 1468 8270 1255 1468 8271 1271 1475 8272 1272 1476 8273 1255 1468 8274 1272 1476 8275 1256 1469 8276 1256 1469 8277 1272 1476 8278 1273 1477 8279 1256 1469 8280 1273 1477 8281 1257 1177 8282 1257 1177 8283 1273 1477 8284 1274 1179 8285 1265 1233 8286 1282 1235 8287 1266 1470 8288 1266 1470 8289 1282 1235 8290 1283 1478 8291 1266 1470 8292 1283 1478 8293 1267 1471 8294 1267 1471 8295 1283 1478 8296 1284 1479 8297 1267 1471 8298 1284 1479 8299 1268 1472 8300 1268 1472 8301 1284 1479 8302 1285 1480 8303 1268 1472 8304 1285 1480 8305 1269 1473 8306 1269 1473 8307 1285 1480 8308 1286 1481 8309 1269 1473 8310 1286 1481 8311 1270 1474 8312 1270 1474 8313 1286 1481 8314 1287 1482 8315 1270 1474 8316 1287 1482 8317 1271 1475 8318 1271 1475 8319 1287 1482 8320 1288 1483 8321 1271 1475 8322 1288 1483 8323 1272 1476 8324 1272 1476 8325 1288 1483 8326 1289 1484 8327 1272 1476 8328 1289 1484 8329 1273 1477 8330 1273 1477 8331 1289 1484 8332 1290 1485 8333 1273 1477 8334 1290 1485 8335 1274 1179 8336 1274 1179 8337 1290 1485 8338 1291 1181 8339 1282 1235 8340 1299 1237 8341 1283 1478 8342 1283 1478 8343 1299 1237 8344 1300 1486 8345 1283 1478 8346 1300 1486 8347 1284 1479 8348 1284 1479 8349 1300 1486 8350 1301 1487 8351 1284 1479 8352 1301 1487 8353 1285 1480 8354 1285 1480 8355 1301 1487 8356 1302 1488 8357 1285 1480 8358 1302 1488 8359 1286 1481 8360 1286 1481 8361 1302 1488 8362 1303 1489 8363 1286 1481 8364 1303 1489 8365 1287 1482 8366 1287 1482 8367 1303 1489 8368 1304 1490 8369 1287 1482 8370 1304 1490 8371 1288 1483 8372 1288 1483 8373 1304 1490 8374 1305 1491 8375 1288 1483 8376 1305 1491 8377 1289 1484 8378 1289 1484 8379 1305 1491 8380 1306 1492 8381 1289 1484 8382 1306 1492 8383 1290 1485 8384 1290 1485 8385 1306 1492 8386 1307 1182 8387 1290 1485 8388 1307 1182 8389 1291 1181 8390 1276 1307 8391 1292 1318 8392 1293 1308 8393 1293 1308 8394 1292 1318 8395 1309 1493 8396 1293 1308 8397 1309 1493 8398 1310 1309 8399 1310 1309 8400 1309 1493 8401 1326 1494 8402 1310 1309 8403 1326 1494 8404 1327 1310 8405 1327 1310 8406 1326 1494 8407 1343 1495 8408 1327 1310 8409 1343 1495 8410 1344 1311 8411 1344 1311 8412 1343 1495 8413 1360 1496 8414 1344 1311 8415 1360 1496 8416 1361 1312 8417 1361 1312 8418 1360 1496 8419 1377 1497 8420 1361 1312 8421 1377 1497 8422 1378 1313 8423 1378 1313 8424 1377 1497 8425 1394 1498 8426 1378 1313 8427 1394 1498 8428 1395 1314 8429 1395 1314 8430 1394 1498 8431 1411 1499 8432 1395 1314 8433 1411 1499 8434 1412 1315 8435 1412 1315 8436 1411 1499 8437 1428 1500 8438 1412 1315 8439 1428 1500 8440 1429 1316 8441 1429 1316 8442 1428 1500 8443 1445 1501 8444 1429 1316 8445 1445 1501 8446 1446 1317 8447 1446 1317 8448 1445 1501 8449 1473 1202 8450 1446 1317 8451 1473 1202 8452 1472 1200 8453 1299 1237 8454 1316 1239 8455 1300 1486 8456 1300 1486 8457 1316 1239 8458 1317 1502 8459 1300 1486 8460 1317 1502 8461 1301 1487 8462 1301 1487 8463 1317 1502 8464 1318 1503 8465 1301 1487 8466 1318 1503 8467 1302 1488 8468 1302 1488 8469 1318 1503 8470 1319 1504 8471 1302 1488 8472 1319 1504 8473 1303 1489 8474 1303 1489 8475 1319 1504 8476 1320 1505 8477 1303 1489 8478 1320 1505 8479 1304 1490 8480 1304 1490 8481 1320 1505 8482 1321 1506 8483 1304 1490 8484 1321 1506 8485 1305 1491 8486 1305 1491 8487 1321 1506 8488 1322 1507 8489 1305 1491 8490 1322 1507 8491 1306 1492 8492 1306 1492 8493 1322 1507 8494 1323 1183 8495 1306 1492 8496 1323 1183 8497 1307 1182 8498 1292 1318 8499 1308 1319 8500 1309 1493 8501 1309 1493 8502 1308 1319 8503 1325 1508 8504 1309 1493 8505 1325 1508 8506 1326 1494 8507 1326 1494 8508 1325 1508 8509 1342 1509 8510 1326 1494 8511 1342 1509 8512 1343 1495 8513 1343 1495 8514 1342 1509 8515 1359 1510 8516 1343 1495 8517 1359 1510 8518 1360 1496 8519 1360 1496 8520 1359 1510 8521 1376 1511 8522 1360 1496 8523 1376 1511 8524 1377 1497 8525 1377 1497 8526 1376 1511 8527 1393 1512 8528 1377 1497 8529 1393 1512 8530 1394 1498 8531 1394 1498 8532 1393 1512 8533 1410 1513 8534 1394 1498 8535 1410 1513 8536 1411 1499 8537 1411 1499 8538 1410 1513 8539 1427 1514 8540 1411 1499 8541 1427 1514 8542 1428 1500 8543 1428 1500 8544 1427 1514 8545 1444 1515 8546 1428 1500 8547 1444 1515 8548 1445 1501 8549 1445 1501 8550 1444 1515 8551 1474 1204 8552 1445 1501 8553 1474 1204 8554 1473 1202 8555 1316 1239 8556 1333 1241 8557 1317 1502 8558 1317 1502 8559 1333 1241 8560 1334 1516 8561 1317 1502 8562 1334 1516 8563 1318 1503 8564 1318 1503 8565 1334 1516 8566 1335 1517 8567 1318 1503 8568 1335 1517 8569 1319 1504 8570 1319 1504 8571 1335 1517 8572 1336 1518 8573 1319 1504 8574 1336 1518 8575 1320 1505 8576 1320 1505 8577 1336 1518 8578 1337 1519 8579 1320 1505 8580 1337 1519 8581 1321 1506 8582 1321 1506 8583 1337 1519 8584 1338 1520 8585 1321 1506 8586 1338 1520 8587 1322 1507 8588 1322 1507 8589 1338 1520 8590 1339 1184 8591 1322 1507 8592 1339 1184 8593 1323 1183 8594 1308 1319 8595 1324 1320 8596 1325 1508 8597 1325 1508 8598 1324 1320 8599 1341 1521 8600 1325 1508 8601 1341 1521 8602 1342 1509 8603 1342 1509 8604 1341 1521 8605 1358 1522 8606 1342 1509 8607 1358 1522 8608 1359 1510 8609 1359 1510 8610 1358 1522 8611 1375 1523 8612 1359 1510 8613 1375 1523 8614 1376 1511 8615 1376 1511 8616 1375 1523 8617 1392 1524 8618 1376 1511 8619 1392 1524 8620 1393 1512 8621 1393 1512 8622 1392 1524 8623 1409 1525 8624 1393 1512 8625 1409 1525 8626 1410 1513 8627 1410 1513 8628 1409 1525 8629 1426 1526 8630 1410 1513 8631 1426 1526 8632 1427 1514 8633 1427 1514 8634 1426 1526 8635 1443 1527 8636 1427 1514 8637 1443 1527 8638 1444 1515 8639 1444 1515 8640 1443 1527 8641 1475 1206 8642 1444 1515 8643 1475 1206 8644 1474 1204 8645 1333 1241 8646 1350 1243 8647 1334 1516 8648 1334 1516 8649 1350 1243 8650 1351 1528 8651 1334 1516 8652 1351 1528 8653 1335 1517 8654 1335 1517 8655 1351 1528 8656 1352 1529 8657 1335 1517 8658 1352 1529 8659 1336 1518 8660 1336 1518 8661 1352 1529 8662 1353 1530 8663 1336 1518 8664 1353 1530 8665 1337 1519 8666 1337 1519 8667 1353 1530 8668 1354 1531 8669 1337 1519 8670 1354 1531 8671 1338 1520 8672 1338 1520 8673 1354 1531 8674 1355 1185 8675 1338 1520 8676 1355 1185 8677 1339 1184 8678 1324 1320 8679 1340 1321 8680 1341 1521 8681 1341 1521 8682 1340 1321 8683 1357 1532 8684 1341 1521 8685 1357 1532 8686 1358 1522 8687 1358 1522 8688 1357 1532 8689 1374 1533 8690 1358 1522 8691 1374 1533 8692 1375 1523 8693 1375 1523 8694 1374 1533 8695 1391 1534 8696 1375 1523 8697 1391 1534 8698 1392 1524 8699 1392 1524 8700 1391 1534 8701 1408 1535 8702 1392 1524 8703 1408 1535 8704 1409 1525 8705 1409 1525 8706 1408 1535 8707 1425 1536 8708 1409 1525 8709 1425 1536 8710 1426 1526 8711 1426 1526 8712 1425 1536 8713 1442 1537 8714 1426 1526 8715 1442 1537 8716 1443 1527 8717 1443 1527 8718 1442 1537 8719 1476 1208 8720 1443 1527 8721 1476 1208 8722 1475 1206 8723 1350 1243 8724 1367 1245 8725 1351 1528 8726 1351 1528 8727 1367 1245 8728 1368 1538 8729 1351 1528 8730 1368 1538 8731 1352 1529 8732 1352 1529 8733 1368 1538 8734 1369 1539 8735 1352 1529 8736 1369 1539 8737 1353 1530 8738 1353 1530 8739 1369 1539 8740 1370 1540 8741 1353 1530 8742 1370 1540 8743 1354 1531 8744 1354 1531 8745 1370 1540 8746 1371 1186 8747 1354 1531 8748 1371 1186 8749 1355 1185 8750 1340 1321 8751 1356 1322 8752 1357 1532 8753 1357 1532 8754 1356 1322 8755 1373 1541 8756 1357 1532 8757 1373 1541 8758 1374 1533 8759 1374 1533 8760 1373 1541 8761 1390 1542 8762 1374 1533 8763 1390 1542 8764 1391 1534 8765 1391 1534 8766 1390 1542 8767 1407 1543 8768 1391 1534 8769 1407 1543 8770 1408 1535 8771 1408 1535 8772 1407 1543 8773 1424 1544 8774 1408 1535 8775 1424 1544 8776 1425 1536 8777 1425 1536 8778 1424 1544 8779 1441 1545 8780 1425 1536 8781 1441 1545 8782 1442 1537 8783 1442 1537 8784 1441 1545 8785 1477 1210 8786 1442 1537 8787 1477 1210 8788 1476 1208 8789 1367 1245 8790 1384 1247 8791 1368 1538 8792 1368 1538 8793 1384 1247 8794 1385 1546 8795 1368 1538 8796 1385 1546 8797 1369 1539 8798 1369 1539 8799 1385 1546 8800 1386 1547 8801 1369 1539 8802 1386 1547 8803 1370 1540 8804 1370 1540 8805 1386 1547 8806 1387 1187 8807 1370 1540 8808 1387 1187 8809 1371 1186 8810 1356 1322 8811 1372 1323 8812 1373 1541 8813 1373 1541 8814 1372 1323 8815 1389 1548 8816 1373 1541 8817 1389 1548 8818 1390 1542 8819 1390 1542 8820 1389 1548 8821 1406 1549 8822 1390 1542 8823 1406 1549 8824 1407 1543 8825 1407 1543 8826 1406 1549 8827 1423 1550 8828 1407 1543 8829 1423 1550 8830 1424 1544 8831 1424 1544 8832 1423 1550 8833 1440 1551 8834 1424 1544 8835 1440 1551 8836 1441 1545 8837 1441 1545 8838 1440 1551 8839 1478 1212 8840 1441 1545 8841 1478 1212 8842 1477 1210 8843 1384 1247 8844 1401 1249 8845 1385 1546 8846 1385 1546 8847 1401 1249 8848 1402 1552 8849 1385 1546 8850 1402 1552 8851 1386 1547 8852 1386 1547 8853 1402 1552 8854 1403 1188 8855 1386 1547 8856 1403 1188 8857 1387 1187 8858 1372 1323 8859 1388 1324 8860 1389 1548 8861 1389 1548 8862 1388 1324 8863 1405 1553 8864 1389 1548 8865 1405 1553 8866 1406 1549 8867 1406 1549 8868 1405 1553 8869 1422 1554 8870 1406 1549 8871 1422 1554 8872 1423 1550 8873 1423 1550 8874 1422 1554 8875 1439 1555 8876 1423 1550 8877 1439 1555 8878 1440 1551 8879 1440 1551 8880 1439 1555 8881 1479 1214 8882 1440 1551 8883 1479 1214 8884 1478 1212 8885 1419 1189 8886 1403 1188 8887 1402 1552 8888 1419 1189 8889 1402 1552 8890 1418 1251 8891 1418 1251 8892 1402 1552 8893 1401 1249 8894 1388 1324 8895 1404 1325 8896 1405 1553 8897 1405 1553 8898 1404 1325 8899 1421 1556 8900 1405 1553 8901 1421 1556 8902 1422 1554 8903 1422 1554 8904 1421 1556 8905 1438 1557 8906 1422 1554 8907 1438 1557 8908 1439 1555 8909 1439 1555 8910 1438 1557 8911 1480 1216 8912 1439 1555 8913 1480 1216 8914 1479 1214 8915 1435 1190 8916 1419 1189 8917 1418 1251 8918 1404 1325 8919 1420 1326 8920 1421 1556 8921 1421 1556 8922 1420 1326 8923 1437 1558 8924 1421 1556 8925 1437 1558 8926 1438 1557 8927 1438 1557 8928 1437 1558 8929 1481 1218 8930 1438 1557 8931 1481 1218 8932 1480 1216 8933 1420 1326 8934 1436 1327 8935 1437 1558 8936 1437 1558 8937 1436 1327 8938 1482 1220 8939 1437 1558 8940 1482 1220 8941 1481 1218 8942 1483 1222 8943 1482 1220 8944 1436 1327 8945 1453 1221 8946 1452 1223 8947 1485 1559 8948 1485 1559 8949 1452 1223 8950 1484 1328 8951 1485 1559 8952 1484 1328 8953 1501 1560 8954 1501 1560 8955 1484 1328 8956 1500 1329 8957 1501 1560 8958 1500 1329 8959 1517 1561 8960 1517 1561 8961 1500 1329 8962 1516 1330 8963 1517 1561 8964 1516 1330 8965 1533 1562 8966 1533 1562 8967 1516 1330 8968 1532 1331 8969 1533 1562 8970 1532 1331 8971 1549 1563 8972 1549 1563 8973 1532 1331 8974 1548 1332 8975 1549 1563 8976 1548 1332 8977 1594 1564 8978 1594 1564 8979 1548 1332 8980 1595 1333 8981 1594 1564 8982 1595 1333 8983 1565 1335 8984 1454 1219 8985 1453 1221 8986 1486 1565 8987 1486 1565 8988 1453 1221 8989 1485 1559 8990 1486 1565 8991 1485 1559 8992 1502 1566 8993 1502 1566 8994 1485 1559 8995 1501 1560 8996 1502 1566 8997 1501 1560 8998 1518 1567 8999 1518 1567 9000 1501 1560 9001 1517 1561 9002 1518 1567 9003 1517 1561 9004 1534 1568 9005 1534 1568 9006 1517 1561 9007 1533 1562 9008 1534 1568 9009 1533 1562 9010 1550 1569 9011 1550 1569 9012 1533 1562 9013 1549 1563 9014 1550 1569 9015 1549 1563 9016 1593 1570 9017 1593 1570 9018 1549 1563 9019 1594 1564 9020 1593 1570 9021 1594 1564 9022 1566 1571 9023 1566 1571 9024 1594 1564 9025 1565 1335 9026 1566 1571 9027 1565 1335 9028 1598 1337 9029 1455 1217 9030 1454 1219 9031 1487 1572 9032 1487 1572 9033 1454 1219 9034 1486 1565 9035 1487 1572 9036 1486 1565 9037 1503 1573 9038 1503 1573 9039 1486 1565 9040 1502 1566 9041 1503 1573 9042 1502 1566 9043 1519 1574 9044 1519 1574 9045 1502 1566 9046 1518 1567 9047 1519 1574 9048 1518 1567 9049 1535 1575 9050 1535 1575 9051 1518 1567 9052 1534 1568 9053 1535 1575 9054 1534 1568 9055 1551 1576 9056 1551 1576 9057 1534 1568 9058 1550 1569 9059 1551 1576 9060 1550 1569 9061 1592 1577 9062 1592 1577 9063 1550 1569 9064 1593 1570 9065 1592 1577 9066 1593 1570 9067 1567 1578 9068 1567 1578 9069 1593 1570 9070 1566 1571 9071 1567 1578 9072 1566 1571 9073 1599 1579 9074 1599 1579 9075 1566 1571 9076 1598 1337 9077 1599 1579 9078 1598 1337 9079 1615 1339 9080 1456 1215 9081 1455 1217 9082 1488 1580 9083 1488 1580 9084 1455 1217 9085 1487 1572 9086 1488 1580 9087 1487 1572 9088 1504 1581 9089 1504 1581 9090 1487 1572 9091 1503 1573 9092 1504 1581 9093 1503 1573 9094 1520 1582 9095 1520 1582 9096 1503 1573 9097 1519 1574 9098 1520 1582 9099 1519 1574 9100 1536 1583 9101 1536 1583 9102 1519 1574 9103 1535 1575 9104 1536 1583 9105 1535 1575 9106 1552 1584 9107 1552 1584 9108 1535 1575 9109 1551 1576 9110 1552 1584 9111 1551 1576 9112 1591 1585 9113 1591 1585 9114 1551 1576 9115 1592 1577 9116 1591 1585 9117 1592 1577 9118 1568 1586 9119 1568 1586 9120 1592 1577 9121 1567 1578 9122 1568 1586 9123 1567 1578 9124 1600 1587 9125 1600 1587 9126 1567 1578 9127 1599 1579 9128 1600 1587 9129 1599 1579 9130 1616 1588 9131 1616 1588 9132 1599 1579 9133 1615 1339 9134 1616 1588 9135 1615 1339 9136 1632 1341 9137 1457 1213 9138 1456 1215 9139 1489 1589 9140 1489 1589 9141 1456 1215 9142 1488 1580 9143 1489 1589 9144 1488 1580 9145 1505 1590 9146 1505 1590 9147 1488 1580 9148 1504 1581 9149 1505 1590 9150 1504 1581 9151 1521 1591 9152 1521 1591 9153 1504 1581 9154 1520 1582 9155 1521 1591 9156 1520 1582 9157 1537 1592 9158 1537 1592 9159 1520 1582 9160 1536 1583 9161 1537 1592 9162 1536 1583 9163 1553 1593 9164 1553 1593 9165 1536 1583 9166 1552 1584 9167 1553 1593 9168 1552 1584 9169 1590 1594 9170 1590 1594 9171 1552 1584 9172 1591 1585 9173 1590 1594 9174 1591 1585 9175 1569 1595 9176 1569 1595 9177 1591 1585 9178 1568 1586 9179 1569 1595 9180 1568 1586 9181 1601 1596 9182 1601 1596 9183 1568 1586 9184 1600 1587 9185 1601 1596 9186 1600 1587 9187 1617 1597 9188 1617 1597 9189 1600 1587 9190 1616 1588 9191 1617 1597 9192 1616 1588 9193 1633 1598 9194 1633 1598 9195 1616 1588 9196 1632 1341 9197 1633 1598 9198 1632 1341 9199 1649 1343 9200 1458 1211 9201 1457 1213 9202 1490 1599 9203 1490 1599 9204 1457 1213 9205 1489 1589 9206 1490 1599 9207 1489 1589 9208 1506 1600 9209 1506 1600 9210 1489 1589 9211 1505 1590 9212 1506 1600 9213 1505 1590 9214 1522 1601 9215 1522 1601 9216 1505 1590 9217 1521 1591 9218 1522 1601 9219 1521 1591 9220 1538 1602 9221 1538 1602 9222 1521 1591 9223 1537 1592 9224 1538 1602 9225 1537 1592 9226 1554 1603 9227 1554 1603 9228 1537 1592 9229 1553 1593 9230 1554 1603 9231 1553 1593 9232 1589 1604 9233 1589 1604 9234 1553 1593 9235 1590 1594 9236 1589 1604 9237 1590 1594 9238 1570 1605 9239 1570 1605 9240 1590 1594 9241 1569 1595 9242 1570 1605 9243 1569 1595 9244 1602 1606 9245 1602 1606 9246 1569 1595 9247 1601 1596 9248 1602 1606 9249 1601 1596 9250 1618 1607 9251 1618 1607 9252 1601 1596 9253 1617 1597 9254 1618 1607 9255 1617 1597 9256 1634 1608 9257 1634 1608 9258 1617 1597 9259 1633 1598 9260 1634 1608 9261 1633 1598 9262 1650 1609 9263 1650 1609 9264 1633 1598 9265 1649 1343 9266 1650 1609 9267 1649 1343 9268 1666 1345 9269 1459 1209 9270 1458 1211 9271 1491 1610 9272 1491 1610 9273 1458 1211 9274 1490 1599 9275 1491 1610 9276 1490 1599 9277 1507 1611 9278 1507 1611 9279 1490 1599 9280 1506 1600 9281 1507 1611 9282 1506 1600 9283 1523 1612 9284 1523 1612 9285 1506 1600 9286 1522 1601 9287 1523 1612 9288 1522 1601 9289 1539 1613 9290 1539 1613 9291 1522 1601 9292 1538 1602 9293 1539 1613 9294 1538 1602 9295 1555 1614 9296 1555 1614 9297 1538 1602 9298 1554 1603 9299 1555 1614 9300 1554 1603 9301 1588 1615 9302 1588 1615 9303 1554 1603 9304 1589 1604 9305 1588 1615 9306 1589 1604 9307 1571 1616 9308 1571 1616 9309 1589 1604 9310 1570 1605 9311 1571 1616 9312 1570 1605 9313 1603 1617 9314 1603 1617 9315 1570 1605 9316 1602 1606 9317 1603 1617 9318 1602 1606 9319 1619 1618 9320 1619 1618 9321 1602 1606 9322 1618 1607 9323 1619 1618 9324 1618 1607 9325 1635 1619 9326 1635 1619 9327 1618 1607 9328 1634 1608 9329 1635 1619 9330 1634 1608 9331 1651 1620 9332 1651 1620 9333 1634 1608 9334 1650 1609 9335 1651 1620 9336 1650 1609 9337 1667 1369 9338 1667 1369 9339 1650 1609 9340 1666 1345 9341 1460 1207 9342 1459 1209 9343 1492 1621 9344 1492 1621 9345 1459 1209 9346 1491 1610 9347 1492 1621 9348 1491 1610 9349 1508 1622 9350 1508 1622 9351 1491 1610 9352 1507 1611 9353 1508 1622 9354 1507 1611 9355 1524 1623 9356 1524 1623 9357 1507 1611 9358 1523 1612 9359 1524 1623 9360 1523 1612 9361 1540 1624 9362 1540 1624 9363 1523 1612 9364 1539 1613 9365 1540 1624 9366 1539 1613 9367 1556 1625 9368 1556 1625 9369 1539 1613 9370 1555 1614 9371 1556 1625 9372 1555 1614 9373 1587 1626 9374 1587 1626 9375 1555 1614 9376 1588 1615 9377 1587 1626 9378 1588 1615 9379 1572 1627 9380 1572 1627 9381 1588 1615 9382 1571 1616 9383 1572 1627 9384 1571 1616 9385 1604 1628 9386 1604 1628 9387 1571 1616 9388 1603 1617 9389 1604 1628 9390 1603 1617 9391 1620 1629 9392 1620 1629 9393 1603 1617 9394 1619 1618 9395 1620 1629 9396 1619 1618 9397 1636 1630 9398 1636 1630 9399 1619 1618 9400 1635 1619 9401 1636 1630 9402 1635 1619 9403 1652 1631 9404 1652 1631 9405 1635 1619 9406 1651 1620 9407 1652 1631 9408 1651 1620 9409 1668 1371 9410 1668 1371 9411 1651 1620 9412 1667 1369 9413 1461 1205 9414 1460 1207 9415 1493 1632 9416 1493 1632 9417 1460 1207 9418 1492 1621 9419 1493 1632 9420 1492 1621 9421 1509 1633 9422 1509 1633 9423 1492 1621 9424 1508 1622 9425 1509 1633 9426 1508 1622 9427 1525 1634 9428 1525 1634 9429 1508 1622 9430 1524 1623 9431 1525 1634 9432 1524 1623 9433 1541 1635 9434 1541 1635 9435 1524 1623 9436 1540 1624 9437 1541 1635 9438 1540 1624 9439 1557 1636 9440 1557 1636 9441 1540 1624 9442 1556 1625 9443 1557 1636 9444 1556 1625 9445 1586 1637 9446 1586 1637 9447 1556 1625 9448 1587 1626 9449 1586 1637 9450 1587 1626 9451 1573 1638 9452 1573 1638 9453 1587 1626 9454 1572 1627 9455 1573 1638 9456 1572 1627 9457 1605 1639 9458 1605 1639 9459 1572 1627 9460 1604 1628 9461 1605 1639 9462 1604 1628 9463 1621 1640 9464 1621 1640 9465 1604 1628 9466 1620 1629 9467 1621 1640 9468 1620 1629 9469 1637 1641 9470 1637 1641 9471 1620 1629 9472 1636 1630 9473 1637 1641 9474 1636 1630 9475 1653 1642 9476 1653 1642 9477 1636 1630 9478 1652 1631 9479 1653 1642 9480 1652 1631 9481 1669 1373 9482 1669 1373 9483 1652 1631 9484 1668 1371 9485 1462 1203 9486 1461 1205 9487 1494 1643 9488 1494 1643 9489 1461 1205 9490 1493 1632 9491 1494 1643 9492 1493 1632 9493 1510 1644 9494 1510 1644 9495 1493 1632 9496 1509 1633 9497 1510 1644 9498 1509 1633 9499 1526 1645 9500 1526 1645 9501 1509 1633 9502 1525 1634 9503 1526 1645 9504 1525 1634 9505 1542 1646 9506 1542 1646 9507 1525 1634 9508 1541 1635 9509 1542 1646 9510 1541 1635 9511 1558 1647 9512 1558 1647 9513 1541 1635 9514 1557 1636 9515 1558 1647 9516 1557 1636 9517 1585 1648 9518 1585 1648 9519 1557 1636 9520 1586 1637 9521 1585 1648 9522 1586 1637 9523 1574 1649 9524 1574 1649 9525 1586 1637 9526 1573 1638 9527 1574 1649 9528 1573 1638 9529 1606 1650 9530 1606 1650 9531 1573 1638 9532 1605 1639 9533 1606 1650 9534 1605 1639 9535 1622 1651 9536 1622 1651 9537 1605 1639 9538 1621 1640 9539 1622 1651 9540 1621 1640 9541 1638 1652 9542 1638 1652 9543 1621 1640 9544 1637 1641 9545 1638 1652 9546 1637 1641 9547 1654 1653 9548 1654 1653 9549 1637 1641 9550 1653 1642 9551 1654 1653 9552 1653 1642 9553 1670 1375 9554 1670 1375 9555 1653 1642 9556 1669 1373 9557 1463 1201 9558 1462 1203 9559 1495 1654 9560 1495 1654 9561 1462 1203 9562 1494 1643 9563 1495 1654 9564 1494 1643 9565 1511 1655 9566 1511 1655 9567 1494 1643 9568 1510 1644 9569 1511 1655 9570 1510 1644 9571 1527 1656 9572 1527 1656 9573 1510 1644 9574 1526 1645 9575 1527 1656 9576 1526 1645 9577 1543 1657 9578 1543 1657 9579 1526 1645 9580 1542 1646 9581 1543 1657 9582 1542 1646 9583 1559 1658 9584 1559 1658 9585 1542 1646 9586 1558 1647 9587 1559 1658 9588 1558 1647 9589 1584 1659 9590 1584 1659 9591 1558 1647 9592 1585 1648 9593 1584 1659 9594 1585 1648 9595 1575 1660 9596 1575 1660 9597 1585 1648 9598 1574 1649 9599 1575 1660 9600 1574 1649 9601 1607 1661 9602 1607 1661 9603 1574 1649 9604 1606 1650 9605 1607 1661 9606 1606 1650 9607 1623 1662 9608 1623 1662 9609 1606 1650 9610 1622 1651 9611 1623 1662 9612 1622 1651 9613 1639 1663 9614 1639 1663 9615 1622 1651 9616 1638 1652 9617 1639 1663 9618 1638 1652 9619 1655 1664 9620 1655 1664 9621 1638 1652 9622 1654 1653 9623 1655 1664 9624 1654 1653 9625 1671 1377 9626 1671 1377 9627 1654 1653 9628 1670 1375 9629 1497 1403 9630 1465 1197 9631 1464 1199 9632 1464 1199 9633 1463 1201 9634 1496 1665 9635 1496 1665 9636 1463 1201 9637 1495 1654 9638 1496 1665 9639 1495 1654 9640 1512 1666 9641 1512 1666 9642 1495 1654 9643 1511 1655 9644 1512 1666 9645 1511 1655 9646 1528 1667 9647 1528 1667 9648 1511 1655 9649 1527 1656 9650 1528 1667 9651 1527 1656 9652 1544 1668 9653 1544 1668 9654 1527 1656 9655 1543 1657 9656 1544 1668 9657 1543 1657 9658 1560 1669 9659 1560 1669 9660 1543 1657 9661 1559 1658 9662 1560 1669 9663 1559 1658 9664 1583 1670 9665 1583 1670 9666 1559 1658 9667 1584 1659 9668 1583 1670 9669 1584 1659 9670 1576 1671 9671 1576 1671 9672 1584 1659 9673 1575 1660 9674 1576 1671 9675 1575 1660 9676 1608 1672 9677 1608 1672 9678 1575 1660 9679 1607 1661 9680 1608 1672 9681 1607 1661 9682 1624 1673 9683 1624 1673 9684 1607 1661 9685 1623 1662 9686 1624 1673 9687 1623 1662 9688 1640 1674 9689 1640 1674 9690 1623 1662 9691 1639 1663 9692 1640 1674 9693 1639 1663 9694 1656 1675 9695 1656 1675 9696 1639 1663 9697 1655 1664 9698 1656 1675 9699 1655 1664 9700 1672 1379 9701 1672 1379 9702 1655 1664 9703 1671 1377 9704 1513 1401 9705 1497 1403 9706 1496 1665 9707 1496 1665 9708 1497 1403 9709 1464 1199 9710 1513 1401 9711 1496 1665 9712 1512 1666 9713 1529 1399 9714 1513 1401 9715 1512 1666 9716 1529 1399 9717 1512 1666 9718 1528 1667 9719 1545 1397 9720 1529 1399 9721 1528 1667 9722 1545 1397 9723 1528 1667 9724 1544 1668 9725 1561 1395 9726 1545 1397 9727 1544 1668 9728 1561 1395 9729 1544 1668 9730 1560 1669 9731 1582 1393 9732 1561 1395 9733 1560 1669 9734 1582 1393 9735 1560 1669 9736 1583 1670 9737 1582 1393 9738 1583 1670 9739 1577 1391 9740 1577 1391 9741 1583 1670 9742 1576 1671 9743 1577 1391 9744 1576 1671 9745 1609 1389 9746 1609 1389 9747 1576 1671 9748 1608 1672 9749 1609 1389 9750 1608 1672 9751 1625 1387 9752 1625 1387 9753 1608 1672 9754 1624 1673 9755 1625 1387 9756 1624 1673 9757 1641 1385 9758 1641 1385 9759 1624 1673 9760 1640 1674 9761 1641 1385 9762 1640 1674 9763 1657 1383 9764 1657 1383 9765 1640 1674 9766 1656 1675 9767 1657 1383 9768 1656 1675 9769 1673 1381 9770 1673 1381 9771 1656 1675 9772 1672 1379 9773 32 245 9774 31 243 9775 1150 1368 9776 1150 1368 9777 31 243 9778 1676 1676 9779 1150 1368 9780 1676 1676 9781 1151 1367 9782 1151 1367 9783 1676 1676 9784 1677 1677 9785 1151 1367 9786 1677 1677 9787 1152 1365 9788 1152 1365 9789 1677 1677 9790 1678 1678 9791 1152 1365 9792 1678 1678 9793 1153 1362 9794 1153 1362 9795 1678 1678 9796 1679 1679 9797 1153 1362 9798 1679 1679 9799 1154 1358 9800 1154 1358 9801 1679 1679 9802 1680 1680 9803 1154 1358 9804 1680 1680 9805 1155 1353 9806 1155 1353 9807 1680 1680 9808 1681 1681 9809 1155 1353 9810 1681 1681 9811 1156 1346 9812 1156 1346 9813 1681 1681 9814 1682 1682 9815 1156 1346 9816 1682 1682 9817 1157 1347 9818 1157 1347 9819 1682 1682 9820 1683 1683 9821 1157 1347 9822 1683 1683 9823 1158 1370 9824 1158 1370 9825 1683 1683 9826 1684 1684 9827 1158 1370 9828 1684 1684 9829 1159 1372 9830 1159 1372 9831 1684 1684 9832 1685 1685 9833 1159 1372 9834 1685 1685 9835 1686 1686 9836 1686 1686 9837 1685 1685 9838 1702 1687 9839 1686 1686 9840 1702 1687 9841 1703 1688 9842 1703 1688 9843 1702 1687 9844 1719 1689 9845 1703 1688 9846 1719 1689 9847 1720 1690 9848 1720 1690 9849 1719 1689 9850 1736 1691 9851 1720 1690 9852 1736 1691 9853 1737 1692 9854 1737 1692 9855 1736 1691 9856 1753 1693 9857 1737 1692 9858 1753 1693 9859 1754 1694 9860 1754 1694 9861 1753 1693 9862 1770 1695 9863 1754 1694 9864 1770 1695 9865 1771 1696 9866 1771 1696 9867 1770 1695 9868 1787 1697 9869 1771 1696 9870 1787 1697 9871 55 57 9872 55 57 9873 1787 1697 9874 56 56 9875 56 56 9876 1787 1697 9877 57 54 9878 57 54 9879 1787 1697 9880 1803 1698 9881 57 54 9882 1803 1698 9883 58 52 9884 58 52 9885 1803 1698 9886 1819 1699 9887 58 52 9888 1819 1699 9889 59 50 9890 59 50 9891 1819 1699 9892 1835 1700 9893 59 50 9894 1835 1700 9895 60 48 9896 60 48 9897 1835 1700 9898 1851 1701 9899 60 48 9900 1851 1701 9901 61 46 9902 61 46 9903 1851 1701 9904 1867 1702 9905 61 46 9906 1867 1702 9907 62 44 9908 62 44 9909 1867 1702 9910 1883 1703 9911 62 44 9912 1883 1703 9913 63 42 9914 63 42 9915 1883 1703 9916 1899 1704 9917 63 42 9918 1899 1704 9919 64 41 9920 64 41 9921 1899 1704 9922 65 39 9923 65 39 9924 1899 1704 9925 1915 1705 9926 65 39 9927 1915 1705 9928 66 37 9929 66 37 9930 1915 1705 9931 1931 1706 9932 66 37 9933 1931 1706 9934 67 35 9935 67 35 9936 1931 1706 9937 1947 1707 9938 67 35 9939 1947 1707 9940 68 34 9941 68 34 9942 1947 1707 9943 1964 1708 9944 68 34 9945 1964 1708 9946 1963 1709 9947 1963 1709 9948 1964 1708 9949 1965 1710 9950 1963 1709 9951 1965 1710 9952 1962 1711 9953 1962 1711 9954 1965 1710 9955 1966 1712 9956 1962 1711 9957 1966 1712 9958 1961 1713 9959 1961 1713 9960 1966 1712 9961 1967 1714 9962 1961 1713 9963 1967 1714 9964 1960 1715 9965 1960 1715 9966 1967 1714 9967 1968 1716 9968 1960 1715 9969 1968 1716 9970 1959 1717 9971 1959 1717 9972 1968 1716 9973 1969 1718 9974 1959 1717 9975 1969 1718 9976 1958 1719 9977 1958 1719 9978 1969 1718 9979 1970 1720 9980 1958 1719 9981 1970 1720 9982 1957 1721 9983 1957 1721 9984 1970 1720 9985 1971 1722 9986 1957 1721 9987 1971 1722 9988 1956 1723 9989 1956 1723 9990 1971 1722 9991 1972 1724 9992 1956 1723 9993 1972 1724 9994 1955 1725 9995 1955 1725 9996 1972 1724 9997 1973 1726 9998 1955 1725 9999 1973 1726 10000 1954 1727 10001 1954 1727 10002 1973 1726 10003 1974 1728 10004 1954 1727 10005 1974 1728 10006 1953 1729 10007 1953 1729 10008 1974 1728 10009 1975 1730 10010 1953 1729 10011 1975 1730 10012 1952 1731 10013 1952 1731 10014 1975 1730 10015 1976 1732 10016 1952 1731 10017 1976 1732 10018 1951 1733 10019 1951 1733 10020 1976 1732 10021 1977 1734 10022 1951 1733 10023 1977 1734 10024 1950 1735 10025 1950 1735 10026 1977 1734 10027 1978 1736 10028 1950 1735 10029 1978 1736 10030 1949 1737 10031 1949 1737 10032 1978 1736 10033 1979 1738 10034 1949 1737 10035 1979 1738 10036 1948 1739 10037 1948 1739 10038 1979 1738 10039 12 192 10040 1948 1739 10041 12 192 10042 11 176 10043 31 243 10044 30 241 10045 1676 1676 10046 1676 1676 10047 30 241 10048 1692 1740 10049 1676 1676 10050 1692 1740 10051 1693 1741 10052 1693 1741 10053 1692 1740 10054 1709 1742 10055 1693 1741 10056 1709 1742 10057 1710 1743 10058 1710 1743 10059 1709 1742 10060 1726 1744 10061 1710 1743 10062 1726 1744 10063 1727 1745 10064 1727 1745 10065 1726 1744 10066 1743 1746 10067 1727 1745 10068 1743 1746 10069 1744 1747 10070 1744 1747 10071 1743 1746 10072 1760 1748 10073 1744 1747 10074 1760 1748 10075 1761 1749 10076 1761 1749 10077 1760 1748 10078 1777 1750 10079 1761 1749 10080 1777 1750 10081 1778 1751 10082 1778 1751 10083 1777 1750 10084 1794 1752 10085 1778 1751 10086 1794 1752 10087 1795 1753 10088 1795 1753 10089 1794 1752 10090 1811 1754 10091 1795 1753 10092 1811 1754 10093 1812 1755 10094 1812 1755 10095 1811 1754 10096 1828 1756 10097 1812 1755 10098 1828 1756 10099 1829 1757 10100 1829 1757 10101 1828 1756 10102 1845 1758 10103 1829 1757 10104 1845 1758 10105 1846 1759 10106 1846 1759 10107 1845 1758 10108 1862 1760 10109 1846 1759 10110 1862 1760 10111 1863 1761 10112 1863 1761 10113 1862 1760 10114 1879 1762 10115 1863 1761 10116 1879 1762 10117 1880 1763 10118 1880 1763 10119 1879 1762 10120 1896 1764 10121 1880 1763 10122 1896 1764 10123 1897 1765 10124 1897 1765 10125 1896 1764 10126 1913 1766 10127 1897 1765 10128 1913 1766 10129 1914 1767 10130 1914 1767 10131 1913 1766 10132 1930 1768 10133 1914 1767 10134 1930 1768 10135 1931 1706 10136 1931 1706 10137 1930 1768 10138 1947 1707 10139 30 241 10140 29 239 10141 1692 1740 10142 1692 1740 10143 29 239 10144 1708 1769 10145 1692 1740 10146 1708 1769 10147 1709 1742 10148 1709 1742 10149 1708 1769 10150 1725 1770 10151 1709 1742 10152 1725 1770 10153 1726 1744 10154 1726 1744 10155 1725 1770 10156 1742 1771 10157 1726 1744 10158 1742 1771 10159 1743 1746 10160 1743 1746 10161 1742 1771 10162 1759 1772 10163 1743 1746 10164 1759 1772 10165 1760 1748 10166 1760 1748 10167 1759 1772 10168 1776 1773 10169 1760 1748 10170 1776 1773 10171 1777 1750 10172 1777 1750 10173 1776 1773 10174 1793 1774 10175 1777 1750 10176 1793 1774 10177 1794 1752 10178 1794 1752 10179 1793 1774 10180 1810 1775 10181 1794 1752 10182 1810 1775 10183 1811 1754 10184 1811 1754 10185 1810 1775 10186 1827 1776 10187 1811 1754 10188 1827 1776 10189 1828 1756 10190 1828 1756 10191 1827 1776 10192 1844 1777 10193 1828 1756 10194 1844 1777 10195 1845 1758 10196 1845 1758 10197 1844 1777 10198 1861 1778 10199 1845 1758 10200 1861 1778 10201 1862 1760 10202 1862 1760 10203 1861 1778 10204 1878 1779 10205 1862 1760 10206 1878 1779 10207 1879 1762 10208 1879 1762 10209 1878 1779 10210 1895 1780 10211 1879 1762 10212 1895 1780 10213 1896 1764 10214 1896 1764 10215 1895 1780 10216 1912 1781 10217 1896 1764 10218 1912 1781 10219 1913 1766 10220 1913 1766 10221 1912 1781 10222 1929 1782 10223 1913 1766 10224 1929 1782 10225 1930 1768 10226 1930 1768 10227 1929 1782 10228 1946 1783 10229 1930 1768 10230 1946 1783 10231 1947 1707 10232 1947 1707 10233 1946 1783 10234 1964 1708 10235 29 239 10236 28 237 10237 1708 1769 10238 1708 1769 10239 28 237 10240 1724 1784 10241 1708 1769 10242 1724 1784 10243 1725 1770 10244 1725 1770 10245 1724 1784 10246 1741 1785 10247 1725 1770 10248 1741 1785 10249 1742 1771 10250 1742 1771 10251 1741 1785 10252 1758 1786 10253 1742 1771 10254 1758 1786 10255 1759 1772 10256 1759 1772 10257 1758 1786 10258 1775 1787 10259 1759 1772 10260 1775 1787 10261 1776 1773 10262 1776 1773 10263 1775 1787 10264 1792 1788 10265 1776 1773 10266 1792 1788 10267 1793 1774 10268 1793 1774 10269 1792 1788 10270 1809 1789 10271 1793 1774 10272 1809 1789 10273 1810 1775 10274 1810 1775 10275 1809 1789 10276 1826 1790 10277 1810 1775 10278 1826 1790 10279 1827 1776 10280 1827 1776 10281 1826 1790 10282 1843 1791 10283 1827 1776 10284 1843 1791 10285 1844 1777 10286 1844 1777 10287 1843 1791 10288 1860 1792 10289 1844 1777 10290 1860 1792 10291 1861 1778 10292 1861 1778 10293 1860 1792 10294 1877 1793 10295 1861 1778 10296 1877 1793 10297 1878 1779 10298 1878 1779 10299 1877 1793 10300 1894 1794 10301 1878 1779 10302 1894 1794 10303 1895 1780 10304 1895 1780 10305 1894 1794 10306 1911 1795 10307 1895 1780 10308 1911 1795 10309 1912 1781 10310 1912 1781 10311 1911 1795 10312 1928 1796 10313 1912 1781 10314 1928 1796 10315 1929 1782 10316 1929 1782 10317 1928 1796 10318 1945 1797 10319 1929 1782 10320 1945 1797 10321 1946 1783 10322 1946 1783 10323 1945 1797 10324 1965 1710 10325 1946 1783 10326 1965 1710 10327 1964 1708 10328 28 237 10329 27 235 10330 1724 1784 10331 1724 1784 10332 27 235 10333 1740 1798 10334 1724 1784 10335 1740 1798 10336 1741 1785 10337 1741 1785 10338 1740 1798 10339 1757 1799 10340 1741 1785 10341 1757 1799 10342 1758 1786 10343 1758 1786 10344 1757 1799 10345 1774 1800 10346 1758 1786 10347 1774 1800 10348 1775 1787 10349 1775 1787 10350 1774 1800 10351 1791 1801 10352 1775 1787 10353 1791 1801 10354 1792 1788 10355 1792 1788 10356 1791 1801 10357 1808 1802 10358 1792 1788 10359 1808 1802 10360 1809 1789 10361 1809 1789 10362 1808 1802 10363 1825 1803 10364 1809 1789 10365 1825 1803 10366 1826 1790 10367 1826 1790 10368 1825 1803 10369 1842 1804 10370 1826 1790 10371 1842 1804 10372 1843 1791 10373 1843 1791 10374 1842 1804 10375 1859 1805 10376 1843 1791 10377 1859 1805 10378 1860 1792 10379 1860 1792 10380 1859 1805 10381 1876 1806 10382 1860 1792 10383 1876 1806 10384 1877 1793 10385 1877 1793 10386 1876 1806 10387 1893 1807 10388 1877 1793 10389 1893 1807 10390 1894 1794 10391 1894 1794 10392 1893 1807 10393 1910 1808 10394 1894 1794 10395 1910 1808 10396 1911 1795 10397 1911 1795 10398 1910 1808 10399 1927 1809 10400 1911 1795 10401 1927 1809 10402 1928 1796 10403 1928 1796 10404 1927 1809 10405 1944 1810 10406 1928 1796 10407 1944 1810 10408 1945 1797 10409 1945 1797 10410 1944 1810 10411 1966 1712 10412 1945 1797 10413 1966 1712 10414 1965 1710 10415 27 235 10416 26 233 10417 1740 1798 10418 1740 1798 10419 26 233 10420 1756 1811 10421 1740 1798 10422 1756 1811 10423 1757 1799 10424 1757 1799 10425 1756 1811 10426 1773 1812 10427 1757 1799 10428 1773 1812 10429 1774 1800 10430 1774 1800 10431 1773 1812 10432 1790 1813 10433 1774 1800 10434 1790 1813 10435 1791 1801 10436 1791 1801 10437 1790 1813 10438 1807 1814 10439 1791 1801 10440 1807 1814 10441 1808 1802 10442 1808 1802 10443 1807 1814 10444 1824 1815 10445 1808 1802 10446 1824 1815 10447 1825 1803 10448 1825 1803 10449 1824 1815 10450 1841 1816 10451 1825 1803 10452 1841 1816 10453 1842 1804 10454 1842 1804 10455 1841 1816 10456 1858 1817 10457 1842 1804 10458 1858 1817 10459 1859 1805 10460 1859 1805 10461 1858 1817 10462 1875 1818 10463 1859 1805 10464 1875 1818 10465 1876 1806 10466 1876 1806 10467 1875 1818 10468 1892 1819 10469 1876 1806 10470 1892 1819 10471 1893 1807 10472 1893 1807 10473 1892 1819 10474 1909 1820 10475 1893 1807 10476 1909 1820 10477 1910 1808 10478 1910 1808 10479 1909 1820 10480 1926 1821 10481 1910 1808 10482 1926 1821 10483 1927 1809 10484 1927 1809 10485 1926 1821 10486 1943 1822 10487 1927 1809 10488 1943 1822 10489 1944 1810 10490 1944 1810 10491 1943 1822 10492 1967 1714 10493 1944 1810 10494 1967 1714 10495 1966 1712 10496 26 233 10497 25 231 10498 1756 1811 10499 1756 1811 10500 25 231 10501 1772 1823 10502 1756 1811 10503 1772 1823 10504 1773 1812 10505 1773 1812 10506 1772 1823 10507 1789 1824 10508 1773 1812 10509 1789 1824 10510 1790 1813 10511 1790 1813 10512 1789 1824 10513 1806 1825 10514 1790 1813 10515 1806 1825 10516 1807 1814 10517 1807 1814 10518 1806 1825 10519 1823 1826 10520 1807 1814 10521 1823 1826 10522 1824 1815 10523 1824 1815 10524 1823 1826 10525 1840 1827 10526 1824 1815 10527 1840 1827 10528 1841 1816 10529 1841 1816 10530 1840 1827 10531 1857 1828 10532 1841 1816 10533 1857 1828 10534 1858 1817 10535 1858 1817 10536 1857 1828 10537 1874 1829 10538 1858 1817 10539 1874 1829 10540 1875 1818 10541 1875 1818 10542 1874 1829 10543 1891 1830 10544 1875 1818 10545 1891 1830 10546 1892 1819 10547 1892 1819 10548 1891 1830 10549 1908 1831 10550 1892 1819 10551 1908 1831 10552 1909 1820 10553 1909 1820 10554 1908 1831 10555 1925 1832 10556 1909 1820 10557 1925 1832 10558 1926 1821 10559 1926 1821 10560 1925 1832 10561 1942 1833 10562 1926 1821 10563 1942 1833 10564 1943 1822 10565 1943 1822 10566 1942 1833 10567 1968 1716 10568 1943 1822 10569 1968 1716 10570 1967 1714 10571 25 231 10572 24 230 10573 1772 1823 10574 1772 1823 10575 24 230 10576 23 228 10577 1772 1823 10578 23 228 10579 1788 1834 10580 1788 1834 10581 23 228 10582 22 226 10583 1788 1834 10584 22 226 10585 1804 1835 10586 1804 1835 10587 22 226 10588 21 224 10589 1804 1835 10590 21 224 10591 1820 1836 10592 1820 1836 10593 21 224 10594 20 222 10595 1820 1836 10596 20 222 10597 1836 1837 10598 1836 1837 10599 20 222 10600 19 220 10601 1836 1837 10602 19 220 10603 1852 1838 10604 1852 1838 10605 19 220 10606 18 218 10607 1852 1838 10608 18 218 10609 1868 1839 10610 1868 1839 10611 18 218 10612 17 216 10613 1868 1839 10614 17 216 10615 1884 1840 10616 1884 1840 10617 17 216 10618 16 215 10619 1884 1840 10620 16 215 10621 15 213 10622 1884 1840 10623 15 213 10624 1900 1841 10625 1900 1841 10626 15 213 10627 14 211 10628 1900 1841 10629 14 211 10630 1916 1842 10631 1916 1842 10632 14 211 10633 13 209 10634 1916 1842 10635 13 209 10636 1932 1843 10637 1932 1843 10638 13 209 10639 12 192 10640 1932 1843 10641 12 192 10642 1979 1738 10643 1948 1739 10644 11 176 10645 1980 1844 10646 1980 1844 10647 11 176 10648 10 160 10649 1980 1844 10650 10 160 10651 1996 1845 10652 1996 1845 10653 10 160 10654 9 144 10655 1996 1845 10656 9 144 10657 2012 1846 10658 2012 1846 10659 9 144 10660 8 128 10661 2012 1846 10662 8 128 10663 2028 1847 10664 2028 1847 10665 8 128 10666 7 112 10667 2028 1847 10668 7 112 10669 2044 1848 10670 2044 1848 10671 7 112 10672 6 81 10673 2044 1848 10674 6 81 10675 2091 1849 10676 2091 1849 10677 6 81 10678 2060 1850 10679 2091 1849 10680 2060 1850 10681 2061 1851 10682 2061 1851 10683 2060 1850 10684 2093 1852 10685 2061 1851 10686 2093 1852 10687 2094 1853 10688 2094 1853 10689 2093 1852 10690 2110 1854 10691 2094 1853 10692 2110 1854 10693 2111 1855 10694 2111 1855 10695 2110 1854 10696 2127 1856 10697 2111 1855 10698 2127 1856 10699 2128 1857 10700 2128 1857 10701 2127 1856 10702 2144 1858 10703 2128 1857 10704 2144 1858 10705 2145 1859 10706 2145 1859 10707 2144 1858 10708 2161 1860 10709 2145 1859 10710 2161 1860 10711 2162 1861 10712 2162 1861 10713 2161 1860 10714 1173 1162 10715 2162 1861 10716 1173 1162 10717 1172 1164 10718 6 81 10719 5 79 10720 2060 1850 10721 2060 1850 10722 5 79 10723 2092 1862 10724 2060 1850 10725 2092 1862 10726 2093 1852 10727 2093 1852 10728 2092 1862 10729 2109 1863 10730 2093 1852 10731 2109 1863 10732 2110 1854 10733 2110 1854 10734 2109 1863 10735 2126 1864 10736 2110 1854 10737 2126 1864 10738 2127 1856 10739 2127 1856 10740 2126 1864 10741 2143 1865 10742 2127 1856 10743 2143 1865 10744 2144 1858 10745 2144 1858 10746 2143 1865 10747 2160 1866 10748 2144 1858 10749 2160 1866 10750 2161 1860 10751 2161 1860 10752 2160 1866 10753 1174 1160 10754 2161 1860 10755 1174 1160 10756 1173 1162 10757 5 79 10758 4 77 10759 2092 1862 10760 2092 1862 10761 4 77 10762 2108 1867 10763 2092 1862 10764 2108 1867 10765 2109 1863 10766 2109 1863 10767 2108 1867 10768 2125 1868 10769 2109 1863 10770 2125 1868 10771 2126 1864 10772 2126 1864 10773 2125 1868 10774 2142 1869 10775 2126 1864 10776 2142 1869 10777 2143 1865 10778 2143 1865 10779 2142 1869 10780 2159 1870 10781 2143 1865 10782 2159 1870 10783 2160 1866 10784 2160 1866 10785 2159 1870 10786 1175 1158 10787 2160 1866 10788 1175 1158 10789 1174 1160 10790 4 77 10791 3 75 10792 2108 1867 10793 2108 1867 10794 3 75 10795 2124 1871 10796 2108 1867 10797 2124 1871 10798 2125 1868 10799 2125 1868 10800 2124 1871 10801 2141 1872 10802 2125 1868 10803 2141 1872 10804 2142 1869 10805 2142 1869 10806 2141 1872 10807 2158 1873 10808 2142 1869 10809 2158 1873 10810 2159 1870 10811 2159 1870 10812 2158 1873 10813 1176 1156 10814 2159 1870 10815 1176 1156 10816 1175 1158 10817 3 75 10818 2 73 10819 2124 1871 10820 2124 1871 10821 2 73 10822 2140 1874 10823 2124 1871 10824 2140 1874 10825 2141 1872 10826 2141 1872 10827 2140 1874 10828 2157 1875 10829 2141 1872 10830 2157 1875 10831 2158 1873 10832 2158 1873 10833 2157 1875 10834 1177 1154 10835 2158 1873 10836 1177 1154 10837 1176 1156 10838 2 73 10839 1 1 10840 2140 1874 10841 2140 1874 10842 1 1 10843 2156 1876 10844 2140 1874 10845 2156 1876 10846 2157 1875 10847 2157 1875 10848 2156 1876 10849 1178 1152 10850 2157 1875 10851 1178 1152 10852 1177 1154 10853 0 0 10854 1179 1150 10855 1 1 10856 1 1 10857 1179 1150 10858 2156 1876 10859 1179 1150 10860 1178 1152 10861 2156 1876 10862 2162 1861 10863 1172 1164 10864 2163 1877 10865 2163 1877 10866 1172 1164 10867 1171 1166 10868 2163 1877 10869 1171 1166 10870 2164 1878 10871 2164 1878 10872 1171 1166 10873 1170 1168 10874 2164 1878 10875 1170 1168 10876 2165 1879 10877 2165 1879 10878 1170 1168 10879 1169 1423 10880 2165 1879 10881 1169 1423 10882 2166 1880 10883 2166 1880 10884 1169 1423 10885 1168 1431 10886 2166 1880 10887 1168 1431 10888 2167 1881 10889 2167 1881 10890 1168 1431 10891 1167 1434 10892 2167 1881 10893 1167 1434 10894 2168 1882 10895 2168 1882 10896 1167 1434 10897 1166 1436 10898 2168 1882 10899 1166 1436 10900 2169 1883 10901 2169 1883 10902 1166 1436 10903 2170 1884 10904 2169 1883 10905 2170 1884 10906 2153 1885 10907 2153 1885 10908 2170 1884 10909 2154 1886 10910 2153 1885 10911 2154 1886 10912 2137 1887 10913 2137 1887 10914 2154 1886 10915 2138 1888 10916 2137 1887 10917 2138 1888 10918 2121 1889 10919 2121 1889 10920 2138 1888 10921 2122 1890 10922 2121 1889 10923 2122 1890 10924 2105 1891 10925 2105 1891 10926 2122 1890 10927 2106 1892 10928 2105 1891 10929 2106 1892 10930 2073 1893 10931 2073 1893 10932 2106 1892 10933 2074 1894 10934 2073 1893 10935 2074 1894 10936 2078 1895 10937 2078 1895 10938 2074 1894 10939 2077 1896 10940 2078 1895 10941 2077 1896 10942 2057 1897 10943 2057 1897 10944 2077 1896 10945 2058 1898 10946 2057 1897 10947 2058 1898 10948 2041 1899 10949 2041 1899 10950 2058 1898 10951 2042 1900 10952 2041 1899 10953 2042 1900 10954 2025 1901 10955 2025 1901 10956 2042 1900 10957 2026 1902 10958 2025 1901 10959 2026 1902 10960 2009 1903 10961 2009 1903 10962 2026 1902 10963 2010 1904 10964 2009 1903 10965 2010 1904 10966 1993 1905 10967 1993 1905 10968 2010 1904 10969 1994 1906 10970 1993 1905 10971 1994 1906 10972 1961 1713 10973 1961 1713 10974 1994 1906 10975 1962 1711 10976 1166 1436 10977 1165 1437 10978 2170 1884 10979 2170 1884 10980 1165 1437 10981 2171 1907 10982 2170 1884 10983 2171 1907 10984 2154 1886 10985 2154 1886 10986 2171 1907 10987 2155 1908 10988 2154 1886 10989 2155 1908 10990 2138 1888 10991 2138 1888 10992 2155 1908 10993 2139 1909 10994 2138 1888 10995 2139 1909 10996 2122 1890 10997 2122 1890 10998 2139 1909 10999 2123 1910 11000 2122 1890 11001 2123 1910 11002 2106 1892 11003 2106 1892 11004 2123 1910 11005 2107 1911 11006 2106 1892 11007 2107 1911 11008 2074 1894 11009 2074 1894 11010 2107 1911 11011 2075 1912 11012 2074 1894 11013 2075 1912 11014 2077 1896 11015 2077 1896 11016 2075 1912 11017 2076 1913 11018 2077 1896 11019 2076 1913 11020 2058 1898 11021 2058 1898 11022 2076 1913 11023 2059 1914 11024 2058 1898 11025 2059 1914 11026 2042 1900 11027 2042 1900 11028 2059 1914 11029 2043 1915 11030 2042 1900 11031 2043 1915 11032 2026 1902 11033 2026 1902 11034 2043 1915 11035 2027 1916 11036 2026 1902 11037 2027 1916 11038 2010 1904 11039 2010 1904 11040 2027 1916 11041 2011 1917 11042 2010 1904 11043 2011 1917 11044 1994 1906 11045 1994 1906 11046 2011 1917 11047 1995 1918 11048 1994 1906 11049 1995 1918 11050 1962 1711 11051 1962 1711 11052 1995 1918 11053 1963 1709 11054 1165 1437 11055 80 415 11056 2171 1907 11057 2171 1907 11058 80 415 11059 79 412 11060 2171 1907 11061 79 412 11062 2155 1908 11063 2155 1908 11064 79 412 11065 78 408 11066 2155 1908 11067 78 408 11068 2139 1909 11069 2139 1909 11070 78 408 11071 77 403 11072 2139 1909 11073 77 403 11074 2123 1910 11075 2123 1910 11076 77 403 11077 76 397 11078 2123 1910 11079 76 397 11080 2107 1911 11081 2107 1911 11082 76 397 11083 75 390 11084 2107 1911 11085 75 390 11086 2075 1912 11087 2075 1912 11088 75 390 11089 74 374 11090 2075 1912 11091 74 374 11092 2076 1913 11093 2076 1913 11094 74 374 11095 2059 1914 11096 74 374 11097 73 372 11098 2059 1914 11099 2059 1914 11100 73 372 11101 2043 1915 11102 73 372 11103 72 370 11104 2043 1915 11105 2043 1915 11106 72 370 11107 2027 1916 11108 72 370 11109 71 368 11110 2027 1916 11111 2027 1916 11112 71 368 11113 2011 1917 11114 71 368 11115 70 366 11116 2011 1917 11117 2011 1917 11118 70 366 11119 1995 1918 11120 70 366 11121 69 364 11122 1995 1918 11123 1995 1918 11124 69 364 11125 1963 1709 11126 69 364 11127 68 34 11128 1963 1709 11129 55 57 11130 54 59 11131 1771 1696 11132 1771 1696 11133 54 59 11134 1755 1919 11135 1771 1696 11136 1755 1919 11137 1754 1694 11138 1754 1694 11139 1755 1919 11140 1738 1920 11141 1754 1694 11142 1738 1920 11143 1737 1692 11144 1737 1692 11145 1738 1920 11146 1721 1921 11147 1737 1692 11148 1721 1921 11149 1720 1690 11150 1720 1690 11151 1721 1921 11152 1704 1922 11153 1720 1690 11154 1704 1922 11155 1703 1688 11156 1703 1688 11157 1704 1922 11158 1687 1923 11159 1703 1688 11160 1687 1923 11161 1686 1686 11162 1686 1686 11163 1687 1923 11164 1160 1374 11165 1686 1686 11166 1160 1374 11167 1159 1372 11168 54 59 11169 53 61 11170 1755 1919 11171 1755 1919 11172 53 61 11173 1739 1924 11174 1755 1919 11175 1739 1924 11176 1738 1920 11177 1738 1920 11178 1739 1924 11179 1722 1925 11180 1738 1920 11181 1722 1925 11182 1721 1921 11183 1721 1921 11184 1722 1925 11185 1705 1926 11186 1721 1921 11187 1705 1926 11188 1704 1922 11189 1704 1922 11190 1705 1926 11191 1688 1927 11192 1704 1922 11193 1688 1927 11194 1687 1923 11195 1687 1923 11196 1688 1927 11197 1160 1374 11198 53 61 11199 52 63 11200 1739 1924 11201 1739 1924 11202 52 63 11203 1723 1928 11204 1739 1924 11205 1723 1928 11206 1722 1925 11207 1722 1925 11208 1723 1928 11209 1706 1929 11210 1722 1925 11211 1706 1929 11212 1705 1926 11213 1705 1926 11214 1706 1929 11215 1689 1930 11216 1705 1926 11217 1689 1930 11218 1688 1927 11219 1688 1927 11220 1689 1930 11221 1161 1376 11222 1688 1927 11223 1161 1376 11224 1160 1374 11225 52 63 11226 51 65 11227 1723 1928 11228 1723 1928 11229 51 65 11230 1707 1931 11231 1723 1928 11232 1707 1931 11233 1706 1929 11234 1706 1929 11235 1707 1931 11236 1690 1932 11237 1706 1929 11238 1690 1932 11239 1689 1930 11240 1689 1930 11241 1690 1932 11242 1162 1378 11243 1689 1930 11244 1162 1378 11245 1161 1376 11246 51 65 11247 50 67 11248 1707 1931 11249 1707 1931 11250 50 67 11251 1691 1933 11252 1707 1931 11253 1691 1933 11254 1690 1932 11255 1690 1932 11256 1691 1933 11257 1162 1378 11258 50 67 11259 49 69 11260 1691 1933 11261 1691 1933 11262 49 69 11263 1163 1380 11264 1691 1933 11265 1163 1380 11266 1162 1378 11267 48 71 11268 1164 1405 11269 49 69 11270 49 69 11271 1164 1405 11272 1163 1380 11273 1676 1676 11274 1693 1741 11275 1677 1677 11276 1677 1677 11277 1693 1741 11278 1694 1934 11279 1677 1677 11280 1694 1934 11281 1678 1678 11282 1678 1678 11283 1694 1934 11284 1695 1935 11285 1678 1678 11286 1695 1935 11287 1679 1679 11288 1679 1679 11289 1695 1935 11290 1696 1936 11291 1679 1679 11292 1696 1936 11293 1680 1680 11294 1680 1680 11295 1696 1936 11296 1697 1937 11297 1680 1680 11298 1697 1937 11299 1681 1681 11300 1681 1681 11301 1697 1937 11302 1698 1938 11303 1681 1681 11304 1698 1938 11305 1682 1682 11306 1682 1682 11307 1698 1938 11308 1699 1939 11309 1682 1682 11310 1699 1939 11311 1683 1683 11312 1683 1683 11313 1699 1939 11314 1700 1940 11315 1683 1683 11316 1700 1940 11317 1684 1684 11318 1684 1684 11319 1700 1940 11320 1701 1941 11321 1684 1684 11322 1701 1941 11323 1685 1685 11324 1685 1685 11325 1701 1941 11326 1702 1687 11327 1693 1741 11328 1710 1743 11329 1694 1934 11330 1694 1934 11331 1710 1743 11332 1711 1942 11333 1694 1934 11334 1711 1942 11335 1695 1935 11336 1695 1935 11337 1711 1942 11338 1712 1943 11339 1695 1935 11340 1712 1943 11341 1696 1936 11342 1696 1936 11343 1712 1943 11344 1713 1944 11345 1696 1936 11346 1713 1944 11347 1697 1937 11348 1697 1937 11349 1713 1944 11350 1714 1945 11351 1697 1937 11352 1714 1945 11353 1698 1938 11354 1698 1938 11355 1714 1945 11356 1715 1946 11357 1698 1938 11358 1715 1946 11359 1699 1939 11360 1699 1939 11361 1715 1946 11362 1716 1947 11363 1699 1939 11364 1716 1947 11365 1700 1940 11366 1700 1940 11367 1716 1947 11368 1717 1948 11369 1700 1940 11370 1717 1948 11371 1701 1941 11372 1701 1941 11373 1717 1948 11374 1718 1949 11375 1701 1941 11376 1718 1949 11377 1702 1687 11378 1702 1687 11379 1718 1949 11380 1719 1689 11381 1710 1743 11382 1727 1745 11383 1711 1942 11384 1711 1942 11385 1727 1745 11386 1728 1950 11387 1711 1942 11388 1728 1950 11389 1712 1943 11390 1712 1943 11391 1728 1950 11392 1729 1951 11393 1712 1943 11394 1729 1951 11395 1713 1944 11396 1713 1944 11397 1729 1951 11398 1730 1952 11399 1713 1944 11400 1730 1952 11401 1714 1945 11402 1714 1945 11403 1730 1952 11404 1731 1953 11405 1714 1945 11406 1731 1953 11407 1715 1946 11408 1715 1946 11409 1731 1953 11410 1732 1954 11411 1715 1946 11412 1732 1954 11413 1716 1947 11414 1716 1947 11415 1732 1954 11416 1733 1955 11417 1716 1947 11418 1733 1955 11419 1717 1948 11420 1717 1948 11421 1733 1955 11422 1734 1956 11423 1717 1948 11424 1734 1956 11425 1718 1949 11426 1718 1949 11427 1734 1956 11428 1735 1957 11429 1718 1949 11430 1735 1957 11431 1719 1689 11432 1719 1689 11433 1735 1957 11434 1736 1691 11435 1727 1745 11436 1744 1747 11437 1728 1950 11438 1728 1950 11439 1744 1747 11440 1745 1958 11441 1728 1950 11442 1745 1958 11443 1729 1951 11444 1729 1951 11445 1745 1958 11446 1746 1959 11447 1729 1951 11448 1746 1959 11449 1730 1952 11450 1730 1952 11451 1746 1959 11452 1747 1960 11453 1730 1952 11454 1747 1960 11455 1731 1953 11456 1731 1953 11457 1747 1960 11458 1748 1961 11459 1731 1953 11460 1748 1961 11461 1732 1954 11462 1732 1954 11463 1748 1961 11464 1749 1962 11465 1732 1954 11466 1749 1962 11467 1733 1955 11468 1733 1955 11469 1749 1962 11470 1750 1963 11471 1733 1955 11472 1750 1963 11473 1734 1956 11474 1734 1956 11475 1750 1963 11476 1751 1964 11477 1734 1956 11478 1751 1964 11479 1735 1957 11480 1735 1957 11481 1751 1964 11482 1752 1965 11483 1735 1957 11484 1752 1965 11485 1736 1691 11486 1736 1691 11487 1752 1965 11488 1753 1693 11489 1744 1747 11490 1761 1749 11491 1745 1958 11492 1745 1958 11493 1761 1749 11494 1762 1966 11495 1745 1958 11496 1762 1966 11497 1746 1959 11498 1746 1959 11499 1762 1966 11500 1763 1967 11501 1746 1959 11502 1763 1967 11503 1747 1960 11504 1747 1960 11505 1763 1967 11506 1764 1968 11507 1747 1960 11508 1764 1968 11509 1748 1961 11510 1748 1961 11511 1764 1968 11512 1765 1969 11513 1748 1961 11514 1765 1969 11515 1749 1962 11516 1749 1962 11517 1765 1969 11518 1766 1970 11519 1749 1962 11520 1766 1970 11521 1750 1963 11522 1750 1963 11523 1766 1970 11524 1767 1971 11525 1750 1963 11526 1767 1971 11527 1751 1964 11528 1751 1964 11529 1767 1971 11530 1768 1972 11531 1751 1964 11532 1768 1972 11533 1752 1965 11534 1752 1965 11535 1768 1972 11536 1769 1973 11537 1752 1965 11538 1769 1973 11539 1753 1693 11540 1753 1693 11541 1769 1973 11542 1770 1695 11543 1761 1749 11544 1778 1751 11545 1762 1966 11546 1762 1966 11547 1778 1751 11548 1779 1974 11549 1762 1966 11550 1779 1974 11551 1763 1967 11552 1763 1967 11553 1779 1974 11554 1780 1975 11555 1763 1967 11556 1780 1975 11557 1764 1968 11558 1764 1968 11559 1780 1975 11560 1781 1976 11561 1764 1968 11562 1781 1976 11563 1765 1969 11564 1765 1969 11565 1781 1976 11566 1782 1977 11567 1765 1969 11568 1782 1977 11569 1766 1970 11570 1766 1970 11571 1782 1977 11572 1783 1978 11573 1766 1970 11574 1783 1978 11575 1767 1971 11576 1767 1971 11577 1783 1978 11578 1784 1979 11579 1767 1971 11580 1784 1979 11581 1768 1972 11582 1768 1972 11583 1784 1979 11584 1785 1980 11585 1768 1972 11586 1785 1980 11587 1769 1973 11588 1769 1973 11589 1785 1980 11590 1786 1981 11591 1769 1973 11592 1786 1981 11593 1770 1695 11594 1770 1695 11595 1786 1981 11596 1787 1697 11597 1778 1751 11598 1795 1753 11599 1779 1974 11600 1779 1974 11601 1795 1753 11602 1796 1982 11603 1779 1974 11604 1796 1982 11605 1780 1975 11606 1780 1975 11607 1796 1982 11608 1797 1983 11609 1780 1975 11610 1797 1983 11611 1781 1976 11612 1781 1976 11613 1797 1983 11614 1798 1984 11615 1781 1976 11616 1798 1984 11617 1782 1977 11618 1782 1977 11619 1798 1984 11620 1799 1985 11621 1782 1977 11622 1799 1985 11623 1783 1978 11624 1783 1978 11625 1799 1985 11626 1800 1986 11627 1783 1978 11628 1800 1986 11629 1784 1979 11630 1784 1979 11631 1800 1986 11632 1801 1987 11633 1784 1979 11634 1801 1987 11635 1785 1980 11636 1785 1980 11637 1801 1987 11638 1802 1988 11639 1785 1980 11640 1802 1988 11641 1786 1981 11642 1786 1981 11643 1802 1988 11644 1803 1698 11645 1786 1981 11646 1803 1698 11647 1787 1697 11648 1772 1823 11649 1788 1834 11650 1789 1824 11651 1789 1824 11652 1788 1834 11653 1805 1989 11654 1789 1824 11655 1805 1989 11656 1806 1825 11657 1806 1825 11658 1805 1989 11659 1822 1990 11660 1806 1825 11661 1822 1990 11662 1823 1826 11663 1823 1826 11664 1822 1990 11665 1839 1991 11666 1823 1826 11667 1839 1991 11668 1840 1827 11669 1840 1827 11670 1839 1991 11671 1856 1992 11672 1840 1827 11673 1856 1992 11674 1857 1828 11675 1857 1828 11676 1856 1992 11677 1873 1993 11678 1857 1828 11679 1873 1993 11680 1874 1829 11681 1874 1829 11682 1873 1993 11683 1890 1994 11684 1874 1829 11685 1890 1994 11686 1891 1830 11687 1891 1830 11688 1890 1994 11689 1907 1995 11690 1891 1830 11691 1907 1995 11692 1908 1831 11693 1908 1831 11694 1907 1995 11695 1924 1996 11696 1908 1831 11697 1924 1996 11698 1925 1832 11699 1925 1832 11700 1924 1996 11701 1941 1997 11702 1925 1832 11703 1941 1997 11704 1942 1833 11705 1942 1833 11706 1941 1997 11707 1969 1718 11708 1942 1833 11709 1969 1718 11710 1968 1716 11711 1795 1753 11712 1812 1755 11713 1796 1982 11714 1796 1982 11715 1812 1755 11716 1813 1998 11717 1796 1982 11718 1813 1998 11719 1797 1983 11720 1797 1983 11721 1813 1998 11722 1814 1999 11723 1797 1983 11724 1814 1999 11725 1798 1984 11726 1798 1984 11727 1814 1999 11728 1815 2000 11729 1798 1984 11730 1815 2000 11731 1799 1985 11732 1799 1985 11733 1815 2000 11734 1816 2001 11735 1799 1985 11736 1816 2001 11737 1800 1986 11738 1800 1986 11739 1816 2001 11740 1817 2002 11741 1800 1986 11742 1817 2002 11743 1801 1987 11744 1801 1987 11745 1817 2002 11746 1818 2003 11747 1801 1987 11748 1818 2003 11749 1802 1988 11750 1802 1988 11751 1818 2003 11752 1819 1699 11753 1802 1988 11754 1819 1699 11755 1803 1698 11756 1788 1834 11757 1804 1835 11758 1805 1989 11759 1805 1989 11760 1804 1835 11761 1821 2004 11762 1805 1989 11763 1821 2004 11764 1822 1990 11765 1822 1990 11766 1821 2004 11767 1838 2005 11768 1822 1990 11769 1838 2005 11770 1839 1991 11771 1839 1991 11772 1838 2005 11773 1855 2006 11774 1839 1991 11775 1855 2006 11776 1856 1992 11777 1856 1992 11778 1855 2006 11779 1872 2007 11780 1856 1992 11781 1872 2007 11782 1873 1993 11783 1873 1993 11784 1872 2007 11785 1889 2008 11786 1873 1993 11787 1889 2008 11788 1890 1994 11789 1890 1994 11790 1889 2008 11791 1906 2009 11792 1890 1994 11793 1906 2009 11794 1907 1995 11795 1907 1995 11796 1906 2009 11797 1923 2010 11798 1907 1995 11799 1923 2010 11800 1924 1996 11801 1924 1996 11802 1923 2010 11803 1940 2011 11804 1924 1996 11805 1940 2011 11806 1941 1997 11807 1941 1997 11808 1940 2011 11809 1970 1720 11810 1941 1997 11811 1970 1720 11812 1969 1718 11813 1812 1755 11814 1829 1757 11815 1813 1998 11816 1813 1998 11817 1829 1757 11818 1830 2012 11819 1813 1998 11820 1830 2012 11821 1814 1999 11822 1814 1999 11823 1830 2012 11824 1831 2013 11825 1814 1999 11826 1831 2013 11827 1815 2000 11828 1815 2000 11829 1831 2013 11830 1832 2014 11831 1815 2000 11832 1832 2014 11833 1816 2001 11834 1816 2001 11835 1832 2014 11836 1833 2015 11837 1816 2001 11838 1833 2015 11839 1817 2002 11840 1817 2002 11841 1833 2015 11842 1834 2016 11843 1817 2002 11844 1834 2016 11845 1818 2003 11846 1818 2003 11847 1834 2016 11848 1835 1700 11849 1818 2003 11850 1835 1700 11851 1819 1699 11852 1804 1835 11853 1820 1836 11854 1821 2004 11855 1821 2004 11856 1820 1836 11857 1837 2017 11858 1821 2004 11859 1837 2017 11860 1838 2005 11861 1838 2005 11862 1837 2017 11863 1854 2018 11864 1838 2005 11865 1854 2018 11866 1855 2006 11867 1855 2006 11868 1854 2018 11869 1871 2019 11870 1855 2006 11871 1871 2019 11872 1872 2007 11873 1872 2007 11874 1871 2019 11875 1888 2020 11876 1872 2007 11877 1888 2020 11878 1889 2008 11879 1889 2008 11880 1888 2020 11881 1905 2021 11882 1889 2008 11883 1905 2021 11884 1906 2009 11885 1906 2009 11886 1905 2021 11887 1922 2022 11888 1906 2009 11889 1922 2022 11890 1923 2010 11891 1923 2010 11892 1922 2022 11893 1939 2023 11894 1923 2010 11895 1939 2023 11896 1940 2011 11897 1940 2011 11898 1939 2023 11899 1971 1722 11900 1940 2011 11901 1971 1722 11902 1970 1720 11903 1829 1757 11904 1846 1759 11905 1830 2012 11906 1830 2012 11907 1846 1759 11908 1847 2024 11909 1830 2012 11910 1847 2024 11911 1831 2013 11912 1831 2013 11913 1847 2024 11914 1848 2025 11915 1831 2013 11916 1848 2025 11917 1832 2014 11918 1832 2014 11919 1848 2025 11920 1849 2026 11921 1832 2014 11922 1849 2026 11923 1833 2015 11924 1833 2015 11925 1849 2026 11926 1850 2027 11927 1833 2015 11928 1850 2027 11929 1834 2016 11930 1834 2016 11931 1850 2027 11932 1851 1701 11933 1834 2016 11934 1851 1701 11935 1835 1700 11936 1820 1836 11937 1836 1837 11938 1837 2017 11939 1837 2017 11940 1836 1837 11941 1853 2028 11942 1837 2017 11943 1853 2028 11944 1854 2018 11945 1854 2018 11946 1853 2028 11947 1870 2029 11948 1854 2018 11949 1870 2029 11950 1871 2019 11951 1871 2019 11952 1870 2029 11953 1887 2030 11954 1871 2019 11955 1887 2030 11956 1888 2020 11957 1888 2020 11958 1887 2030 11959 1904 2031 11960 1888 2020 11961 1904 2031 11962 1905 2021 11963 1905 2021 11964 1904 2031 11965 1921 2032 11966 1905 2021 11967 1921 2032 11968 1922 2022 11969 1922 2022 11970 1921 2032 11971 1938 2033 11972 1922 2022 11973 1938 2033 11974 1939 2023 11975 1939 2023 11976 1938 2033 11977 1972 1724 11978 1939 2023 11979 1972 1724 11980 1971 1722 11981 1846 1759 11982 1863 1761 11983 1847 2024 11984 1847 2024 11985 1863 1761 11986 1864 2034 11987 1847 2024 11988 1864 2034 11989 1848 2025 11990 1848 2025 11991 1864 2034 11992 1865 2035 11993 1848 2025 11994 1865 2035 11995 1849 2026 11996 1849 2026 11997 1865 2035 11998 1866 2036 11999 1849 2026 12000 1866 2036 12001 1850 2027 12002 1850 2027 12003 1866 2036 12004 1867 1702 12005 1850 2027 12006 1867 1702 12007 1851 1701 12008 1836 1837 12009 1852 1838 12010 1853 2028 12011 1853 2028 12012 1852 1838 12013 1869 2037 12014 1853 2028 12015 1869 2037 12016 1870 2029 12017 1870 2029 12018 1869 2037 12019 1886 2038 12020 1870 2029 12021 1886 2038 12022 1887 2030 12023 1887 2030 12024 1886 2038 12025 1903 2039 12026 1887 2030 12027 1903 2039 12028 1904 2031 12029 1904 2031 12030 1903 2039 12031 1920 2040 12032 1904 2031 12033 1920 2040 12034 1921 2032 12035 1921 2032 12036 1920 2040 12037 1937 2041 12038 1921 2032 12039 1937 2041 12040 1938 2033 12041 1938 2033 12042 1937 2041 12043 1973 1726 12044 1938 2033 12045 1973 1726 12046 1972 1724 12047 1863 1761 12048 1880 1763 12049 1864 2034 12050 1864 2034 12051 1880 1763 12052 1881 2042 12053 1864 2034 12054 1881 2042 12055 1865 2035 12056 1865 2035 12057 1881 2042 12058 1882 2043 12059 1865 2035 12060 1882 2043 12061 1866 2036 12062 1866 2036 12063 1882 2043 12064 1883 1703 12065 1866 2036 12066 1883 1703 12067 1867 1702 12068 1852 1838 12069 1868 1839 12070 1869 2037 12071 1869 2037 12072 1868 1839 12073 1885 2044 12074 1869 2037 12075 1885 2044 12076 1886 2038 12077 1886 2038 12078 1885 2044 12079 1902 2045 12080 1886 2038 12081 1902 2045 12082 1903 2039 12083 1903 2039 12084 1902 2045 12085 1919 2046 12086 1903 2039 12087 1919 2046 12088 1920 2040 12089 1920 2040 12090 1919 2046 12091 1936 2047 12092 1920 2040 12093 1936 2047 12094 1937 2041 12095 1937 2041 12096 1936 2047 12097 1974 1728 12098 1937 2041 12099 1974 1728 12100 1973 1726 12101 1880 1763 12102 1897 1765 12103 1881 2042 12104 1881 2042 12105 1897 1765 12106 1898 2048 12107 1881 2042 12108 1898 2048 12109 1882 2043 12110 1882 2043 12111 1898 2048 12112 1899 1704 12113 1882 2043 12114 1899 1704 12115 1883 1703 12116 1868 1839 12117 1884 1840 12118 1885 2044 12119 1885 2044 12120 1884 1840 12121 1901 2049 12122 1885 2044 12123 1901 2049 12124 1902 2045 12125 1902 2045 12126 1901 2049 12127 1918 2050 12128 1902 2045 12129 1918 2050 12130 1919 2046 12131 1919 2046 12132 1918 2050 12133 1935 2051 12134 1919 2046 12135 1935 2051 12136 1936 2047 12137 1936 2047 12138 1935 2051 12139 1975 1730 12140 1936 2047 12141 1975 1730 12142 1974 1728 12143 1915 1705 12144 1899 1704 12145 1898 2048 12146 1915 1705 12147 1898 2048 12148 1914 1767 12149 1914 1767 12150 1898 2048 12151 1897 1765 12152 1884 1840 12153 1900 1841 12154 1901 2049 12155 1901 2049 12156 1900 1841 12157 1917 2052 12158 1901 2049 12159 1917 2052 12160 1918 2050 12161 1918 2050 12162 1917 2052 12163 1934 2053 12164 1918 2050 12165 1934 2053 12166 1935 2051 12167 1935 2051 12168 1934 2053 12169 1976 1732 12170 1935 2051 12171 1976 1732 12172 1975 1730 12173 1931 1706 12174 1915 1705 12175 1914 1767 12176 1900 1841 12177 1916 1842 12178 1917 2052 12179 1917 2052 12180 1916 1842 12181 1933 2054 12182 1917 2052 12183 1933 2054 12184 1934 2053 12185 1934 2053 12186 1933 2054 12187 1977 1734 12188 1934 2053 12189 1977 1734 12190 1976 1732 12191 1916 1842 12192 1932 1843 12193 1933 2054 12194 1933 2054 12195 1932 1843 12196 1978 1736 12197 1933 2054 12198 1978 1736 12199 1977 1734 12200 1979 1738 12201 1978 1736 12202 1932 1843 12203 1949 1737 12204 1948 1739 12205 1981 2055 12206 1981 2055 12207 1948 1739 12208 1980 1844 12209 1981 2055 12210 1980 1844 12211 1997 2056 12212 1997 2056 12213 1980 1844 12214 1996 1845 12215 1997 2056 12216 1996 1845 12217 2013 2057 12218 2013 2057 12219 1996 1845 12220 2012 1846 12221 2013 2057 12222 2012 1846 12223 2029 2058 12224 2029 2058 12225 2012 1846 12226 2028 1847 12227 2029 2058 12228 2028 1847 12229 2045 2059 12230 2045 2059 12231 2028 1847 12232 2044 1848 12233 2045 2059 12234 2044 1848 12235 2090 2060 12236 2090 2060 12237 2044 1848 12238 2091 1849 12239 2090 2060 12240 2091 1849 12241 2061 1851 12242 1950 1735 12243 1949 1737 12244 1982 2061 12245 1982 2061 12246 1949 1737 12247 1981 2055 12248 1982 2061 12249 1981 2055 12250 1998 2062 12251 1998 2062 12252 1981 2055 12253 1997 2056 12254 1998 2062 12255 1997 2056 12256 2014 2063 12257 2014 2063 12258 1997 2056 12259 2013 2057 12260 2014 2063 12261 2013 2057 12262 2030 2064 12263 2030 2064 12264 2013 2057 12265 2029 2058 12266 2030 2064 12267 2029 2058 12268 2046 2065 12269 2046 2065 12270 2029 2058 12271 2045 2059 12272 2046 2065 12273 2045 2059 12274 2089 2066 12275 2089 2066 12276 2045 2059 12277 2090 2060 12278 2089 2066 12279 2090 2060 12280 2062 2067 12281 2062 2067 12282 2090 2060 12283 2061 1851 12284 2062 2067 12285 2061 1851 12286 2094 1853 12287 1951 1733 12288 1950 1735 12289 1983 2068 12290 1983 2068 12291 1950 1735 12292 1982 2061 12293 1983 2068 12294 1982 2061 12295 1999 2069 12296 1999 2069 12297 1982 2061 12298 1998 2062 12299 1999 2069 12300 1998 2062 12301 2015 2070 12302 2015 2070 12303 1998 2062 12304 2014 2063 12305 2015 2070 12306 2014 2063 12307 2031 2071 12308 2031 2071 12309 2014 2063 12310 2030 2064 12311 2031 2071 12312 2030 2064 12313 2047 2072 12314 2047 2072 12315 2030 2064 12316 2046 2065 12317 2047 2072 12318 2046 2065 12319 2088 2073 12320 2088 2073 12321 2046 2065 12322 2089 2066 12323 2088 2073 12324 2089 2066 12325 2063 2074 12326 2063 2074 12327 2089 2066 12328 2062 2067 12329 2063 2074 12330 2062 2067 12331 2095 2075 12332 2095 2075 12333 2062 2067 12334 2094 1853 12335 2095 2075 12336 2094 1853 12337 2111 1855 12338 1952 1731 12339 1951 1733 12340 1984 2076 12341 1984 2076 12342 1951 1733 12343 1983 2068 12344 1984 2076 12345 1983 2068 12346 2000 2077 12347 2000 2077 12348 1983 2068 12349 1999 2069 12350 2000 2077 12351 1999 2069 12352 2016 2078 12353 2016 2078 12354 1999 2069 12355 2015 2070 12356 2016 2078 12357 2015 2070 12358 2032 2079 12359 2032 2079 12360 2015 2070 12361 2031 2071 12362 2032 2079 12363 2031 2071 12364 2048 2080 12365 2048 2080 12366 2031 2071 12367 2047 2072 12368 2048 2080 12369 2047 2072 12370 2087 2081 12371 2087 2081 12372 2047 2072 12373 2088 2073 12374 2087 2081 12375 2088 2073 12376 2064 2082 12377 2064 2082 12378 2088 2073 12379 2063 2074 12380 2064 2082 12381 2063 2074 12382 2096 2083 12383 2096 2083 12384 2063 2074 12385 2095 2075 12386 2096 2083 12387 2095 2075 12388 2112 2084 12389 2112 2084 12390 2095 2075 12391 2111 1855 12392 2112 2084 12393 2111 1855 12394 2128 1857 12395 1953 1729 12396 1952 1731 12397 1985 2085 12398 1985 2085 12399 1952 1731 12400 1984 2076 12401 1985 2085 12402 1984 2076 12403 2001 2086 12404 2001 2086 12405 1984 2076 12406 2000 2077 12407 2001 2086 12408 2000 2077 12409 2017 2087 12410 2017 2087 12411 2000 2077 12412 2016 2078 12413 2017 2087 12414 2016 2078 12415 2033 2088 12416 2033 2088 12417 2016 2078 12418 2032 2079 12419 2033 2088 12420 2032 2079 12421 2049 2089 12422 2049 2089 12423 2032 2079 12424 2048 2080 12425 2049 2089 12426 2048 2080 12427 2086 2090 12428 2086 2090 12429 2048 2080 12430 2087 2081 12431 2086 2090 12432 2087 2081 12433 2065 2091 12434 2065 2091 12435 2087 2081 12436 2064 2082 12437 2065 2091 12438 2064 2082 12439 2097 2092 12440 2097 2092 12441 2064 2082 12442 2096 2083 12443 2097 2092 12444 2096 2083 12445 2113 2093 12446 2113 2093 12447 2096 2083 12448 2112 2084 12449 2113 2093 12450 2112 2084 12451 2129 2094 12452 2129 2094 12453 2112 2084 12454 2128 1857 12455 2129 2094 12456 2128 1857 12457 2145 1859 12458 1954 1727 12459 1953 1729 12460 1986 2095 12461 1986 2095 12462 1953 1729 12463 1985 2085 12464 1986 2095 12465 1985 2085 12466 2002 2096 12467 2002 2096 12468 1985 2085 12469 2001 2086 12470 2002 2096 12471 2001 2086 12472 2018 2097 12473 2018 2097 12474 2001 2086 12475 2017 2087 12476 2018 2097 12477 2017 2087 12478 2034 2098 12479 2034 2098 12480 2017 2087 12481 2033 2088 12482 2034 2098 12483 2033 2088 12484 2050 2099 12485 2050 2099 12486 2033 2088 12487 2049 2089 12488 2050 2099 12489 2049 2089 12490 2085 2100 12491 2085 2100 12492 2049 2089 12493 2086 2090 12494 2085 2100 12495 2086 2090 12496 2066 2101 12497 2066 2101 12498 2086 2090 12499 2065 2091 12500 2066 2101 12501 2065 2091 12502 2098 2102 12503 2098 2102 12504 2065 2091 12505 2097 2092 12506 2098 2102 12507 2097 2092 12508 2114 2103 12509 2114 2103 12510 2097 2092 12511 2113 2093 12512 2114 2103 12513 2113 2093 12514 2130 2104 12515 2130 2104 12516 2113 2093 12517 2129 2094 12518 2130 2104 12519 2129 2094 12520 2146 2105 12521 2146 2105 12522 2129 2094 12523 2145 1859 12524 2146 2105 12525 2145 1859 12526 2162 1861 12527 1955 1725 12528 1954 1727 12529 1987 2106 12530 1987 2106 12531 1954 1727 12532 1986 2095 12533 1987 2106 12534 1986 2095 12535 2003 2107 12536 2003 2107 12537 1986 2095 12538 2002 2096 12539 2003 2107 12540 2002 2096 12541 2019 2108 12542 2019 2108 12543 2002 2096 12544 2018 2097 12545 2019 2108 12546 2018 2097 12547 2035 2109 12548 2035 2109 12549 2018 2097 12550 2034 2098 12551 2035 2109 12552 2034 2098 12553 2051 2110 12554 2051 2110 12555 2034 2098 12556 2050 2099 12557 2051 2110 12558 2050 2099 12559 2084 2111 12560 2084 2111 12561 2050 2099 12562 2085 2100 12563 2084 2111 12564 2085 2100 12565 2067 2112 12566 2067 2112 12567 2085 2100 12568 2066 2101 12569 2067 2112 12570 2066 2101 12571 2099 2113 12572 2099 2113 12573 2066 2101 12574 2098 2102 12575 2099 2113 12576 2098 2102 12577 2115 2114 12578 2115 2114 12579 2098 2102 12580 2114 2103 12581 2115 2114 12582 2114 2103 12583 2131 2115 12584 2131 2115 12585 2114 2103 12586 2130 2104 12587 2131 2115 12588 2130 2104 12589 2147 2116 12590 2147 2116 12591 2130 2104 12592 2146 2105 12593 2147 2116 12594 2146 2105 12595 2163 1877 12596 2163 1877 12597 2146 2105 12598 2162 1861 12599 1956 1723 12600 1955 1725 12601 1988 2117 12602 1988 2117 12603 1955 1725 12604 1987 2106 12605 1988 2117 12606 1987 2106 12607 2004 2118 12608 2004 2118 12609 1987 2106 12610 2003 2107 12611 2004 2118 12612 2003 2107 12613 2020 2119 12614 2020 2119 12615 2003 2107 12616 2019 2108 12617 2020 2119 12618 2019 2108 12619 2036 2120 12620 2036 2120 12621 2019 2108 12622 2035 2109 12623 2036 2120 12624 2035 2109 12625 2052 2121 12626 2052 2121 12627 2035 2109 12628 2051 2110 12629 2052 2121 12630 2051 2110 12631 2083 2122 12632 2083 2122 12633 2051 2110 12634 2084 2111 12635 2083 2122 12636 2084 2111 12637 2068 2123 12638 2068 2123 12639 2084 2111 12640 2067 2112 12641 2068 2123 12642 2067 2112 12643 2100 2124 12644 2100 2124 12645 2067 2112 12646 2099 2113 12647 2100 2124 12648 2099 2113 12649 2116 2125 12650 2116 2125 12651 2099 2113 12652 2115 2114 12653 2116 2125 12654 2115 2114 12655 2132 2126 12656 2132 2126 12657 2115 2114 12658 2131 2115 12659 2132 2126 12660 2131 2115 12661 2148 2127 12662 2148 2127 12663 2131 2115 12664 2147 2116 12665 2148 2127 12666 2147 2116 12667 2164 1878 12668 2164 1878 12669 2147 2116 12670 2163 1877 12671 1957 1721 12672 1956 1723 12673 1989 2128 12674 1989 2128 12675 1956 1723 12676 1988 2117 12677 1989 2128 12678 1988 2117 12679 2005 2129 12680 2005 2129 12681 1988 2117 12682 2004 2118 12683 2005 2129 12684 2004 2118 12685 2021 2130 12686 2021 2130 12687 2004 2118 12688 2020 2119 12689 2021 2130 12690 2020 2119 12691 2037 2131 12692 2037 2131 12693 2020 2119 12694 2036 2120 12695 2037 2131 12696 2036 2120 12697 2053 2132 12698 2053 2132 12699 2036 2120 12700 2052 2121 12701 2053 2132 12702 2052 2121 12703 2082 2133 12704 2082 2133 12705 2052 2121 12706 2083 2122 12707 2082 2133 12708 2083 2122 12709 2069 2134 12710 2069 2134 12711 2083 2122 12712 2068 2123 12713 2069 2134 12714 2068 2123 12715 2101 2135 12716 2101 2135 12717 2068 2123 12718 2100 2124 12719 2101 2135 12720 2100 2124 12721 2117 2136 12722 2117 2136 12723 2100 2124 12724 2116 2125 12725 2117 2136 12726 2116 2125 12727 2133 2137 12728 2133 2137 12729 2116 2125 12730 2132 2126 12731 2133 2137 12732 2132 2126 12733 2149 2138 12734 2149 2138 12735 2132 2126 12736 2148 2127 12737 2149 2138 12738 2148 2127 12739 2165 1879 12740 2165 1879 12741 2148 2127 12742 2164 1878 12743 1958 1719 12744 1957 1721 12745 1990 2139 12746 1990 2139 12747 1957 1721 12748 1989 2128 12749 1990 2139 12750 1989 2128 12751 2006 2140 12752 2006 2140 12753 1989 2128 12754 2005 2129 12755 2006 2140 12756 2005 2129 12757 2022 2141 12758 2022 2141 12759 2005 2129 12760 2021 2130 12761 2022 2141 12762 2021 2130 12763 2038 2142 12764 2038 2142 12765 2021 2130 12766 2037 2131 12767 2038 2142 12768 2037 2131 12769 2054 2143 12770 2054 2143 12771 2037 2131 12772 2053 2132 12773 2054 2143 12774 2053 2132 12775 2081 2144 12776 2081 2144 12777 2053 2132 12778 2082 2133 12779 2081 2144 12780 2082 2133 12781 2070 2145 12782 2070 2145 12783 2082 2133 12784 2069 2134 12785 2070 2145 12786 2069 2134 12787 2102 2146 12788 2102 2146 12789 2069 2134 12790 2101 2135 12791 2102 2146 12792 2101 2135 12793 2118 2147 12794 2118 2147 12795 2101 2135 12796 2117 2136 12797 2118 2147 12798 2117 2136 12799 2134 2148 12800 2134 2148 12801 2117 2136 12802 2133 2137 12803 2134 2148 12804 2133 2137 12805 2150 2149 12806 2150 2149 12807 2133 2137 12808 2149 2138 12809 2150 2149 12810 2149 2138 12811 2166 1880 12812 2166 1880 12813 2149 2138 12814 2165 1879 12815 1959 1717 12816 1958 1719 12817 1991 2150 12818 1991 2150 12819 1958 1719 12820 1990 2139 12821 1991 2150 12822 1990 2139 12823 2007 2151 12824 2007 2151 12825 1990 2139 12826 2006 2140 12827 2007 2151 12828 2006 2140 12829 2023 2152 12830 2023 2152 12831 2006 2140 12832 2022 2141 12833 2023 2152 12834 2022 2141 12835 2039 2153 12836 2039 2153 12837 2022 2141 12838 2038 2142 12839 2039 2153 12840 2038 2142 12841 2055 2154 12842 2055 2154 12843 2038 2142 12844 2054 2143 12845 2055 2154 12846 2054 2143 12847 2080 2155 12848 2080 2155 12849 2054 2143 12850 2081 2144 12851 2080 2155 12852 2081 2144 12853 2071 2156 12854 2071 2156 12855 2081 2144 12856 2070 2145 12857 2071 2156 12858 2070 2145 12859 2103 2157 12860 2103 2157 12861 2070 2145 12862 2102 2146 12863 2103 2157 12864 2102 2146 12865 2119 2158 12866 2119 2158 12867 2102 2146 12868 2118 2147 12869 2119 2158 12870 2118 2147 12871 2135 2159 12872 2135 2159 12873 2118 2147 12874 2134 2148 12875 2135 2159 12876 2134 2148 12877 2151 2160 12878 2151 2160 12879 2134 2148 12880 2150 2149 12881 2151 2160 12882 2150 2149 12883 2167 1881 12884 2167 1881 12885 2150 2149 12886 2166 1880 12887 1993 1905 12888 1961 1713 12889 1960 1715 12890 1960 1715 12891 1959 1717 12892 1992 2161 12893 1992 2161 12894 1959 1717 12895 1991 2150 12896 1992 2161 12897 1991 2150 12898 2008 2162 12899 2008 2162 12900 1991 2150 12901 2007 2151 12902 2008 2162 12903 2007 2151 12904 2024 2163 12905 2024 2163 12906 2007 2151 12907 2023 2152 12908 2024 2163 12909 2023 2152 12910 2040 2164 12911 2040 2164 12912 2023 2152 12913 2039 2153 12914 2040 2164 12915 2039 2153 12916 2056 2165 12917 2056 2165 12918 2039 2153 12919 2055 2154 12920 2056 2165 12921 2055 2154 12922 2079 2166 12923 2079 2166 12924 2055 2154 12925 2080 2155 12926 2079 2166 12927 2080 2155 12928 2072 2167 12929 2072 2167 12930 2080 2155 12931 2071 2156 12932 2072 2167 12933 2071 2156 12934 2104 2168 12935 2104 2168 12936 2071 2156 12937 2103 2157 12938 2104 2168 12939 2103 2157 12940 2120 2169 12941 2120 2169 12942 2103 2157 12943 2119 2158 12944 2120 2169 12945 2119 2158 12946 2136 2170 12947 2136 2170 12948 2119 2158 12949 2135 2159 12950 2136 2170 12951 2135 2159 12952 2152 2171 12953 2152 2171 12954 2135 2159 12955 2151 2160 12956 2152 2171 12957 2151 2160 12958 2168 1882 12959 2168 1882 12960 2151 2160 12961 2167 1881 12962 2009 1903 12963 1993 1905 12964 1992 2161 12965 1992 2161 12966 1993 1905 12967 1960 1715 12968 2009 1903 12969 1992 2161 12970 2008 2162 12971 2025 1901 12972 2009 1903 12973 2008 2162 12974 2025 1901 12975 2008 2162 12976 2024 2163 12977 2041 1899 12978 2025 1901 12979 2024 2163 12980 2041 1899 12981 2024 2163 12982 2040 2164 12983 2057 1897 12984 2041 1899 12985 2040 2164 12986 2057 1897 12987 2040 2164 12988 2056 2165 12989 2078 1895 12990 2057 1897 12991 2056 2165 12992 2078 1895 12993 2056 2165 12994 2079 2166 12995 2078 1895 12996 2079 2166 12997 2073 1893 12998 2073 1893 12999 2079 2166 13000 2072 2167 13001 2073 1893 13002 2072 2167 13003 2105 1891 13004 2105 1891 13005 2072 2167 13006 2104 2168 13007 2105 1891 13008 2104 2168 13009 2121 1889 13010 2121 1889 13011 2104 2168 13012 2120 2169 13013 2121 1889 13014 2120 2169 13015 2137 1887 13016 2137 1887 13017 2120 2169 13018 2136 2170 13019 2137 1887 13020 2136 2170 13021 2153 1885 13022 2153 1885 13023 2136 2170 13024 2152 2171 13025 2153 1885 13026 2152 2171 13027 2169 1883 13028 2169 1883 13029 2152 2171 13030 2168 1882 13031</p>
        </triangles>
      </mesh>
    </geometry>
  </library_geometries>
  <library_visual_scenes>
    <visual_scene id="Scene" name="Scene">
      <node id="whee_v5" name="whee v5" type="NODE">
        <matrix sid="transform">0.001 0 0 0 0 7.54979e-11 -0.001 0 0 0.001 7.54979e-11 0 0 0 0 1</matrix>
        <node id="o_ring_v1_1" name="o_ring v1:1" type="NODE">
          <matrix sid="transform">1 0 0 5 0 1 0 0 0 0 1 0 0 0 0 1</matrix>
          <node id="o_ring_v1" name="o_ring v1" type="NODE">
            <matrix sid="transform">1 0 0 0 0 1 0 0 0 0 1 0 0 0 0 1</matrix>
            <node id="Body1" name="Body1" type="NODE">
              <matrix sid="transform">10 0 0 0 0 10 0 0 0 0 10 0 0 0 0 1</matrix>
              <instance_geometry url="#Body1-mesh" name="Body1">
                <bind_material>
                  <technique_common>
                    <instance_material symbol="Powder_Coat__Yellow_-material" target="#Powder_Coat__Yellow_-material">
                      <bind_vertex_input semantic="Texture UVs" input_semantic="TEXCOORD" input_set="0"/>
                    </instance_material>
                  </technique_common>
                </bind_material>
              </instance_geometry>
            </node>
          </node>
        </node>
        <node id="Body1_001" name="Body1.001" type="NODE">
          <matrix sid="transform">10 0 0 0 0 10 0 0 0 0 10 0 0 0 0 1</matrix>
          <instance_geometry url="#Body1_001-mesh" name="Body1.001">
            <bind_material>
              <technique_common>
                <instance_material symbol="Powder_Coat__Blue_-material" target="#Powder_Coat__Blue_-material">
                  <bind_vertex_input semantic="Texture UVs" input_semantic="TEXCOORD" input_set="0"/>
                </instance_material>
                <instance_material symbol="Powder_Coat__White_-material" target="#Powder_Coat__White_-material">
                  <bind_vertex_input semantic="Texture UVs" input_semantic="TEXCOORD" input_set="0"/>
                </instance_material>
                <instance_material symbol="Marble__White_-material" target="#Marble__White_-material">
                  <bind_vertex_input semantic="Texture UVs" input_semantic="TEXCOORD" input_set="0"/>
                </instance_material>
                <instance_material symbol="Steel_-_Satin-material" target="#Steel_-_Satin-material">
                  <bind_vertex_input semantic="Texture UVs" input_semantic="TEXCOORD" input_set="0"/>
                </instance_material>
              </technique_common>
            </bind_material>
          </instance_geometry>
        </node>
      </node>
    </visual_scene>
  </library_visual_scenes>
  <scene>
    <instance_visual_scene url="#Scene"/>
  </scene>
</COLLADA>